ISO-10303-21;
HEADER;
/* Generated by software containing ST-Developer
 * from STEP Tools, Inc. (www.steptools.com) 
 */

FILE_DESCRIPTION(
/* description */ (''),
/* implementation_level */ '2;1');

FILE_NAME(
/* name */ 'base mount.step',
/* time_stamp */ '2026-09-27T18:33:22+01:00',
/* author */ (''),
/* organization */ (''),
/* preprocessor_version */ 'ST-DEVELOPER v20.1',
/* originating_system */ 'Autodesk Translation Framework v15.8.0.0',
/* authorisation */ '');

FILE_SCHEMA (('AUTOMOTIVE_DESIGN { 1 0 10303 214 3 1 1 }'));
ENDSEC;

DATA;
#10=MECHANICAL_DESIGN_GEOMETRIC_PRESENTATION_REPRESENTATION('',(#13),#3685);
#11=SHAPE_REPRESENTATION_RELATIONSHIP('SRR','None',#3692,#12);
#12=ADVANCED_BREP_SHAPE_REPRESENTATION('',(#14),#3684);
#13=STYLED_ITEM('',(#3701),#14);
#14=MANIFOLD_SOLID_BREP('Body1',#1073);
#15=FACE_BOUND('',#152,.T.);
#16=FACE_BOUND('',#153,.T.);
#17=FACE_BOUND('',#154,.T.);
#18=FACE_BOUND('',#155,.T.);
#19=FACE_BOUND('',#156,.T.);
#20=FACE_BOUND('',#157,.T.);
#21=FACE_BOUND('',#158,.T.);
#22=FACE_BOUND('',#162,.T.);
#23=FACE_BOUND('',#169,.T.);
#24=FACE_BOUND('',#170,.T.);
#25=FACE_BOUND('',#171,.T.);
#26=FACE_BOUND('',#172,.T.);
#27=FACE_BOUND('',#173,.T.);
#28=FACE_BOUND('',#174,.T.);
#29=FACE_BOUND('',#175,.T.);
#30=B_SPLINE_SURFACE_WITH_KNOTS('',3,3,((#2398,#2399,#2400,#2401,#2402,
#2403,#2404,#2405,#2406,#2407,#2408,#2409,#2410,#2411,#2412,#2413,#2414,
#2415,#2416,#2417,#2418,#2419,#2420,#2421,#2422,#2423,#2424,#2425,#2426,
#2427,#2428,#2429,#2430,#2431,#2432,#2433,#2434,#2435,#2436,#2437,#2438,
#2439,#2440,#2441,#2442,#2443,#2444,#2445,#2446,#2447,#2448,#2449,#2450,
#2451,#2452,#2453,#2454,#2455,#2456,#2457,#2458,#2459,#2460,#2461,#2462,
#2463,#2464,#2465,#2466,#2467,#2468,#2469,#2470,#2471,#2472,#2473,#2474,
#2475,#2476,#2477,#2478,#2479,#2480,#2481,#2482,#2483,#2484,#2485,#2486,
#2487,#2488),(#2489,#2490,#2491,#2492,#2493,#2494,#2495,#2496,#2497,#2498,
#2499,#2500,#2501,#2502,#2503,#2504,#2505,#2506,#2507,#2508,#2509,#2510,
#2511,#2512,#2513,#2514,#2515,#2516,#2517,#2518,#2519,#2520,#2521,#2522,
#2523,#2524,#2525,#2526,#2527,#2528,#2529,#2530,#2531,#2532,#2533,#2534,
#2535,#2536,#2537,#2538,#2539,#2540,#2541,#2542,#2543,#2544,#2545,#2546,
#2547,#2548,#2549,#2550,#2551,#2552,#2553,#2554,#2555,#2556,#2557,#2558,
#2559,#2560,#2561,#2562,#2563,#2564,#2565,#2566,#2567,#2568,#2569,#2570,
#2571,#2572,#2573,#2574,#2575,#2576,#2577,#2578,#2579),(#2580,#2581,#2582,
#2583,#2584,#2585,#2586,#2587,#2588,#2589,#2590,#2591,#2592,#2593,#2594,
#2595,#2596,#2597,#2598,#2599,#2600,#2601,#2602,#2603,#2604,#2605,#2606,
#2607,#2608,#2609,#2610,#2611,#2612,#2613,#2614,#2615,#2616,#2617,#2618,
#2619,#2620,#2621,#2622,#2623,#2624,#2625,#2626,#2627,#2628,#2629,#2630,
#2631,#2632,#2633,#2634,#2635,#2636,#2637,#2638,#2639,#2640,#2641,#2642,
#2643,#2644,#2645,#2646,#2647,#2648,#2649,#2650,#2651,#2652,#2653,#2654,
#2655,#2656,#2657,#2658,#2659,#2660,#2661,#2662,#2663,#2664,#2665,#2666,
#2667,#2668,#2669,#2670),(#2671,#2672,#2673,#2674,#2675,#2676,#2677,#2678,
#2679,#2680,#2681,#2682,#2683,#2684,#2685,#2686,#2687,#2688,#2689,#2690,
#2691,#2692,#2693,#2694,#2695,#2696,#2697,#2698,#2699,#2700,#2701,#2702,
#2703,#2704,#2705,#2706,#2707,#2708,#2709,#2710,#2711,#2712,#2713,#2714,
#2715,#2716,#2717,#2718,#2719,#2720,#2721,#2722,#2723,#2724,#2725,#2726,
#2727,#2728,#2729,#2730,#2731,#2732,#2733,#2734,#2735,#2736,#2737,#2738,
#2739,#2740,#2741,#2742,#2743,#2744,#2745,#2746,#2747,#2748,#2749,#2750,
#2751,#2752,#2753,#2754,#2755,#2756,#2757,#2758,#2759,#2760,#2761)),
 .UNSPECIFIED.,.F.,.F.,.F.,(4,4),(4,1,1,1,1,1,1,1,1,1,1,1,1,1,1,1,1,1,1,
1,1,1,1,1,1,1,1,1,1,1,1,1,1,1,1,1,1,1,1,1,1,1,1,1,1,1,1,1,1,1,1,1,1,1,1,
1,1,1,1,1,1,1,1,1,1,1,1,1,1,1,1,1,1,1,1,1,1,1,1,1,1,1,1,1,1,1,1,1,4),(0.,
0.0965329650085059),(11.852942864427,12.3519165432815,12.8508902221361,
13.3498639009906,13.8488375798451,14.3478112586996,14.8467849375541,15.3457586164086,
15.8447322952631,16.3437059741176,16.8426796529721,17.3416533318267,17.8406270106812,
18.3396006895357,18.8385743683902,19.3375480472447,19.8365217260992,20.3354954049537,
20.8344690838082,21.3334427626627,21.8324164415173,22.3313901203718,22.8303637992263,
23.3293374780808,23.8283111569353,24.3272848357898,24.8262585146443,25.3252321934988,
25.8242058723533,26.3231795512079,26.8221532300624,27.3211269089169,27.8201005877714,
28.3190742666259,28.8180479454804,29.3170216243349,29.8159953031894,30.314968982044,
30.8139426608985,31.312916339753,31.8118900186075,32.310863697462,32.8098373763165,
33.308811055171,33.8077847340255,34.30675841288,34.8057320917345,35.3047057705891,
35.8036794494436,36.3026531282981,36.8016268071526,37.3006004860071,37.7995741648616,
38.2985478437161,38.7975215225706,39.2964952014251,39.7954688802797,40.2944425591342,
40.7934162379887,41.2923899168432,41.7913635956977,42.2903372745522,42.7893109534067,
43.2882846322612,43.7872583111157,44.2862319899703,44.7852056688248,45.2841793476793,
45.7831530265338,46.2821267053883,46.7811003842428,47.2800740630973,47.7790477419518,
48.2780214208063,48.7769950996609,49.2759687785154,49.7749424573699,50.2739161362244,
50.7728898150789,51.2718634939334,51.7708371727879,52.2698108516424,52.7687845304969,
53.2677582093515,53.766731888206,54.2657055670605,54.764679245915,55.2636529247695,
55.762626603624),.UNSPECIFIED.);
#31=B_SPLINE_SURFACE_WITH_KNOTS('',3,3,((#3023,#3024,#3025,#3026,#3027,
#3028,#3029,#3030,#3031,#3032,#3033,#3034,#3035,#3036,#3037,#3038,#3039,
#3040,#3041,#3042,#3043,#3044,#3045,#3046,#3047,#3048,#3049,#3050,#3051,
#3052,#3053,#3054,#3055,#3056,#3057,#3058,#3059,#3060,#3061,#3062,#3063,
#3064,#3065,#3066,#3067,#3068,#3069,#3070,#3071,#3072,#3073,#3074,#3075,
#3076,#3077,#3078,#3079,#3080,#3081,#3082,#3083,#3084,#3085,#3086,#3087,
#3088,#3089,#3090,#3091,#3092,#3093,#3094,#3095,#3096,#3097,#3098,#3099,
#3100,#3101,#3102,#3103,#3104,#3105,#3106,#3107,#3108,#3109,#3110,#3111,
#3112,#3113),(#3114,#3115,#3116,#3117,#3118,#3119,#3120,#3121,#3122,#3123,
#3124,#3125,#3126,#3127,#3128,#3129,#3130,#3131,#3132,#3133,#3134,#3135,
#3136,#3137,#3138,#3139,#3140,#3141,#3142,#3143,#3144,#3145,#3146,#3147,
#3148,#3149,#3150,#3151,#3152,#3153,#3154,#3155,#3156,#3157,#3158,#3159,
#3160,#3161,#3162,#3163,#3164,#3165,#3166,#3167,#3168,#3169,#3170,#3171,
#3172,#3173,#3174,#3175,#3176,#3177,#3178,#3179,#3180,#3181,#3182,#3183,
#3184,#3185,#3186,#3187,#3188,#3189,#3190,#3191,#3192,#3193,#3194,#3195,
#3196,#3197,#3198,#3199,#3200,#3201,#3202,#3203,#3204),(#3205,#3206,#3207,
#3208,#3209,#3210,#3211,#3212,#3213,#3214,#3215,#3216,#3217,#3218,#3219,
#3220,#3221,#3222,#3223,#3224,#3225,#3226,#3227,#3228,#3229,#3230,#3231,
#3232,#3233,#3234,#3235,#3236,#3237,#3238,#3239,#3240,#3241,#3242,#3243,
#3244,#3245,#3246,#3247,#3248,#3249,#3250,#3251,#3252,#3253,#3254,#3255,
#3256,#3257,#3258,#3259,#3260,#3261,#3262,#3263,#3264,#3265,#3266,#3267,
#3268,#3269,#3270,#3271,#3272,#3273,#3274,#3275,#3276,#3277,#3278,#3279,
#3280,#3281,#3282,#3283,#3284,#3285,#3286,#3287,#3288,#3289,#3290,#3291,
#3292,#3293,#3294,#3295),(#3296,#3297,#3298,#3299,#3300,#3301,#3302,#3303,
#3304,#3305,#3306,#3307,#3308,#3309,#3310,#3311,#3312,#3313,#3314,#3315,
#3316,#3317,#3318,#3319,#3320,#3321,#3322,#3323,#3324,#3325,#3326,#3327,
#3328,#3329,#3330,#3331,#3332,#3333,#3334,#3335,#3336,#3337,#3338,#3339,
#3340,#3341,#3342,#3343,#3344,#3345,#3346,#3347,#3348,#3349,#3350,#3351,
#3352,#3353,#3354,#3355,#3356,#3357,#3358,#3359,#3360,#3361,#3362,#3363,
#3364,#3365,#3366,#3367,#3368,#3369,#3370,#3371,#3372,#3373,#3374,#3375,
#3376,#3377,#3378,#3379,#3380,#3381,#3382,#3383,#3384,#3385,#3386)),
 .UNSPECIFIED.,.F.,.F.,.F.,(4,4),(4,1,1,1,1,1,1,1,1,1,1,1,1,1,1,1,1,1,1,
1,1,1,1,1,1,1,1,1,1,1,1,1,1,1,1,1,1,1,1,1,1,1,1,1,1,1,1,1,1,1,1,1,1,1,1,
1,1,1,1,1,1,1,1,1,1,1,1,1,1,1,1,1,1,1,1,1,1,1,1,1,1,1,1,1,1,1,1,1,4),(0.,
0.0965329650085059),(14.399609326548,14.8985830054025,15.397556684257,15.8965303631115,
16.3955040419661,16.8944777208206,17.3934513996751,17.8924250785296,18.3913987573841,
18.8903724362386,19.3893461150931,19.8883197939476,20.3872934728021,20.8862671516567,
21.3852408305112,21.8842145093657,22.3831881882202,22.8821618670747,23.3811355459292,
23.8801092247837,24.3790829036382,24.8780565824927,25.3770302613473,25.8760039402018,
26.3749776190563,26.8739512979108,27.3729249767653,27.8718986556198,28.3708723344743,
28.8698460133288,29.3688196921833,29.8677933710378,30.3667670498924,30.8657407287469,
31.3647144076014,31.8636880864559,32.3626617653104,32.8616354441649,33.3606091230194,
33.8595828018739,34.3585564807285,34.857530159583,35.3565038384375,35.855477517292,
36.3544511961465,36.853424875001,37.3523985538555,37.85137223271,38.3503459115645,
38.8493195904191,39.3482932692736,39.8472669481281,40.3462406269826,40.8452143058371,
41.3441879846916,41.8431616635461,42.3421353424006,42.8411090212551,43.3400827001096,
43.8390563789642,44.3380300578187,44.8370037366732,45.3359774155277,45.8349510943822,
46.3339247732367,46.8328984520912,47.3318721309457,47.8308458098003,48.3298194886548,
48.8287931675093,49.3277668463638,49.8267405252183,50.3257142040728,50.8246878829273,
51.3236615617818,51.8226352406363,52.3216089194908,52.8205825983454,53.3195562771999,
53.8185299560544,54.3175036349089,54.8164773137634,55.3154509926179,55.8144246714724,
56.3133983503269,56.8123720291814,57.311345708036,57.8103193868905,58.309293065745),
 .UNSPECIFIED.);
#32=PLANE('',#1106);
#33=PLANE('',#1110);
#34=PLANE('',#1114);
#35=PLANE('',#1118);
#36=PLANE('',#1128);
#37=PLANE('',#1132);
#38=PLANE('',#1136);
#39=PLANE('',#1140);
#40=PLANE('',#1144);
#41=PLANE('',#1148);
#42=PLANE('',#1149);
#43=PLANE('',#1153);
#44=PLANE('',#1160);
#45=PLANE('',#1165);
#46=PLANE('',#1172);
#47=PLANE('',#1175);
#48=PLANE('',#1176);
#49=PLANE('',#1179);
#50=PLANE('',#1180);
#51=FACE_OUTER_BOUND('',#106,.T.);
#52=FACE_OUTER_BOUND('',#107,.T.);
#53=FACE_OUTER_BOUND('',#108,.T.);
#54=FACE_OUTER_BOUND('',#109,.T.);
#55=FACE_OUTER_BOUND('',#110,.T.);
#56=FACE_OUTER_BOUND('',#111,.T.);
#57=FACE_OUTER_BOUND('',#112,.T.);
#58=FACE_OUTER_BOUND('',#113,.T.);
#59=FACE_OUTER_BOUND('',#114,.T.);
#60=FACE_OUTER_BOUND('',#115,.T.);
#61=FACE_OUTER_BOUND('',#116,.T.);
#62=FACE_OUTER_BOUND('',#117,.T.);
#63=FACE_OUTER_BOUND('',#118,.T.);
#64=FACE_OUTER_BOUND('',#119,.T.);
#65=FACE_OUTER_BOUND('',#120,.T.);
#66=FACE_OUTER_BOUND('',#121,.T.);
#67=FACE_OUTER_BOUND('',#122,.T.);
#68=FACE_OUTER_BOUND('',#123,.T.);
#69=FACE_OUTER_BOUND('',#124,.T.);
#70=FACE_OUTER_BOUND('',#125,.T.);
#71=FACE_OUTER_BOUND('',#126,.T.);
#72=FACE_OUTER_BOUND('',#127,.T.);
#73=FACE_OUTER_BOUND('',#128,.T.);
#74=FACE_OUTER_BOUND('',#129,.T.);
#75=FACE_OUTER_BOUND('',#130,.T.);
#76=FACE_OUTER_BOUND('',#131,.T.);
#77=FACE_OUTER_BOUND('',#132,.T.);
#78=FACE_OUTER_BOUND('',#133,.T.);
#79=FACE_OUTER_BOUND('',#134,.T.);
#80=FACE_OUTER_BOUND('',#135,.T.);
#81=FACE_OUTER_BOUND('',#136,.T.);
#82=FACE_OUTER_BOUND('',#137,.T.);
#83=FACE_OUTER_BOUND('',#138,.T.);
#84=FACE_OUTER_BOUND('',#139,.T.);
#85=FACE_OUTER_BOUND('',#140,.T.);
#86=FACE_OUTER_BOUND('',#141,.T.);
#87=FACE_OUTER_BOUND('',#142,.T.);
#88=FACE_OUTER_BOUND('',#143,.T.);
#89=FACE_OUTER_BOUND('',#144,.T.);
#90=FACE_OUTER_BOUND('',#145,.T.);
#91=FACE_OUTER_BOUND('',#146,.T.);
#92=FACE_OUTER_BOUND('',#147,.T.);
#93=FACE_OUTER_BOUND('',#148,.T.);
#94=FACE_OUTER_BOUND('',#149,.T.);
#95=FACE_OUTER_BOUND('',#150,.T.);
#96=FACE_OUTER_BOUND('',#151,.T.);
#97=FACE_OUTER_BOUND('',#159,.T.);
#98=FACE_OUTER_BOUND('',#160,.T.);
#99=FACE_OUTER_BOUND('',#161,.T.);
#100=FACE_OUTER_BOUND('',#163,.T.);
#101=FACE_OUTER_BOUND('',#164,.T.);
#102=FACE_OUTER_BOUND('',#165,.T.);
#103=FACE_OUTER_BOUND('',#166,.T.);
#104=FACE_OUTER_BOUND('',#167,.T.);
#105=FACE_OUTER_BOUND('',#168,.T.);
#106=EDGE_LOOP('',(#672,#673,#674));
#107=EDGE_LOOP('',(#675,#676,#677,#678,#679));
#108=EDGE_LOOP('',(#680,#681,#682,#683));
#109=EDGE_LOOP('',(#684,#685,#686,#687));
#110=EDGE_LOOP('',(#688,#689,#690,#691));
#111=EDGE_LOOP('',(#692,#693,#694,#695));
#112=EDGE_LOOP('',(#696,#697,#698,#699));
#113=EDGE_LOOP('',(#700,#701,#702,#703));
#114=EDGE_LOOP('',(#704,#705,#706,#707));
#115=EDGE_LOOP('',(#708,#709,#710,#711));
#116=EDGE_LOOP('',(#712,#713,#714,#715));
#117=EDGE_LOOP('',(#716,#717,#718,#719));
#118=EDGE_LOOP('',(#720,#721,#722,#723));
#119=EDGE_LOOP('',(#724,#725,#726,#727));
#120=EDGE_LOOP('',(#728,#729,#730,#731));
#121=EDGE_LOOP('',(#732,#733,#734,#735));
#122=EDGE_LOOP('',(#736,#737,#738,#739));
#123=EDGE_LOOP('',(#740,#741,#742,#743));
#124=EDGE_LOOP('',(#744,#745,#746,#747));
#125=EDGE_LOOP('',(#748,#749,#750,#751));
#126=EDGE_LOOP('',(#752,#753,#754,#755));
#127=EDGE_LOOP('',(#756,#757,#758,#759));
#128=EDGE_LOOP('',(#760,#761,#762,#763));
#129=EDGE_LOOP('',(#764,#765,#766,#767));
#130=EDGE_LOOP('',(#768,#769,#770,#771));
#131=EDGE_LOOP('',(#772,#773,#774,#775));
#132=EDGE_LOOP('',(#776,#777,#778,#779));
#133=EDGE_LOOP('',(#780,#781,#782,#783));
#134=EDGE_LOOP('',(#784,#785,#786,#787));
#135=EDGE_LOOP('',(#788,#789,#790,#791));
#136=EDGE_LOOP('',(#792,#793,#794,#795));
#137=EDGE_LOOP('',(#796,#797,#798,#799));
#138=EDGE_LOOP('',(#800,#801,#802,#803));
#139=EDGE_LOOP('',(#804,#805,#806,#807));
#140=EDGE_LOOP('',(#808,#809,#810,#811));
#141=EDGE_LOOP('',(#812,#813,#814,#815));
#142=EDGE_LOOP('',(#816,#817,#818,#819));
#143=EDGE_LOOP('',(#820,#821,#822,#823));
#144=EDGE_LOOP('',(#824,#825,#826,#827));
#145=EDGE_LOOP('',(#828,#829,#830,#831));
#146=EDGE_LOOP('',(#832,#833,#834,#835));
#147=EDGE_LOOP('',(#836,#837,#838,#839));
#148=EDGE_LOOP('',(#840,#841,#842,#843));
#149=EDGE_LOOP('',(#844,#845,#846,#847,#848,#849,#850,#851,#852,#853,#854,
#855,#856,#857,#858,#859,#860,#861));
#150=EDGE_LOOP('',(#862,#863,#864,#865,#866,#867,#868,#869,#870,#871,#872,
#873,#874,#875,#876,#877,#878));
#151=EDGE_LOOP('',(#879,#880,#881,#882,#883,#884,#885,#886));
#152=EDGE_LOOP('',(#887,#888,#889,#890,#891,#892,#893,#894));
#153=EDGE_LOOP('',(#895));
#154=EDGE_LOOP('',(#896,#897,#898,#899));
#155=EDGE_LOOP('',(#900,#901,#902,#903));
#156=EDGE_LOOP('',(#904,#905,#906,#907));
#157=EDGE_LOOP('',(#908,#909,#910,#911));
#158=EDGE_LOOP('',(#912,#913,#914,#915));
#159=EDGE_LOOP('',(#916,#917,#918,#919));
#160=EDGE_LOOP('',(#920,#921,#922,#923));
#161=EDGE_LOOP('',(#924));
#162=EDGE_LOOP('',(#925));
#163=EDGE_LOOP('',(#926,#927,#928,#929));
#164=EDGE_LOOP('',(#930,#931,#932,#933));
#165=EDGE_LOOP('',(#934,#935,#936,#937));
#166=EDGE_LOOP('',(#938,#939,#940,#941));
#167=EDGE_LOOP('',(#942,#943,#944,#945));
#168=EDGE_LOOP('',(#946,#947,#948,#949,#950,#951,#952,#953));
#169=EDGE_LOOP('',(#954,#955,#956,#957,#958,#959,#960,#961));
#170=EDGE_LOOP('',(#962,#963,#964,#965));
#171=EDGE_LOOP('',(#966,#967,#968,#969));
#172=EDGE_LOOP('',(#970,#971,#972,#973));
#173=EDGE_LOOP('',(#974,#975,#976,#977));
#174=EDGE_LOOP('',(#978,#979,#980,#981,#982));
#175=EDGE_LOOP('',(#983));
#176=B_SPLINE_CURVE_WITH_KNOTS('',3,(#1458,#1459,#1460,#1461),
 .UNSPECIFIED.,.F.,.F.,(4,4),(-41.8879020478638,-41.5541322465995),
 .UNSPECIFIED.);
#177=B_SPLINE_CURVE_WITH_KNOTS('',3,(#1467,#1468,#1469,#1470,#1471,#1472,
#1473,#1474,#1475,#1476,#1477,#1478,#1479,#1480,#1481,#1482,#1483,#1484,
#1485,#1486,#1487,#1488,#1489,#1490,#1491,#1492,#1493,#1494,#1495,#1496,
#1497),.UNSPECIFIED.,.F.,.F.,(4,3,3,3,3,3,3,3,3,3,4),(39.0074657844785,
39.4189206295064,39.9178943083609,40.4168679872154,40.9158416660699,41.4148153449244,
41.9137890237789,42.4127627026334,42.911736381488,43.4107100603425,43.909683739197),
 .UNSPECIFIED.);
#178=B_SPLINE_CURVE_WITH_KNOTS('',3,(#1499,#1500,#1501,#1502,#1503,#1504,
#1505,#1506,#1507,#1508,#1509,#1510,#1511,#1512,#1513,#1514,#1515,#1516,
#1517,#1518,#1519,#1520,#1521,#1522,#1523,#1524,#1525,#1526,#1527,#1528,
#1529,#1530,#1531,#1532,#1533,#1534,#1535,#1536,#1537,#1538,#1539,#1540,
#1541),.UNSPECIFIED.,.F.,.F.,(4,3,3,3,3,3,3,3,3,3,3,3,3,3,4),(-41.5541322465995,
-41.4148153449244,-40.9158416660699,-40.4168679872154,-39.9178943083609,
-39.4189206295064,-38.9199469506519,-38.4209732717974,-37.9219995929428,
-37.4230259140883,-36.9240522352338,-36.4250785563793,-35.9261048775248,
-35.4271311986703,-35.2709469394199),.UNSPECIFIED.);
#179=B_SPLINE_CURVE_WITH_KNOTS('',3,(#1546,#1547,#1548,#1549,#1550,#1551,
#1552,#1553,#1554,#1555,#1556,#1557,#1558,#1559,#1560,#1561,#1562,#1563,
#1564,#1565,#1566,#1567,#1568,#1569,#1570,#1571,#1572,#1573,#1574,#1575,
#1576,#1577,#1578,#1579,#1580,#1581,#1582,#1583,#1584,#1585,#1586,#1587,
#1588),.UNSPECIFIED.,.F.,.F.,(4,3,3,3,3,3,3,3,3,3,3,3,3,3,4),(32.7242804772989,
32.9322628043977,33.4312364832522,33.9302101621068,34.4291838409613,34.9281575198158,
35.4271311986703,35.9261048775248,36.4250785563793,36.9240522352338,37.4230259140883,
37.9219995929428,38.4209732717974,38.9199469506519,39.0074657844785),
 .UNSPECIFIED.);
#180=B_SPLINE_CURVE_WITH_KNOTS('',3,(#1589,#1590,#1591,#1592,#1593,#1594,
#1595,#1596,#1597,#1598,#1599,#1600,#1601,#1602,#1603,#1604,#1605,#1606,
#1607,#1608,#1609,#1610,#1611,#1612,#1613,#1614,#1615,#1616,#1617,#1618,
#1619,#1620,#1621,#1622,#1623,#1624,#1625,#1626,#1627,#1628),
 .UNSPECIFIED.,.F.,.F.,(4,3,3,3,3,3,3,3,3,3,3,3,3,4),(-35.2709469394199,
-34.9281575198158,-34.4291838409613,-33.9302101621068,-33.4312364832522,
-32.9322628043977,-32.4332891255432,-31.9343154466887,-31.4353417678342,
-30.9363680889797,-30.4373944101252,-29.9384207312707,-29.4394470524162,
-28.9877616322403),.UNSPECIFIED.);
#181=B_SPLINE_CURVE_WITH_KNOTS('',3,(#1633,#1634,#1635,#1636,#1637,#1638,
#1639,#1640,#1641,#1642,#1643,#1644,#1645,#1646,#1647,#1648,#1649,#1650,
#1651,#1652,#1653,#1654,#1655,#1656,#1657,#1658,#1659,#1660,#1661,#1662,
#1663,#1664,#1665,#1666,#1667,#1668,#1669,#1670,#1671,#1672,#1673,#1674,
#1675),.UNSPECIFIED.,.F.,.F.,(4,3,3,3,3,3,3,3,3,3,3,3,3,3,4),(26.4410951701193,
26.4456049792891,26.9445786581436,27.4435523369981,27.9425260158526,28.4414996947071,
28.9404733735616,29.4394470524161,29.9384207312707,30.4373944101252,30.9363680889797,
31.4353417678342,31.9343154466887,32.4332891255432,32.7242804772989),
 .UNSPECIFIED.);
#182=B_SPLINE_CURVE_WITH_KNOTS('',3,(#1676,#1677,#1678,#1679,#1680,#1681,
#1682,#1683,#1684,#1685,#1686,#1687,#1688,#1689,#1690,#1691,#1692,#1693,
#1694,#1695,#1696,#1697,#1698,#1699,#1700,#1701,#1702,#1703,#1704,#1705,
#1706,#1707,#1708,#1709,#1710,#1711,#1712,#1713,#1714,#1715,#1716,#1717,
#1718),.UNSPECIFIED.,.F.,.F.,(4,3,3,3,3,3,3,3,3,3,3,3,3,3,4),(-28.9877616322403,
-28.9404733735616,-28.4414996947071,-27.9425260158526,-27.4435523369981,
-26.9445786581436,-26.4456049792891,-25.9466313004346,-25.4476576215801,
-24.9486839427256,-24.4497102638711,-23.9507365850165,-23.451762906162,
-22.9527892273075,-22.7045763250607),.UNSPECIFIED.);
#183=B_SPLINE_CURVE_WITH_KNOTS('',3,(#1723,#1724,#1725,#1726,#1727,#1728,
#1729,#1730,#1731,#1732,#1733,#1734,#1735,#1736,#1737,#1738,#1739,#1740,
#1741,#1742,#1743,#1744,#1745,#1746,#1747,#1748,#1749,#1750,#1751,#1752,
#1753,#1754,#1755,#1756,#1757,#1758,#1759,#1760,#1761,#1762),
 .UNSPECIFIED.,.F.,.F.,(4,3,3,3,3,3,3,3,3,3,3,3,3,4),(20.1579098629397,
20.457920833035,20.9568945118895,21.455868190744,21.9548418695985,22.453815548453,
22.9527892273075,23.451762906162,23.9507365850165,24.449710263871,24.9486839427256,
25.4476576215801,25.9466313004346,26.4410951701193),.UNSPECIFIED.);
#184=B_SPLINE_CURVE_WITH_KNOTS('',3,(#1763,#1764,#1765,#1766,#1767,#1768,
#1769,#1770,#1771,#1772,#1773,#1774,#1775,#1776,#1777,#1778,#1779,#1780,
#1781,#1782,#1783,#1784,#1785,#1786,#1787,#1788,#1789,#1790,#1791,#1792,
#1793,#1794,#1795,#1796,#1797,#1798,#1799,#1800,#1801,#1802,#1803,#1804,
#1805),.UNSPECIFIED.,.F.,.F.,(4,3,3,3,3,3,3,3,3,3,3,3,3,3,4),(-22.7045763250607,
-22.453815548453,-21.9548418695985,-21.455868190744,-20.9568945118895,-20.457920833035,
-19.9589471541804,-19.4599734753259,-18.9609997964714,-18.4620261176169,
-17.9630524387624,-17.4640787599079,-16.9651050810534,-16.4661314021989,
-16.4213910178811),.UNSPECIFIED.);
#185=B_SPLINE_CURVE_WITH_KNOTS('',3,(#1810,#1811,#1812,#1813,#1814,#1815,
#1816,#1817,#1818,#1819,#1820,#1821,#1822,#1823,#1824,#1825,#1826,#1827,
#1828,#1829,#1830,#1831,#1832,#1833,#1834,#1835,#1836,#1837,#1838,#1839,
#1840,#1841,#1842,#1843,#1844,#1845,#1846,#1847,#1848,#1849,#1850,#1851,
#1852),.UNSPECIFIED.,.F.,.F.,(4,3,3,3,3,3,3,3,3,3,3,3,3,3,4),(13.8747245557601,
13.9712630079263,14.4702366867808,14.9692103656353,15.4681840444898,15.9671577233444,
16.4661314021989,16.9651050810534,17.4640787599079,17.9630524387624,18.4620261176169,
18.9609997964714,19.4599734753259,19.9589471541804,20.1579098629397),
 .UNSPECIFIED.);
#186=B_SPLINE_CURVE_WITH_KNOTS('',3,(#1853,#1854,#1855,#1856,#1857,#1858,
#1859,#1860,#1861,#1862,#1863,#1864,#1865,#1866,#1867,#1868,#1869,#1870,
#1871,#1872,#1873,#1874,#1875,#1876,#1877,#1878,#1879,#1880,#1881,#1882,
#1883,#1884,#1885,#1886,#1887,#1888,#1889,#1890,#1891,#1892),
 .UNSPECIFIED.,.F.,.F.,(4,3,3,3,3,3,3,3,3,3,3,3,3,4),(-16.4213910178811,
-15.9671577233444,-15.4681840444898,-14.9692103656353,-14.4702366867808,
-13.9712630079263,-13.4722893290718,-12.9733156502173,-12.4743419713628,
-11.9753682925083,-11.4763946136538,-10.9774209347992,-10.4784472559447,
-10.1382057107015),.UNSPECIFIED.);
#187=B_SPLINE_CURVE_WITH_KNOTS('',3,(#1898,#1899,#1900,#1901,#1902,#1903,
#1904,#1905,#1906,#1907,#1908,#1909,#1910,#1911,#1912,#1913,#1914,#1915,
#1916,#1917,#1918,#1919,#1920,#1921,#1922),.UNSPECIFIED.,.F.,.F.,(4,3,3,
3,3,3,3,3,4),(-3.85502040352192,-3.49281575198158,-2.99384207312707,-2.49486839427256,
-1.99589471541804,-1.49692103656353,-0.997947357709021,-0.49897367885451,
0.),.UNSPECIFIED.);
#188=B_SPLINE_CURVE_WITH_KNOTS('',3,(#1925,#1926,#1927,#1928,#1929,#1930,
#1931,#1932,#1933,#1934,#1935,#1936,#1937,#1938,#1939,#1940,#1941,#1942,
#1943,#1944,#1945,#1946,#1947,#1948,#1949,#1950,#1951,#1952,#1953,#1954,
#1955,#1956,#1957,#1958,#1959,#1960,#1961),.UNSPECIFIED.,.F.,.F.,(4,3,3,
3,3,3,3,3,3,3,3,3,4),(2.0217816913331,2.49486839427255,2.99384207312706,
3.49281575198158,3.99178943083609,4.4907631096906,4.98973678854511,5.48871046739962,
5.98768414625413,6.48665782510864,6.98563150396316,7.48460518281766,7.59153924858053),
 .UNSPECIFIED.);
#189=B_SPLINE_CURVE_WITH_KNOTS('',3,(#1967,#1968,#1969,#1970,#1971,#1972,
#1973,#1974),.UNSPECIFIED.,.F.,.F.,(4,1,1,1,1,4),(53.4070751110265,53.766731888206,
54.2657055670605,54.764679245915,55.2636529247695,55.762626603624),
 .UNSPECIFIED.);
#190=B_SPLINE_CURVE_WITH_KNOTS('',3,(#1977,#1978,#1979,#1980,#1981,#1982,
#1983,#1984,#1985),.UNSPECIFIED.,.F.,.F.,(4,1,1,1,1,1,4),(53.4070751110265,
53.8185299560544,54.3175036349089,54.8164773137634,55.3154509926179,55.8144246714724,
56.2875113744119),.UNSPECIFIED.);
#191=B_SPLINE_CURVE_WITH_KNOTS('',3,(#1990,#1991,#1992,#1993,#1994,#1995,
#1996,#1997,#1998,#1999,#2000,#2001,#2002,#2003,#2004,#2005,#2006),
 .UNSPECIFIED.,.F.,.F.,(4,1,1,1,1,1,1,1,1,1,1,1,1,1,4),(47.1238898038469,
47.2800740630973,47.7790477419518,48.2780214208063,48.7769950996609,49.2759687785154,
49.7749424573699,50.2739161362244,50.7728898150789,51.2718634939334,51.7708371727879,
52.2698108516424,52.7687845304969,53.2677582093515,53.4070751110265),
 .UNSPECIFIED.);
#192=B_SPLINE_CURVE_WITH_KNOTS('',3,(#2007,#2008,#2009,#2010,#2011,#2012,
#2013,#2014,#2015,#2016,#2017,#2018,#2019,#2020,#2021,#2022,#2023),
 .UNSPECIFIED.,.F.,.F.,(4,1,1,1,1,1,1,1,1,1,1,1,1,1,4),(47.1238898038469,
47.3318721309457,47.8308458098003,48.3298194886548,48.8287931675093,49.3277668463638,
49.8267405252183,50.3257142040728,50.8246878829273,51.3236615617818,51.8226352406363,
52.3216089194908,52.8205825983454,53.3195562771999,53.4070751110265),
 .UNSPECIFIED.);
#193=B_SPLINE_CURVE_WITH_KNOTS('',3,(#2028,#2029,#2030,#2031,#2032,#2033,
#2034,#2035,#2036,#2037,#2038,#2039,#2040,#2041,#2042,#2043),
 .UNSPECIFIED.,.F.,.F.,(4,1,1,1,1,1,1,1,1,1,1,1,1,4),(40.8407044966673,
41.2923899168432,41.7913635956977,42.2903372745522,42.7893109534067,43.2882846322612,
43.7872583111157,44.2862319899703,44.7852056688248,45.2841793476793,45.7831530265338,
46.2821267053883,46.7811003842428,47.1238898038469),.UNSPECIFIED.);
#194=B_SPLINE_CURVE_WITH_KNOTS('',3,(#2044,#2045,#2046,#2047,#2048,#2049,
#2050,#2051,#2052,#2053,#2054,#2055,#2056,#2057,#2058,#2059,#2060),
 .UNSPECIFIED.,.F.,.F.,(4,1,1,1,1,1,1,1,1,1,1,1,1,1,4),(40.8407044966673,
40.8452143058371,41.3441879846916,41.8431616635461,42.3421353424006,42.8411090212551,
43.3400827001096,43.8390563789642,44.3380300578187,44.8370037366732,45.3359774155277,
45.8349510943822,46.3339247732367,46.8328984520912,47.1238898038469),
 .UNSPECIFIED.);
#195=B_SPLINE_CURVE_WITH_KNOTS('',3,(#2065,#2066,#2067,#2068,#2069,#2070,
#2071,#2072,#2073,#2074,#2075,#2076,#2077,#2078,#2079,#2080,#2081),
 .UNSPECIFIED.,.F.,.F.,(4,1,1,1,1,1,1,1,1,1,1,1,1,1,4),(34.5575191894877,
34.8057320917345,35.3047057705891,35.8036794494436,36.3026531282981,36.8016268071526,
37.3006004860071,37.7995741648616,38.2985478437161,38.7975215225706,39.2964952014251,
39.7954688802797,40.2944425591342,40.7934162379887,40.8407044966673),
 .UNSPECIFIED.);
#196=B_SPLINE_CURVE_WITH_KNOTS('',3,(#2082,#2083,#2084,#2085,#2086,#2087,
#2088,#2089,#2090,#2091,#2092,#2093,#2094,#2095,#2096,#2097),
 .UNSPECIFIED.,.F.,.F.,(4,1,1,1,1,1,1,1,1,1,1,1,1,4),(34.5575191894877,
34.857530159583,35.3565038384375,35.855477517292,36.3544511961465,36.853424875001,
37.3523985538555,37.85137223271,38.3503459115645,38.8493195904191,39.3482932692736,
39.8472669481281,40.3462406269826,40.8407044966673),.UNSPECIFIED.);
#197=B_SPLINE_CURVE_WITH_KNOTS('',3,(#2102,#2103,#2104,#2105,#2106,#2107,
#2108,#2109,#2110,#2111,#2112,#2113,#2114,#2115,#2116,#2117,#2118),
 .UNSPECIFIED.,.F.,.F.,(4,1,1,1,1,1,1,1,1,1,1,1,1,1,4),(28.2743338823081,
28.3190742666259,28.8180479454804,29.3170216243349,29.8159953031894,30.314968982044,
30.8139426608985,31.312916339753,31.8118900186075,32.310863697462,32.8098373763165,
33.308811055171,33.8077847340255,34.30675841288,34.5575191894877),
 .UNSPECIFIED.);
#198=B_SPLINE_CURVE_WITH_KNOTS('',3,(#2119,#2120,#2121,#2122,#2123,#2124,
#2125,#2126,#2127,#2128,#2129,#2130,#2131,#2132,#2133,#2134,#2135),
 .UNSPECIFIED.,.F.,.F.,(4,1,1,1,1,1,1,1,1,1,1,1,1,1,4),(28.2743338823081,
28.3708723344743,28.8698460133288,29.3688196921833,29.8677933710378,30.3667670498924,
30.8657407287469,31.3647144076014,31.8636880864559,32.3626617653104,32.8616354441649,
33.3606091230194,33.8595828018739,34.3585564807285,34.5575191894877),
 .UNSPECIFIED.);
#199=B_SPLINE_CURVE_WITH_KNOTS('',3,(#2140,#2141,#2142,#2143,#2144,#2145,
#2146,#2147,#2148,#2149,#2150,#2151,#2152,#2153,#2154,#2155),
 .UNSPECIFIED.,.F.,.F.,(4,1,1,1,1,1,1,1,1,1,1,1,1,4),(21.9911485751285,
22.3313901203718,22.8303637992263,23.3293374780808,23.8283111569353,24.3272848357898,
24.8262585146443,25.3252321934988,25.8242058723533,26.3231795512079,26.8221532300624,
27.3211269089169,27.8201005877714,28.2743338823081),.UNSPECIFIED.);
#200=B_SPLINE_CURVE_WITH_KNOTS('',3,(#2156,#2157,#2158,#2159,#2160,#2161,
#2162,#2163,#2164,#2165,#2166,#2167,#2168,#2169,#2170,#2171),
 .UNSPECIFIED.,.F.,.F.,(4,1,1,1,1,1,1,1,1,1,1,1,1,4),(21.9911485751285,
22.3831881882202,22.8821618670747,23.3811355459292,23.8801092247837,24.3790829036382,
24.8780565824927,25.3770302613473,25.8760039402018,26.3749776190563,26.8739512979108,
27.3729249767653,27.8718986556198,28.2743338823081),.UNSPECIFIED.);
#201=B_SPLINE_CURVE_WITH_KNOTS('',3,(#2177,#2178,#2179,#2180,#2181,#2182),
 .UNSPECIFIED.,.F.,.F.,(4,1,1,4),(14.399609326548,14.8985830054025,15.397556684257,
15.7079632679489),.UNSPECIFIED.);
#202=B_SPLINE_CURVE_WITH_KNOTS('',3,(#2185,#2186,#2187,#2188,#2189,#2190,
#2191),.UNSPECIFIED.,.F.,.F.,(4,1,1,1,4),(13.8747245557601,14.3478112586996,
14.8467849375541,15.3457586164086,15.7079632679489),.UNSPECIFIED.);
#203=B_SPLINE_CURVE_WITH_KNOTS('',3,(#2364,#2365,#2366,#2367,#2368,#2369,
#2370,#2371,#2372,#2373,#2374,#2375,#2376,#2377,#2378,#2379,#2380),
 .UNSPECIFIED.,.F.,.F.,(4,1,1,1,1,1,1,1,1,1,1,1,1,1,4),(15.7079632679489,
15.8447322952631,16.3437059741176,16.8426796529721,17.3416533318267,17.8406270106812,
18.3396006895357,18.8385743683902,19.3375480472447,19.8365217260992,20.3354954049537,
20.8344690838082,21.3334427626627,21.8324164415173,21.9911485751285),
 .UNSPECIFIED.);
#204=B_SPLINE_CURVE_WITH_KNOTS('',3,(#2381,#2382,#2383,#2384,#2385,#2386,
#2387,#2388,#2389,#2390,#2391,#2392,#2393,#2394,#2395,#2396,#2397),
 .UNSPECIFIED.,.F.,.F.,(4,1,1,1,1,1,1,1,1,1,1,1,1,1,4),(15.7079632679489,
15.8965303631115,16.3955040419661,16.8944777208206,17.3934513996751,17.8924250785296,
18.3913987573841,18.8903724362386,19.3893461150931,19.8883197939476,20.3872934728021,
20.8862671516567,21.3852408305112,21.8842145093657,21.9911485751285),
 .UNSPECIFIED.);
#205=B_SPLINE_CURVE_WITH_KNOTS('',3,(#2762,#2763,#2764,#2765,#2766,#2767,
#2768,#2769,#2770,#2771,#2772,#2773,#2774,#2775,#2776,#2777,#2778,#2779,
#2780,#2781,#2782,#2783,#2784,#2785,#2786,#2787,#2788,#2789,#2790,#2791,
#2792,#2793,#2794,#2795,#2796,#2797,#2798,#2799,#2800,#2801,#2802,#2803,
#2804,#2805,#2806,#2807,#2808,#2809,#2810,#2811,#2812,#2813,#2814,#2815,
#2816,#2817,#2818,#2819,#2820,#2821,#2822,#2823,#2824,#2825,#2826,#2827,
#2828,#2829,#2830,#2831,#2832,#2833,#2834,#2835,#2836,#2837,#2838,#2839,
#2840,#2841,#2842,#2843,#2844,#2845,#2846,#2847,#2848,#2849,#2850,#2851,
#2852,#2853,#2854,#2855,#2856,#2857,#2858,#2859,#2860,#2861,#2862,#2863,
#2864,#2865,#2866,#2867,#2868,#2869,#2870),.UNSPECIFIED.,.F.,.F.,(4,3,3,
3,3,3,3,3,3,3,3,3,3,3,3,3,3,3,3,3,3,3,3,3,3,3,3,3,3,3,3,3,3,3,3,3,4),(0.,
0.0441190515986485,0.0885896800948068,0.132709176227603,0.176247537336582,
0.192234531769116,0.199469056805283,0.24271836737288,0.250992849093414,
0.294408834583771,0.337714093790963,0.376294386031133,0.383993402799725,
0.389271442238394,0.431570399534529,0.473496459432267,0.492035262751646,
0.53427762898586,0.557860180130421,0.56695063265578,0.57182873320936,0.613088814265445,
0.654215342534913,0.694595681445597,0.722938038142348,0.736820942829707,
0.74372258767542,0.749165183432881,0.789597825778671,0.828008593160817,
0.8431985414672,0.850701887996483,0.857628332528238,0.897196416378497,0.936121070995804,
0.943240895307253,0.954382097139065),.UNSPECIFIED.);
#206=B_SPLINE_CURVE_WITH_KNOTS('',3,(#2871,#2872,#2873,#2874,#2875,#2876,
#2877,#2878,#2879,#2880,#2881,#2882,#2883,#2884,#2885,#2886,#2887,#2888,
#2889,#2890,#2891,#2892,#2893,#2894,#2895,#2896,#2897,#2898,#2899,#2900,
#2901,#2902,#2903,#2904,#2905,#2906,#2907,#2908,#2909,#2910,#2911,#2912,
#2913,#2914,#2915,#2916,#2917,#2918,#2919,#2920,#2921,#2922,#2923,#2924,
#2925,#2926,#2927,#2928,#2929,#2930,#2931,#2932,#2933,#2934,#2935,#2936,
#2937,#2938,#2939,#2940,#2941,#2942,#2943,#2944,#2945,#2946,#2947,#2948,
#2949,#2950,#2951,#2952,#2953,#2954,#2955,#2956,#2957,#2958,#2959,#2960,
#2961,#2962,#2963,#2964,#2965,#2966,#2967,#2968,#2969,#2970,#2971,#2972,
#2973,#2974,#2975,#2976,#2977,#2978,#2979),.UNSPECIFIED.,.F.,.F.,(4,3,3,
3,3,3,3,3,3,3,3,3,3,3,3,3,3,3,3,3,3,3,3,3,3,3,3,3,3,3,3,3,3,3,3,3,4),(0.,
0.0384956162744285,0.0777045740120474,0.117481599680599,0.157168375668887,
0.164873354925459,0.172525750041412,0.213162934245977,0.21937156157243,
0.25958874370246,0.300294617451201,0.337449772238027,0.34345622785896,0.348874531907371,
0.390361134615858,0.432306985490081,0.448915236598503,0.490638545901683,
0.515366444041884,0.524542386112524,0.530140743875236,0.572622474949029,
0.615523847505187,0.658447628457234,0.688461731023289,0.704056637236369,
0.710728549392057,0.716920486698937,0.760092408438899,0.804466189802374,
0.821629588199288,0.829363037416415,0.837170010262028,0.881586088578944,
0.92608849401052,0.937587533892797,0.950777871811511),.UNSPECIFIED.);
#207=B_SPLINE_CURVE_WITH_KNOTS('',3,(#2980,#2981,#2982,#2983,#2984,#2985,
#2986,#2987,#2988,#2989,#2990,#2991,#2992,#2993,#2994,#2995,#2996,#2997,
#2998,#2999,#3000,#3001,#3002,#3003,#3004,#3005,#3006,#3007,#3008,#3009,
#3010,#3011,#3012,#3013,#3014,#3015,#3016,#3017,#3018,#3019,#3020,#3021,
#3022),.UNSPECIFIED.,.F.,.F.,(4,3,3,3,3,3,3,3,3,3,3,3,3,3,4),(-10.1382057107015,
-9.97947357709022,-9.48049989823571,-8.9815262193812,-8.48255254052669,
-7.98357886167218,-7.48460518281767,-6.98563150396315,-6.48665782510864,
-5.98768414625413,-5.48871046739962,-4.98973678854511,-4.4907631096906,
-3.99178943083609,-3.85502040352192),.UNSPECIFIED.);
#208=B_SPLINE_CURVE_WITH_KNOTS('',3,(#3387,#3388,#3389,#3390,#3391,#3392,
#3393,#3394,#3395,#3396,#3397,#3398,#3399,#3400,#3401,#3402,#3403,#3404,
#3405,#3406,#3407,#3408,#3409,#3410,#3411,#3412,#3413,#3414,#3415,#3416,
#3417,#3418,#3419,#3420,#3421,#3422,#3423,#3424,#3425,#3426,#3427,#3428,
#3429,#3430,#3431,#3432,#3433,#3434,#3435,#3436,#3437,#3438,#3439,#3440,
#3441,#3442,#3443,#3444,#3445,#3446,#3447,#3448,#3449,#3450,#3451,#3452,
#3453,#3454,#3455,#3456,#3457,#3458,#3459,#3460,#3461,#3462,#3463,#3464,
#3465,#3466,#3467,#3468,#3469,#3470,#3471,#3472,#3473,#3474,#3475,#3476,
#3477,#3478,#3479,#3480,#3481,#3482,#3483,#3484,#3485,#3486,#3487,#3488,
#3489,#3490,#3491,#3492,#3493,#3494,#3495),.UNSPECIFIED.,.F.,.F.,(4,3,3,
3,3,3,3,3,3,3,3,3,3,3,3,3,3,3,3,3,3,3,3,3,3,3,3,3,3,3,3,3,3,3,3,3,4),(0.,
0.0384955844522783,0.0777045168626767,0.117481535979084,0.157168318142306,
0.164873279245741,0.172525760464053,0.213162929213159,0.219371561572427,
0.259588763382044,0.300294649132415,0.337449795998933,0.34345623326654,
0.348874533002162,0.39036115210654,0.432307008265509,0.44891523659849,0.490638542204004,
0.515366440806415,0.524542389753809,0.530140744830789,0.572622470535612,
0.615523840042186,0.658447620590968,0.688461731023292,0.704056637319998,
0.710728549946356,0.716920487833621,0.760092409884703,0.804466190886709,
0.821629589734985,0.829363039642642,0.837170010655,0.881586088714868,0.926088494148566,
0.937587533892727,0.950777871811413),.UNSPECIFIED.);
#209=B_SPLINE_CURVE_WITH_KNOTS('',3,(#3496,#3497,#3498,#3499,#3500,#3501,
#3502,#3503,#3504,#3505,#3506,#3507,#3508,#3509,#3510,#3511,#3512,#3513,
#3514,#3515,#3516,#3517,#3518,#3519,#3520,#3521,#3522,#3523,#3524,#3525,
#3526,#3527,#3528,#3529,#3530,#3531,#3532,#3533,#3534,#3535),
 .UNSPECIFIED.,.F.,.F.,(4,3,3,3,3,3,3,3,3,3,3,3,3,4),(7.59153924858053,
7.98357886167218,8.48255254052668,8.98152621938119,9.48049989823571,9.97947357709022,
10.4784472559447,10.9774209347992,11.4763946136538,11.9753682925083,12.4743419713628,
12.9733156502173,13.4722893290718,13.8747245557601),.UNSPECIFIED.);
#210=B_SPLINE_CURVE_WITH_KNOTS('',3,(#3536,#3537,#3538,#3539,#3540,#3541,
#3542,#3543,#3544,#3545,#3546,#3547,#3548,#3549,#3550,#3551,#3552,#3553,
#3554,#3555,#3556,#3557,#3558,#3559,#3560,#3561,#3562,#3563,#3564,#3565,
#3566,#3567,#3568,#3569,#3570,#3571,#3572,#3573,#3574,#3575,#3576,#3577,
#3578,#3579,#3580,#3581,#3582,#3583,#3584,#3585,#3586,#3587,#3588,#3589,
#3590,#3591,#3592,#3593,#3594,#3595,#3596,#3597,#3598,#3599,#3600,#3601,
#3602,#3603,#3604,#3605,#3606,#3607,#3608,#3609,#3610,#3611,#3612,#3613,
#3614,#3615,#3616,#3617,#3618,#3619,#3620,#3621,#3622,#3623,#3624,#3625,
#3626,#3627,#3628,#3629,#3630,#3631,#3632,#3633,#3634,#3635,#3636,#3637,
#3638,#3639,#3640,#3641,#3642,#3643,#3644),.UNSPECIFIED.,.F.,.F.,(4,3,3,
3,3,3,3,3,3,3,3,3,3,3,3,3,3,3,3,3,3,3,3,3,3,3,3,3,3,3,3,3,3,3,3,3,4),(0.,
0.0441190315216806,0.0885896551060953,0.132709164781717,0.17624754417929,
0.192234559857028,0.199469058896583,0.242718377415042,0.250992849093419,
0.294408839351597,0.337714097494705,0.376294388808941,0.383993426456009,
0.389271487120991,0.431570445526315,0.473496502352322,0.492035262751649,
0.534277628643046,0.557860179830461,0.566950632910505,0.571828733500754,
0.613088814123201,0.654215341943769,0.69459567869655,0.722938038142367,
0.736820942915042,0.743722588174222,0.749165183920808,0.78959782591895,
0.828008593266027,0.843198541717549,0.850701888496745,0.857628332722827,
0.897196417320168,0.936121074005323,0.943240895307259,0.954382097139068),
 .UNSPECIFIED.);
#211=CIRCLE('',#1088,4.263);
#212=CIRCLE('',#1090,4.263);
#213=CIRCLE('',#1096,4.263);
#214=CIRCLE('',#1098,5.09900000000002);
#215=CIRCLE('',#1105,5.09900000000002);
#216=CIRCLE('',#1108,6.00000000000009);
#217=CIRCLE('',#1109,6.00000000000009);
#218=CIRCLE('',#1112,6.00000000000005);
#219=CIRCLE('',#1113,6.00000000000005);
#220=CIRCLE('',#1116,6.00000000000009);
#221=CIRCLE('',#1117,6.00000000000009);
#222=CIRCLE('',#1120,6.00000000000008);
#223=CIRCLE('',#1121,6.00000000000008);
#224=CIRCLE('',#1123,11.1);
#225=CIRCLE('',#1124,11.1);
#226=CIRCLE('',#1126,1.6);
#227=CIRCLE('',#1127,1.6);
#228=CIRCLE('',#1130,1.6);
#229=CIRCLE('',#1131,1.6);
#230=CIRCLE('',#1134,1.6);
#231=CIRCLE('',#1135,1.6);
#232=CIRCLE('',#1138,1.6);
#233=CIRCLE('',#1139,1.6);
#234=CIRCLE('',#1142,1.6);
#235=CIRCLE('',#1143,1.6);
#236=CIRCLE('',#1146,1.6);
#237=CIRCLE('',#1147,1.6);
#238=CIRCLE('',#1151,1.6);
#239=CIRCLE('',#1152,1.6);
#240=CIRCLE('',#1155,1.6);
#241=CIRCLE('',#1156,1.6);
#242=CIRCLE('',#1158,14.9999999999999);
#243=CIRCLE('',#1159,14.9999999999999);
#244=CIRCLE('',#1162,15.);
#245=CIRCLE('',#1163,15.);
#246=CIRCLE('',#1166,25.);
#247=CIRCLE('',#1167,25.);
#248=CIRCLE('',#1170,4.1);
#249=CIRCLE('',#1171,4.1);
#250=CIRCLE('',#1174,25.);
#251=CIRCLE('',#1178,25.);
#252=LINE('',#1455,#332);
#253=LINE('',#1465,#333);
#254=LINE('',#1545,#334);
#255=LINE('',#1632,#335);
#256=LINE('',#1722,#336);
#257=LINE('',#1809,#337);
#258=LINE('',#1896,#338);
#259=LINE('',#1965,#339);
#260=LINE('',#1989,#340);
#261=LINE('',#2027,#341);
#262=LINE('',#2064,#342);
#263=LINE('',#2101,#343);
#264=LINE('',#2139,#344);
#265=LINE('',#2175,#345);
#266=LINE('',#2195,#346);
#267=LINE('',#2197,#347);
#268=LINE('',#2199,#348);
#269=LINE('',#2200,#349);
#270=LINE('',#2205,#350);
#271=LINE('',#2209,#351);
#272=LINE('',#2211,#352);
#273=LINE('',#2212,#353);
#274=LINE('',#2217,#354);
#275=LINE('',#2221,#355);
#276=LINE('',#2223,#356);
#277=LINE('',#2224,#357);
#278=LINE('',#2229,#358);
#279=LINE('',#2233,#359);
#280=LINE('',#2235,#360);
#281=LINE('',#2236,#361);
#282=LINE('',#2244,#362);
#283=LINE('',#2251,#363);
#284=LINE('',#2254,#364);
#285=LINE('',#2257,#365);
#286=LINE('',#2259,#366);
#287=LINE('',#2260,#367);
#288=LINE('',#2265,#368);
#289=LINE('',#2268,#369);
#290=LINE('',#2269,#370);
#291=LINE('',#2275,#371);
#292=LINE('',#2278,#372);
#293=LINE('',#2281,#373);
#294=LINE('',#2283,#374);
#295=LINE('',#2284,#375);
#296=LINE('',#2289,#376);
#297=LINE('',#2292,#377);
#298=LINE('',#2293,#378);
#299=LINE('',#2299,#379);
#300=LINE('',#2302,#380);
#301=LINE('',#2305,#381);
#302=LINE('',#2307,#382);
#303=LINE('',#2308,#383);
#304=LINE('',#2313,#384);
#305=LINE('',#2316,#385);
#306=LINE('',#2317,#386);
#307=LINE('',#2321,#387);
#308=LINE('',#2323,#388);
#309=LINE('',#2325,#389);
#310=LINE('',#2326,#390);
#311=LINE('',#2331,#391);
#312=LINE('',#2335,#392);
#313=LINE('',#2337,#393);
#314=LINE('',#2338,#394);
#315=LINE('',#2347,#395);
#316=LINE('',#2350,#396);
#317=LINE('',#2353,#397);
#318=LINE('',#2355,#398);
#319=LINE('',#2356,#399);
#320=LINE('',#2362,#400);
#321=LINE('',#3648,#401);
#322=LINE('',#3651,#402);
#323=LINE('',#3653,#403);
#324=LINE('',#3660,#404);
#325=LINE('',#3667,#405);
#326=LINE('',#3668,#406);
#327=LINE('',#3670,#407);
#328=LINE('',#3673,#408);
#329=LINE('',#3674,#409);
#330=LINE('',#3678,#410);
#331=LINE('',#3680,#411);
#332=VECTOR('',#1185,4.263);
#333=VECTOR('',#1190,4.263);
#334=VECTOR('',#1195,4.263);
#335=VECTOR('',#1198,4.263);
#336=VECTOR('',#1201,4.263);
#337=VECTOR('',#1204,4.263);
#338=VECTOR('',#1207,4.263);
#339=VECTOR('',#1212,5.09900000000002);
#340=VECTOR('',#1217,5.09900000000002);
#341=VECTOR('',#1220,5.09900000000002);
#342=VECTOR('',#1223,5.09900000000002);
#343=VECTOR('',#1226,5.09900000000002);
#344=VECTOR('',#1229,5.09900000000002);
#345=VECTOR('',#1232,5.09900000000002);
#346=VECTOR('',#1237,10.);
#347=VECTOR('',#1238,10.);
#348=VECTOR('',#1239,10.);
#349=VECTOR('',#1240,10.);
#350=VECTOR('',#1245,10.);
#351=VECTOR('',#1250,10.);
#352=VECTOR('',#1251,10.);
#353=VECTOR('',#1252,10.);
#354=VECTOR('',#1257,10.);
#355=VECTOR('',#1262,10.);
#356=VECTOR('',#1263,10.);
#357=VECTOR('',#1264,10.);
#358=VECTOR('',#1269,10.);
#359=VECTOR('',#1274,10.);
#360=VECTOR('',#1275,10.);
#361=VECTOR('',#1276,10.);
#362=VECTOR('',#1287,11.1);
#363=VECTOR('',#1294,10.);
#364=VECTOR('',#1297,10.);
#365=VECTOR('',#1300,10.);
#366=VECTOR('',#1301,10.);
#367=VECTOR('',#1302,10.);
#368=VECTOR('',#1307,10.);
#369=VECTOR('',#1312,10.);
#370=VECTOR('',#1313,10.);
#371=VECTOR('',#1318,10.);
#372=VECTOR('',#1321,10.);
#373=VECTOR('',#1324,10.);
#374=VECTOR('',#1325,10.);
#375=VECTOR('',#1326,10.);
#376=VECTOR('',#1331,10.);
#377=VECTOR('',#1336,10.);
#378=VECTOR('',#1337,10.);
#379=VECTOR('',#1342,10.);
#380=VECTOR('',#1345,10.);
#381=VECTOR('',#1348,10.);
#382=VECTOR('',#1349,10.);
#383=VECTOR('',#1350,10.);
#384=VECTOR('',#1355,10.);
#385=VECTOR('',#1360,10.);
#386=VECTOR('',#1361,10.);
#387=VECTOR('',#1364,10.);
#388=VECTOR('',#1365,10.);
#389=VECTOR('',#1366,10.);
#390=VECTOR('',#1367,10.);
#391=VECTOR('',#1372,10.);
#392=VECTOR('',#1377,10.);
#393=VECTOR('',#1378,10.);
#394=VECTOR('',#1379,10.);
#395=VECTOR('',#1390,10.);
#396=VECTOR('',#1393,10.);
#397=VECTOR('',#1396,10.);
#398=VECTOR('',#1397,10.);
#399=VECTOR('',#1398,10.);
#400=VECTOR('',#1405,10.);
#401=VECTOR('',#1410,10.);
#402=VECTOR('',#1413,10.);
#403=VECTOR('',#1414,10.);
#404=VECTOR('',#1423,4.1);
#405=VECTOR('',#1432,10.);
#406=VECTOR('',#1433,10.);
#407=VECTOR('',#1436,10.);
#408=VECTOR('',#1439,10.);
#409=VECTOR('',#1440,10.);
#410=VECTOR('',#1445,10.);
#411=VECTOR('',#1448,10.);
#412=VERTEX_POINT('',#1453);
#413=VERTEX_POINT('',#1454);
#414=VERTEX_POINT('',#1456);
#415=VERTEX_POINT('',#1463);
#416=VERTEX_POINT('',#1464);
#417=VERTEX_POINT('',#1466);
#418=VERTEX_POINT('',#1543);
#419=VERTEX_POINT('',#1544);
#420=VERTEX_POINT('',#1630);
#421=VERTEX_POINT('',#1631);
#422=VERTEX_POINT('',#1720);
#423=VERTEX_POINT('',#1721);
#424=VERTEX_POINT('',#1807);
#425=VERTEX_POINT('',#1808);
#426=VERTEX_POINT('',#1894);
#427=VERTEX_POINT('',#1895);
#428=VERTEX_POINT('',#1897);
#429=VERTEX_POINT('',#1923);
#430=VERTEX_POINT('',#1963);
#431=VERTEX_POINT('',#1964);
#432=VERTEX_POINT('',#1966);
#433=VERTEX_POINT('',#1975);
#434=VERTEX_POINT('',#1987);
#435=VERTEX_POINT('',#1988);
#436=VERTEX_POINT('',#2025);
#437=VERTEX_POINT('',#2026);
#438=VERTEX_POINT('',#2062);
#439=VERTEX_POINT('',#2063);
#440=VERTEX_POINT('',#2099);
#441=VERTEX_POINT('',#2100);
#442=VERTEX_POINT('',#2137);
#443=VERTEX_POINT('',#2138);
#444=VERTEX_POINT('',#2173);
#445=VERTEX_POINT('',#2174);
#446=VERTEX_POINT('',#2176);
#447=VERTEX_POINT('',#2183);
#448=VERTEX_POINT('',#2193);
#449=VERTEX_POINT('',#2194);
#450=VERTEX_POINT('',#2196);
#451=VERTEX_POINT('',#2198);
#452=VERTEX_POINT('',#2202);
#453=VERTEX_POINT('',#2204);
#454=VERTEX_POINT('',#2208);
#455=VERTEX_POINT('',#2210);
#456=VERTEX_POINT('',#2214);
#457=VERTEX_POINT('',#2216);
#458=VERTEX_POINT('',#2220);
#459=VERTEX_POINT('',#2222);
#460=VERTEX_POINT('',#2226);
#461=VERTEX_POINT('',#2228);
#462=VERTEX_POINT('',#2232);
#463=VERTEX_POINT('',#2234);
#464=VERTEX_POINT('',#2241);
#465=VERTEX_POINT('',#2243);
#466=VERTEX_POINT('',#2247);
#467=VERTEX_POINT('',#2248);
#468=VERTEX_POINT('',#2250);
#469=VERTEX_POINT('',#2252);
#470=VERTEX_POINT('',#2256);
#471=VERTEX_POINT('',#2258);
#472=VERTEX_POINT('',#2262);
#473=VERTEX_POINT('',#2264);
#474=VERTEX_POINT('',#2271);
#475=VERTEX_POINT('',#2272);
#476=VERTEX_POINT('',#2274);
#477=VERTEX_POINT('',#2276);
#478=VERTEX_POINT('',#2280);
#479=VERTEX_POINT('',#2282);
#480=VERTEX_POINT('',#2286);
#481=VERTEX_POINT('',#2288);
#482=VERTEX_POINT('',#2295);
#483=VERTEX_POINT('',#2296);
#484=VERTEX_POINT('',#2298);
#485=VERTEX_POINT('',#2300);
#486=VERTEX_POINT('',#2304);
#487=VERTEX_POINT('',#2306);
#488=VERTEX_POINT('',#2310);
#489=VERTEX_POINT('',#2312);
#490=VERTEX_POINT('',#2319);
#491=VERTEX_POINT('',#2320);
#492=VERTEX_POINT('',#2322);
#493=VERTEX_POINT('',#2324);
#494=VERTEX_POINT('',#2328);
#495=VERTEX_POINT('',#2330);
#496=VERTEX_POINT('',#2334);
#497=VERTEX_POINT('',#2336);
#498=VERTEX_POINT('',#2343);
#499=VERTEX_POINT('',#2344);
#500=VERTEX_POINT('',#2346);
#501=VERTEX_POINT('',#2348);
#502=VERTEX_POINT('',#2352);
#503=VERTEX_POINT('',#2354);
#504=VERTEX_POINT('',#2358);
#505=VERTEX_POINT('',#2360);
#506=VERTEX_POINT('',#3646);
#507=VERTEX_POINT('',#3647);
#508=VERTEX_POINT('',#3649);
#509=VERTEX_POINT('',#3652);
#510=VERTEX_POINT('',#3657);
#511=VERTEX_POINT('',#3659);
#512=VERTEX_POINT('',#3664);
#513=VERTEX_POINT('',#3665);
#514=VERTEX_POINT('',#3672);
#515=VERTEX_POINT('',#3676);
#516=EDGE_CURVE('',#412,#413,#252,.T.);
#517=EDGE_CURVE('',#414,#413,#211,.T.);
#518=EDGE_CURVE('',#414,#412,#176,.T.);
#519=EDGE_CURVE('',#415,#416,#253,.T.);
#520=EDGE_CURVE('',#416,#417,#177,.T.);
#521=EDGE_CURVE('',#413,#417,#212,.T.);
#522=EDGE_CURVE('',#412,#415,#178,.T.);
#523=EDGE_CURVE('',#418,#419,#254,.T.);
#524=EDGE_CURVE('',#419,#416,#179,.T.);
#525=EDGE_CURVE('',#415,#418,#180,.T.);
#526=EDGE_CURVE('',#420,#421,#255,.T.);
#527=EDGE_CURVE('',#421,#419,#181,.T.);
#528=EDGE_CURVE('',#418,#420,#182,.T.);
#529=EDGE_CURVE('',#422,#423,#256,.T.);
#530=EDGE_CURVE('',#423,#421,#183,.T.);
#531=EDGE_CURVE('',#420,#422,#184,.T.);
#532=EDGE_CURVE('',#424,#425,#257,.T.);
#533=EDGE_CURVE('',#425,#423,#185,.T.);
#534=EDGE_CURVE('',#422,#424,#186,.T.);
#535=EDGE_CURVE('',#426,#427,#258,.T.);
#536=EDGE_CURVE('',#426,#428,#187,.T.);
#537=EDGE_CURVE('',#429,#428,#213,.T.);
#538=EDGE_CURVE('',#429,#427,#188,.T.);
#539=EDGE_CURVE('',#430,#431,#259,.T.);
#540=EDGE_CURVE('',#431,#432,#189,.T.);
#541=EDGE_CURVE('',#433,#432,#214,.T.);
#542=EDGE_CURVE('',#430,#433,#190,.T.);
#543=EDGE_CURVE('',#434,#435,#260,.T.);
#544=EDGE_CURVE('',#435,#431,#191,.T.);
#545=EDGE_CURVE('',#434,#430,#192,.T.);
#546=EDGE_CURVE('',#436,#437,#261,.T.);
#547=EDGE_CURVE('',#437,#435,#193,.T.);
#548=EDGE_CURVE('',#436,#434,#194,.T.);
#549=EDGE_CURVE('',#438,#439,#262,.T.);
#550=EDGE_CURVE('',#439,#437,#195,.T.);
#551=EDGE_CURVE('',#438,#436,#196,.T.);
#552=EDGE_CURVE('',#440,#441,#263,.T.);
#553=EDGE_CURVE('',#441,#439,#197,.T.);
#554=EDGE_CURVE('',#440,#438,#198,.T.);
#555=EDGE_CURVE('',#442,#443,#264,.T.);
#556=EDGE_CURVE('',#443,#441,#199,.T.);
#557=EDGE_CURVE('',#442,#440,#200,.T.);
#558=EDGE_CURVE('',#444,#445,#265,.T.);
#559=EDGE_CURVE('',#446,#444,#201,.T.);
#560=EDGE_CURVE('',#447,#446,#215,.T.);
#561=EDGE_CURVE('',#447,#445,#202,.T.);
#562=EDGE_CURVE('',#448,#449,#266,.T.);
#563=EDGE_CURVE('',#448,#450,#267,.T.);
#564=EDGE_CURVE('',#451,#450,#268,.T.);
#565=EDGE_CURVE('',#449,#451,#269,.T.);
#566=EDGE_CURVE('',#452,#448,#216,.T.);
#567=EDGE_CURVE('',#452,#453,#270,.T.);
#568=EDGE_CURVE('',#450,#453,#217,.T.);
#569=EDGE_CURVE('',#454,#452,#271,.T.);
#570=EDGE_CURVE('',#454,#455,#272,.T.);
#571=EDGE_CURVE('',#453,#455,#273,.T.);
#572=EDGE_CURVE('',#456,#454,#218,.T.);
#573=EDGE_CURVE('',#456,#457,#274,.T.);
#574=EDGE_CURVE('',#455,#457,#219,.T.);
#575=EDGE_CURVE('',#458,#456,#275,.T.);
#576=EDGE_CURVE('',#458,#459,#276,.T.);
#577=EDGE_CURVE('',#457,#459,#277,.T.);
#578=EDGE_CURVE('',#460,#458,#220,.T.);
#579=EDGE_CURVE('',#460,#461,#278,.T.);
#580=EDGE_CURVE('',#459,#461,#221,.T.);
#581=EDGE_CURVE('',#462,#460,#279,.T.);
#582=EDGE_CURVE('',#462,#463,#280,.T.);
#583=EDGE_CURVE('',#461,#463,#281,.T.);
#584=EDGE_CURVE('',#449,#462,#222,.T.);
#585=EDGE_CURVE('',#463,#451,#223,.T.);
#586=EDGE_CURVE('',#464,#464,#224,.T.);
#587=EDGE_CURVE('',#464,#465,#282,.T.);
#588=EDGE_CURVE('',#465,#465,#225,.T.);
#589=EDGE_CURVE('',#466,#467,#226,.T.);
#590=EDGE_CURVE('',#466,#468,#283,.T.);
#591=EDGE_CURVE('',#469,#468,#227,.T.);
#592=EDGE_CURVE('',#467,#469,#284,.T.);
#593=EDGE_CURVE('',#470,#466,#285,.T.);
#594=EDGE_CURVE('',#470,#471,#286,.T.);
#595=EDGE_CURVE('',#468,#471,#287,.T.);
#596=EDGE_CURVE('',#472,#470,#228,.T.);
#597=EDGE_CURVE('',#472,#473,#288,.T.);
#598=EDGE_CURVE('',#471,#473,#229,.T.);
#599=EDGE_CURVE('',#467,#472,#289,.T.);
#600=EDGE_CURVE('',#473,#469,#290,.T.);
#601=EDGE_CURVE('',#474,#475,#230,.T.);
#602=EDGE_CURVE('',#474,#476,#291,.T.);
#603=EDGE_CURVE('',#477,#476,#231,.T.);
#604=EDGE_CURVE('',#475,#477,#292,.T.);
#605=EDGE_CURVE('',#478,#474,#293,.T.);
#606=EDGE_CURVE('',#478,#479,#294,.T.);
#607=EDGE_CURVE('',#476,#479,#295,.T.);
#608=EDGE_CURVE('',#480,#478,#232,.T.);
#609=EDGE_CURVE('',#480,#481,#296,.T.);
#610=EDGE_CURVE('',#479,#481,#233,.T.);
#611=EDGE_CURVE('',#475,#480,#297,.T.);
#612=EDGE_CURVE('',#481,#477,#298,.T.);
#613=EDGE_CURVE('',#482,#483,#234,.T.);
#614=EDGE_CURVE('',#482,#484,#299,.T.);
#615=EDGE_CURVE('',#485,#484,#235,.T.);
#616=EDGE_CURVE('',#483,#485,#300,.T.);
#617=EDGE_CURVE('',#486,#482,#301,.T.);
#618=EDGE_CURVE('',#486,#487,#302,.T.);
#619=EDGE_CURVE('',#484,#487,#303,.T.);
#620=EDGE_CURVE('',#488,#486,#236,.T.);
#621=EDGE_CURVE('',#488,#489,#304,.T.);
#622=EDGE_CURVE('',#487,#489,#237,.T.);
#623=EDGE_CURVE('',#483,#488,#305,.T.);
#624=EDGE_CURVE('',#489,#485,#306,.T.);
#625=EDGE_CURVE('',#490,#491,#307,.T.);
#626=EDGE_CURVE('',#490,#492,#308,.T.);
#627=EDGE_CURVE('',#493,#492,#309,.T.);
#628=EDGE_CURVE('',#491,#493,#310,.T.);
#629=EDGE_CURVE('',#494,#490,#238,.T.);
#630=EDGE_CURVE('',#494,#495,#311,.T.);
#631=EDGE_CURVE('',#492,#495,#239,.T.);
#632=EDGE_CURVE('',#496,#494,#312,.T.);
#633=EDGE_CURVE('',#496,#497,#313,.T.);
#634=EDGE_CURVE('',#495,#497,#314,.T.);
#635=EDGE_CURVE('',#491,#496,#240,.T.);
#636=EDGE_CURVE('',#497,#493,#241,.T.);
#637=EDGE_CURVE('',#498,#499,#242,.T.);
#638=EDGE_CURVE('',#498,#500,#315,.T.);
#639=EDGE_CURVE('',#501,#500,#243,.T.);
#640=EDGE_CURVE('',#499,#501,#316,.T.);
#641=EDGE_CURVE('',#502,#499,#317,.T.);
#642=EDGE_CURVE('',#503,#501,#318,.T.);
#643=EDGE_CURVE('',#502,#503,#319,.T.);
#644=EDGE_CURVE('',#502,#504,#244,.T.);
#645=EDGE_CURVE('',#505,#503,#245,.T.);
#646=EDGE_CURVE('',#504,#505,#320,.T.);
#647=EDGE_CURVE('',#445,#443,#203,.T.);
#648=EDGE_CURVE('',#444,#442,#204,.T.);
#649=EDGE_CURVE('',#432,#414,#205,.T.);
#650=EDGE_CURVE('',#428,#447,#206,.T.);
#651=EDGE_CURVE('',#424,#426,#207,.T.);
#652=EDGE_CURVE('',#417,#433,#208,.T.);
#653=EDGE_CURVE('',#427,#425,#209,.T.);
#654=EDGE_CURVE('',#446,#429,#210,.T.);
#655=EDGE_CURVE('',#506,#507,#321,.T.);
#656=EDGE_CURVE('',#507,#508,#246,.T.);
#657=EDGE_CURVE('',#508,#498,#322,.T.);
#658=EDGE_CURVE('',#509,#504,#323,.T.);
#659=EDGE_CURVE('',#509,#506,#247,.T.);
#660=EDGE_CURVE('',#510,#510,#248,.T.);
#661=EDGE_CURVE('',#510,#511,#324,.T.);
#662=EDGE_CURVE('',#511,#511,#249,.T.);
#663=EDGE_CURVE('',#512,#513,#250,.T.);
#664=EDGE_CURVE('',#512,#506,#325,.T.);
#665=EDGE_CURVE('',#513,#509,#326,.T.);
#666=EDGE_CURVE('',#505,#513,#327,.T.);
#667=EDGE_CURVE('',#514,#500,#328,.T.);
#668=EDGE_CURVE('',#514,#508,#329,.T.);
#669=EDGE_CURVE('',#514,#515,#251,.T.);
#670=EDGE_CURVE('',#515,#507,#330,.T.);
#671=EDGE_CURVE('',#512,#515,#331,.T.);
#672=ORIENTED_EDGE('',*,*,#516,.T.);
#673=ORIENTED_EDGE('',*,*,#517,.F.);
#674=ORIENTED_EDGE('',*,*,#518,.T.);
#675=ORIENTED_EDGE('',*,*,#519,.T.);
#676=ORIENTED_EDGE('',*,*,#520,.T.);
#677=ORIENTED_EDGE('',*,*,#521,.F.);
#678=ORIENTED_EDGE('',*,*,#516,.F.);
#679=ORIENTED_EDGE('',*,*,#522,.T.);
#680=ORIENTED_EDGE('',*,*,#523,.T.);
#681=ORIENTED_EDGE('',*,*,#524,.T.);
#682=ORIENTED_EDGE('',*,*,#519,.F.);
#683=ORIENTED_EDGE('',*,*,#525,.T.);
#684=ORIENTED_EDGE('',*,*,#526,.T.);
#685=ORIENTED_EDGE('',*,*,#527,.T.);
#686=ORIENTED_EDGE('',*,*,#523,.F.);
#687=ORIENTED_EDGE('',*,*,#528,.T.);
#688=ORIENTED_EDGE('',*,*,#529,.T.);
#689=ORIENTED_EDGE('',*,*,#530,.T.);
#690=ORIENTED_EDGE('',*,*,#526,.F.);
#691=ORIENTED_EDGE('',*,*,#531,.T.);
#692=ORIENTED_EDGE('',*,*,#532,.T.);
#693=ORIENTED_EDGE('',*,*,#533,.T.);
#694=ORIENTED_EDGE('',*,*,#529,.F.);
#695=ORIENTED_EDGE('',*,*,#534,.T.);
#696=ORIENTED_EDGE('',*,*,#535,.F.);
#697=ORIENTED_EDGE('',*,*,#536,.T.);
#698=ORIENTED_EDGE('',*,*,#537,.F.);
#699=ORIENTED_EDGE('',*,*,#538,.T.);
#700=ORIENTED_EDGE('',*,*,#539,.T.);
#701=ORIENTED_EDGE('',*,*,#540,.T.);
#702=ORIENTED_EDGE('',*,*,#541,.F.);
#703=ORIENTED_EDGE('',*,*,#542,.F.);
#704=ORIENTED_EDGE('',*,*,#543,.T.);
#705=ORIENTED_EDGE('',*,*,#544,.T.);
#706=ORIENTED_EDGE('',*,*,#539,.F.);
#707=ORIENTED_EDGE('',*,*,#545,.F.);
#708=ORIENTED_EDGE('',*,*,#546,.T.);
#709=ORIENTED_EDGE('',*,*,#547,.T.);
#710=ORIENTED_EDGE('',*,*,#543,.F.);
#711=ORIENTED_EDGE('',*,*,#548,.F.);
#712=ORIENTED_EDGE('',*,*,#549,.T.);
#713=ORIENTED_EDGE('',*,*,#550,.T.);
#714=ORIENTED_EDGE('',*,*,#546,.F.);
#715=ORIENTED_EDGE('',*,*,#551,.F.);
#716=ORIENTED_EDGE('',*,*,#552,.T.);
#717=ORIENTED_EDGE('',*,*,#553,.T.);
#718=ORIENTED_EDGE('',*,*,#549,.F.);
#719=ORIENTED_EDGE('',*,*,#554,.F.);
#720=ORIENTED_EDGE('',*,*,#555,.T.);
#721=ORIENTED_EDGE('',*,*,#556,.T.);
#722=ORIENTED_EDGE('',*,*,#552,.F.);
#723=ORIENTED_EDGE('',*,*,#557,.F.);
#724=ORIENTED_EDGE('',*,*,#558,.F.);
#725=ORIENTED_EDGE('',*,*,#559,.F.);
#726=ORIENTED_EDGE('',*,*,#560,.F.);
#727=ORIENTED_EDGE('',*,*,#561,.T.);
#728=ORIENTED_EDGE('',*,*,#562,.F.);
#729=ORIENTED_EDGE('',*,*,#563,.T.);
#730=ORIENTED_EDGE('',*,*,#564,.F.);
#731=ORIENTED_EDGE('',*,*,#565,.F.);
#732=ORIENTED_EDGE('',*,*,#566,.F.);
#733=ORIENTED_EDGE('',*,*,#567,.T.);
#734=ORIENTED_EDGE('',*,*,#568,.F.);
#735=ORIENTED_EDGE('',*,*,#563,.F.);
#736=ORIENTED_EDGE('',*,*,#569,.F.);
#737=ORIENTED_EDGE('',*,*,#570,.T.);
#738=ORIENTED_EDGE('',*,*,#571,.F.);
#739=ORIENTED_EDGE('',*,*,#567,.F.);
#740=ORIENTED_EDGE('',*,*,#572,.F.);
#741=ORIENTED_EDGE('',*,*,#573,.T.);
#742=ORIENTED_EDGE('',*,*,#574,.F.);
#743=ORIENTED_EDGE('',*,*,#570,.F.);
#744=ORIENTED_EDGE('',*,*,#575,.F.);
#745=ORIENTED_EDGE('',*,*,#576,.T.);
#746=ORIENTED_EDGE('',*,*,#577,.F.);
#747=ORIENTED_EDGE('',*,*,#573,.F.);
#748=ORIENTED_EDGE('',*,*,#578,.F.);
#749=ORIENTED_EDGE('',*,*,#579,.T.);
#750=ORIENTED_EDGE('',*,*,#580,.F.);
#751=ORIENTED_EDGE('',*,*,#576,.F.);
#752=ORIENTED_EDGE('',*,*,#581,.F.);
#753=ORIENTED_EDGE('',*,*,#582,.T.);
#754=ORIENTED_EDGE('',*,*,#583,.F.);
#755=ORIENTED_EDGE('',*,*,#579,.F.);
#756=ORIENTED_EDGE('',*,*,#584,.F.);
#757=ORIENTED_EDGE('',*,*,#565,.T.);
#758=ORIENTED_EDGE('',*,*,#585,.F.);
#759=ORIENTED_EDGE('',*,*,#582,.F.);
#760=ORIENTED_EDGE('',*,*,#586,.F.);
#761=ORIENTED_EDGE('',*,*,#587,.T.);
#762=ORIENTED_EDGE('',*,*,#588,.F.);
#763=ORIENTED_EDGE('',*,*,#587,.F.);
#764=ORIENTED_EDGE('',*,*,#589,.F.);
#765=ORIENTED_EDGE('',*,*,#590,.T.);
#766=ORIENTED_EDGE('',*,*,#591,.F.);
#767=ORIENTED_EDGE('',*,*,#592,.F.);
#768=ORIENTED_EDGE('',*,*,#593,.F.);
#769=ORIENTED_EDGE('',*,*,#594,.T.);
#770=ORIENTED_EDGE('',*,*,#595,.F.);
#771=ORIENTED_EDGE('',*,*,#590,.F.);
#772=ORIENTED_EDGE('',*,*,#596,.F.);
#773=ORIENTED_EDGE('',*,*,#597,.T.);
#774=ORIENTED_EDGE('',*,*,#598,.F.);
#775=ORIENTED_EDGE('',*,*,#594,.F.);
#776=ORIENTED_EDGE('',*,*,#599,.F.);
#777=ORIENTED_EDGE('',*,*,#592,.T.);
#778=ORIENTED_EDGE('',*,*,#600,.F.);
#779=ORIENTED_EDGE('',*,*,#597,.F.);
#780=ORIENTED_EDGE('',*,*,#601,.F.);
#781=ORIENTED_EDGE('',*,*,#602,.T.);
#782=ORIENTED_EDGE('',*,*,#603,.F.);
#783=ORIENTED_EDGE('',*,*,#604,.F.);
#784=ORIENTED_EDGE('',*,*,#605,.F.);
#785=ORIENTED_EDGE('',*,*,#606,.T.);
#786=ORIENTED_EDGE('',*,*,#607,.F.);
#787=ORIENTED_EDGE('',*,*,#602,.F.);
#788=ORIENTED_EDGE('',*,*,#608,.F.);
#789=ORIENTED_EDGE('',*,*,#609,.T.);
#790=ORIENTED_EDGE('',*,*,#610,.F.);
#791=ORIENTED_EDGE('',*,*,#606,.F.);
#792=ORIENTED_EDGE('',*,*,#611,.F.);
#793=ORIENTED_EDGE('',*,*,#604,.T.);
#794=ORIENTED_EDGE('',*,*,#612,.F.);
#795=ORIENTED_EDGE('',*,*,#609,.F.);
#796=ORIENTED_EDGE('',*,*,#613,.F.);
#797=ORIENTED_EDGE('',*,*,#614,.T.);
#798=ORIENTED_EDGE('',*,*,#615,.F.);
#799=ORIENTED_EDGE('',*,*,#616,.F.);
#800=ORIENTED_EDGE('',*,*,#617,.F.);
#801=ORIENTED_EDGE('',*,*,#618,.T.);
#802=ORIENTED_EDGE('',*,*,#619,.F.);
#803=ORIENTED_EDGE('',*,*,#614,.F.);
#804=ORIENTED_EDGE('',*,*,#620,.F.);
#805=ORIENTED_EDGE('',*,*,#621,.T.);
#806=ORIENTED_EDGE('',*,*,#622,.F.);
#807=ORIENTED_EDGE('',*,*,#618,.F.);
#808=ORIENTED_EDGE('',*,*,#623,.F.);
#809=ORIENTED_EDGE('',*,*,#616,.T.);
#810=ORIENTED_EDGE('',*,*,#624,.F.);
#811=ORIENTED_EDGE('',*,*,#621,.F.);
#812=ORIENTED_EDGE('',*,*,#625,.F.);
#813=ORIENTED_EDGE('',*,*,#626,.T.);
#814=ORIENTED_EDGE('',*,*,#627,.F.);
#815=ORIENTED_EDGE('',*,*,#628,.F.);
#816=ORIENTED_EDGE('',*,*,#629,.F.);
#817=ORIENTED_EDGE('',*,*,#630,.T.);
#818=ORIENTED_EDGE('',*,*,#631,.F.);
#819=ORIENTED_EDGE('',*,*,#626,.F.);
#820=ORIENTED_EDGE('',*,*,#632,.F.);
#821=ORIENTED_EDGE('',*,*,#633,.T.);
#822=ORIENTED_EDGE('',*,*,#634,.F.);
#823=ORIENTED_EDGE('',*,*,#630,.F.);
#824=ORIENTED_EDGE('',*,*,#635,.F.);
#825=ORIENTED_EDGE('',*,*,#628,.T.);
#826=ORIENTED_EDGE('',*,*,#636,.F.);
#827=ORIENTED_EDGE('',*,*,#633,.F.);
#828=ORIENTED_EDGE('',*,*,#637,.F.);
#829=ORIENTED_EDGE('',*,*,#638,.T.);
#830=ORIENTED_EDGE('',*,*,#639,.F.);
#831=ORIENTED_EDGE('',*,*,#640,.F.);
#832=ORIENTED_EDGE('',*,*,#641,.T.);
#833=ORIENTED_EDGE('',*,*,#640,.T.);
#834=ORIENTED_EDGE('',*,*,#642,.F.);
#835=ORIENTED_EDGE('',*,*,#643,.F.);
#836=ORIENTED_EDGE('',*,*,#644,.F.);
#837=ORIENTED_EDGE('',*,*,#643,.T.);
#838=ORIENTED_EDGE('',*,*,#645,.F.);
#839=ORIENTED_EDGE('',*,*,#646,.F.);
#840=ORIENTED_EDGE('',*,*,#558,.T.);
#841=ORIENTED_EDGE('',*,*,#647,.T.);
#842=ORIENTED_EDGE('',*,*,#555,.F.);
#843=ORIENTED_EDGE('',*,*,#648,.F.);
#844=ORIENTED_EDGE('',*,*,#649,.F.);
#845=ORIENTED_EDGE('',*,*,#540,.F.);
#846=ORIENTED_EDGE('',*,*,#544,.F.);
#847=ORIENTED_EDGE('',*,*,#547,.F.);
#848=ORIENTED_EDGE('',*,*,#550,.F.);
#849=ORIENTED_EDGE('',*,*,#553,.F.);
#850=ORIENTED_EDGE('',*,*,#556,.F.);
#851=ORIENTED_EDGE('',*,*,#647,.F.);
#852=ORIENTED_EDGE('',*,*,#561,.F.);
#853=ORIENTED_EDGE('',*,*,#650,.F.);
#854=ORIENTED_EDGE('',*,*,#536,.F.);
#855=ORIENTED_EDGE('',*,*,#651,.F.);
#856=ORIENTED_EDGE('',*,*,#534,.F.);
#857=ORIENTED_EDGE('',*,*,#531,.F.);
#858=ORIENTED_EDGE('',*,*,#528,.F.);
#859=ORIENTED_EDGE('',*,*,#525,.F.);
#860=ORIENTED_EDGE('',*,*,#522,.F.);
#861=ORIENTED_EDGE('',*,*,#518,.F.);
#862=ORIENTED_EDGE('',*,*,#652,.F.);
#863=ORIENTED_EDGE('',*,*,#520,.F.);
#864=ORIENTED_EDGE('',*,*,#524,.F.);
#865=ORIENTED_EDGE('',*,*,#527,.F.);
#866=ORIENTED_EDGE('',*,*,#530,.F.);
#867=ORIENTED_EDGE('',*,*,#533,.F.);
#868=ORIENTED_EDGE('',*,*,#653,.F.);
#869=ORIENTED_EDGE('',*,*,#538,.F.);
#870=ORIENTED_EDGE('',*,*,#654,.F.);
#871=ORIENTED_EDGE('',*,*,#559,.T.);
#872=ORIENTED_EDGE('',*,*,#648,.T.);
#873=ORIENTED_EDGE('',*,*,#557,.T.);
#874=ORIENTED_EDGE('',*,*,#554,.T.);
#875=ORIENTED_EDGE('',*,*,#551,.T.);
#876=ORIENTED_EDGE('',*,*,#548,.T.);
#877=ORIENTED_EDGE('',*,*,#545,.T.);
#878=ORIENTED_EDGE('',*,*,#542,.T.);
#879=ORIENTED_EDGE('',*,*,#655,.T.);
#880=ORIENTED_EDGE('',*,*,#656,.T.);
#881=ORIENTED_EDGE('',*,*,#657,.T.);
#882=ORIENTED_EDGE('',*,*,#637,.T.);
#883=ORIENTED_EDGE('',*,*,#641,.F.);
#884=ORIENTED_EDGE('',*,*,#644,.T.);
#885=ORIENTED_EDGE('',*,*,#658,.F.);
#886=ORIENTED_EDGE('',*,*,#659,.T.);
#887=ORIENTED_EDGE('',*,*,#562,.T.);
#888=ORIENTED_EDGE('',*,*,#584,.T.);
#889=ORIENTED_EDGE('',*,*,#581,.T.);
#890=ORIENTED_EDGE('',*,*,#578,.T.);
#891=ORIENTED_EDGE('',*,*,#575,.T.);
#892=ORIENTED_EDGE('',*,*,#572,.T.);
#893=ORIENTED_EDGE('',*,*,#569,.T.);
#894=ORIENTED_EDGE('',*,*,#566,.T.);
#895=ORIENTED_EDGE('',*,*,#586,.T.);
#896=ORIENTED_EDGE('',*,*,#589,.T.);
#897=ORIENTED_EDGE('',*,*,#599,.T.);
#898=ORIENTED_EDGE('',*,*,#596,.T.);
#899=ORIENTED_EDGE('',*,*,#593,.T.);
#900=ORIENTED_EDGE('',*,*,#601,.T.);
#901=ORIENTED_EDGE('',*,*,#611,.T.);
#902=ORIENTED_EDGE('',*,*,#608,.T.);
#903=ORIENTED_EDGE('',*,*,#605,.T.);
#904=ORIENTED_EDGE('',*,*,#613,.T.);
#905=ORIENTED_EDGE('',*,*,#623,.T.);
#906=ORIENTED_EDGE('',*,*,#620,.T.);
#907=ORIENTED_EDGE('',*,*,#617,.T.);
#908=ORIENTED_EDGE('',*,*,#625,.T.);
#909=ORIENTED_EDGE('',*,*,#635,.T.);
#910=ORIENTED_EDGE('',*,*,#632,.T.);
#911=ORIENTED_EDGE('',*,*,#629,.T.);
#912=ORIENTED_EDGE('',*,*,#650,.T.);
#913=ORIENTED_EDGE('',*,*,#560,.T.);
#914=ORIENTED_EDGE('',*,*,#654,.T.);
#915=ORIENTED_EDGE('',*,*,#537,.T.);
#916=ORIENTED_EDGE('',*,*,#535,.T.);
#917=ORIENTED_EDGE('',*,*,#653,.T.);
#918=ORIENTED_EDGE('',*,*,#532,.F.);
#919=ORIENTED_EDGE('',*,*,#651,.T.);
#920=ORIENTED_EDGE('',*,*,#660,.T.);
#921=ORIENTED_EDGE('',*,*,#661,.T.);
#922=ORIENTED_EDGE('',*,*,#662,.F.);
#923=ORIENTED_EDGE('',*,*,#661,.F.);
#924=ORIENTED_EDGE('',*,*,#588,.T.);
#925=ORIENTED_EDGE('',*,*,#660,.F.);
#926=ORIENTED_EDGE('',*,*,#663,.F.);
#927=ORIENTED_EDGE('',*,*,#664,.T.);
#928=ORIENTED_EDGE('',*,*,#659,.F.);
#929=ORIENTED_EDGE('',*,*,#665,.F.);
#930=ORIENTED_EDGE('',*,*,#666,.T.);
#931=ORIENTED_EDGE('',*,*,#665,.T.);
#932=ORIENTED_EDGE('',*,*,#658,.T.);
#933=ORIENTED_EDGE('',*,*,#646,.T.);
#934=ORIENTED_EDGE('',*,*,#667,.T.);
#935=ORIENTED_EDGE('',*,*,#638,.F.);
#936=ORIENTED_EDGE('',*,*,#657,.F.);
#937=ORIENTED_EDGE('',*,*,#668,.F.);
#938=ORIENTED_EDGE('',*,*,#669,.F.);
#939=ORIENTED_EDGE('',*,*,#668,.T.);
#940=ORIENTED_EDGE('',*,*,#656,.F.);
#941=ORIENTED_EDGE('',*,*,#670,.F.);
#942=ORIENTED_EDGE('',*,*,#671,.T.);
#943=ORIENTED_EDGE('',*,*,#670,.T.);
#944=ORIENTED_EDGE('',*,*,#655,.F.);
#945=ORIENTED_EDGE('',*,*,#664,.F.);
#946=ORIENTED_EDGE('',*,*,#671,.F.);
#947=ORIENTED_EDGE('',*,*,#663,.T.);
#948=ORIENTED_EDGE('',*,*,#666,.F.);
#949=ORIENTED_EDGE('',*,*,#645,.T.);
#950=ORIENTED_EDGE('',*,*,#642,.T.);
#951=ORIENTED_EDGE('',*,*,#639,.T.);
#952=ORIENTED_EDGE('',*,*,#667,.F.);
#953=ORIENTED_EDGE('',*,*,#669,.T.);
#954=ORIENTED_EDGE('',*,*,#564,.T.);
#955=ORIENTED_EDGE('',*,*,#568,.T.);
#956=ORIENTED_EDGE('',*,*,#571,.T.);
#957=ORIENTED_EDGE('',*,*,#574,.T.);
#958=ORIENTED_EDGE('',*,*,#577,.T.);
#959=ORIENTED_EDGE('',*,*,#580,.T.);
#960=ORIENTED_EDGE('',*,*,#583,.T.);
#961=ORIENTED_EDGE('',*,*,#585,.T.);
#962=ORIENTED_EDGE('',*,*,#591,.T.);
#963=ORIENTED_EDGE('',*,*,#595,.T.);
#964=ORIENTED_EDGE('',*,*,#598,.T.);
#965=ORIENTED_EDGE('',*,*,#600,.T.);
#966=ORIENTED_EDGE('',*,*,#603,.T.);
#967=ORIENTED_EDGE('',*,*,#607,.T.);
#968=ORIENTED_EDGE('',*,*,#610,.T.);
#969=ORIENTED_EDGE('',*,*,#612,.T.);
#970=ORIENTED_EDGE('',*,*,#615,.T.);
#971=ORIENTED_EDGE('',*,*,#619,.T.);
#972=ORIENTED_EDGE('',*,*,#622,.T.);
#973=ORIENTED_EDGE('',*,*,#624,.T.);
#974=ORIENTED_EDGE('',*,*,#627,.T.);
#975=ORIENTED_EDGE('',*,*,#631,.T.);
#976=ORIENTED_EDGE('',*,*,#634,.T.);
#977=ORIENTED_EDGE('',*,*,#636,.T.);
#978=ORIENTED_EDGE('',*,*,#649,.T.);
#979=ORIENTED_EDGE('',*,*,#517,.T.);
#980=ORIENTED_EDGE('',*,*,#521,.T.);
#981=ORIENTED_EDGE('',*,*,#652,.T.);
#982=ORIENTED_EDGE('',*,*,#541,.T.);
#983=ORIENTED_EDGE('',*,*,#662,.T.);
#984=CYLINDRICAL_SURFACE('',#1087,4.263);
#985=CYLINDRICAL_SURFACE('',#1089,4.263);
#986=CYLINDRICAL_SURFACE('',#1091,4.263);
#987=CYLINDRICAL_SURFACE('',#1092,4.263);
#988=CYLINDRICAL_SURFACE('',#1093,4.263);
#989=CYLINDRICAL_SURFACE('',#1094,4.263);
#990=CYLINDRICAL_SURFACE('',#1095,4.263);
#991=CYLINDRICAL_SURFACE('',#1097,5.09900000000002);
#992=CYLINDRICAL_SURFACE('',#1099,5.09900000000002);
#993=CYLINDRICAL_SURFACE('',#1100,5.09900000000002);
#994=CYLINDRICAL_SURFACE('',#1101,5.09900000000002);
#995=CYLINDRICAL_SURFACE('',#1102,5.09900000000002);
#996=CYLINDRICAL_SURFACE('',#1103,5.09900000000002);
#997=CYLINDRICAL_SURFACE('',#1104,5.09900000000002);
#998=CYLINDRICAL_SURFACE('',#1107,6.00000000000009);
#999=CYLINDRICAL_SURFACE('',#1111,6.00000000000005);
#1000=CYLINDRICAL_SURFACE('',#1115,6.00000000000009);
#1001=CYLINDRICAL_SURFACE('',#1119,6.00000000000008);
#1002=CYLINDRICAL_SURFACE('',#1122,11.1);
#1003=CYLINDRICAL_SURFACE('',#1125,1.6);
#1004=CYLINDRICAL_SURFACE('',#1129,1.6);
#1005=CYLINDRICAL_SURFACE('',#1133,1.6);
#1006=CYLINDRICAL_SURFACE('',#1137,1.6);
#1007=CYLINDRICAL_SURFACE('',#1141,1.6);
#1008=CYLINDRICAL_SURFACE('',#1145,1.6);
#1009=CYLINDRICAL_SURFACE('',#1150,1.6);
#1010=CYLINDRICAL_SURFACE('',#1154,1.6);
#1011=CYLINDRICAL_SURFACE('',#1157,14.9999999999999);
#1012=CYLINDRICAL_SURFACE('',#1161,15.);
#1013=CYLINDRICAL_SURFACE('',#1164,5.09900000000002);
#1014=CYLINDRICAL_SURFACE('',#1168,4.263);
#1015=CYLINDRICAL_SURFACE('',#1169,4.1);
#1016=CYLINDRICAL_SURFACE('',#1173,25.);
#1017=CYLINDRICAL_SURFACE('',#1177,25.);
#1018=ADVANCED_FACE('',(#51),#984,.F.);
#1019=ADVANCED_FACE('',(#52),#985,.F.);
#1020=ADVANCED_FACE('',(#53),#986,.F.);
#1021=ADVANCED_FACE('',(#54),#987,.F.);
#1022=ADVANCED_FACE('',(#55),#988,.F.);
#1023=ADVANCED_FACE('',(#56),#989,.F.);
#1024=ADVANCED_FACE('',(#57),#990,.F.);
#1025=ADVANCED_FACE('',(#58),#991,.F.);
#1026=ADVANCED_FACE('',(#59),#992,.F.);
#1027=ADVANCED_FACE('',(#60),#993,.F.);
#1028=ADVANCED_FACE('',(#61),#994,.F.);
#1029=ADVANCED_FACE('',(#62),#995,.F.);
#1030=ADVANCED_FACE('',(#63),#996,.F.);
#1031=ADVANCED_FACE('',(#64),#997,.F.);
#1032=ADVANCED_FACE('',(#65),#32,.F.);
#1033=ADVANCED_FACE('',(#66),#998,.F.);
#1034=ADVANCED_FACE('',(#67),#33,.F.);
#1035=ADVANCED_FACE('',(#68),#999,.F.);
#1036=ADVANCED_FACE('',(#69),#34,.F.);
#1037=ADVANCED_FACE('',(#70),#1000,.F.);
#1038=ADVANCED_FACE('',(#71),#35,.F.);
#1039=ADVANCED_FACE('',(#72),#1001,.F.);
#1040=ADVANCED_FACE('',(#73),#1002,.F.);
#1041=ADVANCED_FACE('',(#74),#1003,.F.);
#1042=ADVANCED_FACE('',(#75),#36,.F.);
#1043=ADVANCED_FACE('',(#76),#1004,.F.);
#1044=ADVANCED_FACE('',(#77),#37,.F.);
#1045=ADVANCED_FACE('',(#78),#1005,.F.);
#1046=ADVANCED_FACE('',(#79),#38,.F.);
#1047=ADVANCED_FACE('',(#80),#1006,.F.);
#1048=ADVANCED_FACE('',(#81),#39,.F.);
#1049=ADVANCED_FACE('',(#82),#1007,.F.);
#1050=ADVANCED_FACE('',(#83),#40,.F.);
#1051=ADVANCED_FACE('',(#84),#1008,.F.);
#1052=ADVANCED_FACE('',(#85),#41,.F.);
#1053=ADVANCED_FACE('',(#86),#42,.F.);
#1054=ADVANCED_FACE('',(#87),#1009,.F.);
#1055=ADVANCED_FACE('',(#88),#43,.F.);
#1056=ADVANCED_FACE('',(#89),#1010,.F.);
#1057=ADVANCED_FACE('',(#90),#1011,.T.);
#1058=ADVANCED_FACE('',(#91),#44,.T.);
#1059=ADVANCED_FACE('',(#92),#1012,.T.);
#1060=ADVANCED_FACE('',(#93),#1013,.F.);
#1061=ADVANCED_FACE('',(#94),#30,.F.);
#1062=ADVANCED_FACE('',(#95),#31,.F.);
#1063=ADVANCED_FACE('',(#96,#15,#16,#17,#18,#19,#20,#21),#45,.F.);
#1064=ADVANCED_FACE('',(#97),#1014,.F.);
#1065=ADVANCED_FACE('',(#98),#1015,.F.);
#1066=ADVANCED_FACE('',(#99,#22),#46,.T.);
#1067=ADVANCED_FACE('',(#100),#1016,.T.);
#1068=ADVANCED_FACE('',(#101),#47,.T.);
#1069=ADVANCED_FACE('',(#102),#48,.T.);
#1070=ADVANCED_FACE('',(#103),#1017,.T.);
#1071=ADVANCED_FACE('',(#104),#49,.T.);
#1072=ADVANCED_FACE('',(#105,#23,#24,#25,#26,#27,#28,#29),#50,.T.);
#1073=CLOSED_SHELL('',(#1018,#1019,#1020,#1021,#1022,#1023,#1024,#1025,
#1026,#1027,#1028,#1029,#1030,#1031,#1032,#1033,#1034,#1035,#1036,#1037,
#1038,#1039,#1040,#1041,#1042,#1043,#1044,#1045,#1046,#1047,#1048,#1049,
#1050,#1051,#1052,#1053,#1054,#1055,#1056,#1057,#1058,#1059,#1060,#1061,
#1062,#1063,#1064,#1065,#1066,#1067,#1068,#1069,#1070,#1071,#1072));
#1074=DERIVED_UNIT_ELEMENT(#1076,1.);
#1075=DERIVED_UNIT_ELEMENT(#3687,-3.);
#1076=(
MASS_UNIT()
NAMED_UNIT(*)
SI_UNIT(.KILO.,.GRAM.)
);
#1077=DERIVED_UNIT((#1074,#1075));
#1078=MEASURE_REPRESENTATION_ITEM('density measure',
POSITIVE_RATIO_MEASURE(7850.),#1077);
#1079=PROPERTY_DEFINITION_REPRESENTATION(#1084,#1081);
#1080=PROPERTY_DEFINITION_REPRESENTATION(#1085,#1082);
#1081=REPRESENTATION('material name',(#1083),#3684);
#1082=REPRESENTATION('density',(#1078),#3684);
#1083=DESCRIPTIVE_REPRESENTATION_ITEM('Steel','Steel');
#1084=PROPERTY_DEFINITION('material property','material name',#3694);
#1085=PROPERTY_DEFINITION('material property','density of part',#3694);
#1086=AXIS2_PLACEMENT_3D('',#1451,#1181,#1182);
#1087=AXIS2_PLACEMENT_3D('',#1452,#1183,#1184);
#1088=AXIS2_PLACEMENT_3D('',#1457,#1186,#1187);
#1089=AXIS2_PLACEMENT_3D('',#1462,#1188,#1189);
#1090=AXIS2_PLACEMENT_3D('',#1498,#1191,#1192);
#1091=AXIS2_PLACEMENT_3D('',#1542,#1193,#1194);
#1092=AXIS2_PLACEMENT_3D('',#1629,#1196,#1197);
#1093=AXIS2_PLACEMENT_3D('',#1719,#1199,#1200);
#1094=AXIS2_PLACEMENT_3D('',#1806,#1202,#1203);
#1095=AXIS2_PLACEMENT_3D('',#1893,#1205,#1206);
#1096=AXIS2_PLACEMENT_3D('',#1924,#1208,#1209);
#1097=AXIS2_PLACEMENT_3D('',#1962,#1210,#1211);
#1098=AXIS2_PLACEMENT_3D('',#1976,#1213,#1214);
#1099=AXIS2_PLACEMENT_3D('',#1986,#1215,#1216);
#1100=AXIS2_PLACEMENT_3D('',#2024,#1218,#1219);
#1101=AXIS2_PLACEMENT_3D('',#2061,#1221,#1222);
#1102=AXIS2_PLACEMENT_3D('',#2098,#1224,#1225);
#1103=AXIS2_PLACEMENT_3D('',#2136,#1227,#1228);
#1104=AXIS2_PLACEMENT_3D('',#2172,#1230,#1231);
#1105=AXIS2_PLACEMENT_3D('',#2184,#1233,#1234);
#1106=AXIS2_PLACEMENT_3D('',#2192,#1235,#1236);
#1107=AXIS2_PLACEMENT_3D('',#2201,#1241,#1242);
#1108=AXIS2_PLACEMENT_3D('',#2203,#1243,#1244);
#1109=AXIS2_PLACEMENT_3D('',#2206,#1246,#1247);
#1110=AXIS2_PLACEMENT_3D('',#2207,#1248,#1249);
#1111=AXIS2_PLACEMENT_3D('',#2213,#1253,#1254);
#1112=AXIS2_PLACEMENT_3D('',#2215,#1255,#1256);
#1113=AXIS2_PLACEMENT_3D('',#2218,#1258,#1259);
#1114=AXIS2_PLACEMENT_3D('',#2219,#1260,#1261);
#1115=AXIS2_PLACEMENT_3D('',#2225,#1265,#1266);
#1116=AXIS2_PLACEMENT_3D('',#2227,#1267,#1268);
#1117=AXIS2_PLACEMENT_3D('',#2230,#1270,#1271);
#1118=AXIS2_PLACEMENT_3D('',#2231,#1272,#1273);
#1119=AXIS2_PLACEMENT_3D('',#2237,#1277,#1278);
#1120=AXIS2_PLACEMENT_3D('',#2238,#1279,#1280);
#1121=AXIS2_PLACEMENT_3D('',#2239,#1281,#1282);
#1122=AXIS2_PLACEMENT_3D('',#2240,#1283,#1284);
#1123=AXIS2_PLACEMENT_3D('',#2242,#1285,#1286);
#1124=AXIS2_PLACEMENT_3D('',#2245,#1288,#1289);
#1125=AXIS2_PLACEMENT_3D('',#2246,#1290,#1291);
#1126=AXIS2_PLACEMENT_3D('',#2249,#1292,#1293);
#1127=AXIS2_PLACEMENT_3D('',#2253,#1295,#1296);
#1128=AXIS2_PLACEMENT_3D('',#2255,#1298,#1299);
#1129=AXIS2_PLACEMENT_3D('',#2261,#1303,#1304);
#1130=AXIS2_PLACEMENT_3D('',#2263,#1305,#1306);
#1131=AXIS2_PLACEMENT_3D('',#2266,#1308,#1309);
#1132=AXIS2_PLACEMENT_3D('',#2267,#1310,#1311);
#1133=AXIS2_PLACEMENT_3D('',#2270,#1314,#1315);
#1134=AXIS2_PLACEMENT_3D('',#2273,#1316,#1317);
#1135=AXIS2_PLACEMENT_3D('',#2277,#1319,#1320);
#1136=AXIS2_PLACEMENT_3D('',#2279,#1322,#1323);
#1137=AXIS2_PLACEMENT_3D('',#2285,#1327,#1328);
#1138=AXIS2_PLACEMENT_3D('',#2287,#1329,#1330);
#1139=AXIS2_PLACEMENT_3D('',#2290,#1332,#1333);
#1140=AXIS2_PLACEMENT_3D('',#2291,#1334,#1335);
#1141=AXIS2_PLACEMENT_3D('',#2294,#1338,#1339);
#1142=AXIS2_PLACEMENT_3D('',#2297,#1340,#1341);
#1143=AXIS2_PLACEMENT_3D('',#2301,#1343,#1344);
#1144=AXIS2_PLACEMENT_3D('',#2303,#1346,#1347);
#1145=AXIS2_PLACEMENT_3D('',#2309,#1351,#1352);
#1146=AXIS2_PLACEMENT_3D('',#2311,#1353,#1354);
#1147=AXIS2_PLACEMENT_3D('',#2314,#1356,#1357);
#1148=AXIS2_PLACEMENT_3D('',#2315,#1358,#1359);
#1149=AXIS2_PLACEMENT_3D('',#2318,#1362,#1363);
#1150=AXIS2_PLACEMENT_3D('',#2327,#1368,#1369);
#1151=AXIS2_PLACEMENT_3D('',#2329,#1370,#1371);
#1152=AXIS2_PLACEMENT_3D('',#2332,#1373,#1374);
#1153=AXIS2_PLACEMENT_3D('',#2333,#1375,#1376);
#1154=AXIS2_PLACEMENT_3D('',#2339,#1380,#1381);
#1155=AXIS2_PLACEMENT_3D('',#2340,#1382,#1383);
#1156=AXIS2_PLACEMENT_3D('',#2341,#1384,#1385);
#1157=AXIS2_PLACEMENT_3D('',#2342,#1386,#1387);
#1158=AXIS2_PLACEMENT_3D('',#2345,#1388,#1389);
#1159=AXIS2_PLACEMENT_3D('',#2349,#1391,#1392);
#1160=AXIS2_PLACEMENT_3D('',#2351,#1394,#1395);
#1161=AXIS2_PLACEMENT_3D('',#2357,#1399,#1400);
#1162=AXIS2_PLACEMENT_3D('',#2359,#1401,#1402);
#1163=AXIS2_PLACEMENT_3D('',#2361,#1403,#1404);
#1164=AXIS2_PLACEMENT_3D('',#2363,#1406,#1407);
#1165=AXIS2_PLACEMENT_3D('',#3645,#1408,#1409);
#1166=AXIS2_PLACEMENT_3D('',#3650,#1411,#1412);
#1167=AXIS2_PLACEMENT_3D('',#3654,#1415,#1416);
#1168=AXIS2_PLACEMENT_3D('',#3655,#1417,#1418);
#1169=AXIS2_PLACEMENT_3D('',#3656,#1419,#1420);
#1170=AXIS2_PLACEMENT_3D('',#3658,#1421,#1422);
#1171=AXIS2_PLACEMENT_3D('',#3661,#1424,#1425);
#1172=AXIS2_PLACEMENT_3D('',#3662,#1426,#1427);
#1173=AXIS2_PLACEMENT_3D('',#3663,#1428,#1429);
#1174=AXIS2_PLACEMENT_3D('',#3666,#1430,#1431);
#1175=AXIS2_PLACEMENT_3D('',#3669,#1434,#1435);
#1176=AXIS2_PLACEMENT_3D('',#3671,#1437,#1438);
#1177=AXIS2_PLACEMENT_3D('',#3675,#1441,#1442);
#1178=AXIS2_PLACEMENT_3D('',#3677,#1443,#1444);
#1179=AXIS2_PLACEMENT_3D('',#3679,#1446,#1447);
#1180=AXIS2_PLACEMENT_3D('',#3681,#1449,#1450);
#1181=DIRECTION('axis',(0.,0.,1.));
#1182=DIRECTION('refdir',(1.,0.,0.));
#1183=DIRECTION('center_axis',(0.,0.,-1.));
#1184=DIRECTION('ref_axis',(-0.98610839269386,0.166103094067304,0.));
#1185=DIRECTION('',(0.,0.,-1.));
#1186=DIRECTION('center_axis',(0.,0.,1.));
#1187=DIRECTION('ref_axis',(1.,0.,0.));
#1188=DIRECTION('center_axis',(0.,0.,-1.));
#1189=DIRECTION('ref_axis',(1.,0.,0.));
#1190=DIRECTION('',(0.,0.,-1.));
#1191=DIRECTION('center_axis',(0.,0.,1.));
#1192=DIRECTION('ref_axis',(1.,0.,0.));
#1193=DIRECTION('center_axis',(0.,0.,-1.));
#1194=DIRECTION('ref_axis',(1.,0.,0.));
#1195=DIRECTION('',(0.,0.,-1.));
#1196=DIRECTION('center_axis',(0.,0.,-1.));
#1197=DIRECTION('ref_axis',(1.,0.,0.));
#1198=DIRECTION('',(0.,0.,-1.));
#1199=DIRECTION('center_axis',(0.,0.,-1.));
#1200=DIRECTION('ref_axis',(1.,0.,0.));
#1201=DIRECTION('',(0.,0.,-1.));
#1202=DIRECTION('center_axis',(0.,0.,-1.));
#1203=DIRECTION('ref_axis',(1.,0.,0.));
#1204=DIRECTION('',(0.,0.,-1.));
#1205=DIRECTION('center_axis',(0.,0.,-1.));
#1206=DIRECTION('ref_axis',(0.937046434332136,-0.349204782191525,0.));
#1207=DIRECTION('',(0.,0.,-1.));
#1208=DIRECTION('center_axis',(0.,0.,-1.));
#1209=DIRECTION('ref_axis',(1.,0.,0.));
#1210=DIRECTION('center_axis',(0.,0.,-1.));
#1211=DIRECTION('ref_axis',(-0.130215728634925,0.991485685230037,-5.44333704954478E-17));
#1212=DIRECTION('',(1.22464679914735E-16,-8.68266755510485E-31,-1.));
#1213=DIRECTION('center_axis',(0.,0.,1.));
#1214=DIRECTION('ref_axis',(1.,-6.96747142341731E-15,-5.44333704954478E-17));
#1215=DIRECTION('center_axis',(0.,0.,-1.));
#1216=DIRECTION('ref_axis',(1.,-6.96747142341731E-15,-5.44333704954478E-17));
#1217=DIRECTION('',(1.22464679914735E-16,-8.68266755510485E-31,-1.));
#1218=DIRECTION('center_axis',(0.,0.,-1.));
#1219=DIRECTION('ref_axis',(1.,-6.96747142341731E-15,-5.44333704954478E-17));
#1220=DIRECTION('',(1.22464679914735E-16,-8.68266755510485E-31,-1.));
#1221=DIRECTION('center_axis',(0.,0.,-1.));
#1222=DIRECTION('ref_axis',(1.,-6.96747142341731E-15,-5.44333704954478E-17));
#1223=DIRECTION('',(1.22464679914735E-16,-8.68266755510485E-31,-1.));
#1224=DIRECTION('center_axis',(0.,0.,-1.));
#1225=DIRECTION('ref_axis',(1.,-6.96747142341731E-15,-5.44333704954478E-17));
#1226=DIRECTION('',(1.22464679914735E-16,-8.68266755510485E-31,-1.));
#1227=DIRECTION('center_axis',(0.,0.,-1.));
#1228=DIRECTION('ref_axis',(1.,-6.96747142341731E-15,-5.44333704954478E-17));
#1229=DIRECTION('',(1.22464679914735E-16,-8.68266755510485E-31,-1.));
#1230=DIRECTION('center_axis',(0.,0.,-1.));
#1231=DIRECTION('ref_axis',(-0.608513040495598,-0.793543873737806,-5.44333704954478E-17));
#1232=DIRECTION('',(1.22464679914735E-16,-8.68266755510485E-31,-1.));
#1233=DIRECTION('center_axis',(0.,0.,-1.));
#1234=DIRECTION('ref_axis',(1.,-6.96747142341731E-15,-5.44333704954478E-17));
#1235=DIRECTION('center_axis',(1.,4.2126120648002E-49,0.));
#1236=DIRECTION('ref_axis',(4.2126120648002E-49,-1.,4.93038065763132E-32));
#1237=DIRECTION('',(4.2126120648002E-49,-1.,0.));
#1238=DIRECTION('',(0.,0.,-1.));
#1239=DIRECTION('',(-4.2126120648002E-49,1.,0.));
#1240=DIRECTION('',(0.,0.,-1.));
#1241=DIRECTION('center_axis',(0.,0.,-1.));
#1242=DIRECTION('ref_axis',(1.,5.18104078158399E-15,0.));
#1243=DIRECTION('center_axis',(0.,0.,-1.));
#1244=DIRECTION('ref_axis',(1.,5.18104078158399E-15,0.));
#1245=DIRECTION('',(0.,0.,-1.));
#1246=DIRECTION('center_axis',(0.,0.,1.));
#1247=DIRECTION('ref_axis',(1.,5.18104078158399E-15,0.));
#1248=DIRECTION('center_axis',(-4.2126120648002E-49,1.,0.));
#1249=DIRECTION('ref_axis',(1.,4.2126120648002E-49,-2.45227231256843E-45));
#1250=DIRECTION('',(1.,4.2126120648002E-49,0.));
#1251=DIRECTION('',(0.,0.,-1.));
#1252=DIRECTION('',(-1.,-4.2126120648002E-49,0.));
#1253=DIRECTION('center_axis',(0.,0.,-1.));
#1254=DIRECTION('ref_axis',(-5.92118946466746E-15,1.,0.));
#1255=DIRECTION('center_axis',(0.,0.,-1.));
#1256=DIRECTION('ref_axis',(-5.92118946466746E-15,1.,0.));
#1257=DIRECTION('',(0.,0.,-1.));
#1258=DIRECTION('center_axis',(0.,0.,1.));
#1259=DIRECTION('ref_axis',(-5.92118946466746E-15,1.,0.));
#1260=DIRECTION('center_axis',(-1.,-4.2126120648002E-49,0.));
#1261=DIRECTION('ref_axis',(-4.2126120648002E-49,1.,-4.93038065763132E-32));
#1262=DIRECTION('',(-4.2126120648002E-49,1.,0.));
#1263=DIRECTION('',(0.,0.,-1.));
#1264=DIRECTION('',(4.2126120648002E-49,-1.,0.));
#1265=DIRECTION('center_axis',(0.,0.,-1.));
#1266=DIRECTION('ref_axis',(-1.,-3.70074341541714E-15,0.));
#1267=DIRECTION('center_axis',(0.,0.,-1.));
#1268=DIRECTION('ref_axis',(-1.,-3.70074341541714E-15,0.));
#1269=DIRECTION('',(0.,0.,-1.));
#1270=DIRECTION('center_axis',(0.,0.,1.));
#1271=DIRECTION('ref_axis',(-1.,-3.70074341541714E-15,0.));
#1272=DIRECTION('center_axis',(5.79246795456604E-16,-1.,0.));
#1273=DIRECTION('ref_axis',(-1.,-5.79246795456604E-16,2.48083138453157E-45));
#1274=DIRECTION('',(-1.,-5.79246795456604E-16,0.));
#1275=DIRECTION('',(0.,0.,-1.));
#1276=DIRECTION('',(1.,5.79246795456604E-16,0.));
#1277=DIRECTION('center_axis',(0.,0.,-1.));
#1278=DIRECTION('ref_axis',(5.92118946466742E-15,-1.,0.));
#1279=DIRECTION('center_axis',(0.,0.,-1.));
#1280=DIRECTION('ref_axis',(5.92118946466742E-15,-1.,0.));
#1281=DIRECTION('center_axis',(0.,0.,1.));
#1282=DIRECTION('ref_axis',(5.92118946466742E-15,-1.,0.));
#1283=DIRECTION('center_axis',(0.,0.,1.));
#1284=DIRECTION('ref_axis',(-1.,1.3962992096744E-33,0.));
#1285=DIRECTION('center_axis',(0.,-2.46519032881566E-31,-1.));
#1286=DIRECTION('ref_axis',(-1.,1.3962992096744E-33,0.));
#1287=DIRECTION('',(0.,0.,-1.));
#1288=DIRECTION('center_axis',(0.,0.,1.));
#1289=DIRECTION('ref_axis',(-1.,1.3962992096744E-33,0.));
#1290=DIRECTION('center_axis',(0.,0.,-1.));
#1291=DIRECTION('ref_axis',(4.44089209850062E-14,1.,0.));
#1292=DIRECTION('center_axis',(0.,0.,-1.));
#1293=DIRECTION('ref_axis',(4.44089209850062E-14,1.,0.));
#1294=DIRECTION('',(0.,0.,-1.));
#1295=DIRECTION('center_axis',(0.,0.,1.));
#1296=DIRECTION('ref_axis',(4.44089209850062E-14,1.,0.));
#1297=DIRECTION('',(0.,0.,-1.));
#1298=DIRECTION('center_axis',(4.2126120648002E-49,-1.,0.));
#1299=DIRECTION('ref_axis',(-1.,-4.2126120648002E-49,2.45227231256843E-45));
#1300=DIRECTION('',(-1.,-4.2126120648002E-49,0.));
#1301=DIRECTION('',(0.,0.,-1.));
#1302=DIRECTION('',(1.,4.2126120648002E-49,0.));
#1303=DIRECTION('center_axis',(0.,0.,-1.));
#1304=DIRECTION('ref_axis',(4.2126120648002E-49,-1.,0.));
#1305=DIRECTION('center_axis',(0.,0.,-1.));
#1306=DIRECTION('ref_axis',(4.2126120648002E-49,-1.,0.));
#1307=DIRECTION('',(0.,0.,-1.));
#1308=DIRECTION('center_axis',(0.,0.,1.));
#1309=DIRECTION('ref_axis',(4.2126120648002E-49,-1.,0.));
#1310=DIRECTION('center_axis',(-4.2126120648002E-49,1.,0.));
#1311=DIRECTION('ref_axis',(1.,4.2126120648002E-49,-2.45227231256843E-45));
#1312=DIRECTION('',(1.,4.2126120648002E-49,0.));
#1313=DIRECTION('',(-1.,-4.2126120648002E-49,0.));
#1314=DIRECTION('center_axis',(0.,0.,-1.));
#1315=DIRECTION('ref_axis',(2.22044604925031E-14,1.,0.));
#1316=DIRECTION('center_axis',(0.,0.,-1.));
#1317=DIRECTION('ref_axis',(2.22044604925031E-14,1.,0.));
#1318=DIRECTION('',(0.,0.,-1.));
#1319=DIRECTION('center_axis',(0.,0.,1.));
#1320=DIRECTION('ref_axis',(2.22044604925031E-14,1.,0.));
#1321=DIRECTION('',(0.,0.,-1.));
#1322=DIRECTION('center_axis',(4.2126120648002E-49,-1.,0.));
#1323=DIRECTION('ref_axis',(-1.,-4.2126120648002E-49,2.45227231256843E-45));
#1324=DIRECTION('',(-1.,-4.2126120648002E-49,0.));
#1325=DIRECTION('',(0.,0.,-1.));
#1326=DIRECTION('',(1.,4.2126120648002E-49,0.));
#1327=DIRECTION('center_axis',(0.,0.,-1.));
#1328=DIRECTION('ref_axis',(-2.22044604925031E-14,-1.,0.));
#1329=DIRECTION('center_axis',(0.,0.,-1.));
#1330=DIRECTION('ref_axis',(-2.22044604925031E-14,-1.,0.));
#1331=DIRECTION('',(0.,0.,-1.));
#1332=DIRECTION('center_axis',(0.,0.,1.));
#1333=DIRECTION('ref_axis',(-2.22044604925031E-14,-1.,0.));
#1334=DIRECTION('center_axis',(-4.2126120648002E-49,1.,0.));
#1335=DIRECTION('ref_axis',(1.,4.2126120648002E-49,-2.45227231256843E-45));
#1336=DIRECTION('',(1.,4.2126120648002E-49,0.));
#1337=DIRECTION('',(-1.,-4.2126120648002E-49,0.));
#1338=DIRECTION('center_axis',(0.,0.,-1.));
#1339=DIRECTION('ref_axis',(4.44089209850062E-14,1.,0.));
#1340=DIRECTION('center_axis',(0.,0.,-1.));
#1341=DIRECTION('ref_axis',(4.44089209850062E-14,1.,0.));
#1342=DIRECTION('',(0.,0.,-1.));
#1343=DIRECTION('center_axis',(0.,0.,1.));
#1344=DIRECTION('ref_axis',(4.44089209850062E-14,1.,0.));
#1345=DIRECTION('',(0.,0.,-1.));
#1346=DIRECTION('center_axis',(4.2126120648002E-49,-1.,0.));
#1347=DIRECTION('ref_axis',(-1.,-4.2126120648002E-49,2.45227231256843E-45));
#1348=DIRECTION('',(-1.,-4.2126120648002E-49,0.));
#1349=DIRECTION('',(0.,0.,-1.));
#1350=DIRECTION('',(1.,4.2126120648002E-49,0.));
#1351=DIRECTION('center_axis',(0.,0.,-1.));
#1352=DIRECTION('ref_axis',(4.2126120648002E-49,-1.,0.));
#1353=DIRECTION('center_axis',(0.,0.,-1.));
#1354=DIRECTION('ref_axis',(4.2126120648002E-49,-1.,0.));
#1355=DIRECTION('',(0.,0.,-1.));
#1356=DIRECTION('center_axis',(0.,0.,1.));
#1357=DIRECTION('ref_axis',(4.2126120648002E-49,-1.,0.));
#1358=DIRECTION('center_axis',(-4.2126120648002E-49,1.,0.));
#1359=DIRECTION('ref_axis',(1.,4.2126120648002E-49,-2.45227231256843E-45));
#1360=DIRECTION('',(1.,4.2126120648002E-49,0.));
#1361=DIRECTION('',(-1.,-4.2126120648002E-49,0.));
#1362=DIRECTION('center_axis',(-4.2126120648002E-49,1.,0.));
#1363=DIRECTION('ref_axis',(1.,4.2126120648002E-49,-2.45227231256843E-45));
#1364=DIRECTION('',(1.,4.2126120648002E-49,0.));
#1365=DIRECTION('',(0.,0.,-1.));
#1366=DIRECTION('',(-1.,-4.2126120648002E-49,0.));
#1367=DIRECTION('',(0.,0.,-1.));
#1368=DIRECTION('center_axis',(0.,0.,-1.));
#1369=DIRECTION('ref_axis',(2.22044604925031E-14,1.,0.));
#1370=DIRECTION('center_axis',(0.,0.,-1.));
#1371=DIRECTION('ref_axis',(2.22044604925031E-14,1.,0.));
#1372=DIRECTION('',(0.,0.,-1.));
#1373=DIRECTION('center_axis',(0.,0.,1.));
#1374=DIRECTION('ref_axis',(2.22044604925031E-14,1.,0.));
#1375=DIRECTION('center_axis',(4.2126120648002E-49,-1.,0.));
#1376=DIRECTION('ref_axis',(-1.,-4.2126120648002E-49,2.45227231256843E-45));
#1377=DIRECTION('',(-1.,-4.2126120648002E-49,0.));
#1378=DIRECTION('',(0.,0.,-1.));
#1379=DIRECTION('',(1.,4.2126120648002E-49,0.));
#1380=DIRECTION('center_axis',(0.,0.,-1.));
#1381=DIRECTION('ref_axis',(-2.22044604925031E-14,-1.,0.));
#1382=DIRECTION('center_axis',(0.,0.,-1.));
#1383=DIRECTION('ref_axis',(-2.22044604925031E-14,-1.,0.));
#1384=DIRECTION('center_axis',(0.,0.,1.));
#1385=DIRECTION('ref_axis',(-2.22044604925031E-14,-1.,0.));
#1386=DIRECTION('center_axis',(0.,0.,-1.));
#1387=DIRECTION('ref_axis',(-2.36847578586701E-15,-1.,0.));
#1388=DIRECTION('center_axis',(2.45227231256843E-45,4.93038065763132E-32,
1.));
#1389=DIRECTION('ref_axis',(-2.36847578586701E-15,-1.,4.93038065763132E-32));
#1390=DIRECTION('',(0.,0.,-1.));
#1391=DIRECTION('center_axis',(-2.45227231256843E-45,-4.93038065763132E-32,
-1.));
#1392=DIRECTION('ref_axis',(-2.36847578586701E-15,-1.,4.93038065763132E-32));
#1393=DIRECTION('',(0.,0.,-1.));
#1394=DIRECTION('center_axis',(1.,4.2126120648002E-49,0.));
#1395=DIRECTION('ref_axis',(4.2126120648002E-49,-1.,4.93038065763132E-32));
#1396=DIRECTION('',(4.2126120648002E-49,-1.,4.93038065763132E-32));
#1397=DIRECTION('',(4.2126120648002E-49,-1.,4.93038065763132E-32));
#1398=DIRECTION('',(0.,0.,-1.));
#1399=DIRECTION('center_axis',(0.,0.,-1.));
#1400=DIRECTION('ref_axis',(1.,-1.48029736616688E-15,0.));
#1401=DIRECTION('center_axis',(2.45227231256843E-45,4.93038065763132E-32,
1.));
#1402=DIRECTION('ref_axis',(1.,-1.48029736616688E-15,-2.37928801755151E-45));
#1403=DIRECTION('center_axis',(-2.45227231256843E-45,-4.93038065763132E-32,
-1.));
#1404=DIRECTION('ref_axis',(1.,-1.48029736616688E-15,-2.37928801755151E-45));
#1405=DIRECTION('',(0.,0.,-1.));
#1406=DIRECTION('center_axis',(0.,0.,-1.));
#1407=DIRECTION('ref_axis',(1.,-6.96747142341731E-15,-5.44333704954478E-17));
#1408=DIRECTION('center_axis',(0.,0.,-1.));
#1409=DIRECTION('ref_axis',(1.,0.,0.));
#1410=DIRECTION('',(0.,-1.,0.));
#1411=DIRECTION('center_axis',(0.,0.,1.));
#1412=DIRECTION('ref_axis',(0.,-1.,0.));
#1413=DIRECTION('',(1.,0.,0.));
#1414=DIRECTION('',(1.,-9.8686491077788E-17,-2.44740669290063E-45));
#1415=DIRECTION('center_axis',(0.,0.,1.));
#1416=DIRECTION('ref_axis',(-1.,6.66133814775094E-17,0.));
#1417=DIRECTION('center_axis',(0.,0.,-1.));
#1418=DIRECTION('ref_axis',(1.,0.,0.));
#1419=DIRECTION('center_axis',(0.,0.,-1.));
#1420=DIRECTION('ref_axis',(-1.,0.,0.));
#1421=DIRECTION('center_axis',(0.,0.,1.));
#1422=DIRECTION('ref_axis',(-1.,0.,0.));
#1423=DIRECTION('',(0.,0.,-1.));
#1424=DIRECTION('center_axis',(0.,0.,1.));
#1425=DIRECTION('ref_axis',(-1.,0.,0.));
#1426=DIRECTION('center_axis',(0.,0.,1.));
#1427=DIRECTION('ref_axis',(-1.,0.,0.));
#1428=DIRECTION('center_axis',(0.,0.,1.));
#1429=DIRECTION('ref_axis',(-1.,6.66133814775094E-17,0.));
#1430=DIRECTION('center_axis',(0.,0.,-1.));
#1431=DIRECTION('ref_axis',(-1.,6.66133814775094E-17,0.));
#1432=DIRECTION('',(0.,0.,1.));
#1433=DIRECTION('',(0.,0.,1.));
#1434=DIRECTION('center_axis',(-8.88178419700125E-17,1.,0.));
#1435=DIRECTION('ref_axis',(-1.,-8.88178419700125E-17,0.));
#1436=DIRECTION('',(-1.,-8.88178419700125E-17,0.));
#1437=DIRECTION('center_axis',(0.,-1.,0.));
#1438=DIRECTION('ref_axis',(1.,0.,0.));
#1439=DIRECTION('',(1.,0.,0.));
#1440=DIRECTION('',(0.,0.,1.));
#1441=DIRECTION('center_axis',(0.,0.,1.));
#1442=DIRECTION('ref_axis',(0.,-1.,0.));
#1443=DIRECTION('center_axis',(0.,0.,-1.));
#1444=DIRECTION('ref_axis',(0.,-1.,0.));
#1445=DIRECTION('',(0.,0.,1.));
#1446=DIRECTION('center_axis',(-1.,0.,0.));
#1447=DIRECTION('ref_axis',(0.,-1.,0.));
#1448=DIRECTION('',(0.,-1.,0.));
#1449=DIRECTION('center_axis',(0.,0.,-1.));
#1450=DIRECTION('ref_axis',(1.,0.,0.));
#1451=CARTESIAN_POINT('',(0.,0.,0.));
#1452=CARTESIAN_POINT('Origin',(139.325046539307,-57.0586776733398,-11.3920883499642));
#1453=CARTESIAN_POINT('',(135.062141752539,-57.0587855698725,-11.3124066793751));
#1454=CARTESIAN_POINT('',(135.062046539307,-57.0586776733398,-11.3920883499642));
#1455=CARTESIAN_POINT('',(135.062046539307,-57.0586776733398,-11.3920883499642));
#1456=CARTESIAN_POINT('',(135.296983611594,-55.6619387317987,-11.3920883499641));
#1457=CARTESIAN_POINT('Origin',(139.325046539307,-57.0586776733398,-11.3920883499642));
#1458=CARTESIAN_POINT('Ctrl Pts',(135.29698275359,-55.6619383308616,-11.3920883499641));
#1459=CARTESIAN_POINT('Ctrl Pts',(135.141850101507,-56.1100124086,-11.3655277931011));
#1460=CARTESIAN_POINT('Ctrl Pts',(135.062593169657,-56.5844727981526,-11.3389672362381));
#1461=CARTESIAN_POINT('Ctrl Pts',(135.062141752539,-57.0587855698725,-11.3124066793751));
#1462=CARTESIAN_POINT('Origin',(139.325046539307,-57.0586776733398,-11.3920883499642));
#1463=CARTESIAN_POINT('',(135.062210666106,-57.0585775904298,-9.81240667937511));
#1464=CARTESIAN_POINT('',(135.061913516083,-57.0587794050489,-10.2217700205532));
#1465=CARTESIAN_POINT('',(135.062046539307,-57.0586776733398,-11.3920883499642));
#1466=CARTESIAN_POINT('',(138.520657043812,-61.2450993601194,-11.3920883499642));
#1467=CARTESIAN_POINT('Ctrl Pts',(135.061913516083,-57.0587794050489,-10.2217700205532));
#1468=CARTESIAN_POINT('Ctrl Pts',(135.062502416426,-56.474161470905,-10.2545125567759));
#1469=CARTESIAN_POINT('Ctrl Pts',(135.183716695288,-55.8893068890239,-10.2872550929985));
#1470=CARTESIAN_POINT('Ctrl Pts',(135.417492143466,-55.3535695889271,-10.3199976292212));
#1471=CARTESIAN_POINT('Ctrl Pts',(135.700992986421,-54.7038778554131,-10.3597046929524));
#1472=CARTESIAN_POINT('Ctrl Pts',(136.15003251729,-54.1264207160299,-10.3994117566836));
#1473=CARTESIAN_POINT('Ctrl Pts',(136.709860465829,-53.6916053823522,-10.4391188204148));
#1474=CARTESIAN_POINT('Ctrl Pts',(137.269688414367,-53.2567900486746,-10.4788258841461));
#1475=CARTESIAN_POINT('Ctrl Pts',(137.940304780576,-52.9646165207025,-10.5185329478773));
#1476=CARTESIAN_POINT('Ctrl Pts',(138.639945694517,-52.8507077455298,-10.5582400116085));
#1477=CARTESIAN_POINT('Ctrl Pts',(139.339586608457,-52.7367989703571,-10.5979470753397));
#1478=CARTESIAN_POINT('Ctrl Pts',(140.068252070131,-52.8011549479839,-10.6376541390709));
#1479=CARTESIAN_POINT('Ctrl Pts',(140.737095458033,-53.0359302007788,-10.6773612028022));
#1480=CARTESIAN_POINT('Ctrl Pts',(141.405938845936,-53.2707054535738,-10.7170682665334));
#1481=CARTESIAN_POINT('Ctrl Pts',(142.014960160068,-53.6758999815369,-10.7567753302646));
#1482=CARTESIAN_POINT('Ctrl Pts',(142.489911472991,-54.2021074109334,-10.7964823939958));
#1483=CARTESIAN_POINT('Ctrl Pts',(142.964862785915,-54.72831484033,-10.8361894577271));
#1484=CARTESIAN_POINT('Ctrl Pts',(143.305744097629,-55.3755351711599,-10.8758965214583));
#1485=CARTESIAN_POINT('Ctrl Pts',(143.470977043865,-56.0648607597378,-10.9156035851895));
#1486=CARTESIAN_POINT('Ctrl Pts',(143.636209990101,-56.7541863483157,-10.9553106489207));
#1487=CARTESIAN_POINT('Ctrl Pts',(143.625794570858,-57.4856171946415,-10.9950177126519));
#1488=CARTESIAN_POINT('Ctrl Pts',(143.441036135403,-58.1699592761204,-11.0347247763832));
#1489=CARTESIAN_POINT('Ctrl Pts',(143.256277699948,-58.8543013575992,-11.0744318401144));
#1490=CARTESIAN_POINT('Ctrl Pts',(142.897176248279,-59.4915546742312,-11.1141389038456));
#1491=CARTESIAN_POINT('Ctrl Pts',(142.407441016981,-60.0040417206451,-11.1538459675768));
#1492=CARTESIAN_POINT('Ctrl Pts',(141.917705785683,-60.516528767059,-11.1935530313081));
#1493=CARTESIAN_POINT('Ctrl Pts',(141.297336774755,-60.9042495432549,-11.2332600950393));
#1494=CARTESIAN_POINT('Ctrl Pts',(140.622150775145,-61.1198396236699,-11.2729671587705));
#1495=CARTESIAN_POINT('Ctrl Pts',(139.946964775534,-61.3354297040849,-11.3126742225017));
#1496=CARTESIAN_POINT('Ctrl Pts',(139.216961787242,-61.378889088719,-11.3523812862329));
#1497=CARTESIAN_POINT('Ctrl Pts',(138.520657043812,-61.2450993601194,-11.3920883499642));
#1498=CARTESIAN_POINT('Origin',(139.325046539307,-57.0586776733398,-11.3920883499642));
#1499=CARTESIAN_POINT('Ctrl Pts',(135.062141752539,-57.0587855698725,-11.3124066793751));
#1500=CARTESIAN_POINT('Ctrl Pts',(135.061953329159,-57.2567656912932,-11.3013201925962));
#1501=CARTESIAN_POINT('Ctrl Pts',(135.075494893368,-57.4547200938158,-11.2902337058173));
#1502=CARTESIAN_POINT('Ctrl Pts',(135.102979507883,-57.6507191570696,-11.2791472190384));
#1503=CARTESIAN_POINT('Ctrl Pts',(135.201417666149,-58.3527041457391,-11.2394401553072));
#1504=CARTESIAN_POINT('Ctrl Pts',(135.478712623161,-59.0296066944559,-11.1997330915759));
#1505=CARTESIAN_POINT('Ctrl Pts',(135.901062697801,-59.5988968644167,-11.1600260278447));
#1506=CARTESIAN_POINT('Ctrl Pts',(136.323412772441,-60.1681870343776,-11.1203189641135));
#1507=CARTESIAN_POINT('Ctrl Pts',(136.890817964709,-60.6298648255824,-11.0806119003823));
#1508=CARTESIAN_POINT('Ctrl Pts',(137.534093375083,-60.9276388190784,-11.040904836651));
#1509=CARTESIAN_POINT('Ctrl Pts',(138.177368785457,-61.2254128125743,-11.0011977729198));
#1510=CARTESIAN_POINT('Ctrl Pts',(138.896514413936,-61.3592830083613,-10.9614907091886));
#1511=CARTESIAN_POINT('Ctrl Pts',(139.603849460778,-61.3129276020371,-10.9217836454574));
#1512=CARTESIAN_POINT('Ctrl Pts',(140.31118450762,-61.2665721957129,-10.8820765817262));
#1513=CARTESIAN_POINT('Ctrl Pts',(141.006708972825,-61.0399911872774,-10.8423695179949));
#1514=CARTESIAN_POINT('Ctrl Pts',(141.605619681744,-60.6608104571022,-10.8026624542637));
#1515=CARTESIAN_POINT('Ctrl Pts',(142.204530390663,-60.2816297269269,-10.7629553905325));
#1516=CARTESIAN_POINT('Ctrl Pts',(142.706827343297,-59.7498492750119,-10.7232483268013));
#1517=CARTESIAN_POINT('Ctrl Pts',(143.051267905507,-59.1303069814058,-10.6835412630701));
#1518=CARTESIAN_POINT('Ctrl Pts',(143.395708467717,-58.5107646877996,-10.6438341993388));
#1519=CARTESIAN_POINT('Ctrl Pts',(143.582292639503,-57.8034605525024,-10.6041271356076));
#1520=CARTESIAN_POINT('Ctrl Pts',(143.588270823509,-57.0946331942299,-10.5644200718764));
#1521=CARTESIAN_POINT('Ctrl Pts',(143.594249007516,-56.3858058359574,-10.5247130081452));
#1522=CARTESIAN_POINT('Ctrl Pts',(143.419621203742,-55.6754552547096,-10.4850059444139));
#1523=CARTESIAN_POINT('Ctrl Pts',(143.085679131826,-55.0501915730395,-10.4452988806827));
#1524=CARTESIAN_POINT('Ctrl Pts',(142.751737059911,-54.4249278913694,-10.4055918169515));
#1525=CARTESIAN_POINT('Ctrl Pts',(142.258480719854,-53.8847511092769,-10.3658847532203));
#1526=CARTESIAN_POINT('Ctrl Pts',(141.666050778275,-53.4955227339552,-10.3261776894891));
#1527=CARTESIAN_POINT('Ctrl Pts',(141.073620836696,-53.1062943586336,-10.2864706257578));
#1528=CARTESIAN_POINT('Ctrl Pts',(140.382017293595,-52.8680143900827,-10.2467635620266));
#1529=CARTESIAN_POINT('Ctrl Pts',(139.675564518945,-52.8097353216744,-10.2070564982954));
#1530=CARTESIAN_POINT('Ctrl Pts',(138.969111744294,-52.7514562532662,-10.1673494345642));
#1531=CARTESIAN_POINT('Ctrl Pts',(138.247809738094,-52.8731780850005,-10.1276423708329));
#1532=CARTESIAN_POINT('Ctrl Pts',(137.599603857315,-53.1600597763904,-10.0879353071017));
#1533=CARTESIAN_POINT('Ctrl Pts',(136.951397976536,-53.4469414677803,-10.0482282433705));
#1534=CARTESIAN_POINT('Ctrl Pts',(136.376288221177,-53.8989830188257,-10.0085211796393));
#1535=CARTESIAN_POINT('Ctrl Pts',(135.944395343795,-54.4610688774643,-9.96881411590806));
#1536=CARTESIAN_POINT('Ctrl Pts',(135.512502466414,-55.0231547361029,-9.92910705217683));
#1537=CARTESIAN_POINT('Ctrl Pts',(135.223826467009,-55.6952849023346,-9.88939998844561));
#1538=CARTESIAN_POINT('Ctrl Pts',(135.113564412272,-56.3955093299939,-9.84969292471439));
#1539=CARTESIAN_POINT('Ctrl Pts',(135.079051174255,-56.6146872910321,-9.83726417626797));
#1540=CARTESIAN_POINT('Ctrl Pts',(135.06201820259,-56.8366178125478,-9.82483542782154));
#1541=CARTESIAN_POINT('Ctrl Pts',(135.062210666106,-57.0585775904298,-9.81240667937511));
#1542=CARTESIAN_POINT('Origin',(139.325046539307,-57.0586776733398,-11.3920883499642));
#1543=CARTESIAN_POINT('',(135.061755711725,-57.058743679855,-8.31240667937512));
#1544=CARTESIAN_POINT('',(135.062362215073,-57.0586247438129,-8.72177002055322));
#1545=CARTESIAN_POINT('',(135.062046539307,-57.0586776733398,-11.3920883499642));
#1546=CARTESIAN_POINT('Ctrl Pts',(135.062362215073,-57.0586247438129,-8.72177002055322));
#1547=CARTESIAN_POINT('Ctrl Pts',(135.062233071514,-56.7630225099855,-8.73832072826999));
#1548=CARTESIAN_POINT('Ctrl Pts',(135.092539121498,-56.4674463824563,-8.75487143598676));
#1549=CARTESIAN_POINT('Ctrl Pts',(135.153548360448,-56.1783496721099,-8.77142214370353));
#1550=CARTESIAN_POINT('Ctrl Pts',(135.299916587152,-55.4847731980007,-8.81112920743475));
#1551=CARTESIAN_POINT('Ctrl Pts',(135.623004891243,-54.82849067102,-8.85083627116597));
#1552=CARTESIAN_POINT('Ctrl Pts',(136.083420454773,-54.2895198999198,-8.89054333489719));
#1553=CARTESIAN_POINT('Ctrl Pts',(136.543836018302,-53.7505491288196,-8.93025039862841));
#1554=CARTESIAN_POINT('Ctrl Pts',(137.14157884127,-53.3288901136,-8.96995746235963));
#1555=CARTESIAN_POINT('Ctrl Pts',(137.803768618353,-53.0759539905813,-9.00966452609085));
#1556=CARTESIAN_POINT('Ctrl Pts',(138.465958395436,-52.8230178675625,-9.04937158982208));
#1557=CARTESIAN_POINT('Ctrl Pts',(139.192595126634,-52.7388046367447,-9.0890786535533));
#1558=CARTESIAN_POINT('Ctrl Pts',(139.895083006778,-52.8335820683137,-9.12878571728452));
#1559=CARTESIAN_POINT('Ctrl Pts',(140.597570886922,-52.9283594998827,-9.16849278101574));
#1560=CARTESIAN_POINT('Ctrl Pts',(141.275909916011,-53.2021275938385,-9.20819984474696));
#1561=CARTESIAN_POINT('Ctrl Pts',(141.847393027055,-53.6215069411436,-9.24790690847819));
#1562=CARTESIAN_POINT('Ctrl Pts',(142.418876138098,-54.0408862884487,-9.28761397220941));
#1563=CARTESIAN_POINT('Ctrl Pts',(142.883503331096,-54.6058768891032,-9.32732103594063));
#1564=CARTESIAN_POINT('Ctrl Pts',(143.184624538621,-55.2475917803421,-9.36702809967185));
#1565=CARTESIAN_POINT('Ctrl Pts',(143.485745746147,-55.8893066715811,-9.40673516340307));
#1566=CARTESIAN_POINT('Ctrl Pts',(143.623360968199,-56.6077458534044,-9.44644222713429));
#1567=CARTESIAN_POINT('Ctrl Pts',(143.580691349504,-57.3153130142496,-9.48614929086552));
#1568=CARTESIAN_POINT('Ctrl Pts',(143.53802173081,-58.0228801750948,-9.52585635459674));
#1569=CARTESIAN_POINT('Ctrl Pts',(143.315067271368,-58.7195753149618,-9.56556341832796));
#1570=CARTESIAN_POINT('Ctrl Pts',(142.939011887811,-59.320453281513,-9.60527048205918));
#1571=CARTESIAN_POINT('Ctrl Pts',(142.562956504253,-59.9213312480642,-9.6449775457904));
#1572=CARTESIAN_POINT('Ctrl Pts',(142.033800196581,-60.4263920412995,-9.68468460952162));
#1573=CARTESIAN_POINT('Ctrl Pts',(141.416060793215,-60.7740556942742,-9.72439167325284));
#1574=CARTESIAN_POINT('Ctrl Pts',(140.798321389849,-61.1217193472488,-9.76409873698406));
#1575=CARTESIAN_POINT('Ctrl Pts',(140.091998890791,-61.3119858599628,-9.80380580071529));
#1576=CARTESIAN_POINT('Ctrl Pts',(139.38321228691,-61.3216568195846,-9.84351286444651));
#1577=CARTESIAN_POINT('Ctrl Pts',(138.674425683029,-61.3313277792064,-9.88321992817773));
#1578=CARTESIAN_POINT('Ctrl Pts',(137.963174974324,-61.160403185736,-9.92292699190895));
#1579=CARTESIAN_POINT('Ctrl Pts',(137.336179978245,-60.8297231782586,-9.96263405564017));
#1580=CARTESIAN_POINT('Ctrl Pts',(136.709184982165,-60.4990431707812,-10.0023411193714));
#1581=CARTESIAN_POINT('Ctrl Pts',(136.16644569871,-60.0086077492968,-10.0420481831026));
#1582=CARTESIAN_POINT('Ctrl Pts',(135.774136152845,-59.4182136468743,-10.0817552468338));
#1583=CARTESIAN_POINT('Ctrl Pts',(135.381826606979,-58.8278195444517,-10.1214623105651));
#1584=CARTESIAN_POINT('Ctrl Pts',(135.139946798703,-58.1374667610911,-10.1611693742963));
#1585=CARTESIAN_POINT('Ctrl Pts',(135.077987972086,-57.4313272055884,-10.2008764380275));
#1586=CARTESIAN_POINT('Ctrl Pts',(135.067120536627,-57.3074719542286,-10.2078409655361));
#1587=CARTESIAN_POINT('Ctrl Pts',(135.061788253561,-57.1831310330554,-10.2148054930446));
#1588=CARTESIAN_POINT('Ctrl Pts',(135.061913516083,-57.0587794050489,-10.2217700205532));
#1589=CARTESIAN_POINT('Ctrl Pts',(135.062210666106,-57.0585775904298,-9.81240667937511));
#1590=CARTESIAN_POINT('Ctrl Pts',(135.062633080356,-57.5457295211094,-9.78512836409032));
#1591=CARTESIAN_POINT('Ctrl Pts',(135.14603111261,-58.0330223808888,-9.75785004880552));
#1592=CARTESIAN_POINT('Ctrl Pts',(135.309710605293,-58.4916645179726,-9.73057173352073));
#1593=CARTESIAN_POINT('Ctrl Pts',(135.547966963122,-59.159276589205,-9.69086466978951));
#1594=CARTESIAN_POINT('Ctrl Pts',(135.956327788849,-59.7661820425827,-9.65115760605829));
#1595=CARTESIAN_POINT('Ctrl Pts',(136.485003338972,-60.2383834112088,-9.61145054232707));
#1596=CARTESIAN_POINT('Ctrl Pts',(137.013678889096,-60.7105847798349,-9.57174347859585));
#1597=CARTESIAN_POINT('Ctrl Pts',(137.662669163616,-61.0480820637094,-9.53203641486462));
#1598=CARTESIAN_POINT('Ctrl Pts',(138.352845468049,-61.2097256177002,-9.4923293511334));
#1599=CARTESIAN_POINT('Ctrl Pts',(139.043021772482,-61.371369171691,-9.45262228740218));
#1600=CARTESIAN_POINT('Ctrl Pts',(139.774384106828,-61.3571589957981,-9.41291522367096));
#1601=CARTESIAN_POINT('Ctrl Pts',(140.457760492483,-61.1688276778591,-9.37320815993974));
#1602=CARTESIAN_POINT('Ctrl Pts',(141.141136878138,-60.9804963599202,-9.33350109620851));
#1603=CARTESIAN_POINT('Ctrl Pts',(141.776527315101,-60.6180438999352,-9.29379403247729));
#1604=CARTESIAN_POINT('Ctrl Pts',(142.2864612806,-60.1256626242917,-9.25408696874607));
#1605=CARTESIAN_POINT('Ctrl Pts',(142.796395246098,-59.6332813486483,-9.21437990501485));
#1606=CARTESIAN_POINT('Ctrl Pts',(143.18087274013,-59.0109712573464,-9.17467284128363));
#1607=CARTESIAN_POINT('Ctrl Pts',(143.393016015177,-58.3346080408506,-9.13496577755241));
#1608=CARTESIAN_POINT('Ctrl Pts',(143.605159290224,-57.6582448243549,-9.09525871382119));
#1609=CARTESIAN_POINT('Ctrl Pts',(143.644968346286,-56.9278284826654,-9.05555165008997));
#1610=CARTESIAN_POINT('Ctrl Pts',(143.507589430139,-56.232415653351,-9.01584458635874));
#1611=CARTESIAN_POINT('Ctrl Pts',(143.370210513993,-55.5370028240366,-8.97613752262752));
#1612=CARTESIAN_POINT('Ctrl Pts',(143.055643625638,-54.8765935070974,-8.9364304588963));
#1613=CARTESIAN_POINT('Ctrl Pts',(142.602242602148,-54.3317086736933,-8.89672339516508));
#1614=CARTESIAN_POINT('Ctrl Pts',(142.148841578658,-53.7868238402892,-8.85701633143385));
#1615=CARTESIAN_POINT('Ctrl Pts',(141.556606420033,-53.3574634904202,-8.81730926770263));
#1616=CARTESIAN_POINT('Ctrl Pts',(140.897745904837,-53.0959777522006,-8.77760220397141));
#1617=CARTESIAN_POINT('Ctrl Pts',(140.238885389642,-52.8344920139811,-8.73789514024019));
#1618=CARTESIAN_POINT('Ctrl Pts',(139.513399517875,-52.7408808874109,-8.69818807650897));
#1619=CARTESIAN_POINT('Ctrl Pts',(138.80974377534,-52.8265579892116,-8.65848101277775));
#1620=CARTESIAN_POINT('Ctrl Pts',(138.106088032805,-52.9122350910123,-8.61877394904652));
#1621=CARTESIAN_POINT('Ctrl Pts',(137.4242624195,-53.1772004211837,-8.5790668853153));
#1622=CARTESIAN_POINT('Ctrl Pts',(136.847399106851,-53.5891478550817,-8.53935982158408));
#1623=CARTESIAN_POINT('Ctrl Pts',(136.270535794201,-54.0010952889796,-8.49965275785286));
#1624=CARTESIAN_POINT('Ctrl Pts',(135.798634782207,-54.560024826604,-8.45994569412164));
#1625=CARTESIAN_POINT('Ctrl Pts',(135.489233005618,-55.1977885057357,-8.42023863039042));
#1626=CARTESIAN_POINT('Ctrl Pts',(135.209153559779,-55.7751106523524,-8.38429464671865));
#1627=CARTESIAN_POINT('Ctrl Pts',(135.062232398803,-56.4170326049039,-8.34835066304688));
#1628=CARTESIAN_POINT('Ctrl Pts',(135.061755711725,-57.058743679855,-8.31240667937512));
#1629=CARTESIAN_POINT('Origin',(139.325046539307,-57.0586776733398,-11.3920883499642));
#1630=CARTESIAN_POINT('',(135.062402571965,-57.0586759822596,-6.81240667937511));
#1631=CARTESIAN_POINT('',(135.061671086295,-57.0586708504799,-7.22177002055322));
#1632=CARTESIAN_POINT('',(135.062046539307,-57.0586776733398,-11.3920883499642));
#1633=CARTESIAN_POINT('Ctrl Pts',(135.061671515943,-57.0586708582876,-7.22177002055322));
#1634=CARTESIAN_POINT('Ctrl Pts',(135.061670917333,-57.0522641237714,-7.2221288997641));
#1635=CARTESIAN_POINT('Ctrl Pts',(135.06168505656,-57.0458573919093,-7.22248777897499));
#1636=CARTESIAN_POINT('Ctrl Pts',(135.061713949593,-57.0394507265844,-7.22284665818588));
#1637=CARTESIAN_POINT('Ctrl Pts',(135.064910728632,-56.3306053528724,-7.2625537219171));
#1638=CARTESIAN_POINT('Ctrl Pts',(135.248718030061,-55.6225745036724,-7.30226078564832));
#1639=CARTESIAN_POINT('Ctrl Pts',(135.590724991345,-55.0016854462217,-7.34196784937954));
#1640=CARTESIAN_POINT('Ctrl Pts',(135.93273195263,-54.3807963887711,-7.38167491311076));
#1641=CARTESIAN_POINT('Ctrl Pts',(136.432938573772,-53.8470491230698,-7.42138197684199));
#1642=CARTESIAN_POINT('Ctrl Pts',(137.030356734399,-53.4655212412813,-7.46108904057321));
#1643=CARTESIAN_POINT('Ctrl Pts',(137.627774895026,-53.0839933594928,-7.50079610430443));
#1644=CARTESIAN_POINT('Ctrl Pts',(138.322404595139,-52.854684861617,-7.54050316803565));
#1645=CARTESIAN_POINT('Ctrl Pts',(139.029552514072,-52.8055543825049,-7.58021023176687));
#1646=CARTESIAN_POINT('Ctrl Pts',(139.736700433005,-52.7564239033928,-7.61991729549809));
#1647=CARTESIAN_POINT('Ctrl Pts',(140.456366570758,-52.8874714430442,-7.65962435922931));
#1648=CARTESIAN_POINT('Ctrl Pts',(141.10080501758,-53.1827189180338,-7.69933142296054));
#1649=CARTESIAN_POINT('Ctrl Pts',(141.745243464401,-53.4779663930235,-7.73903848669176));
#1650=CARTESIAN_POINT('Ctrl Pts',(142.31445422029,-53.9374138033512,-7.77874555042298));
#1651=CARTESIAN_POINT('Ctrl Pts',(142.739035776693,-54.5050426303077,-7.8184526141542));
#1652=CARTESIAN_POINT('Ctrl Pts',(143.163617333096,-55.0726714572642,-7.85815967788542));
#1653=CARTESIAN_POINT('Ctrl Pts',(143.443569690011,-55.7484817008493,-7.89786674161665));
#1654=CARTESIAN_POINT('Ctrl Pts',(143.544759416734,-56.4500746187405,-7.93757380534787));
#1655=CARTESIAN_POINT('Ctrl Pts',(143.645949143456,-57.1516675366317,-7.97728086907909));
#1656=CARTESIAN_POINT('Ctrl Pts',(143.568376239985,-57.8790431288289,-8.01698793281031));
#1657=CARTESIAN_POINT('Ctrl Pts',(143.321498848965,-58.5435155037494,-8.05669499654153));
#1658=CARTESIAN_POINT('Ctrl Pts',(143.074621457946,-59.2079878786698,-8.09640206027275));
#1659=CARTESIAN_POINT('Ctrl Pts',(142.658439579377,-59.8095570363135,-8.13610912400398));
#1660=CARTESIAN_POINT('Ctrl Pts',(142.123696544981,-60.2748761422984,-8.1758161877352));
#1661=CARTESIAN_POINT('Ctrl Pts',(141.588953510585,-60.7401952482832,-8.21552325146642));
#1662=CARTESIAN_POINT('Ctrl Pts',(140.935649320363,-61.0692643026092,-8.25523031519764));
#1663=CARTESIAN_POINT('Ctrl Pts',(140.243438646819,-61.2219612792032,-8.29493737892886));
#1664=CARTESIAN_POINT('Ctrl Pts',(139.551227973275,-61.3746582557972,-8.33464444266009));
#1665=CARTESIAN_POINT('Ctrl Pts',(138.820110816408,-61.3509831546593,-8.37435150639131));
#1666=CARTESIAN_POINT('Ctrl Pts',(138.139229261279,-61.1538225827569,-8.41405857012253));
#1667=CARTESIAN_POINT('Ctrl Pts',(137.458347706149,-60.9566620108544,-8.45376563385375));
#1668=CARTESIAN_POINT('Ctrl Pts',(136.827701752756,-60.5860159681874,-8.49347269758497));
#1669=CARTESIAN_POINT('Ctrl Pts',(136.324183448685,-60.0870757907163,-8.5331797613162));
#1670=CARTESIAN_POINT('Ctrl Pts',(135.820665144613,-59.5881356132452,-8.57288682504742));
#1671=CARTESIAN_POINT('Ctrl Pts',(135.444274489864,-58.96090130097,-8.61259388877864));
#1672=CARTESIAN_POINT('Ctrl Pts',(135.240903237147,-58.2818489342134,-8.65230095250986));
#1673=CARTESIAN_POINT('Ctrl Pts',(135.122301238195,-57.8858393359337,-8.67545730852432));
#1674=CARTESIAN_POINT('Ctrl Pts',(135.062542901863,-57.4722064880087,-8.69861366453877));
#1675=CARTESIAN_POINT('Ctrl Pts',(135.062362215073,-57.0586247438129,-8.72177002055322));
#1676=CARTESIAN_POINT('Ctrl Pts',(135.061755711725,-57.058743679855,-8.31240667937512));
#1677=CARTESIAN_POINT('Ctrl Pts',(135.06170580597,-57.125926276312,-8.30864359931566));
#1678=CARTESIAN_POINT('Ctrl Pts',(135.063261020147,-57.1931065614232,-8.3048805192562));
#1679=CARTESIAN_POINT('Ctrl Pts',(135.066436600124,-57.2602101650909,-8.30111743919675));
#1680=CARTESIAN_POINT('Ctrl Pts',(135.099944512402,-57.9682703246753,-8.26141037546553));
#1681=CARTESIAN_POINT('Ctrl Pts',(135.313862878143,-58.6677928232052,-8.2217033117343));
#1682=CARTESIAN_POINT('Ctrl Pts',(135.682109517526,-59.2734877813805,-8.18199624800308));
#1683=CARTESIAN_POINT('Ctrl Pts',(136.05035615691,-59.8791827395557,-8.14228918427186));
#1684=CARTESIAN_POINT('Ctrl Pts',(136.572931069936,-60.3910501573763,-8.10258212054064));
#1685=CARTESIAN_POINT('Ctrl Pts',(137.186118863103,-60.7466801618568,-8.06287505680942));
#1686=CARTESIAN_POINT('Ctrl Pts',(137.79930665627,-61.1023101663373,-8.0231679930782));
#1687=CARTESIAN_POINT('Ctrl Pts',(138.503107329578,-61.3017027574779,-7.98346092934698));
#1688=CARTESIAN_POINT('Ctrl Pts',(139.211709383606,-61.3205468229589,-7.94375386561575));
#1689=CARTESIAN_POINT('Ctrl Pts',(139.920311437633,-61.33939088844,-7.90404680188453));
#1690=CARTESIAN_POINT('Ctrl Pts',(140.633714872381,-61.1776864282617,-7.86433973815331));
#1691=CARTESIAN_POINT('Ctrl Pts',(141.264937363519,-60.8551493971215,-7.82463267442209));
#1692=CARTESIAN_POINT('Ctrl Pts',(141.896159854658,-60.5326123659812,-7.78492561069087));
#1693=CARTESIAN_POINT('Ctrl Pts',(142.445201402188,-60.0492427638791,-7.74521854695965));
#1694=CARTESIAN_POINT('Ctrl Pts',(142.845119645545,-59.4639758432298,-7.70551148322842));
#1695=CARTESIAN_POINT('Ctrl Pts',(143.245037888902,-58.8787089225804,-7.6658044194972));
#1696=CARTESIAN_POINT('Ctrl Pts',(143.495832828086,-58.191544683384,-7.62609735576598));
#1697=CARTESIAN_POINT('Ctrl Pts',(143.5669260755,-57.4862662135949,-7.58639029203476));
#1698=CARTESIAN_POINT('Ctrl Pts',(143.638019322915,-56.7809877438058,-7.54668322830354));
#1699=CARTESIAN_POINT('Ctrl Pts',(143.529410878561,-56.0575950434241,-7.50697616457232));
#1700=CARTESIAN_POINT('Ctrl Pts',(143.254342919965,-55.4042883865393,-7.4672691008411));
#1701=CARTESIAN_POINT('Ctrl Pts',(142.979274961369,-54.7509817296545,-7.42756203710987));
#1702=CARTESIAN_POINT('Ctrl Pts',(142.537747488532,-54.1677611162667,-7.38785497337865));
#1703=CARTESIAN_POINT('Ctrl Pts',(141.983594116448,-53.7257362187964,-7.34814790964743));
#1704=CARTESIAN_POINT('Ctrl Pts',(141.429440744363,-53.283711321326,-7.30844084591621));
#1705=CARTESIAN_POINT('Ctrl Pts',(140.762661473032,-52.9828821397731,-7.26873378218499));
#1706=CARTESIAN_POINT('Ctrl Pts',(140.064553935756,-52.8599275295549,-7.22902671845376));
#1707=CARTESIAN_POINT('Ctrl Pts',(139.36644639848,-52.7369729193366,-7.18931965472254));
#1708=CARTESIAN_POINT('Ctrl Pts',(138.637010595258,-52.7918928804529,-7.14961259099132));
#1709=CARTESIAN_POINT('Ctrl Pts',(137.965183610666,-53.0179912496431,-7.1099055272601));
#1710=CARTESIAN_POINT('Ctrl Pts',(137.293356626075,-53.2440896188332,-7.07019846352888));
#1711=CARTESIAN_POINT('Ctrl Pts',(136.679138460113,-53.6413663960971,-7.03049139979765));
#1712=CARTESIAN_POINT('Ctrl Pts',(136.197418188327,-54.1613832703685,-6.99078433606643));
#1713=CARTESIAN_POINT('Ctrl Pts',(135.715697916542,-54.68140014464,-6.95107727233521));
#1714=CARTESIAN_POINT('Ctrl Pts',(135.366475538933,-55.324157115919,-6.91137020860399));
#1715=CARTESIAN_POINT('Ctrl Pts',(135.192330292763,-56.0112854903967,-6.87166314487277));
#1716=CARTESIAN_POINT('Ctrl Pts',(135.105702282517,-56.3530953598807,-6.85191098970688));
#1717=CARTESIAN_POINT('Ctrl Pts',(135.062397704303,-56.7058850841001,-6.832158834541));
#1718=CARTESIAN_POINT('Ctrl Pts',(135.062402571965,-57.0586759822596,-6.81240667937511));
#1719=CARTESIAN_POINT('Origin',(139.325046539307,-57.0586776733398,-11.3920883499642));
#1720=CARTESIAN_POINT('',(135.061747628106,-57.0586147142545,-5.31240667937512));
#1721=CARTESIAN_POINT('',(135.062343193494,-57.0587408499645,-5.72177002055322));
#1722=CARTESIAN_POINT('',(135.062046539307,-57.0586776733398,-11.3920883499642));
#1723=CARTESIAN_POINT('Ctrl Pts',(135.062343193494,-57.0587408499645,-5.72177002055322));
#1724=CARTESIAN_POINT('Ctrl Pts',(135.062566799449,-56.6323451003658,-5.74564413498944));
#1725=CARTESIAN_POINT('Ctrl Pts',(135.126146001516,-56.2058841374149,-5.76951824942567));
#1726=CARTESIAN_POINT('Ctrl Pts',(135.252101754077,-55.7987192524141,-5.7933923638619));
#1727=CARTESIAN_POINT('Ctrl Pts',(135.461589444504,-55.1215288133287,-5.83309942759312));
#1728=CARTESIAN_POINT('Ctrl Pts',(135.843622126401,-54.4977148687588,-5.87280649132434));
#1729=CARTESIAN_POINT('Ctrl Pts',(136.351620138075,-54.00333646777,-5.91251355505556));
#1730=CARTESIAN_POINT('Ctrl Pts',(136.85961814975,-53.5089580667811,-5.95222061878678));
#1731=CARTESIAN_POINT('Ctrl Pts',(137.493581491201,-53.1440152093733,-5.991927682518));
#1732=CARTESIAN_POINT('Ctrl Pts',(138.176213639463,-52.9530038657622,-6.03163474624922));
#1733=CARTESIAN_POINT('Ctrl Pts',(138.858845787725,-52.761992522151,-6.07134180998045));
#1734=CARTESIAN_POINT('Ctrl Pts',(139.590146742798,-52.7449126923366,-6.11104887371167));
#1735=CARTESIAN_POINT('Ctrl Pts',(140.280952009871,-52.9038468491863,-6.15075593744289));
#1736=CARTESIAN_POINT('Ctrl Pts',(140.971757276944,-53.062781006036,-6.19046300117411));
#1737=CARTESIAN_POINT('Ctrl Pts',(141.622066856017,-53.3977291495498,-6.23017006490533));
#1738=CARTESIAN_POINT('Ctrl Pts',(142.152591195112,-53.8678524406737,-6.26987712863656));
#1739=CARTESIAN_POINT('Ctrl Pts',(142.683115534207,-54.3379757317977,-6.30958419236778));
#1740=CARTESIAN_POINT('Ctrl Pts',(143.093854633324,-54.9432741705317,-6.349291256099));
#1741=CARTESIAN_POINT('Ctrl Pts',(143.334728776283,-55.6099462267054,-6.38899831983022));
#1742=CARTESIAN_POINT('Ctrl Pts',(143.575602919242,-56.276618282879,-6.42870538356145));
#1743=CARTESIAN_POINT('Ctrl Pts',(143.646612106044,-57.0046639564922,-6.46841244729267));
#1744=CARTESIAN_POINT('Ctrl Pts',(143.539098480817,-57.7053156557121,-6.50811951102389));
#1745=CARTESIAN_POINT('Ctrl Pts',(143.431584855589,-58.4059673549319,-6.54782657475511));
#1746=CARTESIAN_POINT('Ctrl Pts',(143.145548418332,-59.0792250797583,-6.58753363848633));
#1747=CARTESIAN_POINT('Ctrl Pts',(142.715864406454,-59.643001305903,-6.62724070221755));
#1748=CARTESIAN_POINT('Ctrl Pts',(142.286180394577,-60.2067775320476,-6.66694776594878));
#1749=CARTESIAN_POINT('Ctrl Pts',(141.712848808078,-60.6610722595104,-6.70665482968));
#1750=CARTESIAN_POINT('Ctrl Pts',(141.065773591313,-60.9504952148499,-6.74636189341122));
#1751=CARTESIAN_POINT('Ctrl Pts',(140.418698374548,-61.2399181701894,-6.78606895714244));
#1752=CARTESIAN_POINT('Ctrl Pts',(139.697879527516,-61.3644693534057,-6.82577602087366));
#1753=CARTESIAN_POINT('Ctrl Pts',(138.991203505034,-61.3089627548914,-6.86548308460488));
#1754=CARTESIAN_POINT('Ctrl Pts',(138.284527482552,-61.2534561563771,-6.90519014833611));
#1755=CARTESIAN_POINT('Ctrl Pts',(137.591994284621,-61.0178917761322,-6.94489721206733));
#1756=CARTESIAN_POINT('Ctrl Pts',(136.998041614083,-60.6309910028193,-6.98460427579855));
#1757=CARTESIAN_POINT('Ctrl Pts',(136.404088943545,-60.2440902295065,-7.02431133952977));
#1758=CARTESIAN_POINT('Ctrl Pts',(135.908716800401,-59.7058530631256,-7.06401840326099));
#1759=CARTESIAN_POINT('Ctrl Pts',(135.572323857153,-59.0819045308231,-7.10372546699221));
#1760=CARTESIAN_POINT('Ctrl Pts',(135.238971290672,-58.4635953517204,-7.14307365151255));
#1761=CARTESIAN_POINT('Ctrl Pts',(135.061737148644,-57.7611171529339,-7.18242183603288));
#1762=CARTESIAN_POINT('Ctrl Pts',(135.061671515943,-57.0586708582876,-7.22177002055322));
#1763=CARTESIAN_POINT('Ctrl Pts',(135.062402571965,-57.0586759822596,-6.81240667937511));
#1764=CARTESIAN_POINT('Ctrl Pts',(135.062407489592,-57.4150882348128,-6.79245177080978));
#1765=CARTESIAN_POINT('Ctrl Pts',(135.106615548588,-57.7715016855306,-6.77249686224444));
#1766=CARTESIAN_POINT('Ctrl Pts',(135.195012327659,-58.1165960869986,-6.7525419536791));
#1767=CARTESIAN_POINT('Ctrl Pts',(135.370907723457,-58.8032785314466,-6.71283488994788));
#1768=CARTESIAN_POINT('Ctrl Pts',(135.721766629785,-59.4451436426662,-6.67312782621666));
#1769=CARTESIAN_POINT('Ctrl Pts',(136.204810274216,-59.9639314676496,-6.63342076248544));
#1770=CARTESIAN_POINT('Ctrl Pts',(136.687853918647,-60.482719292633,-6.59371369875422));
#1771=CARTESIAN_POINT('Ctrl Pts',(137.303082301181,-60.8784298313801,-6.554006635023));
#1772=CARTESIAN_POINT('Ctrl Pts',(137.975483174751,-61.1028157377964,-6.51429957129178));
#1773=CARTESIAN_POINT('Ctrl Pts',(138.647884048321,-61.3272016442126,-6.47459250756055));
#1774=CARTESIAN_POINT('Ctrl Pts',(139.377457412927,-61.380262918298,-6.43488544382933));
#1775=CARTESIAN_POINT('Ctrl Pts',(140.075249411705,-61.2555300187986,-6.39517838009811));
#1776=CARTESIAN_POINT('Ctrl Pts',(140.773041410483,-61.1307971192992,-6.35547131636688));
#1777=CARTESIAN_POINT('Ctrl Pts',(141.439052043433,-60.8282700462151,-6.31576425263566));
#1778=CARTESIAN_POINT('Ctrl Pts',(141.992077394144,-60.3848346718413,-6.27605718890444));
#1779=CARTESIAN_POINT('Ctrl Pts',(142.545102744856,-59.9413992974676,-6.23635012517322));
#1780=CARTESIAN_POINT('Ctrl Pts',(142.985142813331,-59.3570556218043,-6.196643061442));
#1781=CARTESIAN_POINT('Ctrl Pts',(143.258545337623,-58.703050247601,-6.15693599771078));
#1782=CARTESIAN_POINT('Ctrl Pts',(143.531947861915,-58.0490448733978,-6.11722893397956));
#1783=CARTESIAN_POINT('Ctrl Pts',(143.638712842025,-57.3253778006545,-6.07752187024834));
#1784=CARTESIAN_POINT('Ctrl Pts',(143.56582286638,-56.6202827565458,-6.03781480651711));
#1785=CARTESIAN_POINT('Ctrl Pts',(143.492932890736,-55.9151877124372,-5.99810774278589));
#1786=CARTESIAN_POINT('Ctrl Pts',(143.240387959337,-55.2286646969631,-5.95840067905467));
#1787=CARTESIAN_POINT('Ctrl Pts',(142.838979829079,-54.6444186163271,-5.91869361532345));
#1788=CARTESIAN_POINT('Ctrl Pts',(142.437571698821,-54.0601725356911,-5.87898655159223));
#1789=CARTESIAN_POINT('Ctrl Pts',(141.887300369703,-53.578203389893,-5.83927948786101));
#1790=CARTESIAN_POINT('Ctrl Pts',(141.255258144462,-53.2572756795143,-5.79957242412978));
#1791=CARTESIAN_POINT('Ctrl Pts',(140.623215919221,-52.9363479691355,-5.75986536039856));
#1792=CARTESIAN_POINT('Ctrl Pts',(139.909402797858,-52.7764616941761,-5.72015829666734));
#1793=CARTESIAN_POINT('Ctrl Pts',(139.200851056092,-52.7971111255447,-5.68045123293612));
#1794=CARTESIAN_POINT('Ctrl Pts',(138.492299314325,-52.8177605569133,-5.6407441692049));
#1795=CARTESIAN_POINT('Ctrl Pts',(137.789008952156,-53.0189456946098,-5.60103710547367));
#1796=CARTESIAN_POINT('Ctrl Pts',(137.176729248882,-53.376136868542,-5.56133004174245));
#1797=CARTESIAN_POINT('Ctrl Pts',(136.564449545608,-53.7333280424743,-5.52162297801123));
#1798=CARTESIAN_POINT('Ctrl Pts',(136.04318050123,-54.2465252526421,-5.48191591428001));
#1799=CARTESIAN_POINT('Ctrl Pts',(135.676478290098,-54.8531564899902,-5.44220885054879));
#1800=CARTESIAN_POINT('Ctrl Pts',(135.309776078965,-55.4597877273383,-5.40250178681756));
#1801=CARTESIAN_POINT('Ctrl Pts',(135.097640701078,-56.1598529918667,-5.36279472308634));
#1802=CARTESIAN_POINT('Ctrl Pts',(135.065936943935,-56.8679962270664,-5.32308765935512));
#1803=CARTESIAN_POINT('Ctrl Pts',(135.063094232307,-56.9314917616758,-5.31952733269512));
#1804=CARTESIAN_POINT('Ctrl Pts',(135.061702151155,-56.9950522413895,-5.31596700603512));
#1805=CARTESIAN_POINT('Ctrl Pts',(135.061747628106,-57.0586147142545,-5.31240667937512));
#1806=CARTESIAN_POINT('Origin',(139.325046539307,-57.0586776733398,-11.3920883499642));
#1807=CARTESIAN_POINT('',(135.062220250807,-57.058776216758,-3.81240667937512));
#1808=CARTESIAN_POINT('',(135.061953606628,-57.058571535143,-4.22177002055322));
#1809=CARTESIAN_POINT('',(135.062046539307,-57.0586776733398,-11.3920883499642));
#1810=CARTESIAN_POINT('Ctrl Pts',(135.061953606628,-57.058571535143,-4.22177002055322));
#1811=CARTESIAN_POINT('Ctrl Pts',(135.061812705202,-56.9214006065364,-4.22945230648356));
#1812=CARTESIAN_POINT('Ctrl Pts',(135.068302635273,-56.7842429546903,-4.23713459241391));
#1813=CARTESIAN_POINT('Ctrl Pts',(135.081521804471,-56.6477369588397,-4.24481687834425));
#1814=CARTESIAN_POINT('Ctrl Pts',(135.149847091841,-55.9421849491797,-4.28452394207547));
#1815=CARTESIAN_POINT('Ctrl Pts',(135.397943767673,-55.2540419066965,-4.3242310058067));
#1816=CARTESIAN_POINT('Ctrl Pts',(135.795562432441,-54.6672102607726,-4.36393806953792));
#1817=CARTESIAN_POINT('Ctrl Pts',(136.193181097208,-54.0803786148487,-4.40364513326914));
#1818=CARTESIAN_POINT('Ctrl Pts',(136.740321750911,-53.5948583654842,-4.44335219700036));
#1819=CARTESIAN_POINT('Ctrl Pts',(137.370273801091,-53.2698469846021,-4.48305926073158));
#1820=CARTESIAN_POINT('Ctrl Pts',(138.000225851271,-52.9448356037199,-4.5227663244628));
#1821=CARTESIAN_POINT('Ctrl Pts',(138.712989297929,-52.78033309132,-4.56247338819402));
#1822=CARTESIAN_POINT('Ctrl Pts',(139.421659847831,-52.7963965570117,-4.60218045192525));
#1823=CARTESIAN_POINT('Ctrl Pts',(140.130330397734,-52.8124600227033,-4.64188751565647));
#1824=CARTESIAN_POINT('Ctrl Pts',(140.834908050881,-53.0090894664864,-4.68159457938769));
#1825=CARTESIAN_POINT('Ctrl Pts',(141.449486573921,-53.362310675148,-4.72130164311891));
#1826=CARTESIAN_POINT('Ctrl Pts',(142.06406509696,-53.7155318838096,-4.76100870685013));
#1827=CARTESIAN_POINT('Ctrl Pts',(142.58864448989,-54.2253448573496,-4.80071577058136));
#1828=CARTESIAN_POINT('Ctrl Pts',(142.959264961283,-54.8295902126598,-4.84042283431258));
#1829=CARTESIAN_POINT('Ctrl Pts',(143.329885432675,-55.43383556797,-4.8801298980438));
#1830=CARTESIAN_POINT('Ctrl Pts',(143.54654698253,-56.1325133050505,-4.91983696177502));
#1831=CARTESIAN_POINT('Ctrl Pts',(143.582832965956,-56.8404365428638,-4.95954402550624));
#1832=CARTESIAN_POINT('Ctrl Pts',(143.619118949383,-57.548359780677,-4.99925108923746));
#1833=CARTESIAN_POINT('Ctrl Pts',(143.475029366381,-58.265528519223,-5.03895815296868));
#1834=CARTESIAN_POINT('Ctrl Pts',(143.168132462674,-58.9045013462856,-5.07866521669991));
#1835=CARTESIAN_POINT('Ctrl Pts',(142.861235558967,-59.5434741733482,-5.11837228043113));
#1836=CARTESIAN_POINT('Ctrl Pts',(142.391531334555,-60.1042510889273,-5.15807934416235));
#1837=CARTESIAN_POINT('Ctrl Pts',(141.816288878982,-60.5184588876656,-5.19778640789357));
#1838=CARTESIAN_POINT('Ctrl Pts',(141.241046423409,-60.9326666864039,-5.23749347162479));
#1839=CARTESIAN_POINT('Ctrl Pts',(140.560265736675,-61.2003053683014,-5.27720053535602));
#1840=CARTESIAN_POINT('Ctrl Pts',(139.856951586639,-61.2887428580167,-5.31690759908724));
#1841=CARTESIAN_POINT('Ctrl Pts',(139.153637436602,-61.3771803477319,-5.35661466281846));
#1842=CARTESIAN_POINT('Ctrl Pts',(138.427789823261,-61.2864166452648,-5.39632172654968));
#1843=CARTESIAN_POINT('Ctrl Pts',(137.767908338071,-61.0275181927163,-5.4360287902809));
#1844=CARTESIAN_POINT('Ctrl Pts',(137.10802685288,-60.7686197401678,-5.47573585401212));
#1845=CARTESIAN_POINT('Ctrl Pts',(136.51411149584,-60.341586537538,-5.51544291774335));
#1846=CARTESIAN_POINT('Ctrl Pts',(136.058575905142,-59.7984849735219,-5.55514998147457));
#1847=CARTESIAN_POINT('Ctrl Pts',(135.603040314444,-59.2553834095058,-5.59485704520579));
#1848=CARTESIAN_POINT('Ctrl Pts',(135.285884490089,-58.5962134841034,-5.63456410893701));
#1849=CARTESIAN_POINT('Ctrl Pts',(135.14577792739,-57.9013450546018,-5.67427117266823));
#1850=CARTESIAN_POINT('Ctrl Pts',(135.08991129071,-57.6242705097434,-5.69010412196323));
#1851=CARTESIAN_POINT('Ctrl Pts',(135.062194901429,-57.3415200207283,-5.70593707125822));
#1852=CARTESIAN_POINT('Ctrl Pts',(135.062343193494,-57.0587408499645,-5.72177002055322));
#1853=CARTESIAN_POINT('Ctrl Pts',(135.061747628106,-57.0586147142545,-5.31240667937512));
#1854=CARTESIAN_POINT('Ctrl Pts',(135.062209339508,-57.703942015274,-5.2762599423039));
#1855=CARTESIAN_POINT('Ctrl Pts',(135.210849114415,-58.3494747628063,-5.24011320523268));
#1856=CARTESIAN_POINT('Ctrl Pts',(135.493986762685,-58.9293339611953,-5.20396646816146));
#1857=CARTESIAN_POINT('Ctrl Pts',(135.805012474977,-59.5663072542535,-5.16425940443023));
#1858=CARTESIAN_POINT('Ctrl Pts',(136.278336035959,-60.1240326344992,-5.12455234069901));
#1859=CARTESIAN_POINT('Ctrl Pts',(136.856247065377,-60.5345089576319,-5.08484527696779));
#1860=CARTESIAN_POINT('Ctrl Pts',(137.434158094796,-60.9449852807647,-5.04513821323657));
#1861=CARTESIAN_POINT('Ctrl Pts',(138.116656592651,-61.2082125467846,-5.00543114950535));
#1862=CARTESIAN_POINT('Ctrl Pts',(138.820528345494,-61.2920965460064,-4.96572408577413));
#1863=CARTESIAN_POINT('Ctrl Pts',(139.524400098337,-61.3759805452282,-4.92601702204291));
#1864=CARTESIAN_POINT('Ctrl Pts',(140.249645106169,-61.2805212776518,-4.88630995831168));
#1865=CARTESIAN_POINT('Ctrl Pts',(140.907837250728,-61.0173576961728,-4.84660289458046));
#1866=CARTESIAN_POINT('Ctrl Pts',(141.566029395287,-60.7541941146938,-4.80689583084924));
#1867=CARTESIAN_POINT('Ctrl Pts',(142.157168676573,-60.3233262193122,-4.76718876711802));
#1868=CARTESIAN_POINT('Ctrl Pts',(142.609179931806,-59.7772879469185,-4.7274817033868));
#1869=CARTESIAN_POINT('Ctrl Pts',(143.061191187039,-59.2312496745247,-4.68777463965558));
#1870=CARTESIAN_POINT('Ctrl Pts',(143.374074416219,-58.570041025119,-4.64806757592435));
#1871=CARTESIAN_POINT('Ctrl Pts',(143.509681063855,-57.8742804291574,-4.60836051219313));
#1872=CARTESIAN_POINT('Ctrl Pts',(143.645287711491,-57.1785198331958,-4.56865344846191));
#1873=CARTESIAN_POINT('Ctrl Pts',(143.603617777583,-56.4482072906784,-4.52894638473069));
#1874=CARTESIAN_POINT('Ctrl Pts',(143.389751904486,-55.7723867833685,-4.48923932099947));
#1875=CARTESIAN_POINT('Ctrl Pts',(143.175886031388,-55.0965662760587,-4.44953225726825));
#1876=CARTESIAN_POINT('Ctrl Pts',(142.7898242191,-54.4752378039565,-4.40982519353702));
#1877=CARTESIAN_POINT('Ctrl Pts',(142.278637384487,-53.9841573727713,-4.3701181298058));
#1878=CARTESIAN_POINT('Ctrl Pts',(141.767450549873,-53.493076941586,-4.33041106607458));
#1879=CARTESIAN_POINT('Ctrl Pts',(141.131138692933,-53.1322445513178,-4.29070400234336));
#1880=CARTESIAN_POINT('Ctrl Pts',(140.447284681393,-52.945654999955,-4.25099693861214));
#1881=CARTESIAN_POINT('Ctrl Pts',(139.763430669854,-52.7590654485922,-4.21128987488092));
#1882=CARTESIAN_POINT('Ctrl Pts',(139.032034503714,-52.7467187361348,-4.1715828111497));
#1883=CARTESIAN_POINT('Ctrl Pts',(138.342272286479,-52.9101202460732,-4.13187574741848));
#1884=CARTESIAN_POINT('Ctrl Pts',(137.652510069243,-53.0735217560115,-4.09216868368725));
#1885=CARTESIAN_POINT('Ctrl Pts',(137.004381800911,-53.4126714883456,-4.05246161995603));
#1886=CARTESIAN_POINT('Ctrl Pts',(136.476911075278,-53.8862183216929,-4.01275455622481));
#1887=CARTESIAN_POINT('Ctrl Pts',(135.949440349645,-54.3597651550401,-3.97304749249359));
#1888=CARTESIAN_POINT('Ctrl Pts',(135.542627166711,-54.9677090894005,-3.93334042876236));
#1889=CARTESIAN_POINT('Ctrl Pts',(135.306072571973,-55.6359260403195,-3.89363336503114));
#1890=CARTESIAN_POINT('Ctrl Pts',(135.144770073947,-56.0915716536519,-3.8665578031458));
#1891=CARTESIAN_POINT('Ctrl Pts',(135.062631704984,-56.5752420551163,-3.83948224126046));
#1892=CARTESIAN_POINT('Ctrl Pts',(135.062220250807,-57.058776216758,-3.81240667937512));
#1893=CARTESIAN_POINT('Origin',(139.325046539307,-57.0586776733398,-11.3920883499642));
#1894=CARTESIAN_POINT('',(135.062132369489,-57.0585690199006,-2.31240667937512));
#1895=CARTESIAN_POINT('',(135.062000460477,-57.0587871332474,-2.72177002055322));
#1896=CARTESIAN_POINT('',(135.062046539307,-57.0586776733398,-11.3920883499642));
#1897=CARTESIAN_POINT('',(142.548399323265,-54.2688450923145,-1.39208834996417));
#1898=CARTESIAN_POINT('Ctrl Pts',(135.062132369489,-57.0585690199006,-2.31240667937512));
#1899=CARTESIAN_POINT('Ctrl Pts',(135.062630660148,-57.5732853216771,-2.28358334902335));
#1900=CARTESIAN_POINT('Ctrl Pts',(135.155961325846,-58.0881774004821,-2.25476001867159));
#1901=CARTESIAN_POINT('Ctrl Pts',(135.338287315262,-58.56934787996,-2.22593668831983));
#1902=CARTESIAN_POINT('Ctrl Pts',(135.589459875589,-59.2322090643215,-2.18622962458861));
#1903=CARTESIAN_POINT('Ctrl Pts',(136.009526510928,-59.8310738712516,-2.14652256085739));
#1904=CARTESIAN_POINT('Ctrl Pts',(136.547269532547,-60.292921601421,-2.10681549712616));
#1905=CARTESIAN_POINT('Ctrl Pts',(137.085012554166,-60.7547693315904,-2.06710843339494));
#1906=CARTESIAN_POINT('Ctrl Pts',(137.740431962064,-61.0795999849991,-2.02740136966372));
#1907=CARTESIAN_POINT('Ctrl Pts',(138.433616610845,-61.2278161717515,-1.9876943059325));
#1908=CARTESIAN_POINT('Ctrl Pts',(139.126801259625,-61.3760323585038,-1.94798724220128));
#1909=CARTESIAN_POINT('Ctrl Pts',(139.857751149288,-61.3476340785999,-1.90828017847005));
#1910=CARTESIAN_POINT('Ctrl Pts',(140.537341097483,-61.1460672025877,-1.86857311473883));
#1911=CARTESIAN_POINT('Ctrl Pts',(141.216931045678,-60.9445003265756,-1.82886605100761));
#1912=CARTESIAN_POINT('Ctrl Pts',(141.845161052406,-60.5697648544552,-1.78915898727639));
#1913=CARTESIAN_POINT('Ctrl Pts',(142.345439466129,-60.0675883122098,-1.74945192354516));
#1914=CARTESIAN_POINT('Ctrl Pts',(142.845717879853,-59.5654117699643,-1.70974485981394));
#1915=CARTESIAN_POINT('Ctrl Pts',(143.218044700573,-58.9357941575936,-1.67003779608272));
#1916=CARTESIAN_POINT('Ctrl Pts',(143.417003961787,-58.2554274226309,-1.6303307323515));
#1917=CARTESIAN_POINT('Ctrl Pts',(143.615963223001,-57.5750606876681,-1.59062366862028));
#1918=CARTESIAN_POINT('Ctrl Pts',(143.641554924708,-56.8439448301132,-1.55091660488905));
#1919=CARTESIAN_POINT('Ctrl Pts',(143.490668368636,-56.1514216143462,-1.51120954115783));
#1920=CARTESIAN_POINT('Ctrl Pts',(143.339781812564,-55.4588983985793,-1.47150247742661));
#1921=CARTESIAN_POINT('Ctrl Pts',(143.012416998712,-54.8049678246002,-1.43179541369539));
#1922=CARTESIAN_POINT('Ctrl Pts',(142.548399323265,-54.2688450923144,-1.39208834996417));
#1923=CARTESIAN_POINT('',(136.10140285623,-54.2686417243632,-1.39208834996417));
#1924=CARTESIAN_POINT('Origin',(139.325046539307,-57.0586776733398,-1.39208834996417));
#1925=CARTESIAN_POINT('Ctrl Pts',(136.10140285623,-54.2686417243632,-1.39208834996417));
#1926=CARTESIAN_POINT('Ctrl Pts',(136.541474543785,-53.7606641303048,-1.4297353936061));
#1927=CARTESIAN_POINT('Ctrl Pts',(137.103673588673,-53.3581952722539,-1.46738243724803));
#1928=CARTESIAN_POINT('Ctrl Pts',(137.726735968482,-53.1062395610196,-1.50502948088996));
#1929=CARTESIAN_POINT('Ctrl Pts',(138.383891889114,-52.8404970082025,-1.54473654462118));
#1930=CARTESIAN_POINT('Ctrl Pts',(139.108754180669,-52.7421902188111,-1.58444360835241));
#1931=CARTESIAN_POINT('Ctrl Pts',(139.812948976568,-52.8233110317624,-1.62415067208363));
#1932=CARTESIAN_POINT('Ctrl Pts',(140.517143772468,-52.9044318447136,-1.66385773581485));
#1933=CARTESIAN_POINT('Ctrl Pts',(141.200671072713,-53.1649802600074,-1.70356479954607));
#1934=CARTESIAN_POINT('Ctrl Pts',(141.780188628469,-53.5731861150502,-1.74327186327729));
#1935=CARTESIAN_POINT('Ctrl Pts',(142.359706184226,-53.9813919700931,-1.78297892700851));
#1936=CARTESIAN_POINT('Ctrl Pts',(142.835213995494,-54.537255264885,-1.82268599073973));
#1937=CARTESIAN_POINT('Ctrl Pts',(143.148736563681,-55.1730030966575,-1.86239305447096));
#1938=CARTESIAN_POINT('Ctrl Pts',(143.462259131869,-55.80875092843,-1.90210011820218));
#1939=CARTESIAN_POINT('Ctrl Pts',(143.613796456974,-56.5243832971831,-1.9418071819334));
#1940=CARTESIAN_POINT('Ctrl Pts',(143.584871666042,-57.2326455600648,-1.98151424566462));
#1941=CARTESIAN_POINT('Ctrl Pts',(143.555946875111,-57.9409078229464,-2.02122130939584));
#1942=CARTESIAN_POINT('Ctrl Pts',(143.346559968141,-58.6417999799566,-2.06092837312706));
#1943=CARTESIAN_POINT('Ctrl Pts',(142.982240879411,-59.2498654119854,-2.10063543685828));
#1944=CARTESIAN_POINT('Ctrl Pts',(142.617921790682,-59.8579308440143,-2.14034250058951));
#1945=CARTESIAN_POINT('Ctrl Pts',(142.098670520192,-60.3731695510618,-2.18004956432073));
#1946=CARTESIAN_POINT('Ctrl Pts',(141.487797104841,-60.7327604941766,-2.21975662805195));
#1947=CARTESIAN_POINT('Ctrl Pts',(140.87692368949,-61.0923514372913,-2.25946369178317));
#1948=CARTESIAN_POINT('Ctrl Pts',(140.174428129279,-61.2962946164734,-2.29917075551439));
#1949=CARTESIAN_POINT('Ctrl Pts',(139.465962851454,-61.3197241399779,-2.33887781924561));
#1950=CARTESIAN_POINT('Ctrl Pts',(138.75749757363,-61.3431536634824,-2.37858488297683));
#1951=CARTESIAN_POINT('Ctrl Pts',(138.043062578193,-61.1860695313095,-2.41829194670806));
#1952=CARTESIAN_POINT('Ctrl Pts',(137.409765938019,-60.8676243353246,-2.45799901043928));
#1953=CARTESIAN_POINT('Ctrl Pts',(136.776469297845,-60.5491791393398,-2.4977060741705));
#1954=CARTESIAN_POINT('Ctrl Pts',(136.224311012934,-60.0693728795431,-2.53741313790172));
#1955=CARTESIAN_POINT('Ctrl Pts',(135.820613466456,-59.4867063565319,-2.57712020163294));
#1956=CARTESIAN_POINT('Ctrl Pts',(135.416915919979,-58.9040398335207,-2.61682726536416));
#1957=CARTESIAN_POINT('Ctrl Pts',(135.161679111934,-58.2185130472952,-2.65653432909538));
#1958=CARTESIAN_POINT('Ctrl Pts',(135.086023003155,-57.5137094325247,-2.6962413928266));
#1959=CARTESIAN_POINT('Ctrl Pts',(135.069809291582,-57.3626643588351,-2.70475093540214));
#1960=CARTESIAN_POINT('Ctrl Pts',(135.061843350045,-57.2107339402864,-2.71326047797768));
#1961=CARTESIAN_POINT('Ctrl Pts',(135.062000460477,-57.0587871332474,-2.72177002055322));
#1962=CARTESIAN_POINT('Origin',(139.325046539307,-57.0586776733398,1.92025814566742));
#1963=CARTESIAN_POINT('',(134.225887429426,-57.0587993552503,-10.7044348455958));
#1964=CARTESIAN_POINT('',(134.226160424428,-57.0588067290331,-10.8297418543326));
#1965=CARTESIAN_POINT('',(134.226046539307,-57.0586776733398,1.92025814566742));
#1966=CARTESIAN_POINT('',(142.928264919463,-53.4508225896508,-11.3920883499642));
#1967=CARTESIAN_POINT('Ctrl Pts',(134.226160424428,-57.0588067290331,-10.8297418543326));
#1968=CARTESIAN_POINT('Ctrl Pts',(134.226742244783,-56.4474767320144,-10.8583624312849));
#1969=CARTESIAN_POINT('Ctrl Pts',(134.4894236409,-54.9875220704905,-10.9266900719684));
#1970=CARTESIAN_POINT('Ctrl Pts',(135.851549935742,-53.0351475852319,-11.0347247763832));
#1971=CARTESIAN_POINT('Ctrl Pts',(138.200288085151,-51.8635288250986,-11.1538459675768));
#1972=CARTESIAN_POINT('Ctrl Pts',(140.823638096499,-51.9588983121191,-11.2729671587705));
#1973=CARTESIAN_POINT('Ctrl Pts',(142.328190011503,-52.8515188793632,-11.3523812862329));
#1974=CARTESIAN_POINT('Ctrl Pts',(142.928264919463,-53.4508225896508,-11.3920883499642));
#1975=CARTESIAN_POINT('',(144.251569150041,-55.7420598258875,-11.3920883499642));
#1976=CARTESIAN_POINT('Origin',(139.325046539307,-57.0586776733398,-11.3920883499642));
#1977=CARTESIAN_POINT('Ctrl Pts',(134.225887429426,-57.0587993552503,-10.7044348455958));
#1978=CARTESIAN_POINT('Ctrl Pts',(134.226591816677,-56.3595343197825,-10.7371773818184));
#1979=CARTESIAN_POINT('Ctrl Pts',(134.547401254734,-54.8116401977406,-10.8096269817723));
#1980=CARTESIAN_POINT('Ctrl Pts',(136.064492016585,-52.8606874835584,-10.9217836454574));
#1981=CARTESIAN_POINT('Ctrl Pts',(138.470876852121,-51.812275928928,-11.040904836651));
#1982=CARTESIAN_POINT('Ctrl Pts',(141.085560306781,-52.043205647379,-11.1600260278447));
#1983=CARTESIAN_POINT('Ctrl Pts',(143.233129982735,-53.4720283518129,-11.2770871989491));
#1984=CARTESIAN_POINT('Ctrl Pts',(144.043644813228,-54.965524487196,-11.3544413063222));
#1985=CARTESIAN_POINT('Ctrl Pts',(144.251569150041,-55.7420598258875,-11.3920883499642));
#1986=CARTESIAN_POINT('Origin',(139.325046539307,-57.0586776733398,1.92025814566742));
#1987=CARTESIAN_POINT('',(134.226424120994,-57.0586143640136,-9.20443484559576));
#1988=CARTESIAN_POINT('',(134.226242852361,-57.0585579635678,-9.32974185433258));
#1989=CARTESIAN_POINT('',(134.226046539307,-57.0586776733398,1.92025814566742));
#1990=CARTESIAN_POINT('Ctrl Pts',(134.226242852361,-57.0585579635678,-9.32974185433258));
#1991=CARTESIAN_POINT('Ctrl Pts',(134.22601264559,-56.7930705351323,-9.342170602779));
#1992=CARTESIAN_POINT('Ctrl Pts',(134.311473818411,-55.6795571079129,-9.39430641495665));
#1993=CARTESIAN_POINT('Ctrl Pts',(135.110126692551,-53.8200374728738,-9.48614929086552));
#1994=CARTESIAN_POINT('Ctrl Pts',(137.173803429057,-52.1979685996995,-9.60527048205919));
#1995=CARTESIAN_POINT('Ctrl Pts',(139.762064463267,-51.7611919494438,-9.72439167325285));
#1996=CARTESIAN_POINT('Ctrl Pts',(142.243757965219,-52.6162162700918,-9.84351286444652));
#1997=CARTESIAN_POINT('Ctrl Pts',(144.013718611207,-54.5545423868333,-9.96263405564018));
#1998=CARTESIAN_POINT('Ctrl Pts',(144.640338717782,-57.1035062248221,-10.0817552468339));
#1999=CARTESIAN_POINT('Ctrl Pts',(143.970815359627,-59.6415384457093,-10.2008764380275));
#2000=CARTESIAN_POINT('Ctrl Pts',(142.168414120021,-61.5497358590202,-10.3199976292212));
#2001=CARTESIAN_POINT('Ctrl Pts',(139.672651102373,-62.3627805895004,-10.4391188204149));
#2002=CARTESIAN_POINT('Ctrl Pts',(137.092127837337,-61.8824117448009,-10.5582400116085));
#2003=CARTESIAN_POINT('Ctrl Pts',(135.056097523912,-60.2257649767829,-10.6773612028022));
#2004=CARTESIAN_POINT('Ctrl Pts',(134.300143462517,-58.3804114356067,-10.7678618170435));
#2005=CARTESIAN_POINT('Ctrl Pts',(134.225935050087,-57.295611945811,-10.8186553675537));
#2006=CARTESIAN_POINT('Ctrl Pts',(134.226160424428,-57.0588067290331,-10.8297418543326));
#2007=CARTESIAN_POINT('Ctrl Pts',(134.226424120994,-57.0586143640136,-9.20443484559576));
#2008=CARTESIAN_POINT('Ctrl Pts',(134.226269651605,-56.7050427500595,-9.22098555331253));
#2009=CARTESIAN_POINT('Ctrl Pts',(134.349485045492,-55.5033180450436,-9.27724332476052));
#2010=CARTESIAN_POINT('Ctrl Pts',(135.283460074161,-53.6061540679203,-9.37320815993973));
#2011=CARTESIAN_POINT('Ctrl Pts',(137.428351456506,-52.0931073975438,-9.49232935113339));
#2012=CARTESIAN_POINT('Ctrl Pts',(140.035755180912,-51.790923538332,-9.61145054232706));
#2013=CARTESIAN_POINT('Ctrl Pts',(142.469851387334,-52.7732905412036,-9.73057173352072));
#2014=CARTESIAN_POINT('Ctrl Pts',(144.137081547149,-54.8006565318701,-9.84969292471439));
#2015=CARTESIAN_POINT('Ctrl Pts',(144.630888737329,-57.3786448415938,-9.96881411590805));
#2016=CARTESIAN_POINT('Ctrl Pts',(143.830857218192,-59.878608612306,-10.0879353071017));
#2017=CARTESIAN_POINT('Ctrl Pts',(141.932076069125,-61.6909273911286,-10.2070564982954));
#2018=CARTESIAN_POINT('Ctrl Pts',(139.397566271308,-62.3736641598327,-10.326177689489));
#2019=CARTESIAN_POINT('Ctrl Pts',(136.845372489687,-61.7603323497655,-10.4452988806827));
#2020=CARTESIAN_POINT('Ctrl Pts',(134.897851302962,-60.0004940569091,-10.5644200718764));
#2021=CARTESIAN_POINT('Ctrl Pts',(134.268478518158,-58.2041917658752,-10.6507987268474));
#2022=CARTESIAN_POINT('Ctrl Pts',(134.225737602169,-57.2075370871774,-10.6974703180872));
#2023=CARTESIAN_POINT('Ctrl Pts',(134.225887429426,-57.0587993552503,-10.7044348455958));
#2024=CARTESIAN_POINT('Origin',(139.325046539307,-57.0586776733398,1.92025814566742));
#2025=CARTESIAN_POINT('',(134.225597457696,-57.0586695124759,-7.70443484559575));
#2026=CARTESIAN_POINT('',(134.225698678683,-57.0587566241305,-7.82974185433258));
#2027=CARTESIAN_POINT('',(134.226046539307,-57.0586776733398,1.92025814566742));
#2028=CARTESIAN_POINT('Ctrl Pts',(134.225698678683,-57.0587566241305,-7.82974185433258));
#2029=CARTESIAN_POINT('Ctrl Pts',(134.22626884697,-56.2912021387504,-7.86568583800435));
#2030=CARTESIAN_POINT('Ctrl Pts',(134.596133447935,-54.6752047885138,-7.94133688540733));
#2031=CARTESIAN_POINT('Ctrl Pts',(136.235971467964,-52.7329459608838,-8.05669499654154));
#2032=CARTESIAN_POINT('Ctrl Pts',(138.682578647584,-51.7821660745051,-8.17581618773521));
#2033=CARTESIAN_POINT('Ctrl Pts',(141.285852722275,-52.1180725730139,-8.29493737892887));
#2034=CARTESIAN_POINT('Ctrl Pts',(143.41098085305,-53.6587540817979,-8.41405857012253));
#2035=CARTESIAN_POINT('Ctrl Pts',(144.539746907743,-56.028512777838,-8.5331797613162));
#2036=CARTESIAN_POINT('Ctrl Pts',(144.396899351897,-58.6494789469267,-8.65230095250987));
#2037=CARTESIAN_POINT('Ctrl Pts',(143.017271806455,-60.8825255025555,-8.77142214370353));
#2038=CARTESIAN_POINT('Ctrl Pts',(140.737288809919,-62.1831202199822,-8.8905433348972));
#2039=CARTESIAN_POINT('Ctrl Pts',(138.112928118272,-62.234110851142,-9.00966452609086));
#2040=CARTESIAN_POINT('Ctrl Pts',(135.784144578668,-61.0230632434881,-9.12878571728453));
#2041=CARTESIAN_POINT('Ctrl Pts',(134.471704034538,-59.07251541107,-9.23547816003176));
#2042=CARTESIAN_POINT('Ctrl Pts',(134.226748104591,-57.6412433247068,-9.30246353904778));
#2043=CARTESIAN_POINT('Ctrl Pts',(134.226242852361,-57.0585579635678,-9.32974185433258));
#2044=CARTESIAN_POINT('Ctrl Pts',(134.2255979716,-57.0586695218147,-7.70443484559575));
#2045=CARTESIAN_POINT('Ctrl Pts',(134.225597255599,-57.0510063880362,-7.70479372480664));
#2046=CARTESIAN_POINT('Ctrl Pts',(134.227485344341,-56.1954802270699,-7.74485966774875));
#2047=CARTESIAN_POINT('Ctrl Pts',(134.669178456111,-54.4940660472068,-7.82463267442208));
#2048=CARTESIAN_POINT('Ctrl Pts',(136.464078921417,-52.5788110804152,-7.94375386561574));
#2049=CARTESIAN_POINT('Ctrl Pts',(138.956631237305,-51.7559792502474,-8.06287505680941));
#2050=CARTESIAN_POINT('Ctrl Pts',(141.539022255182,-52.2262195068855,-8.18199624800307));
#2051=CARTESIAN_POINT('Ctrl Pts',(143.581531505203,-53.874862958864,-8.30111743919674));
#2052=CARTESIAN_POINT('Ctrl Pts',(144.586089610701,-56.2998850785266,-8.4202386303904));
#2053=CARTESIAN_POINT('Ctrl Pts',(144.307733358205,-58.9099400712175,-8.53935982158407));
#2054=CARTESIAN_POINT('Ctrl Pts',(142.814340396331,-61.068561559483,-8.65848101277774));
#2055=CARTESIAN_POINT('Ctrl Pts',(140.470077154992,-62.2493659986161,-8.7776022039714));
#2056=CARTESIAN_POINT('Ctrl Pts',(137.846596238129,-62.1644122050185,-8.89672339516507));
#2057=CARTESIAN_POINT('Ctrl Pts',(135.583637957798,-60.8344163066659,-9.01584458635873));
#2058=CARTESIAN_POINT('Ctrl Pts',(134.420682339903,-58.8964147702519,-9.11841506983563));
#2059=CARTESIAN_POINT('Ctrl Pts',(134.226640241552,-57.5533019815727,-9.1812784895813));
#2060=CARTESIAN_POINT('Ctrl Pts',(134.226424120994,-57.0586143640136,-9.20443484559576));
#2061=CARTESIAN_POINT('Origin',(139.325046539307,-57.0586776733398,1.92025814566742));
#2062=CARTESIAN_POINT('',(134.226401369169,-57.0587532392815,-6.20443484559575));
#2063=CARTESIAN_POINT('',(134.226472392115,-57.0586756506286,-6.32974185433258));
#2064=CARTESIAN_POINT('',(134.226046539307,-57.0586776733398,1.92025814566742));
#2065=CARTESIAN_POINT('Ctrl Pts',(134.226472392115,-57.0586756506286,-6.32974185433258));
#2066=CARTESIAN_POINT('Ctrl Pts',(134.226466569876,-56.6367003304984,-6.34949400949846));
#2067=CARTESIAN_POINT('Ctrl Pts',(134.382388859435,-55.3664470731694,-6.40895322839557));
#2068=CARTESIAN_POINT('Ctrl Pts',(135.425589883419,-53.4463962012797,-6.5081195110239));
#2069=CARTESIAN_POINT('Ctrl Pts',(137.629600037,-52.0208407563335,-6.62724070221756));
#2070=CARTESIAN_POINT('Ctrl Pts',(140.247047722171,-51.8237704665853,-6.74636189341122));
#2071=CARTESIAN_POINT('Ctrl Pts',(142.639663840762,-52.9032412595044,-6.86548308460489));
#2072=CARTESIAN_POINT('Ctrl Pts',(144.224004856946,-54.9960223345674,-6.98460427579856));
#2073=CARTESIAN_POINT('Ctrl Pts',(144.613726502099,-57.5917854445227,-7.10372546699222));
#2074=CARTESIAN_POINT('Ctrl Pts',(143.713794485984,-60.0575493119841,-7.22284665818589));
#2075=CARTESIAN_POINT('Ctrl Pts',(141.743658771096,-61.7920331973599,-7.34196784937956));
#2076=CARTESIAN_POINT('Ctrl Pts',(139.183740323682,-62.3722802363812,-7.46108904057321));
#2077=CARTESIAN_POINT('Ctrl Pts',(136.658279638814,-61.6567961954062,-7.58021023176689));
#2078=CARTESIAN_POINT('Ctrl Pts',(134.783114627187,-59.8200530824808,-7.69933142296054));
#2079=CARTESIAN_POINT('Ctrl Pts',(134.247127555567,-58.0673516993051,-7.78250863048244));
#2080=CARTESIAN_POINT('Ctrl Pts',(134.225638986109,-57.139114132771,-7.82597877427312));
#2081=CARTESIAN_POINT('Ctrl Pts',(134.225698678683,-57.0587566241305,-7.82974185433258));
#2082=CARTESIAN_POINT('Ctrl Pts',(134.226401369169,-57.0587532392815,-6.20443484559575));
#2083=CARTESIAN_POINT('Ctrl Pts',(134.226668825599,-56.5487387126093,-6.22830896003198));
#2084=CARTESIAN_POINT('Ctrl Pts',(134.42919728186,-55.1902680543842,-6.29189013819943));
#2085=CARTESIAN_POINT('Ctrl Pts',(135.617845404798,-53.2493470038769,-6.3951783800981));
#2086=CARTESIAN_POINT('Ctrl Pts',(137.892707528697,-51.9398159483368,-6.51429957129176));
#2087=CARTESIAN_POINT('Ctrl Pts',(140.516847971988,-51.8785280861103,-6.63342076248543));
#2088=CARTESIAN_POINT('Ctrl Pts',(142.85036559598,-53.0804285673045,-6.75254195367909));
#2089=CARTESIAN_POINT('Ctrl Pts',(144.324228133909,-55.2524319023538,-6.87166314487276));
#2090=CARTESIAN_POINT('Ctrl Pts',(144.579031683172,-57.8648913603087,-6.99078433606642));
#2091=CARTESIAN_POINT('Ctrl Pts',(143.552641962149,-60.2807542307449,-7.10990552726009));
#2092=CARTESIAN_POINT('Ctrl Pts',(141.495345861125,-61.9109082176083,-7.22902671845375));
#2093=CARTESIAN_POINT('Ctrl Pts',(138.908818555695,-62.3578374809579,-7.34814790964742));
#2094=CARTESIAN_POINT('Ctrl Pts',(136.423789156502,-61.5125575549419,-7.46726910084108));
#2095=CARTESIAN_POINT('Ctrl Pts',(134.651591611166,-59.5870100685323,-7.58603141282386));
#2096=CARTESIAN_POINT('Ctrl Pts',(134.225676475269,-57.8988697696218,-7.66508666107542));
#2097=CARTESIAN_POINT('Ctrl Pts',(134.2255979716,-57.0586695218147,-7.70443484559575));
#2098=CARTESIAN_POINT('Origin',(139.325046539307,-57.0586776733398,1.92025814566742));
#2099=CARTESIAN_POINT('',(134.22593538197,-57.0585507208028,-4.70443484559575));
#2100=CARTESIAN_POINT('',(134.225689009818,-57.0586023675983,-4.82974185433257));
#2101=CARTESIAN_POINT('',(134.226046539307,-57.0586776733398,1.92025814566742));
#2102=CARTESIAN_POINT('Ctrl Pts',(134.225689009818,-57.0586023675983,-4.82974185433257));
#2103=CARTESIAN_POINT('Ctrl Pts',(134.225634614562,-56.9825749106106,-4.83330218099258));
#2104=CARTESIAN_POINT('Ctrl Pts',(134.245869702157,-56.0586690936088,-4.8765695713838));
#2105=CARTESIAN_POINT('Ctrl Pts',(134.776093739534,-54.3088834865014,-4.95954402550625));
#2106=CARTESIAN_POINT('Ctrl Pts',(136.646572879071,-52.4673686556459,-5.07866521669992));
#2107=CARTESIAN_POINT('Ctrl Pts',(139.170202405252,-51.745452387444,-5.19778640789358));
#2108=CARTESIAN_POINT('Ctrl Pts',(141.73159093856,-52.3191751995608,-5.31690759908725));
#2109=CARTESIAN_POINT('Ctrl Pts',(143.706139500961,-54.0486338022521,-5.43602879028091));
#2110=CARTESIAN_POINT('Ctrl Pts',(144.61235104579,-56.5120967550334,-5.55514998147458));
#2111=CARTESIAN_POINT('Ctrl Pts',(144.229244336726,-59.1088444002958,-5.67427117266824));
#2112=CARTESIAN_POINT('Ctrl Pts',(142.650240600519,-61.2056553800334,-5.79339236386191));
#2113=CARTESIAN_POINT('Ctrl Pts',(140.260382600934,-62.291218747842,-5.91251355505557));
#2114=CARTESIAN_POINT('Ctrl Pts',(137.642441301759,-62.1008180183831,-6.03163474624924));
#2115=CARTESIAN_POINT('Ctrl Pts',(135.434806169782,-60.6808827354332,-6.1507559374429));
#2116=CARTESIAN_POINT('Ctrl Pts',(134.384573585542,-58.7595757874496,-6.25012497347068));
#2117=CARTESIAN_POINT('Ctrl Pts',(134.226478274119,-57.484982494581,-6.30978694576724));
#2118=CARTESIAN_POINT('Ctrl Pts',(134.226472392115,-57.0586756506286,-6.32974185433258));
#2119=CARTESIAN_POINT('Ctrl Pts',(134.22593538197,-57.0585507208028,-4.70443484559575));
#2120=CARTESIAN_POINT('Ctrl Pts',(134.225766848924,-56.8944797461453,-4.7121171315261));
#2121=CARTESIAN_POINT('Ctrl Pts',(134.273651902545,-55.8824809354535,-4.75950648118766));
#2122=CARTESIAN_POINT('Ctrl Pts',(134.924565168795,-54.0770499117314,-4.84660289458045));
#2123=CARTESIAN_POINT('Ctrl Pts',(136.887879871983,-52.334848819888,-4.96572408577412));
#2124=CARTESIAN_POINT('Ctrl Pts',(139.445501838561,-51.7445614794749,-5.08484527696778));
#2125=CARTESIAN_POINT('Ctrl Pts',(141.973750574239,-52.4501304688136,-5.20396646816145));
#2126=CARTESIAN_POINT('Ctrl Pts',(143.85610829736,-54.2795015821707,-5.32308765935511));
#2127=CARTESIAN_POINT('Ctrl Pts',(144.633558855211,-56.7865795423209,-5.44220885054878));
#2128=CARTESIAN_POINT('Ctrl Pts',(144.116519598544,-59.3600090974554,-5.56133004174244));
#2129=CARTESIAN_POINT('Ctrl Pts',(142.431071435082,-61.3722550457579,-5.68045123293611));
#2130=CARTESIAN_POINT('Ctrl Pts',(139.988213784376,-62.3326277684852,-5.79957242412978));
#2131=CARTESIAN_POINT('Ctrl Pts',(137.383641665852,-62.0069387333834,-5.91869361532344));
#2132=CARTESIAN_POINT('Ctrl Pts',(135.252484448716,-60.474607769126,-6.0378148065171));
#2133=CARTESIAN_POINT('Ctrl Pts',(134.342516169779,-58.5833490360888,-6.13306188327454));
#2134=CARTESIAN_POINT('Ctrl Pts',(134.226223996136,-57.3969871101997,-6.18860189630076));
#2135=CARTESIAN_POINT('Ctrl Pts',(134.226401369169,-57.0587532392815,-6.20443484559575));
#2136=CARTESIAN_POINT('Origin',(139.325046539307,-57.0586776733398,1.92025814566742));
#2137=CARTESIAN_POINT('',(134.225991424141,-57.0588085989952,-3.20443484559575));
#2138=CARTESIAN_POINT('',(134.22625431668,-57.0587955417164,-3.32974185433257));
#2139=CARTESIAN_POINT('',(134.226046539307,-57.0586776733398,1.92025814566742));
#2140=CARTESIAN_POINT('Ctrl Pts',(134.22625431668,-57.0587955417164,-3.32974185433257));
#2141=CARTESIAN_POINT('Ctrl Pts',(134.226746459501,-56.4804374159339,-3.35681741621792));
#2142=CARTESIAN_POINT('Ctrl Pts',(134.469073437126,-55.0534990918237,-3.42360004183448));
#2143=CARTESIAN_POINT('Ctrl Pts',(135.774055326239,-53.1033267345375,-3.53008973118227));
#2144=CARTESIAN_POINT('Ctrl Pts',(138.099745713449,-51.8863496161902,-3.64921092237594));
#2145=CARTESIAN_POINT('Ctrl Pts',(140.724227804332,-51.9306535478019,-3.7683321135696));
#2146=CARTESIAN_POINT('Ctrl Pts',(143.007517148834,-53.2254349397637,-3.88745330476326));
#2147=CARTESIAN_POINT('Ctrl Pts',(144.392829732123,-55.4549591334648,-4.00657449595693));
#2148=CARTESIAN_POINT('Ctrl Pts',(144.5423547096,-58.0755528381069,-4.1256956871506));
#2149=CARTESIAN_POINT('Ctrl Pts',(143.419630159575,-60.4481797932934,-4.24481687834426));
#2150=CARTESIAN_POINT('Ctrl Pts',(141.298434385275,-61.9942708549057,-4.36393806953792));
#2151=CARTESIAN_POINT('Ctrl Pts',(138.696024606997,-62.3368090712123,-4.48305926073159));
#2152=CARTESIAN_POINT('Ctrl Pts',(136.247002903575,-61.392265911863,-4.60218045192525));
#2153=CARTESIAN_POINT('Ctrl Pts',(134.59933071265,-59.4507851258699,-4.71774131645892));
#2154=CARTESIAN_POINT('Ctrl Pts',(134.226241265609,-57.8304822427798,-4.79359511726136));
#2155=CARTESIAN_POINT('Ctrl Pts',(134.225689009818,-57.0586023675983,-4.82974185433257));
#2156=CARTESIAN_POINT('Ctrl Pts',(134.225991424141,-57.0588085989952,-3.20443484559575));
#2157=CARTESIAN_POINT('Ctrl Pts',(134.22668037552,-56.3925004418245,-3.23563236675144));
#2158=CARTESIAN_POINT('Ctrl Pts',(134.525050976099,-54.877540823405,-3.30653695163834));
#2159=CARTESIAN_POINT('Ctrl Pts',(135.983605874453,-52.9247794313304,-3.41714860025647));
#2160=CARTESIAN_POINT('Ctrl Pts',(138.369185908905,-51.8298469379167,-3.53626979145014));
#2161=CARTESIAN_POINT('Ctrl Pts',(140.987854195392,-52.0099737704545,-3.6553909826438));
#2162=CARTESIAN_POINT('Ctrl Pts',(143.201043988243,-53.4212356907336,-3.77451217383747));
#2163=CARTESIAN_POINT('Ctrl Pts',(144.469065169102,-55.7194940647396,-3.89363336503113));
#2164=CARTESIAN_POINT('Ctrl Pts',(144.482708602234,-58.3443146537885,-4.0127545562248));
#2165=CARTESIAN_POINT('Ctrl Pts',(143.238647313292,-60.6556304646573,-4.13187574741846));
#2166=CARTESIAN_POINT('Ctrl Pts',(141.040247776895,-62.0898231806329,-4.25099693861213));
#2167=CARTESIAN_POINT('Ctrl Pts',(138.423593482909,-62.2971624531343,-4.37011812980579));
#2168=CARTESIAN_POINT('Ctrl Pts',(136.026760059688,-61.2270882456536,-4.48923932099946));
#2169=CARTESIAN_POINT('Ctrl Pts',(134.536924527781,-59.2751042906145,-4.60067822626278));
#2170=CARTESIAN_POINT('Ctrl Pts',(134.226637937613,-57.7425055429249,-4.67241006779487));
#2171=CARTESIAN_POINT('Ctrl Pts',(134.22593538197,-57.0585507208028,-4.70443484559575));
#2172=CARTESIAN_POINT('Origin',(139.325046539307,-57.0586776733398,1.92025814566742));
#2173=CARTESIAN_POINT('',(134.226364399343,-57.0585674375668,-1.70443484559575));
#2174=CARTESIAN_POINT('',(134.226149201305,-57.0585477123063,-1.82974185433257));
#2175=CARTESIAN_POINT('',(134.226046539307,-57.0586776733398,1.92025814566742));
#2176=CARTESIAN_POINT('',(138.002161573738,-61.9830838677831,-1.39208834996417));
#2177=CARTESIAN_POINT('Ctrl Pts',(138.002161573738,-61.9830838677831,-1.39208834996417));
#2178=CARTESIAN_POINT('Ctrl Pts',(137.183111882066,-61.7630556084594,-1.43179541369539));
#2179=CARTESIAN_POINT('Ctrl Pts',(135.657803997769,-60.9063848787256,-1.51120954115783));
#2180=CARTESIAN_POINT('Ctrl Pts',(134.439172241422,-58.9623653221162,-1.61532503970169));
#2181=CARTESIAN_POINT('Ctrl Pts',(134.226682854115,-57.586231774448,-1.67973347451433));
#2182=CARTESIAN_POINT('Ctrl Pts',(134.226364399343,-57.0585674375668,-1.70443484559575));
#2183=CARTESIAN_POINT('',(140.648083340899,-61.9834802521494,-1.39208834996417));
#2184=CARTESIAN_POINT('Origin',(139.325046539307,-57.0586776733398,-1.39208834996417));
#2185=CARTESIAN_POINT('Ctrl Pts',(140.648083340899,-61.9834802521494,-1.39208834996417));
#2186=CARTESIAN_POINT('Ctrl Pts',(139.871621839934,-62.1916801735636,-1.4297353936061));
#2187=CARTESIAN_POINT('Ctrl Pts',(138.172958864225,-62.2365017861858,-1.50708950097925));
#2188=CARTESIAN_POINT('Ctrl Pts',(135.86177728031,-61.0910632852771,-1.62415067208363));
#2189=CARTESIAN_POINT('Ctrl Pts',(134.492164884575,-59.138485779859,-1.73238812989783));
#2190=CARTESIAN_POINT('Ctrl Pts',(134.226745209766,-57.6742029838893,-1.80091852398081));
#2191=CARTESIAN_POINT('Ctrl Pts',(134.226149201305,-57.0585477123063,-1.82974185433257));
#2192=CARTESIAN_POINT('Origin',(197.499999999998,-17.6139896755336,-1.39208834996417));
#2193=CARTESIAN_POINT('',(197.499999999998,-17.6139896755336,-1.39208834996417));
#2194=CARTESIAN_POINT('',(197.499999999998,-27.6139896755336,-1.39208834996417));
#2195=CARTESIAN_POINT('',(197.499999999998,-20.1139896755336,-1.39208834996417));
#2196=CARTESIAN_POINT('',(197.499999999998,-17.6139896755336,-11.3920883499642));
#2197=CARTESIAN_POINT('',(197.499999999998,-17.6139896755336,-1.39208834996417));
#2198=CARTESIAN_POINT('',(197.499999999998,-27.6139896755336,-11.3920883499642));
#2199=CARTESIAN_POINT('',(197.499999999998,-20.1139896755336,-11.3920883499642));
#2200=CARTESIAN_POINT('',(197.499999999998,-27.6139896755336,-1.39208834996417));
#2201=CARTESIAN_POINT('Origin',(191.499999999998,-17.6139896755336,-1.39208834996417));
#2202=CARTESIAN_POINT('',(191.499999999998,-11.6139896755335,-1.39208834996417));
#2203=CARTESIAN_POINT('Origin',(191.499999999998,-17.6139896755336,-1.39208834996417));
#2204=CARTESIAN_POINT('',(191.499999999998,-11.6139896755335,-11.3920883499642));
#2205=CARTESIAN_POINT('',(191.499999999998,-11.6139896755335,-1.39208834996417));
#2206=CARTESIAN_POINT('Origin',(191.499999999998,-17.6139896755336,-11.3920883499642));
#2207=CARTESIAN_POINT('Origin',(168.499999999998,-11.6139896755335,-1.39208834996417));
#2208=CARTESIAN_POINT('',(168.499999999998,-11.6139896755335,-1.39208834996417));
#2209=CARTESIAN_POINT('',(154.249999999998,-11.6139896755335,-1.39208834996417));
#2210=CARTESIAN_POINT('',(168.499999999998,-11.6139896755335,-11.3920883499642));
#2211=CARTESIAN_POINT('',(168.499999999998,-11.6139896755335,-1.39208834996417));
#2212=CARTESIAN_POINT('',(154.249999999998,-11.6139896755335,-11.3920883499642));
#2213=CARTESIAN_POINT('Origin',(168.499999999998,-17.6139896755336,-1.39208834996417));
#2214=CARTESIAN_POINT('',(162.499999999998,-17.6139896755335,-1.39208834996417));
#2215=CARTESIAN_POINT('Origin',(168.499999999998,-17.6139896755336,-1.39208834996417));
#2216=CARTESIAN_POINT('',(162.499999999998,-17.6139896755335,-11.3920883499642));
#2217=CARTESIAN_POINT('',(162.499999999998,-17.6139896755335,-1.39208834996417));
#2218=CARTESIAN_POINT('Origin',(168.499999999998,-17.6139896755336,-11.3920883499642));
#2219=CARTESIAN_POINT('Origin',(162.499999999998,-27.6139896755336,-1.39208834996417));
#2220=CARTESIAN_POINT('',(162.499999999998,-27.6139896755336,-1.39208834996417));
#2221=CARTESIAN_POINT('',(162.499999999998,-25.1139896755336,-1.39208834996417));
#2222=CARTESIAN_POINT('',(162.499999999998,-27.6139896755336,-11.3920883499642));
#2223=CARTESIAN_POINT('',(162.499999999998,-27.6139896755336,-1.39208834996417));
#2224=CARTESIAN_POINT('',(162.499999999998,-25.1139896755336,-11.3920883499642));
#2225=CARTESIAN_POINT('Origin',(168.499999999998,-27.6139896755336,-1.39208834996417));
#2226=CARTESIAN_POINT('',(168.499999999998,-33.6139896755337,-1.39208834996417));
#2227=CARTESIAN_POINT('Origin',(168.499999999998,-27.6139896755336,-1.39208834996417));
#2228=CARTESIAN_POINT('',(168.499999999998,-33.6139896755337,-11.3920883499642));
#2229=CARTESIAN_POINT('',(168.499999999998,-33.6139896755337,-1.39208834996417));
#2230=CARTESIAN_POINT('Origin',(168.499999999998,-27.6139896755336,-11.3920883499642));
#2231=CARTESIAN_POINT('Origin',(191.499999999998,-33.6139896755337,-1.39208834996417));
#2232=CARTESIAN_POINT('',(191.499999999998,-33.6139896755337,-1.39208834996417));
#2233=CARTESIAN_POINT('',(165.749999999998,-33.6139896755337,-1.39208834996417));
#2234=CARTESIAN_POINT('',(191.499999999998,-33.6139896755337,-11.3920883499642));
#2235=CARTESIAN_POINT('',(191.499999999998,-33.6139896755337,-1.39208834996417));
#2236=CARTESIAN_POINT('',(165.749999999998,-33.6139896755337,-11.3920883499642));
#2237=CARTESIAN_POINT('Origin',(191.499999999998,-27.6139896755336,-1.39208834996417));
#2238=CARTESIAN_POINT('Origin',(191.499999999998,-27.6139896755336,-1.39208834996417));
#2239=CARTESIAN_POINT('Origin',(191.499999999998,-27.6139896755336,-11.3920883499642));
#2240=CARTESIAN_POINT('Origin',(139.999999999998,-22.6139896755336,-8.39208834996513));
#2241=CARTESIAN_POINT('',(151.099999999998,-22.6139896755336,-1.39208834996513));
#2242=CARTESIAN_POINT('Origin',(139.999999999998,-22.6139896755336,-1.39208834996513));
#2243=CARTESIAN_POINT('',(151.099999999998,-22.6139896755336,-8.39208834996513));
#2244=CARTESIAN_POINT('',(151.099999999998,-22.6139896755336,-8.39208834996513));
#2245=CARTESIAN_POINT('Origin',(139.999999999998,-22.6139896755336,-8.39208834996513));
#2246=CARTESIAN_POINT('Origin',(192.499999999998,-38.1139896755336,-1.39208834996417));
#2247=CARTESIAN_POINT('',(192.499999999998,-39.7139896755336,-1.39208834996417));
#2248=CARTESIAN_POINT('',(192.499999999998,-36.5139896755336,-1.39208834996417));
#2249=CARTESIAN_POINT('Origin',(192.499999999998,-38.1139896755336,-1.39208834996417));
#2250=CARTESIAN_POINT('',(192.499999999998,-39.7139896755336,-11.3920883499642));
#2251=CARTESIAN_POINT('',(192.499999999998,-39.7139896755336,-1.39208834996417));
#2252=CARTESIAN_POINT('',(192.499999999998,-36.5139896755336,-11.3920883499642));
#2253=CARTESIAN_POINT('Origin',(192.499999999998,-38.1139896755336,-11.3920883499642));
#2254=CARTESIAN_POINT('',(192.499999999998,-36.5139896755336,-1.39208834996417));
#2255=CARTESIAN_POINT('Origin',(198.499999999998,-39.7139896755336,-1.39208834996417));
#2256=CARTESIAN_POINT('',(198.499999999998,-39.7139896755336,-1.39208834996417));
#2257=CARTESIAN_POINT('',(169.249999999998,-39.7139896755336,-1.39208834996417));
#2258=CARTESIAN_POINT('',(198.499999999998,-39.7139896755336,-11.3920883499642));
#2259=CARTESIAN_POINT('',(198.499999999998,-39.7139896755336,-1.39208834996417));
#2260=CARTESIAN_POINT('',(169.249999999998,-39.7139896755336,-11.3920883499642));
#2261=CARTESIAN_POINT('Origin',(198.499999999998,-38.1139896755336,-1.39208834996417));
#2262=CARTESIAN_POINT('',(198.499999999998,-36.5139896755336,-1.39208834996417));
#2263=CARTESIAN_POINT('Origin',(198.499999999998,-38.1139896755336,-1.39208834996417));
#2264=CARTESIAN_POINT('',(198.499999999998,-36.5139896755336,-11.3920883499642));
#2265=CARTESIAN_POINT('',(198.499999999998,-36.5139896755336,-1.39208834996417));
#2266=CARTESIAN_POINT('Origin',(198.499999999998,-38.1139896755336,-11.3920883499642));
#2267=CARTESIAN_POINT('Origin',(192.499999999998,-36.5139896755336,-1.39208834996417));
#2268=CARTESIAN_POINT('',(166.249999999998,-36.5139896755336,-1.39208834996417));
#2269=CARTESIAN_POINT('',(166.249999999998,-36.5139896755336,-11.3920883499642));
#2270=CARTESIAN_POINT('Origin',(161.499999999998,-38.1139896755336,-1.39208834996417));
#2271=CARTESIAN_POINT('',(161.499999999998,-39.7139896755336,-1.39208834996417));
#2272=CARTESIAN_POINT('',(161.499999999998,-36.5139896755336,-1.39208834996417));
#2273=CARTESIAN_POINT('Origin',(161.499999999998,-38.1139896755336,-1.39208834996417));
#2274=CARTESIAN_POINT('',(161.499999999998,-39.7139896755336,-11.3920883499642));
#2275=CARTESIAN_POINT('',(161.499999999998,-39.7139896755336,-1.39208834996417));
#2276=CARTESIAN_POINT('',(161.499999999998,-36.5139896755336,-11.3920883499642));
#2277=CARTESIAN_POINT('Origin',(161.499999999998,-38.1139896755336,-11.3920883499642));
#2278=CARTESIAN_POINT('',(161.499999999998,-36.5139896755336,-1.39208834996417));
#2279=CARTESIAN_POINT('Origin',(167.499999999998,-39.7139896755336,-1.39208834996417));
#2280=CARTESIAN_POINT('',(167.499999999998,-39.7139896755336,-1.39208834996417));
#2281=CARTESIAN_POINT('',(153.749999999998,-39.7139896755336,-1.39208834996417));
#2282=CARTESIAN_POINT('',(167.499999999998,-39.7139896755336,-11.3920883499642));
#2283=CARTESIAN_POINT('',(167.499999999998,-39.7139896755336,-1.39208834996417));
#2284=CARTESIAN_POINT('',(153.749999999998,-39.7139896755336,-11.3920883499642));
#2285=CARTESIAN_POINT('Origin',(167.499999999998,-38.1139896755336,-1.39208834996417));
#2286=CARTESIAN_POINT('',(167.499999999998,-36.5139896755336,-1.39208834996417));
#2287=CARTESIAN_POINT('Origin',(167.499999999998,-38.1139896755336,-1.39208834996417));
#2288=CARTESIAN_POINT('',(167.499999999998,-36.5139896755336,-11.3920883499642));
#2289=CARTESIAN_POINT('',(167.499999999998,-36.5139896755336,-1.39208834996417));
#2290=CARTESIAN_POINT('Origin',(167.499999999998,-38.1139896755336,-11.3920883499642));
#2291=CARTESIAN_POINT('Origin',(161.499999999998,-36.5139896755336,-1.39208834996417));
#2292=CARTESIAN_POINT('',(150.749999999998,-36.5139896755336,-1.39208834996417));
#2293=CARTESIAN_POINT('',(150.749999999998,-36.5139896755336,-11.3920883499642));
#2294=CARTESIAN_POINT('Origin',(192.499999999998,-7.1139896755336,-1.39208834996417));
#2295=CARTESIAN_POINT('',(192.499999999998,-8.7139896755336,-1.39208834996417));
#2296=CARTESIAN_POINT('',(192.499999999998,-5.5139896755336,-1.39208834996417));
#2297=CARTESIAN_POINT('Origin',(192.499999999998,-7.1139896755336,-1.39208834996417));
#2298=CARTESIAN_POINT('',(192.499999999998,-8.7139896755336,-11.3920883499642));
#2299=CARTESIAN_POINT('',(192.499999999998,-8.7139896755336,-1.39208834996417));
#2300=CARTESIAN_POINT('',(192.499999999998,-5.5139896755336,-11.3920883499642));
#2301=CARTESIAN_POINT('Origin',(192.499999999998,-7.1139896755336,-11.3920883499642));
#2302=CARTESIAN_POINT('',(192.499999999998,-5.5139896755336,-1.39208834996417));
#2303=CARTESIAN_POINT('Origin',(198.499999999998,-8.7139896755336,-1.39208834996417));
#2304=CARTESIAN_POINT('',(198.499999999998,-8.7139896755336,-1.39208834996417));
#2305=CARTESIAN_POINT('',(169.249999999998,-8.7139896755336,-1.39208834996417));
#2306=CARTESIAN_POINT('',(198.499999999998,-8.7139896755336,-11.3920883499642));
#2307=CARTESIAN_POINT('',(198.499999999998,-8.7139896755336,-1.39208834996417));
#2308=CARTESIAN_POINT('',(169.249999999998,-8.7139896755336,-11.3920883499642));
#2309=CARTESIAN_POINT('Origin',(198.499999999998,-7.1139896755336,-1.39208834996417));
#2310=CARTESIAN_POINT('',(198.499999999998,-5.5139896755336,-1.39208834996417));
#2311=CARTESIAN_POINT('Origin',(198.499999999998,-7.1139896755336,-1.39208834996417));
#2312=CARTESIAN_POINT('',(198.499999999998,-5.5139896755336,-11.3920883499642));
#2313=CARTESIAN_POINT('',(198.499999999998,-5.5139896755336,-1.39208834996417));
#2314=CARTESIAN_POINT('Origin',(198.499999999998,-7.1139896755336,-11.3920883499642));
#2315=CARTESIAN_POINT('Origin',(192.499999999998,-5.5139896755336,-1.39208834996417));
#2316=CARTESIAN_POINT('',(166.249999999998,-5.5139896755336,-1.39208834996417));
#2317=CARTESIAN_POINT('',(166.249999999998,-5.5139896755336,-11.3920883499642));
#2318=CARTESIAN_POINT('Origin',(161.499999999998,-5.5139896755336,-1.39208834996417));
#2319=CARTESIAN_POINT('',(161.499999999998,-5.5139896755336,-1.39208834996417));
#2320=CARTESIAN_POINT('',(167.499999999998,-5.5139896755336,-1.39208834996417));
#2321=CARTESIAN_POINT('',(150.749999999998,-5.5139896755336,-1.39208834996417));
#2322=CARTESIAN_POINT('',(161.499999999998,-5.5139896755336,-11.3920883499642));
#2323=CARTESIAN_POINT('',(161.499999999998,-5.5139896755336,-1.39208834996417));
#2324=CARTESIAN_POINT('',(167.499999999998,-5.5139896755336,-11.3920883499642));
#2325=CARTESIAN_POINT('',(150.749999999998,-5.5139896755336,-11.3920883499642));
#2326=CARTESIAN_POINT('',(167.499999999998,-5.5139896755336,-1.39208834996417));
#2327=CARTESIAN_POINT('Origin',(161.499999999998,-7.1139896755336,-1.39208834996417));
#2328=CARTESIAN_POINT('',(161.499999999998,-8.7139896755336,-1.39208834996417));
#2329=CARTESIAN_POINT('Origin',(161.499999999998,-7.1139896755336,-1.39208834996417));
#2330=CARTESIAN_POINT('',(161.499999999998,-8.7139896755336,-11.3920883499642));
#2331=CARTESIAN_POINT('',(161.499999999998,-8.7139896755336,-1.39208834996417));
#2332=CARTESIAN_POINT('Origin',(161.499999999998,-7.1139896755336,-11.3920883499642));
#2333=CARTESIAN_POINT('Origin',(167.499999999998,-8.7139896755336,-1.39208834996417));
#2334=CARTESIAN_POINT('',(167.499999999998,-8.7139896755336,-1.39208834996417));
#2335=CARTESIAN_POINT('',(153.749999999998,-8.7139896755336,-1.39208834996417));
#2336=CARTESIAN_POINT('',(167.499999999998,-8.7139896755336,-11.3920883499642));
#2337=CARTESIAN_POINT('',(167.499999999998,-8.7139896755336,-1.39208834996417));
#2338=CARTESIAN_POINT('',(153.749999999998,-8.7139896755336,-11.3920883499642));
#2339=CARTESIAN_POINT('Origin',(167.499999999998,-7.1139896755336,-1.39208834996417));
#2340=CARTESIAN_POINT('Origin',(167.499999999998,-7.1139896755336,-1.39208834996417));
#2341=CARTESIAN_POINT('Origin',(167.499999999998,-7.1139896755336,-11.3920883499642));
#2342=CARTESIAN_POINT('Origin',(210.,-57.6139896755336,-1.39208834996417));
#2343=CARTESIAN_POINT('',(210.,-72.6139896755336,-1.39208834996417));
#2344=CARTESIAN_POINT('',(225.,-57.6139896755336,-1.39208834996417));
#2345=CARTESIAN_POINT('Origin',(210.,-57.6139896755336,-1.39208834996417));
#2346=CARTESIAN_POINT('',(210.,-72.6139896755336,-11.3920883499642));
#2347=CARTESIAN_POINT('',(210.,-72.6139896755336,-1.39208834996417));
#2348=CARTESIAN_POINT('',(225.,-57.6139896755336,-11.3920883499642));
#2349=CARTESIAN_POINT('Origin',(210.,-57.6139896755336,-11.3920883499642));
#2350=CARTESIAN_POINT('',(225.,-57.6139896755336,-1.39208834996417));
#2351=CARTESIAN_POINT('Origin',(225.,12.3860103244664,-1.39208834996417));
#2352=CARTESIAN_POINT('',(225.,12.3860103244664,-1.39208834996417));
#2353=CARTESIAN_POINT('',(225.,12.3860103244664,-1.39208834996417));
#2354=CARTESIAN_POINT('',(225.,12.3860103244664,-11.3920883499642));
#2355=CARTESIAN_POINT('',(225.,12.3860103244664,-11.3920883499642));
#2356=CARTESIAN_POINT('',(225.,12.3860103244664,-1.39208834996417));
#2357=CARTESIAN_POINT('Origin',(210.,12.3860103244665,-1.39208834996417));
#2358=CARTESIAN_POINT('',(210.,27.3860103244664,-1.39208834996417));
#2359=CARTESIAN_POINT('Origin',(210.,12.3860103244665,-1.39208834996417));
#2360=CARTESIAN_POINT('',(210.,27.3860103244664,-11.3920883499642));
#2361=CARTESIAN_POINT('Origin',(210.,12.3860103244665,-11.3920883499642));
#2362=CARTESIAN_POINT('',(210.,27.3860103244664,-1.39208834996417));
#2363=CARTESIAN_POINT('Origin',(139.325046539307,-57.0586776733398,1.92025814566742));
#2364=CARTESIAN_POINT('Ctrl Pts',(134.226149201305,-57.0585477123063,-1.82974185433257));
#2365=CARTESIAN_POINT('Ctrl Pts',(134.225924147603,-56.8260753453801,-1.84062558771204));
#2366=CARTESIAN_POINT('Ctrl Pts',(134.298469969541,-55.7456146854278,-1.89121638482272));
#2367=CARTESIAN_POINT('Ctrl Pts',(135.048046001509,-53.9024759646552,-1.98151424566462));
#2368=CARTESIAN_POINT('Ctrl Pts',(137.07984303928,-52.2406491403428,-2.10063543685829));
#2369=CARTESIAN_POINT('Ctrl Pts',(139.659136638178,-51.7537060101333,-2.21975662805195));
#2370=CARTESIAN_POINT('Ctrl Pts',(142.15696186616,-52.5603896753923,-2.33887781924562));
#2371=CARTESIAN_POINT('Ctrl Pts',(143.964219661291,-54.463988394957,-2.45799901043928));
#2372=CARTESIAN_POINT('Ctrl Pts',(144.640207165334,-57.0003066164949,-2.57712020163295));
#2373=CARTESIAN_POINT('Ctrl Pts',(144.020083645962,-59.5508586830373,-2.69624139282661));
#2374=CARTESIAN_POINT('Ctrl Pts',(142.255067295177,-61.4936881618068,-2.81536258402028));
#2375=CARTESIAN_POINT('Ctrl Pts',(139.775560366402,-62.3550327338605,-2.93448377521395));
#2376=CARTESIAN_POINT('Ctrl Pts',(137.186194870472,-61.9248520626026,-3.05360496640761));
#2377=CARTESIAN_POINT('Ctrl Pts',(135.118392014617,-60.3080464356629,-3.17272615760128));
#2378=CARTESIAN_POINT('Ctrl Pts',(134.313230344619,-58.4464671104072,-3.2647717869096));
#2379=CARTESIAN_POINT('Ctrl Pts',(134.226024718381,-57.3286156756194,-3.3171103524867));
#2380=CARTESIAN_POINT('Ctrl Pts',(134.22625431668,-57.0587955417164,-3.32974185433257));
#2381=CARTESIAN_POINT('Ctrl Pts',(134.226364399343,-57.0585674375668,-1.70443484559575));
#2382=CARTESIAN_POINT('Ctrl Pts',(134.2261709431,-56.7380196900185,-1.71944053824555));
#2383=CARTESIAN_POINT('Ctrl Pts',(134.334689460895,-55.5693925447529,-1.77415329462658));
#2384=CARTESIAN_POINT('Ctrl Pts',(135.21718115158,-53.6852532799874,-1.86857311473883));
#2385=CARTESIAN_POINT('Ctrl Pts',(137.332313631502,-52.1308716934129,-1.98769430593249));
#2386=CARTESIAN_POINT('Ctrl Pts',(139.933350102042,-51.7781156630775,-2.10681549712616));
#2387=CARTESIAN_POINT('Ctrl Pts',(142.386063475686,-52.7130462539171,-2.22593668831982));
#2388=CARTESIAN_POINT('Ctrl Pts',(144.092336754826,-54.7076605678819,-2.34505787951349));
#2389=CARTESIAN_POINT('Ctrl Pts',(144.636100879185,-57.2755771395019,-2.46417907070715));
#2390=CARTESIAN_POINT('Ctrl Pts',(143.884754053965,-59.7906011427355,-2.58330026190082));
#2391=CARTESIAN_POINT('Ctrl Pts',(142.021515328963,-61.6394415137666,-2.70242145309448));
#2392=CARTESIAN_POINT('Ctrl Pts',(139.500737805023,-62.3712545121123,-2.82154264428815));
#2393=CARTESIAN_POINT('Ctrl Pts',(136.937117789729,-61.8075866796352,-2.94066383548181));
#2394=CARTESIAN_POINT('Ctrl Pts',(134.955798229728,-60.0858891999002,-3.05978502667548));
#2395=CARTESIAN_POINT('Ctrl Pts',(134.279791500783,-58.2702391613688,-3.14770869671346));
#2396=CARTESIAN_POINT('Ctrl Pts',(134.225803503406,-57.2405530909238,-3.19592530302021));
#2397=CARTESIAN_POINT('Ctrl Pts',(134.225991424141,-57.0588085989952,-3.20443484559575));
#2398=CARTESIAN_POINT('Ctrl Pts',(142.548399323265,-54.2688450923144,-1.39208834996417));
#2399=CARTESIAN_POINT('Ctrl Pts',(143.012416998712,-54.8049678246002,-1.43179541369539));
#2400=CARTESIAN_POINT('Ctrl Pts',(143.667146626415,-56.1128289725583,-1.51120954115783));
#2401=CARTESIAN_POINT('Ctrl Pts',(143.590371521294,-58.306176545223,-1.6303307323515));
#2402=CARTESIAN_POINT('Ctrl Pts',(142.473391059133,-60.1950293823349,-1.74945192354516));
#2403=CARTESIAN_POINT('Ctrl Pts',(140.58870103895,-61.3192357986959,-1.86857311473883));
#2404=CARTESIAN_POINT('Ctrl Pts',(138.395851369962,-61.4044306384078,-1.98769430593249));
#2405=CARTESIAN_POINT('Ctrl Pts',(136.429593146268,-60.4299386781817,-2.10681549712616));
#2406=CARTESIAN_POINT('Ctrl Pts',(135.169393240249,-58.6333442573914,-2.22593668831982));
#2407=CARTESIAN_POINT('Ctrl Pts',(134.922557784306,-56.4527715720127,-2.34505787951349));
#2408=CARTESIAN_POINT('Ctrl Pts',(135.74927613479,-54.4199469645494,-2.46417907070715));
#2409=CARTESIAN_POINT('Ctrl Pts',(137.447952497217,-53.0305828241211,-2.58330026190082));
#2410=CARTESIAN_POINT('Ctrl Pts',(139.604361324851,-52.6234758297922,-2.70242145309448));
#2411=CARTESIAN_POINT('Ctrl Pts',(141.69265882375,-53.2979007101607,-2.82154264428815));
#2412=CARTESIAN_POINT('Ctrl Pts',(143.203609986849,-54.88939734509,-2.94066383548181));
#2413=CARTESIAN_POINT('Ctrl Pts',(143.768766827354,-57.0098767681957,-3.05978502667548));
#2414=CARTESIAN_POINT('Ctrl Pts',(143.25031486362,-59.1422563445185,-3.17890621786914));
#2415=CARTESIAN_POINT('Ctrl Pts',(141.774679503079,-60.7665517098832,-3.29802740906281));
#2416=CARTESIAN_POINT('Ctrl Pts',(139.701696950154,-61.4866756382348,-3.41714860025647));
#2417=CARTESIAN_POINT('Ctrl Pts',(137.536867550438,-61.1270246867595,-3.53626979145014));
#2418=CARTESIAN_POINT('Ctrl Pts',(135.808088657613,-59.7753003510773,-3.6553909826438));
#2419=CARTESIAN_POINT('Ctrl Pts',(134.936925964147,-57.7611229261936,-3.77451217383747));
#2420=CARTESIAN_POINT('Ctrl Pts',(135.135813983778,-55.5756530237609,-3.89363336503113));
#2421=CARTESIAN_POINT('Ctrl Pts',(136.356253532578,-53.7518212206797,-4.0127545562248));
#2422=CARTESIAN_POINT('Ctrl Pts',(138.300638337575,-52.7343720236774,-4.13187574741847));
#2423=CARTESIAN_POINT('Ctrl Pts',(140.494826835993,-52.7714121610495,-4.25099693861213));
#2424=CARTESIAN_POINT('Ctrl Pts',(142.403762406813,-53.8539093318543,-4.37011812980579));
#2425=CARTESIAN_POINT('Ctrl Pts',(143.561947843676,-55.7178947481609,-4.48923932099946));
#2426=CARTESIAN_POINT('Ctrl Pts',(143.686957645398,-57.9088323757132,-4.60836051219312));
#2427=CARTESIAN_POINT('Ctrl Pts',(142.74830795786,-59.8924583239305,-4.72748170338679));
#2428=CARTESIAN_POINT('Ctrl Pts',(140.974890114,-61.1850620100755,-4.84660289458045));
#2429=CARTESIAN_POINT('Ctrl Pts',(138.799155090506,-61.4714398128046,-4.96572408577412));
#2430=CARTESIAN_POINT('Ctrl Pts',(136.751659596941,-60.6817580147448,-5.08484527696778));
#2431=CARTESIAN_POINT('Ctrl Pts',(135.331688913995,-59.0085818740079,-5.20396646816145));
#2432=CARTESIAN_POINT('Ctrl Pts',(134.885505323191,-56.8599182563952,-5.32308765935511));
#2433=CARTESIAN_POINT('Ctrl Pts',(135.521911456853,-54.7597224628099,-5.44220885054878));
#2434=CARTESIAN_POINT('Ctrl Pts',(137.085718589986,-53.2201308323064,-5.56133004174244));
#2435=CARTESIAN_POINT('Ctrl Pts',(139.195589676495,-52.6165754192167,-5.68045123293611));
#2436=CARTESIAN_POINT('Ctrl Pts',(141.337029040585,-53.0962342440949,-5.79957242412977));
#2437=CARTESIAN_POINT('Ctrl Pts',(142.987843027939,-54.5421416814891,-5.91869361532344));
#2438=CARTESIAN_POINT('Ctrl Pts',(143.745477822134,-56.6017107279112,-6.0378148065171));
#2439=CARTESIAN_POINT('Ctrl Pts',(143.425182881805,-58.7727119461411,-6.15693599771077));
#2440=CARTESIAN_POINT('Ctrl Pts',(142.105062676382,-60.5257429731309,-6.27605718890444));
#2441=CARTESIAN_POINT('Ctrl Pts',(140.107030777534,-61.4333241923833,-6.39517838009809));
#2442=CARTESIAN_POINT('Ctrl Pts',(137.918310683714,-61.2741403701273,-6.51429957129177));
#2443=CARTESIAN_POINT('Ctrl Pts',(136.072625536113,-60.0870087538858,-6.63342076248543));
#2444=CARTESIAN_POINT('Ctrl Pts',(135.020048817129,-58.161413420227,-6.75254195367909));
#2445=CARTESIAN_POINT('Ctrl Pts',(135.017253161324,-55.966914087198,-6.87166314487276));
#2446=CARTESIAN_POINT('Ctrl Pts',(136.064920294151,-54.038643173361,-6.99078433606642));
#2447=CARTESIAN_POINT('Ctrl Pts',(137.907574792036,-52.8468128415693,-7.10990552726009));
#2448=CARTESIAN_POINT('Ctrl Pts',(140.095882201701,-52.6820529582202,-7.22902671845375));
#2449=CARTESIAN_POINT('Ctrl Pts',(142.096220015695,-53.5845405028789,-7.34814790964742));
#2450=CARTESIAN_POINT('Ctrl Pts',(143.420802434207,-55.3342023430423,-7.46726910084109));
#2451=CARTESIAN_POINT('Ctrl Pts',(143.74662776727,-57.5043804441876,-7.58639029203475));
#2452=CARTESIAN_POINT('Ctrl Pts',(142.994242949718,-59.5658731617769,-7.70551148322841));
#2453=CARTESIAN_POINT('Ctrl Pts',(141.347118307128,-61.0159819680834,-7.82463267442208));
#2454=CARTESIAN_POINT('Ctrl Pts',(139.206908002886,-61.5010953486184,-7.94375386561574));
#2455=CARTESIAN_POINT('Ctrl Pts',(137.095505982962,-60.9029175751968,-8.06287505680941));
#2456=CARTESIAN_POINT('Ctrl Pts',(135.527781243883,-59.3673153217352,-8.18199624800307));
#2457=CARTESIAN_POINT('Ctrl Pts',(134.886026146662,-57.2687478261454,-8.30111743919674));
#2458=CARTESIAN_POINT('Ctrl Pts',(135.326733770212,-55.1189543642284,-8.4202386303904));
#2459=CARTESIAN_POINT('Ctrl Pts',(136.742436806196,-53.4421657513551,-8.53935982158407));
#2460=CARTESIAN_POINT('Ctrl Pts',(138.787913646109,-52.6472697608408,-8.65848101277773));
#2461=CARTESIAN_POINT('Ctrl Pts',(140.964371261408,-52.9281031405512,-8.7776022039714));
#2462=CARTESIAN_POINT('Ctrl Pts',(142.741076737284,-54.2161841901582,-8.89672339516507));
#2463=CARTESIAN_POINT('Ctrl Pts',(143.684777402347,-56.1974121409758,-9.01584458635873));
#2464=CARTESIAN_POINT('Ctrl Pts',(143.565350234163,-58.3886611660445,-9.1349657775524));
#2465=CARTESIAN_POINT('Ctrl Pts',(142.411917752065,-60.2555914399502,-9.25408696874606));
#2466=CARTESIAN_POINT('Ctrl Pts',(140.505746441174,-61.3429488199052,-9.37320815993973));
#2467=CARTESIAN_POINT('Ctrl Pts',(138.311659438136,-61.3855793475839,-9.49232935113339));
#2468=CARTESIAN_POINT('Ctrl Pts',(136.364688614576,-60.3730874959604,-9.61145054232706));
#2469=CARTESIAN_POINT('Ctrl Pts',(135.139606137395,-58.5523711358272,-9.73057173352071));
#2470=CARTESIAN_POINT('Ctrl Pts',(134.935150467604,-56.3674150685663,-9.84969292471439));
#2471=CARTESIAN_POINT('Ctrl Pts',(135.801178465818,-54.3510245698711,-9.96881411590804));
#2472=CARTESIAN_POINT('Ctrl Pts',(137.526507731894,-52.9948999167348,-10.0879353071017));
#2473=CARTESIAN_POINT('Ctrl Pts',(139.690413750494,-52.6297344215318,-10.2070564982954));
#2474=CARTESIAN_POINT('Ctrl Pts',(141.765224379797,-53.3445743271844,-10.3261776894891));
#2475=CARTESIAN_POINT('Ctrl Pts',(143.244993399968,-54.9651046734619,-10.4452988806827));
#2476=CARTESIAN_POINT('Ctrl Pts',(143.768876811289,-57.0961564172051,-10.5644200718764));
#2477=CARTESIAN_POINT('Ctrl Pts',(143.209124295931,-59.2180688230969,-10.68354126307));
#2478=CARTESIAN_POINT('Ctrl Pts',(141.702233438029,-60.813410178842,-10.8026624542637));
#2479=CARTESIAN_POINT('Ctrl Pts',(139.615660042416,-61.4931532041484,-10.9217836454574));
#2480=CARTESIAN_POINT('Ctrl Pts',(137.458223156978,-61.0915426167873,-11.040904836651));
#2481=CARTESIAN_POINT('Ctrl Pts',(135.756007580172,-59.7065092431727,-11.1600260278447));
#2482=CARTESIAN_POINT('Ctrl Pts',(134.924122709138,-57.6758015970222,-11.2791472190384));
#2483=CARTESIAN_POINT('Ctrl Pts',(135.165378630572,-55.494599311156,-11.398268410232));
#2484=CARTESIAN_POINT('Ctrl Pts',(136.421042612851,-53.6948202962848,-11.5173896014257));
#2485=CARTESIAN_POINT('Ctrl Pts',(138.384696413779,-52.7152927860967,-11.6365107926194));
#2486=CARTESIAN_POINT('Ctrl Pts',(140.577938441309,-52.7950260912877,-11.755631983813));
#2487=CARTESIAN_POINT('Ctrl Pts',(141.835813478309,-53.5412981991836,-11.8350461112755));
#2488=CARTESIAN_POINT('Ctrl Pts',(142.337503874982,-54.0423438389083,-11.8747531750067));
#2489=CARTESIAN_POINT('Ctrl Pts',(142.759105627697,-54.0864774296561,-1.23120007494999));
#2490=CARTESIAN_POINT('Ctrl Pts',(143.253455524325,-54.6576457952354,-1.27090713868121));
#2491=CARTESIAN_POINT('Ctrl Pts',(143.950983961064,-56.051000095097,-1.35032126614365));
#2492=CARTESIAN_POINT('Ctrl Pts',(143.869190168955,-58.3877238950466,-1.46944245733732));
#2493=CARTESIAN_POINT('Ctrl Pts',(142.679194172635,-60.4000485416687,-1.58856364853098));
#2494=CARTESIAN_POINT('Ctrl Pts',(140.671304460774,-61.5977428432497,-1.70768483972465));
#2495=CARTESIAN_POINT('Ctrl Pts',(138.335111111805,-61.6885067568531,-1.82680603091832));
#2496=CARTESIAN_POINT('Ctrl Pts',(136.240321190949,-60.6503135472135,-1.94592722211198));
#2497=CARTESIAN_POINT('Ctrl Pts',(134.897743685318,-58.7362781274568,-2.06504841330564));
#2498=CARTESIAN_POINT('Ctrl Pts',(134.63477292238,-56.4131642922638,-2.18416960449931));
#2499=CARTESIAN_POINT('Ctrl Pts',(135.515532757029,-54.2474566312513,-2.30329079569298));
#2500=CARTESIAN_POINT('Ctrl Pts',(137.325249344571,-52.767271596195,-2.42241198688664));
#2501=CARTESIAN_POINT('Ctrl Pts',(139.622619762627,-52.3335525565725,-2.5415331780803));
#2502=CARTESIAN_POINT('Ctrl Pts',(141.847426504553,-53.0520636985712,-2.66065436927397));
#2503=CARTESIAN_POINT('Ctrl Pts',(143.457146544997,-54.7475943617124,-2.77977556046764));
#2504=CARTESIAN_POINT('Ctrl Pts',(144.059246940014,-57.0066867176287,-2.8988967516613));
#2505=CARTESIAN_POINT('Ctrl Pts',(143.506904457734,-59.2784571240248,-3.01801794285496));
#2506=CARTESIAN_POINT('Ctrl Pts',(141.934808767112,-61.0089305271911,-3.13713913404863));
#2507=CARTESIAN_POINT('Ctrl Pts',(139.726318088903,-61.7761280034434,-3.2562603252423));
#2508=CARTESIAN_POINT('Ctrl Pts',(137.419976657116,-61.3929671453739,-3.37538151643596));
#2509=CARTESIAN_POINT('Ctrl Pts',(135.578189776614,-59.9528823792725,-3.49450270762963));
#2510=CARTESIAN_POINT('Ctrl Pts',(134.650080331116,-57.8070408424799,-3.61362389882329));
#2511=CARTESIAN_POINT('Ctrl Pts',(134.861969397303,-55.4787096656369,-3.73274509001696));
#2512=CARTESIAN_POINT('Ctrl Pts',(136.162187463798,-53.5356563919656,-3.85186628121062));
#2513=CARTESIAN_POINT('Ctrl Pts',(138.233674129533,-52.4516978878484,-3.97098747240429));
#2514=CARTESIAN_POINT('Ctrl Pts',(140.571293825439,-52.491159289967,-4.09010866359795));
#2515=CARTESIAN_POINT('Ctrl Pts',(142.605013987486,-53.6444178678241,-4.20922985479161));
#2516=CARTESIAN_POINT('Ctrl Pts',(143.838908473158,-55.6302495432622,-4.32835104598528));
#2517=CARTESIAN_POINT('Ctrl Pts',(143.972090000132,-57.9644058631778,-4.44747223717895));
#2518=CARTESIAN_POINT('Ctrl Pts',(142.972082025098,-60.0776988137182,-4.56659342837261));
#2519=CARTESIAN_POINT('Ctrl Pts',(141.082738204425,-61.4547982916855,-4.68571461956627));
#2520=CARTESIAN_POINT('Ctrl Pts',(138.764778262669,-61.7598962322738,-4.80483581075994));
#2521=CARTESIAN_POINT('Ctrl Pts',(136.583440699152,-60.9185939804509,-4.9239570019536));
#2522=CARTESIAN_POINT('Ctrl Pts',(135.070648412411,-59.1360445303343,-5.04307819314727));
#2523=CARTESIAN_POINT('Ctrl Pts',(134.595298390931,-56.846925616426,-5.16219938434094));
#2524=CARTESIAN_POINT('Ctrl Pts',(135.27330555108,-54.6094428040404,-5.2813205755346));
#2525=CARTESIAN_POINT('Ctrl Pts',(136.939336686348,-52.9692101067529,-5.40044176672827));
#2526=CARTESIAN_POINT('Ctrl Pts',(139.187127252747,-52.3262010752924,-5.51956295792193));
#2527=CARTESIAN_POINT('Ctrl Pts',(141.468549673243,-52.8372145625835,-5.6386841491156));
#2528=CARTESIAN_POINT('Ctrl Pts',(143.227275185613,-54.3776390550768,-5.75780534030926));
#2529=CARTESIAN_POINT('Ctrl Pts',(144.034435563353,-56.5718394036186,-5.87692653150293));
#2530=CARTESIAN_POINT('Ctrl Pts',(143.693203366779,-58.884756097526,-5.99604772269659));
#2531=CARTESIAN_POINT('Ctrl Pts',(142.286788651094,-60.7523804420984,-6.11516891389026));
#2532=CARTESIAN_POINT('Ctrl Pts',(140.158148052001,-61.7192890442029,-6.23429010508392));
#2533=CARTESIAN_POINT('Ctrl Pts',(137.826354223063,-61.5496995862125,-6.35341129627759));
#2534=CARTESIAN_POINT('Ctrl Pts',(135.860019080669,-60.284966747735,-6.47253248747125));
#2535=CARTESIAN_POINT('Ctrl Pts',(134.73863681496,-58.2334977962061,-6.59165367866491));
#2536=CARTESIAN_POINT('Ctrl Pts',(134.735658410836,-55.8955469468419,-6.71077486985858));
#2537=CARTESIAN_POINT('Ctrl Pts',(135.85181015724,-53.8412275160005,-6.82989606105224));
#2538=CARTESIAN_POINT('Ctrl Pts',(137.814916540358,-52.5714888131573,-6.94901725224591));
#2539=CARTESIAN_POINT('Ctrl Pts',(140.146270708525,-52.3959587943419,-7.06813844343958));
#2540=CARTESIAN_POINT('Ctrl Pts',(142.277367957384,-53.3574407550874,-7.18725963463324));
#2541=CARTESIAN_POINT('Ctrl Pts',(143.68853657512,-55.2214756735507,-7.30638082582691));
#2542=CARTESIAN_POINT('Ctrl Pts',(144.035660678879,-57.5335154442993,-7.42550201702057));
#2543=CARTESIAN_POINT('Ctrl Pts',(143.234093461807,-59.7297652118459,-7.54462320821424));
#2544=CARTESIAN_POINT('Ctrl Pts',(141.479298461784,-61.2746657111756,-7.66374439940791));
#2545=CARTESIAN_POINT('Ctrl Pts',(139.199185443151,-61.791490311206,-7.78286559060157));
#2546=CARTESIAN_POINT('Ctrl Pts',(136.949763868246,-61.1542104486,-7.90198678179524));
#2547=CARTESIAN_POINT('Ctrl Pts',(135.279559038318,-59.5182279086504,-8.0211079729889));
#2548=CARTESIAN_POINT('Ctrl Pts',(134.595853259943,-57.2824798339447,-8.14022916418256));
#2549=CARTESIAN_POINT('Ctrl Pts',(135.065369357438,-54.9921572193057,-8.25935035537623));
#2550=CARTESIAN_POINT('Ctrl Pts',(136.573615026785,-53.2057591545314,-8.37847154656989));
#2551=CARTESIAN_POINT('Ctrl Pts',(138.752801979934,-52.3589018653955,-8.49759273776355));
#2552=CARTESIAN_POINT('Ctrl Pts',(141.071531748364,-52.6580929513721,-8.61671392895722));
#2553=CARTESIAN_POINT('Ctrl Pts',(142.964378109206,-54.0303741540381,-8.73583512015089));
#2554=CARTESIAN_POINT('Ctrl Pts',(143.969767237479,-56.1411123532632,-8.85495631134455));
#2555=CARTESIAN_POINT('Ctrl Pts',(143.842533273407,-58.4756004263385,-8.97407750253822));
#2556=CARTESIAN_POINT('Ctrl Pts',(142.613702436862,-60.4645694608187,-9.09319869373188));
#2557=CARTESIAN_POINT('Ctrl Pts',(140.582927230756,-61.6230059532642,-9.21231988492555));
#2558=CARTESIAN_POINT('Ctrl Pts',(138.245415664848,-61.6684231821033,-9.33144107611921));
#2559=CARTESIAN_POINT('Ctrl Pts',(136.17117393594,-60.5897460784696,-9.45056226731288));
#2560=CARTESIAN_POINT('Ctrl Pts',(134.866009438982,-58.6500119001278,-9.56968345850654));
#2561=CARTESIAN_POINT('Ctrl Pts',(134.648188772715,-56.3222281471815,-9.68880464970021));
#2562=CARTESIAN_POINT('Ctrl Pts',(135.570827874729,-54.174028870872,-9.80792584089387));
#2563=CARTESIAN_POINT('Ctrl Pts',(137.408939630948,-52.7292561443897,-9.92704703208754));
#2564=CARTESIAN_POINT('Ctrl Pts',(139.714297321418,-52.3402202641691,-10.0461682232812));
#2565=CARTESIAN_POINT('Ctrl Pts',(141.924735574938,-53.1017883081535,-10.1652894144749));
#2566=CARTESIAN_POINT('Ctrl Pts',(143.501235137048,-54.828250577919,-10.2844106056685));
#2567=CARTESIAN_POINT('Ctrl Pts',(144.059364113454,-57.0986063530774,-10.4035317968622));
#2568=CARTESIAN_POINT('Ctrl Pts',(143.463021317163,-59.3592253639677,-10.5226529880559));
#2569=CARTESIAN_POINT('Ctrl Pts',(141.857626998693,-61.0588520722347,-10.6417741792495));
#2570=CARTESIAN_POINT('Ctrl Pts',(139.634657062402,-61.7830289992657,-10.7608953704432));
#2571=CARTESIAN_POINT('Ctrl Pts',(137.336191383764,-61.3551656594585,-10.8800165616369));
#2572=CARTESIAN_POINT('Ctrl Pts',(135.522704228085,-59.8795944877094,-10.9991377528305));
#2573=CARTESIAN_POINT('Ctrl Pts',(134.636440144276,-57.7161421709685,-11.1182589440242));
#2574=CARTESIAN_POINT('Ctrl Pts',(134.893466645921,-55.3923575791374,-11.2373801352179));
#2575=CARTESIAN_POINT('Ctrl Pts',(136.231211720481,-53.4749293926005,-11.3565013264115));
#2576=CARTESIAN_POINT('Ctrl Pts',(138.323226970903,-52.431371465764,-11.4756225176052));
#2577=CARTESIAN_POINT('Ctrl Pts',(140.659838326372,-52.5163168315648,-11.5947437087989));
#2578=CARTESIAN_POINT('Ctrl Pts',(141.999938989373,-53.3113717592435,-11.6741578362613));
#2579=CARTESIAN_POINT('Ctrl Pts',(142.534424223142,-53.8451700891558,-11.7138648999925));
#2580=CARTESIAN_POINT('Ctrl Pts',(142.96981193213,-53.9041097669978,-1.07031179993581));
#2581=CARTESIAN_POINT('Ctrl Pts',(143.494494049938,-54.5103237658706,-1.11001886366704));
#2582=CARTESIAN_POINT('Ctrl Pts',(144.234821295713,-55.9891712176356,-1.18943299112948));
#2583=CARTESIAN_POINT('Ctrl Pts',(144.148008816616,-58.4692712448702,-1.30855418232314));
#2584=CARTESIAN_POINT('Ctrl Pts',(142.884997286137,-60.6050677010025,-1.42767537351681));
#2585=CARTESIAN_POINT('Ctrl Pts',(140.753907882598,-61.8762498878034,-1.54679656471047));
#2586=CARTESIAN_POINT('Ctrl Pts',(138.274370853648,-61.9725828752984,-1.66591775590414));
#2587=CARTESIAN_POINT('Ctrl Pts',(136.051049235629,-60.8706884162453,-1.7850389470978));
#2588=CARTESIAN_POINT('Ctrl Pts',(134.626094130387,-58.8392119975223,-1.90416013829147));
#2589=CARTESIAN_POINT('Ctrl Pts',(134.346988060453,-56.3735570125148,-2.02328132948514));
#2590=CARTESIAN_POINT('Ctrl Pts',(135.281789379269,-54.0749662979532,-2.1424025206788));
#2591=CARTESIAN_POINT('Ctrl Pts',(137.202546191926,-52.5039603682689,-2.26152371187247));
#2592=CARTESIAN_POINT('Ctrl Pts',(139.640878200402,-52.0436292833529,-2.38064490306613));
#2593=CARTESIAN_POINT('Ctrl Pts',(142.002194185357,-52.8062266869818,-2.4997660942598));
#2594=CARTESIAN_POINT('Ctrl Pts',(143.710683103144,-54.6057913783347,-2.61888728545346));
#2595=CARTESIAN_POINT('Ctrl Pts',(144.349727052674,-57.0034966670618,-2.73800847664713));
#2596=CARTESIAN_POINT('Ctrl Pts',(143.763494051848,-59.414657903531,-2.85712966784079));
#2597=CARTESIAN_POINT('Ctrl Pts',(142.094938031145,-61.251309344499,-2.97625085903445));
#2598=CARTESIAN_POINT('Ctrl Pts',(139.750939227653,-62.0655803686519,-3.09537205022812));
#2599=CARTESIAN_POINT('Ctrl Pts',(137.303085763794,-61.6589096039882,-3.21449324142179));
#2600=CARTESIAN_POINT('Ctrl Pts',(135.348290895615,-60.1304644074677,-3.33361443261545));
#2601=CARTESIAN_POINT('Ctrl Pts',(134.363234698085,-57.8529587587662,-3.45273562380912));
#2602=CARTESIAN_POINT('Ctrl Pts',(134.588124810829,-55.3817663075129,-3.57185681500278));
#2603=CARTESIAN_POINT('Ctrl Pts',(135.968121395018,-53.3194915632516,-3.69097800619645));
#2604=CARTESIAN_POINT('Ctrl Pts',(138.166709921491,-52.1690237520193,-3.81009919739011));
#2605=CARTESIAN_POINT('Ctrl Pts',(140.647760814886,-52.2109064188844,-3.92922038858378));
#2606=CARTESIAN_POINT('Ctrl Pts',(142.80626556816,-53.4349264037939,-4.04834157977744));
#2607=CARTESIAN_POINT('Ctrl Pts',(144.115869102641,-55.5426043383635,-4.16746277097111));
#2608=CARTESIAN_POINT('Ctrl Pts',(144.257222354866,-58.0199793506423,-4.28658396216477));
#2609=CARTESIAN_POINT('Ctrl Pts',(143.195856092336,-60.2629393035058,-4.40570515335844));
#2610=CARTESIAN_POINT('Ctrl Pts',(141.19058629485,-61.7245345732956,-4.5248263445521));
#2611=CARTESIAN_POINT('Ctrl Pts',(138.730401434833,-62.0483526517431,-4.64394753574577));
#2612=CARTESIAN_POINT('Ctrl Pts',(136.415221801364,-61.1554299461569,-4.76306872693943));
#2613=CARTESIAN_POINT('Ctrl Pts',(134.809607910827,-59.2635071866607,-4.8821899181331));
#2614=CARTESIAN_POINT('Ctrl Pts',(134.305091458671,-56.8339329764568,-5.00131110932676));
#2615=CARTESIAN_POINT('Ctrl Pts',(135.024699645307,-54.4591631452709,-5.12043230052042));
#2616=CARTESIAN_POINT('Ctrl Pts',(136.792954782709,-52.7182893811994,-5.23955349171409));
#2617=CARTESIAN_POINT('Ctrl Pts',(139.178664828999,-52.0358267313682,-5.35867468290776));
#2618=CARTESIAN_POINT('Ctrl Pts',(141.600070305901,-52.5781948810722,-5.47779587410142));
#2619=CARTESIAN_POINT('Ctrl Pts',(143.466707343287,-54.2131364286645,-5.59691706529509));
#2620=CARTESIAN_POINT('Ctrl Pts',(144.323393304571,-56.541968079326,-5.71603825648875));
#2621=CARTESIAN_POINT('Ctrl Pts',(143.961223851753,-58.9968002489109,-5.83515944768242));
#2622=CARTESIAN_POINT('Ctrl Pts',(142.468514625806,-60.9790179110659,-5.95428063887608));
#2623=CARTESIAN_POINT('Ctrl Pts',(140.209265326467,-62.0052538960225,-6.07340183006975));
#2624=CARTESIAN_POINT('Ctrl Pts',(137.734397762411,-61.8252588022978,-6.19252302126341));
#2625=CARTESIAN_POINT('Ctrl Pts',(135.647412625226,-60.4829247415841,-6.31164421245708));
#2626=CARTESIAN_POINT('Ctrl Pts',(134.457224812791,-58.3055821721853,-6.43076540365074));
#2627=CARTESIAN_POINT('Ctrl Pts',(134.454063660348,-55.8241798064858,-6.54988659484441));
#2628=CARTESIAN_POINT('Ctrl Pts',(135.63870002033,-53.6438118586401,-6.66900778603807));
#2629=CARTESIAN_POINT('Ctrl Pts',(137.722258288679,-52.2961647847454,-6.78812897723174));
#2630=CARTESIAN_POINT('Ctrl Pts',(140.196659215348,-52.1098646304636,-6.9072501684254));
#2631=CARTESIAN_POINT('Ctrl Pts',(142.458515899073,-53.1303410072959,-7.02637135961906));
#2632=CARTESIAN_POINT('Ctrl Pts',(143.956270716033,-55.1087490040591,-7.14549255081274));
#2633=CARTESIAN_POINT('Ctrl Pts',(144.324693590489,-57.562650444411,-7.26461374200639));
#2634=CARTESIAN_POINT('Ctrl Pts',(143.473943973896,-59.8936572619151,-7.38373493320006));
#2635=CARTESIAN_POINT('Ctrl Pts',(141.61147861644,-61.5333494542677,-7.50285612439373));
#2636=CARTESIAN_POINT('Ctrl Pts',(139.191462883417,-62.0818852737936,-7.62197731558739));
#2637=CARTESIAN_POINT('Ctrl Pts',(136.80402175353,-61.4055033220031,-7.74109850678106));
#2638=CARTESIAN_POINT('Ctrl Pts',(135.031336832753,-59.6691404955656,-7.86021969797472));
#2639=CARTESIAN_POINT('Ctrl Pts',(134.305680373224,-57.296211841744,-7.97934088916839));
#2640=CARTESIAN_POINT('Ctrl Pts',(134.804004944665,-54.865360074383,-8.09846208036205));
#2641=CARTESIAN_POINT('Ctrl Pts',(136.404793247375,-52.9693525577076,-8.21758327155571));
#2642=CARTESIAN_POINT('Ctrl Pts',(138.717690313759,-52.0705339699503,-8.33670446274938));
#2643=CARTESIAN_POINT('Ctrl Pts',(141.178692235319,-52.388082762193,-8.45582565394305));
#2644=CARTESIAN_POINT('Ctrl Pts',(143.187679481128,-53.844564117918,-8.57494684513672));
#2645=CARTESIAN_POINT('Ctrl Pts',(144.254757072611,-56.0848125655506,-8.69406803633038));
#2646=CARTESIAN_POINT('Ctrl Pts',(144.119716312652,-58.5625396866326,-8.81318922752405));
#2647=CARTESIAN_POINT('Ctrl Pts',(142.815487121659,-60.6735474816871,-8.93231041871771));
#2648=CARTESIAN_POINT('Ctrl Pts',(140.660108020338,-61.9030630866232,-9.05143160991138));
#2649=CARTESIAN_POINT('Ctrl Pts',(138.17917189156,-61.9512670166227,-9.17055280110504));
#2650=CARTESIAN_POINT('Ctrl Pts',(135.977659257304,-60.8064046609789,-9.28967399229871));
#2651=CARTESIAN_POINT('Ctrl Pts',(134.59241274057,-58.7476526644284,-9.40879518349237));
#2652=CARTESIAN_POINT('Ctrl Pts',(134.361227077825,-56.2770412257966,-9.52791637468603));
#2653=CARTESIAN_POINT('Ctrl Pts',(135.34047728364,-53.9970331718729,-9.6470375658797));
#2654=CARTESIAN_POINT('Ctrl Pts',(137.291371530003,-52.4636123720446,-9.76615875707337));
#2655=CARTESIAN_POINT('Ctrl Pts',(139.738180892343,-52.0507061068065,-9.88527994826703));
#2656=CARTESIAN_POINT('Ctrl Pts',(142.084246770078,-52.8590022891226,-10.0044011394607));
#2657=CARTESIAN_POINT('Ctrl Pts',(143.757476874127,-54.6913964823762,-10.1235223306544));
#2658=CARTESIAN_POINT('Ctrl Pts',(144.349851415618,-57.1010562889497,-10.242643521848));
#2659=CARTESIAN_POINT('Ctrl Pts',(143.716918338395,-59.5003819048385,-10.3617647130417));
#2660=CARTESIAN_POINT('Ctrl Pts',(142.013020559357,-61.3042939656275,-10.4808859042354));
#2661=CARTESIAN_POINT('Ctrl Pts',(139.653654082388,-62.0729047943831,-10.600007095429));
#2662=CARTESIAN_POINT('Ctrl Pts',(137.214159610551,-61.6187887021297,-10.7191282866227));
#2663=CARTESIAN_POINT('Ctrl Pts',(135.289400875999,-60.0526797322462,-10.8382494778164));
#2664=CARTESIAN_POINT('Ctrl Pts',(134.348757579413,-57.7564827449147,-10.95737066901));
#2665=CARTESIAN_POINT('Ctrl Pts',(134.62155466127,-55.2901158471188,-11.0764918602037));
#2666=CARTESIAN_POINT('Ctrl Pts',(136.041380828111,-53.2550384889162,-11.1956130513973));
#2667=CARTESIAN_POINT('Ctrl Pts',(138.261757528027,-52.1474501454313,-11.314734242591));
#2668=CARTESIAN_POINT('Ctrl Pts',(140.741738211435,-52.2376075718419,-11.4338554337847));
#2669=CARTESIAN_POINT('Ctrl Pts',(142.164064500438,-53.0814453193033,-11.5132695612471));
#2670=CARTESIAN_POINT('Ctrl Pts',(142.731344571303,-53.6479963394033,-11.5529766249783));
#2671=CARTESIAN_POINT('Ctrl Pts',(143.180518236562,-53.7217421043395,-0.909423524921638));
#2672=CARTESIAN_POINT('Ctrl Pts',(143.735532575551,-54.3630017365059,-0.94913058865286));
#2673=CARTESIAN_POINT('Ctrl Pts',(144.518658630362,-55.9273423401742,-1.0285447161153));
#2674=CARTESIAN_POINT('Ctrl Pts',(144.426827464278,-58.5508185946939,-1.14766590730897));
#2675=CARTESIAN_POINT('Ctrl Pts',(143.090800399639,-60.8100868603363,-1.26678709850263));
#2676=CARTESIAN_POINT('Ctrl Pts',(140.836511304421,-62.1547569323571,-1.3859082896963));
#2677=CARTESIAN_POINT('Ctrl Pts',(138.213630595491,-62.2566589937437,-1.50502948088996));
#2678=CARTESIAN_POINT('Ctrl Pts',(135.86177728031,-61.0910632852771,-1.62415067208363));
#2679=CARTESIAN_POINT('Ctrl Pts',(134.354444575456,-58.9421458675878,-1.74327186327729));
#2680=CARTESIAN_POINT('Ctrl Pts',(134.059203198526,-56.3339497327658,-1.86239305447096));
#2681=CARTESIAN_POINT('Ctrl Pts',(135.048046001509,-53.9024759646552,-1.98151424566462));
#2682=CARTESIAN_POINT('Ctrl Pts',(137.07984303928,-52.2406491403428,-2.10063543685829));
#2683=CARTESIAN_POINT('Ctrl Pts',(139.659136638178,-51.7537060101333,-2.21975662805195));
#2684=CARTESIAN_POINT('Ctrl Pts',(142.15696186616,-52.5603896753923,-2.33887781924562));
#2685=CARTESIAN_POINT('Ctrl Pts',(143.964219661291,-54.463988394957,-2.45799901043928));
#2686=CARTESIAN_POINT('Ctrl Pts',(144.640207165334,-57.0003066164949,-2.57712020163295));
#2687=CARTESIAN_POINT('Ctrl Pts',(144.020083645962,-59.5508586830373,-2.69624139282661));
#2688=CARTESIAN_POINT('Ctrl Pts',(142.255067295177,-61.4936881618068,-2.81536258402028));
#2689=CARTESIAN_POINT('Ctrl Pts',(139.775560366402,-62.3550327338605,-2.93448377521395));
#2690=CARTESIAN_POINT('Ctrl Pts',(137.186194870472,-61.9248520626026,-3.05360496640761));
#2691=CARTESIAN_POINT('Ctrl Pts',(135.118392014617,-60.3080464356629,-3.17272615760128));
#2692=CARTESIAN_POINT('Ctrl Pts',(134.076389065054,-57.8988766750525,-3.29184734879494));
#2693=CARTESIAN_POINT('Ctrl Pts',(134.314280224354,-55.2848229493888,-3.4109685399886));
#2694=CARTESIAN_POINT('Ctrl Pts',(135.774055326239,-53.1033267345375,-3.53008973118227));
#2695=CARTESIAN_POINT('Ctrl Pts',(138.099745713449,-51.8863496161902,-3.64921092237594));
#2696=CARTESIAN_POINT('Ctrl Pts',(140.724227804332,-51.9306535478019,-3.7683321135696));
#2697=CARTESIAN_POINT('Ctrl Pts',(143.007517148834,-53.2254349397637,-3.88745330476326));
#2698=CARTESIAN_POINT('Ctrl Pts',(144.392829732123,-55.4549591334648,-4.00657449595693));
#2699=CARTESIAN_POINT('Ctrl Pts',(144.5423547096,-58.0755528381069,-4.1256956871506));
#2700=CARTESIAN_POINT('Ctrl Pts',(143.419630159575,-60.4481797932934,-4.24481687834426));
#2701=CARTESIAN_POINT('Ctrl Pts',(141.298434385275,-61.9942708549057,-4.36393806953792));
#2702=CARTESIAN_POINT('Ctrl Pts',(138.696024606997,-62.3368090712123,-4.48305926073159));
#2703=CARTESIAN_POINT('Ctrl Pts',(136.247002903575,-61.392265911863,-4.60218045192525));
#2704=CARTESIAN_POINT('Ctrl Pts',(134.548567409243,-59.3909698429871,-4.72130164311892));
#2705=CARTESIAN_POINT('Ctrl Pts',(134.014884526411,-56.8209403364877,-4.84042283431258));
#2706=CARTESIAN_POINT('Ctrl Pts',(134.776093739534,-54.3088834865014,-4.95954402550625));
#2707=CARTESIAN_POINT('Ctrl Pts',(136.646572879071,-52.4673686556459,-5.07866521669992));
#2708=CARTESIAN_POINT('Ctrl Pts',(139.170202405252,-51.745452387444,-5.19778640789358));
#2709=CARTESIAN_POINT('Ctrl Pts',(141.73159093856,-52.3191751995608,-5.31690759908725));
#2710=CARTESIAN_POINT('Ctrl Pts',(143.706139500961,-54.0486338022521,-5.43602879028091));
#2711=CARTESIAN_POINT('Ctrl Pts',(144.61235104579,-56.5120967550334,-5.55514998147458));
#2712=CARTESIAN_POINT('Ctrl Pts',(144.229244336726,-59.1088444002958,-5.67427117266824));
#2713=CARTESIAN_POINT('Ctrl Pts',(142.650240600519,-61.2056553800334,-5.79339236386191));
#2714=CARTESIAN_POINT('Ctrl Pts',(140.260382600934,-62.291218747842,-5.91251355505557));
#2715=CARTESIAN_POINT('Ctrl Pts',(137.642441301759,-62.1008180183831,-6.03163474624924));
#2716=CARTESIAN_POINT('Ctrl Pts',(135.434806169782,-60.6808827354332,-6.1507559374429));
#2717=CARTESIAN_POINT('Ctrl Pts',(134.175812810622,-58.3776665481645,-6.26987712863657));
#2718=CARTESIAN_POINT('Ctrl Pts',(134.17246890986,-55.7528126661297,-6.38899831983023));
#2719=CARTESIAN_POINT('Ctrl Pts',(135.425589883419,-53.4463962012797,-6.5081195110239));
#2720=CARTESIAN_POINT('Ctrl Pts',(137.629600037,-52.0208407563335,-6.62724070221756));
#2721=CARTESIAN_POINT('Ctrl Pts',(140.247047722171,-51.8237704665853,-6.74636189341122));
#2722=CARTESIAN_POINT('Ctrl Pts',(142.639663840762,-52.9032412595044,-6.86548308460489));
#2723=CARTESIAN_POINT('Ctrl Pts',(144.224004856946,-54.9960223345674,-6.98460427579856));
#2724=CARTESIAN_POINT('Ctrl Pts',(144.613726502099,-57.5917854445227,-7.10372546699222));
#2725=CARTESIAN_POINT('Ctrl Pts',(143.713794485984,-60.0575493119841,-7.22284665818589));
#2726=CARTESIAN_POINT('Ctrl Pts',(141.743658771096,-61.7920331973599,-7.34196784937956));
#2727=CARTESIAN_POINT('Ctrl Pts',(139.183740323682,-62.3722802363812,-7.46108904057321));
#2728=CARTESIAN_POINT('Ctrl Pts',(136.658279638814,-61.6567961954062,-7.58021023176689));
#2729=CARTESIAN_POINT('Ctrl Pts',(134.783114627187,-59.8200530824808,-7.69933142296054));
#2730=CARTESIAN_POINT('Ctrl Pts',(134.015507486505,-57.3099438495433,-7.81845261415421));
#2731=CARTESIAN_POINT('Ctrl Pts',(134.542640531891,-54.7385629294602,-7.93757380534788));
#2732=CARTESIAN_POINT('Ctrl Pts',(136.235971467964,-52.7329459608838,-8.05669499654154));
#2733=CARTESIAN_POINT('Ctrl Pts',(138.682578647584,-51.7821660745051,-8.17581618773521));
#2734=CARTESIAN_POINT('Ctrl Pts',(141.285852722275,-52.1180725730139,-8.29493737892887));
#2735=CARTESIAN_POINT('Ctrl Pts',(143.41098085305,-53.6587540817979,-8.41405857012253));
#2736=CARTESIAN_POINT('Ctrl Pts',(144.539746907743,-56.028512777838,-8.5331797613162));
#2737=CARTESIAN_POINT('Ctrl Pts',(144.396899351897,-58.6494789469267,-8.65230095250987));
#2738=CARTESIAN_POINT('Ctrl Pts',(143.017271806455,-60.8825255025555,-8.77142214370353));
#2739=CARTESIAN_POINT('Ctrl Pts',(140.737288809919,-62.1831202199822,-8.8905433348972));
#2740=CARTESIAN_POINT('Ctrl Pts',(138.112928118272,-62.234110851142,-9.00966452609086));
#2741=CARTESIAN_POINT('Ctrl Pts',(135.784144578668,-61.0230632434881,-9.12878571728453));
#2742=CARTESIAN_POINT('Ctrl Pts',(134.318816042157,-58.8452934287289,-9.24790690847819));
#2743=CARTESIAN_POINT('Ctrl Pts',(134.074265382936,-56.2318543044118,-9.36702809967186));
#2744=CARTESIAN_POINT('Ctrl Pts',(135.110126692551,-53.8200374728738,-9.48614929086552));
#2745=CARTESIAN_POINT('Ctrl Pts',(137.173803429057,-52.1979685996995,-9.60527048205919));
#2746=CARTESIAN_POINT('Ctrl Pts',(139.762064463267,-51.7611919494438,-9.72439167325285));
#2747=CARTESIAN_POINT('Ctrl Pts',(142.243757965219,-52.6162162700918,-9.84351286444652));
#2748=CARTESIAN_POINT('Ctrl Pts',(144.013718611207,-54.5545423868333,-9.96263405564018));
#2749=CARTESIAN_POINT('Ctrl Pts',(144.640338717782,-57.1035062248221,-10.0817552468339));
#2750=CARTESIAN_POINT('Ctrl Pts',(143.970815359627,-59.6415384457093,-10.2008764380275));
#2751=CARTESIAN_POINT('Ctrl Pts',(142.168414120021,-61.5497358590202,-10.3199976292212));
#2752=CARTESIAN_POINT('Ctrl Pts',(139.672651102373,-62.3627805895004,-10.4391188204149));
#2753=CARTESIAN_POINT('Ctrl Pts',(137.092127837337,-61.8824117448009,-10.5582400116085));
#2754=CARTESIAN_POINT('Ctrl Pts',(135.056097523912,-60.2257649767829,-10.6773612028022));
#2755=CARTESIAN_POINT('Ctrl Pts',(134.061075014551,-57.796823318861,-10.7964823939958));
#2756=CARTESIAN_POINT('Ctrl Pts',(134.349642676619,-55.1878741151002,-10.9156035851895));
#2757=CARTESIAN_POINT('Ctrl Pts',(135.851549935742,-53.0351475852319,-11.0347247763832));
#2758=CARTESIAN_POINT('Ctrl Pts',(138.200288085151,-51.8635288250986,-11.1538459675768));
#2759=CARTESIAN_POINT('Ctrl Pts',(140.823638096499,-51.9588983121191,-11.2729671587705));
#2760=CARTESIAN_POINT('Ctrl Pts',(142.328190011503,-52.8515188793632,-11.3523812862329));
#2761=CARTESIAN_POINT('Ctrl Pts',(142.928264919463,-53.4508225896508,-11.3920883499642));
#2762=CARTESIAN_POINT('Ctrl Pts',(142.928264919463,-53.4508225896508,-11.3920883499642));
#2763=CARTESIAN_POINT('Ctrl Pts',(142.816149041932,-53.3556506158093,-11.3920883499642));
#2764=CARTESIAN_POINT('Ctrl Pts',(142.700081378785,-53.2656569274241,-11.3920883499642));
#2765=CARTESIAN_POINT('Ctrl Pts',(142.580463893786,-53.180982747557,-11.3920883499642));
#2766=CARTESIAN_POINT('Ctrl Pts',(142.459893198264,-53.0956338141679,-11.3920883499642));
#2767=CARTESIAN_POINT('Ctrl Pts',(142.335715152937,-53.0156891728553,-11.3920883499642));
#2768=CARTESIAN_POINT('Ctrl Pts',(142.208314269929,-52.94133873749,-11.3920883499642));
#2769=CARTESIAN_POINT('Ctrl Pts',(142.08191932218,-52.8675753602565,-11.3920883499642));
#2770=CARTESIAN_POINT('Ctrl Pts',(141.952351481262,-52.7993179876363,-11.3920883499642));
#2771=CARTESIAN_POINT('Ctrl Pts',(141.819970748991,-52.7368003451825,-11.3920883499642));
#2772=CARTESIAN_POINT('Ctrl Pts',(141.689333714784,-52.6751061752255,-11.3920883499642));
#2773=CARTESIAN_POINT('Ctrl Pts',(141.55595671865,-52.6190013758002,-11.3920883499642));
#2774=CARTESIAN_POINT('Ctrl Pts',(141.420181193773,-52.5687603353173,-11.3920883499642));
#2775=CARTESIAN_POINT('Ctrl Pts',(141.37032533092,-52.5503121619358,-11.3920883499642));
#2776=CARTESIAN_POINT('Ctrl Pts',(141.320146078416,-52.5326551045951,-11.3920883499642));
#2777=CARTESIAN_POINT('Ctrl Pts',(141.269660460309,-52.5158045277678,-11.3920883499642));
#2778=CARTESIAN_POINT('Ctrl Pts',(141.246814423193,-52.5081792095476,-11.3920883499642));
#2779=CARTESIAN_POINT('Ctrl Pts',(141.223902341893,-52.5007180841523,-11.3920883499642));
#2780=CARTESIAN_POINT('Ctrl Pts',(141.200950439789,-52.4934302262558,-11.3920883499642));
#2781=CARTESIAN_POINT('Ctrl Pts',(141.063739781555,-52.4498620821194,-11.3920883499642));
#2782=CARTESIAN_POINT('Ctrl Pts',(140.924937119977,-52.4124235094697,-11.3920883499642));
#2783=CARTESIAN_POINT('Ctrl Pts',(140.784896196814,-52.3812975213562,-11.3920883499642));
#2784=CARTESIAN_POINT('Ctrl Pts',(140.758103490905,-52.3753424803093,-11.3920883499642));
#2785=CARTESIAN_POINT('Ctrl Pts',(140.731265428174,-52.3696186520158,-11.3920883499642));
#2786=CARTESIAN_POINT('Ctrl Pts',(140.70438444826,-52.3641275332698,-11.3920883499642));
#2787=CARTESIAN_POINT('Ctrl Pts',(140.563340661669,-52.335315779271,-11.3920883499642));
#2788=CARTESIAN_POINT('Ctrl Pts',(140.421115254461,-52.3129064792739,-11.3920883499642));
#2789=CARTESIAN_POINT('Ctrl Pts',(140.278142740774,-52.2968823106107,-11.3920883499642));
#2790=CARTESIAN_POINT('Ctrl Pts',(140.135534858106,-52.2808990093059,-11.3920883499642));
#2791=CARTESIAN_POINT('Ctrl Pts',(139.992182868936,-52.2712684472467,-11.3920883499642));
#2792=CARTESIAN_POINT('Ctrl Pts',(139.848526029006,-52.2680243916508,-11.3920883499642));
#2793=CARTESIAN_POINT('Ctrl Pts',(139.720543355117,-52.2651342897274,-11.3920883499642));
#2794=CARTESIAN_POINT('Ctrl Pts',(139.592318458636,-52.2673138233939,-11.3920883499642));
#2795=CARTESIAN_POINT('Ctrl Pts',(139.464175091287,-52.2746198384755,-11.3920883499642));
#2796=CARTESIAN_POINT('Ctrl Pts',(139.438603021281,-52.2760778142802,-11.3920883499642));
#2797=CARTESIAN_POINT('Ctrl Pts',(139.413034250741,-52.2777400418463,-11.3920883499642));
#2798=CARTESIAN_POINT('Ctrl Pts',(139.387471437115,-52.2796071177496,-11.3920883499642));
#2799=CARTESIAN_POINT('Ctrl Pts',(139.369946921642,-52.2808870864195,-11.3920883499642));
#2800=CARTESIAN_POINT('Ctrl Pts',(139.352428922785,-52.2822630885141,-11.3920883499642));
#2801=CARTESIAN_POINT('Ctrl Pts',(139.334926512423,-52.2837344254638,-11.3920883499642));
#2802=CARTESIAN_POINT('Ctrl Pts',(139.194659711256,-52.2955259286398,-11.3920883499642));
#2803=CARTESIAN_POINT('Ctrl Pts',(139.055234913127,-52.3134475956816,-11.3920883499642));
#2804=CARTESIAN_POINT('Ctrl Pts',(138.917057962952,-52.3374756804763,-11.3920883499642));
#2805=CARTESIAN_POINT('Ctrl Pts',(138.78009914742,-52.3612919394749,-11.3920883499642));
#2806=CARTESIAN_POINT('Ctrl Pts',(138.644365543384,-52.3911076334242,-11.3920883499642));
#2807=CARTESIAN_POINT('Ctrl Pts',(138.51026671051,-52.4269483882563,-11.3920883499642));
#2808=CARTESIAN_POINT('Ctrl Pts',(138.450971086402,-52.4427964003584,-11.3920883499642));
#2809=CARTESIAN_POINT('Ctrl Pts',(138.391995350568,-52.4598230675323,-11.3920883499642));
#2810=CARTESIAN_POINT('Ctrl Pts',(138.333376377972,-52.4780335296323,-11.3920883499642));
#2811=CARTESIAN_POINT('Ctrl Pts',(138.199807664499,-52.5195277402385,-11.3920883499642));
#2812=CARTESIAN_POINT('Ctrl Pts',(138.068088898795,-52.5671657006678,-11.3920883499642));
#2813=CARTESIAN_POINT('Ctrl Pts',(137.938618953168,-52.6207677268797,-11.3920883499642));
#2814=CARTESIAN_POINT('Ctrl Pts',(137.866340056728,-52.6506920099462,-11.3920883499642));
#2815=CARTESIAN_POINT('Ctrl Pts',(137.794762625965,-52.6824757794488,-11.3920883499642));
#2816=CARTESIAN_POINT('Ctrl Pts',(137.723961292804,-52.7160926007478,-11.3920883499642));
#2817=CARTESIAN_POINT('Ctrl Pts',(137.696669243106,-52.7290510002102,-11.3920883499642));
#2818=CARTESIAN_POINT('Ctrl Pts',(137.669492557453,-52.7422818061434,-11.3920883499642));
#2819=CARTESIAN_POINT('Ctrl Pts',(137.642435681909,-52.7557836252673,-11.3920883499642));
#2820=CARTESIAN_POINT('Ctrl Pts',(137.627916475169,-52.7630289445909,-11.3920883499642));
#2821=CARTESIAN_POINT('Ctrl Pts',(137.61343318834,-52.7703516351985,-11.3920883499642));
#2822=CARTESIAN_POINT('Ctrl Pts',(137.59899487662,-52.7777470419125,-11.3920883499642));
#2823=CARTESIAN_POINT('Ctrl Pts',(137.476872360832,-52.8402990695126,-11.3920883499642));
#2824=CARTESIAN_POINT('Ctrl Pts',(137.357795991657,-52.9081336163445,-11.3920883499642));
#2825=CARTESIAN_POINT('Ctrl Pts',(137.242103597988,-52.981021199223,-11.3920883499642));
#2826=CARTESIAN_POINT('Ctrl Pts',(137.126785683504,-53.0536728557641,-11.3920883499642));
#2827=CARTESIAN_POINT('Ctrl Pts',(137.014829262665,-53.1313454189081,-11.3920883499642));
#2828=CARTESIAN_POINT('Ctrl Pts',(136.906601492376,-53.2138515388901,-11.3920883499642));
#2829=CARTESIAN_POINT('Ctrl Pts',(136.800337379462,-53.2948606886353,-11.3920883499642));
#2830=CARTESIAN_POINT('Ctrl Pts',(136.697667385843,-53.3805301393618,-11.3920883499642));
#2831=CARTESIAN_POINT('Ctrl Pts',(136.598978242166,-53.470712986273,-11.3920883499642));
#2832=CARTESIAN_POINT('Ctrl Pts',(136.529709806396,-53.5340109794063,-11.3920883499642));
#2833=CARTESIAN_POINT('Ctrl Pts',(136.462403306934,-53.5995330982249,-11.3920883499642));
#2834=CARTESIAN_POINT('Ctrl Pts',(136.39720615144,-53.6672356409022,-11.3920883499642));
#2835=CARTESIAN_POINT('Ctrl Pts',(136.36527070213,-53.7003983011968,-11.3920883499642));
#2836=CARTESIAN_POINT('Ctrl Pts',(136.333841543275,-53.7340842041688,-11.3920883499642));
#2837=CARTESIAN_POINT('Ctrl Pts',(136.302930043166,-53.7682804229313,-11.3920883499642));
#2838=CARTESIAN_POINT('Ctrl Pts',(136.287562927983,-53.7852804789196,-11.3920883499642));
#2839=CARTESIAN_POINT('Ctrl Pts',(136.272323757785,-53.8024066570852,-11.3920883499642));
#2840=CARTESIAN_POINT('Ctrl Pts',(136.257213991747,-53.8196573808073,-11.3920883499642));
#2841=CARTESIAN_POINT('Ctrl Pts',(136.245298520815,-53.8332611981352,-11.3920883499642));
#2842=CARTESIAN_POINT('Ctrl Pts',(136.233464112176,-53.8469418616485,-11.3920883499642));
#2843=CARTESIAN_POINT('Ctrl Pts',(136.221718087992,-53.8606906454636,-11.3920883499642));
#2844=CARTESIAN_POINT('Ctrl Pts',(136.134457740912,-53.9628293460877,-11.3920883499642));
#2845=CARTESIAN_POINT('Ctrl Pts',(136.051970578791,-54.0688399638898,-11.3920883499642));
#2846=CARTESIAN_POINT('Ctrl Pts',(135.974470657853,-54.1783563790708,-11.3920883499642));
#2847=CARTESIAN_POINT('Ctrl Pts',(135.900846198441,-54.2823963157159,-11.3920883499642));
#2848=CARTESIAN_POINT('Ctrl Pts',(135.831722747488,-54.3896009759574,-11.3920883499642));
#2849=CARTESIAN_POINT('Ctrl Pts',(135.767324617777,-54.4996717749291,-11.3920883499642));
#2850=CARTESIAN_POINT('Ctrl Pts',(135.741857689413,-54.5432004482771,-11.3920883499642));
#2851=CARTESIAN_POINT('Ctrl Pts',(135.717130208671,-54.5871774682182,-11.3920883499642));
#2852=CARTESIAN_POINT('Ctrl Pts',(135.693157901923,-54.6315846917031,-11.3920883499642));
#2853=CARTESIAN_POINT('Ctrl Pts',(135.681316352432,-54.6535204336484,-11.3920883499642));
#2854=CARTESIAN_POINT('Ctrl Pts',(135.66965908526,-54.675561148774,-11.3920883499642));
#2855=CARTESIAN_POINT('Ctrl Pts',(135.658188094876,-54.6977046567745,-11.3920883499642));
#2856=CARTESIAN_POINT('Ctrl Pts',(135.647599062594,-54.7181456399152,-11.3920883499642));
#2857=CARTESIAN_POINT('Ctrl Pts',(135.637172995707,-54.7386660788868,-11.3920883499642));
#2858=CARTESIAN_POINT('Ctrl Pts',(135.626912213732,-54.7592617912339,-11.3920883499642));
#2859=CARTESIAN_POINT('Ctrl Pts',(135.568296356823,-54.8769170860062,-11.3920883499642));
#2860=CARTESIAN_POINT('Ctrl Pts',(135.515057447301,-54.9970527024422,-11.3920883499642));
#2861=CARTESIAN_POINT('Ctrl Pts',(135.467431647174,-55.1193319482889,-11.3920883499642));
#2862=CARTESIAN_POINT('Ctrl Pts',(135.420580305374,-55.2396227723141,-11.3920883499642));
#2863=CARTESIAN_POINT('Ctrl Pts',(135.379160863155,-55.3619887786678,-11.3920883499642));
#2864=CARTESIAN_POINT('Ctrl Pts',(135.343448249116,-55.4861147185421,-11.3920883499642));
#2865=CARTESIAN_POINT('Ctrl Pts',(135.336915948697,-55.5088189632704,-11.3920883499642));
#2866=CARTESIAN_POINT('Ctrl Pts',(135.330574722895,-55.5315820885947,-11.3920883499642));
#2867=CARTESIAN_POINT('Ctrl Pts',(135.324426445276,-55.5544021567369,-11.3920883499642));
#2868=CARTESIAN_POINT('Ctrl Pts',(135.314805533456,-55.5901113222817,-11.3920883499642));
#2869=CARTESIAN_POINT('Ctrl Pts',(135.305657068861,-55.6259599250789,-11.3920883499642));
#2870=CARTESIAN_POINT('Ctrl Pts',(135.29698275359,-55.6619383308614,-11.3920883499642));
#2871=CARTESIAN_POINT('Ctrl Pts',(142.548399323265,-54.2688450923144,-1.39208834996417));
#2872=CARTESIAN_POINT('Ctrl Pts',(142.641349711696,-54.3573093191392,-1.39208834996417));
#2873=CARTESIAN_POINT('Ctrl Pts',(142.730006284858,-54.4498721299634,-1.39208834996417));
#2874=CARTESIAN_POINT('Ctrl Pts',(142.814252840806,-54.546113751575,-1.39208834996417));
#2875=CARTESIAN_POINT('Ctrl Pts',(142.900060524157,-54.6441387746703,-1.39208834996417));
#2876=CARTESIAN_POINT('Ctrl Pts',(142.981293757453,-54.7459806266348,-1.39208834996417));
#2877=CARTESIAN_POINT('Ctrl Pts',(143.057806751693,-54.8512447480504,-1.39208834996417));
#2878=CARTESIAN_POINT('Ctrl Pts',(143.135428282881,-54.9580339590145,-1.39208834996417));
#2879=CARTESIAN_POINT('Ctrl Pts',(143.208192381296,-55.0683458350665,-1.39208834996417));
#2880=CARTESIAN_POINT('Ctrl Pts',(143.275915041832,-55.1818112493305,-1.39208834996417));
#2881=CARTESIAN_POINT('Ctrl Pts',(143.343484047129,-55.295019223095,-1.39208834996417));
#2882=CARTESIAN_POINT('Ctrl Pts',(143.406034971897,-55.4113670875484,-1.39208834996417));
#2883=CARTESIAN_POINT('Ctrl Pts',(143.463345654651,-55.5305216533573,-1.39208834996417));
#2884=CARTESIAN_POINT('Ctrl Pts',(143.474472222904,-55.5536548869098,-1.39208834996417));
#2885=CARTESIAN_POINT('Ctrl Pts',(143.485401142186,-55.5768939953555,-1.39208834996416));
#2886=CARTESIAN_POINT('Ctrl Pts',(143.496130588581,-55.6002366547261,-1.39208834996416));
#2887=CARTESIAN_POINT('Ctrl Pts',(143.506786809766,-55.6234200075442,-1.39208834996416));
#2888=CARTESIAN_POINT('Ctrl Pts',(143.517248478819,-55.6467107593039,-1.39208834996417));
#2889=CARTESIAN_POINT('Ctrl Pts',(143.5275008272,-55.6700765545512,-1.39208834996417));
#2890=CARTESIAN_POINT('Ctrl Pts',(143.581944771005,-55.7941579841118,-1.39208834996417));
#2891=CARTESIAN_POINT('Ctrl Pts',(143.630551928307,-55.9204837507021,-1.39208834996416));
#2892=CARTESIAN_POINT('Ctrl Pts',(143.673167216352,-56.0486430370682,-1.39208834996416));
#2893=CARTESIAN_POINT('Ctrl Pts',(143.679678062196,-56.068223459852,-1.39208834996416));
#2894=CARTESIAN_POINT('Ctrl Pts',(143.686048978833,-56.0878467557864,-1.39208834996417));
#2895=CARTESIAN_POINT('Ctrl Pts',(143.692279340381,-56.107511537251,-1.39208834996417));
#2896=CARTESIAN_POINT('Ctrl Pts',(143.732637308727,-56.2348926886916,-1.39208834996417));
#2897=CARTESIAN_POINT('Ctrl Pts',(143.767101262012,-56.3640121559305,-1.39208834996417));
#2898=CARTESIAN_POINT('Ctrl Pts',(143.795734555106,-56.4944497100472,-1.39208834996417));
#2899=CARTESIAN_POINT('Ctrl Pts',(143.824715780343,-56.6264722518754,-1.39208834996417));
#2900=CARTESIAN_POINT('Ctrl Pts',(143.84772401423,-56.7598458101565,-1.39208834996417));
#2901=CARTESIAN_POINT('Ctrl Pts',(143.864777390363,-56.8941587858518,-1.39208834996417));
#2902=CARTESIAN_POINT('Ctrl Pts',(143.880343223288,-57.0167558201925,-1.39208834996417));
#2903=CARTESIAN_POINT('Ctrl Pts',(143.890947286843,-57.1401362521591,-1.39208834996417));
#2904=CARTESIAN_POINT('Ctrl Pts',(143.89656706588,-57.2639965588312,-1.39208834996417));
#2905=CARTESIAN_POINT('Ctrl Pts',(143.897475552296,-57.2840196603225,-1.39208834996417));
#2906=CARTESIAN_POINT('Ctrl Pts',(143.898253706313,-57.304055312085,-1.39208834996417));
#2907=CARTESIAN_POINT('Ctrl Pts',(143.89890134504,-57.3241022397448,-1.39208834996417));
#2908=CARTESIAN_POINT('Ctrl Pts',(143.899485567043,-57.3421861741235,-1.39208834996417));
#2909=CARTESIAN_POINT('Ctrl Pts',(143.899963287887,-57.3602705022697,-1.39208834996417));
#2910=CARTESIAN_POINT('Ctrl Pts',(143.90033464222,-57.3783515897107,-1.39208834996417));
#2911=CARTESIAN_POINT('Ctrl Pts',(143.903178009731,-57.5167939666059,-1.39208834996417));
#2912=CARTESIAN_POINT('Ctrl Pts',(143.89979102343,-57.655094396079,-1.39208834996416));
#2913=CARTESIAN_POINT('Ctrl Pts',(143.890246054624,-57.7928122032312,-1.39208834996416));
#2914=CARTESIAN_POINT('Ctrl Pts',(143.880595424973,-57.9320545182051,-1.39208834996416));
#2915=CARTESIAN_POINT('Ctrl Pts',(143.864649927038,-58.0707020172622,-1.39208834996417));
#2916=CARTESIAN_POINT('Ctrl Pts',(143.842434630248,-58.2083173587731,-1.39208834996417));
#2917=CARTESIAN_POINT('Ctrl Pts',(143.833638593933,-58.2628054690522,-1.39208834996417));
#2918=CARTESIAN_POINT('Ctrl Pts',(143.823859065496,-58.3171318991942,-1.39208834996417));
#2919=CARTESIAN_POINT('Ctrl Pts',(143.813095371948,-58.3712698537378,-1.39208834996417));
#2920=CARTESIAN_POINT('Ctrl Pts',(143.786054781567,-58.5072754215556,-1.39208834996416));
#2921=CARTESIAN_POINT('Ctrl Pts',(143.752806675672,-58.6420918772933,-1.39208834996416));
#2922=CARTESIAN_POINT('Ctrl Pts',(143.713563872344,-58.7753710753764,-1.39208834996416));
#2923=CARTESIAN_POINT('Ctrl Pts',(143.690306080484,-58.8543608412758,-1.39208834996416));
#2924=CARTESIAN_POINT('Ctrl Pts',(143.664941638254,-58.9328105952279,-1.39208834996417));
#2925=CARTESIAN_POINT('Ctrl Pts',(143.63750639486,-59.0106463019246,-1.39208834996417));
#2926=CARTESIAN_POINT('Ctrl Pts',(143.627325820569,-59.039529304096,-1.39208834996417));
#2927=CARTESIAN_POINT('Ctrl Pts',(143.616860041145,-59.0683277361263,-1.39208834996417));
#2928=CARTESIAN_POINT('Ctrl Pts',(143.606110677153,-59.0970377456231,-1.39208834996417));
#2929=CARTESIAN_POINT('Ctrl Pts',(143.599552354869,-59.1145540838144,-1.39208834996417));
#2930=CARTESIAN_POINT('Ctrl Pts',(143.592891806732,-59.1320285709045,-1.39208834996417));
#2931=CARTESIAN_POINT('Ctrl Pts',(143.586130476005,-59.1494584996405,-1.39208834996417));
#2932=CARTESIAN_POINT('Ctrl Pts',(143.534823816837,-59.2817211338954,-1.39208834996417));
#2933=CARTESIAN_POINT('Ctrl Pts',(143.477704985845,-59.4114535563554,-1.39208834996417));
#2934=CARTESIAN_POINT('Ctrl Pts',(143.415063526075,-59.538304265314,-1.39208834996417));
#2935=CARTESIAN_POINT('Ctrl Pts',(143.351803283728,-59.6664080263069,-1.39208834996417));
#2936=CARTESIAN_POINT('Ctrl Pts',(143.282910575999,-59.7915735985821,-1.39208834996417));
#2937=CARTESIAN_POINT('Ctrl Pts',(143.208630005493,-59.9134358822894,-1.39208834996417));
#2938=CARTESIAN_POINT('Ctrl Pts',(143.134310636499,-60.0353618175336,-1.39208834996417));
#2939=CARTESIAN_POINT('Ctrl Pts',(143.054597499753,-60.153981770994,-1.39208834996417));
#2940=CARTESIAN_POINT('Ctrl Pts',(142.969685817461,-60.2689157428626,-1.39208834996417));
#2941=CARTESIAN_POINT('Ctrl Pts',(142.910312018488,-60.3492823821352,-1.39208834996417));
#2942=CARTESIAN_POINT('Ctrl Pts',(142.84839540654,-60.4278465175645,-1.39208834996417));
#2943=CARTESIAN_POINT('Ctrl Pts',(142.783989371507,-60.5044710317548,-1.39208834996416));
#2944=CARTESIAN_POINT('Ctrl Pts',(142.75052490014,-60.5442840533099,-1.39208834996416));
#2945=CARTESIAN_POINT('Ctrl Pts',(142.71638818289,-60.5835733200808,-1.39208834996416));
#2946=CARTESIAN_POINT('Ctrl Pts',(142.681594914831,-60.622328000959,-1.39208834996416));
#2947=CARTESIAN_POINT('Ctrl Pts',(142.666709437168,-60.6389082754991,-1.39208834996416));
#2948=CARTESIAN_POINT('Ctrl Pts',(142.651703778774,-60.6553906944621,-1.39208834996417));
#2949=CARTESIAN_POINT('Ctrl Pts',(142.636579130768,-60.6717743753365,-1.39208834996417));
#2950=CARTESIAN_POINT('Ctrl Pts',(142.622542544246,-60.6869794203765,-1.39208834996417));
#2951=CARTESIAN_POINT('Ctrl Pts',(142.608406076629,-60.7020965400772,-1.39208834996417));
#2952=CARTESIAN_POINT('Ctrl Pts',(142.594177559901,-60.7171181299198,-1.39208834996417));
#2953=CARTESIAN_POINT('Ctrl Pts',(142.49497235477,-60.8218528630012,-1.39208834996417));
#2954=CARTESIAN_POINT('Ctrl Pts',(142.391202265319,-60.9220477025291,-1.39208834996416));
#2955=CARTESIAN_POINT('Ctrl Pts',(142.283275157029,-61.0175230446812,-1.39208834996416));
#2956=CARTESIAN_POINT('Ctrl Pts',(142.172343474736,-61.1156563171305,-1.39208834996416));
#2957=CARTESIAN_POINT('Ctrl Pts',(142.057019713532,-61.2088043233153,-1.39208834996416));
#2958=CARTESIAN_POINT('Ctrl Pts',(141.937699440992,-61.2967421116536,-1.39208834996416));
#2959=CARTESIAN_POINT('Ctrl Pts',(141.891547382018,-61.3307556946528,-1.39208834996416));
#2960=CARTESIAN_POINT('Ctrl Pts',(141.844796954954,-61.3639894246835,-1.39208834996417));
#2961=CARTESIAN_POINT('Ctrl Pts',(141.797469429179,-61.3964287984326,-1.39208834996417));
#2962=CARTESIAN_POINT('Ctrl Pts',(141.776144688665,-61.4110452656218,-1.39208834996417));
#2963=CARTESIAN_POINT('Ctrl Pts',(141.754702774107,-61.4255004501054,-1.39208834996416));
#2964=CARTESIAN_POINT('Ctrl Pts',(141.73314557827,-61.4397929637943,-1.39208834996416));
#2965=CARTESIAN_POINT('Ctrl Pts',(141.711383433359,-61.4542213596022,-1.39208834996416));
#2966=CARTESIAN_POINT('Ctrl Pts',(141.689510152002,-61.4684797258017,-1.39208834996417));
#2967=CARTESIAN_POINT('Ctrl Pts',(141.667533712656,-61.4825632581719,-1.39208834996417));
#2968=CARTESIAN_POINT('Ctrl Pts',(141.542503528687,-61.5626884602322,-1.39208834996417));
#2969=CARTESIAN_POINT('Ctrl Pts',(141.414079994512,-61.6371955947541,-1.39208834996417));
#2970=CARTESIAN_POINT('Ctrl Pts',(141.282663729542,-61.7058747343556,-1.39208834996417));
#2971=CARTESIAN_POINT('Ctrl Pts',(141.150992043846,-61.7746873587713,-1.39208834996417));
#2972=CARTESIAN_POINT('Ctrl Pts',(141.016315379575,-61.8376498478369,-1.39208834996417));
#2973=CARTESIAN_POINT('Ctrl Pts',(140.879000856997,-61.8945134847001,-1.39208834996417));
#2974=CARTESIAN_POINT('Ctrl Pts',(140.843519962061,-61.9092065607664,-1.39208834996417));
#2975=CARTESIAN_POINT('Ctrl Pts',(140.807862788358,-61.9234922216696,-1.39208834996417));
#2976=CARTESIAN_POINT('Ctrl Pts',(140.7720353582,-61.9373657012578,-1.39208834996417));
#2977=CARTESIAN_POINT('Ctrl Pts',(140.730938369637,-61.9532797154496,-1.39208834996417));
#2978=CARTESIAN_POINT('Ctrl Pts',(140.689617360714,-61.9686513911289,-1.39208834996417));
#2979=CARTESIAN_POINT('Ctrl Pts',(140.648083340899,-61.9834802521494,-1.39208834996417));
#2980=CARTESIAN_POINT('Ctrl Pts',(135.062220250807,-57.058776216758,-3.81240667937512));
#2981=CARTESIAN_POINT('Ctrl Pts',(135.062028296003,-57.284358336944,-3.79977517752924));
#2982=CARTESIAN_POINT('Ctrl Pts',(135.079624054791,-57.5099108047816,-3.78714367568336));
#2983=CARTESIAN_POINT('Ctrl Pts',(135.115267749663,-57.7325741799354,-3.77451217383748));
#2984=CARTESIAN_POINT('Ctrl Pts',(135.227313528636,-58.4325154011548,-3.73480511010626));
#2985=CARTESIAN_POINT('Ctrl Pts',(135.517701093125,-59.103907876116,-3.69509804637503));
#2986=CARTESIAN_POINT('Ctrl Pts',(135.95102469084,-59.664891502877,-3.65539098264381));
#2987=CARTESIAN_POINT('Ctrl Pts',(136.384348288555,-60.225875129638,-3.61568391891259));
#2988=CARTESIAN_POINT('Ctrl Pts',(136.960607919496,-60.6764499081987,-3.57597685518137));
#2989=CARTESIAN_POINT('Ctrl Pts',(137.60954263492,-60.961679122725,-3.53626979145015));
#2990=CARTESIAN_POINT('Ctrl Pts',(138.258477350343,-61.2469083372513,-3.49656272771893));
#2991=CARTESIAN_POINT('Ctrl Pts',(138.980087150248,-61.366791987743,-3.4568556639877));
#2992=CARTESIAN_POINT('Ctrl Pts',(139.686389142355,-61.3067131582637,-3.41714860025648));
#2993=CARTESIAN_POINT('Ctrl Pts',(140.392691134462,-61.2466343287843,-3.37744153652526));
#2994=CARTESIAN_POINT('Ctrl Pts',(141.083685318771,-61.0065930193337,-3.33773447279404));
#2995=CARTESIAN_POINT('Ctrl Pts',(141.675121637682,-60.615856470381,-3.29802740906282));
#2996=CARTESIAN_POINT('Ctrl Pts',(142.266557956593,-60.2251199214283,-3.2583203453316));
#2997=CARTESIAN_POINT('Ctrl Pts',(142.758436410106,-59.6836881329734,-3.21861328160037));
#2998=CARTESIAN_POINT('Ctrl Pts',(143.090784297485,-59.0575756426922,-3.17890621786915));
#2999=CARTESIAN_POINT('Ctrl Pts',(143.423132184864,-58.4314631524109,-3.13919915413793));
#3000=CARTESIAN_POINT('Ctrl Pts',(143.595949506109,-57.7206699603033,-3.09949209040671));
#3001=CARTESIAN_POINT('Ctrl Pts',(143.588165359981,-57.0118601270652,-3.05978502667549));
#3002=CARTESIAN_POINT('Ctrl Pts',(143.580381213852,-56.3030502938271,-3.02007796294426));
#3003=CARTESIAN_POINT('Ctrl Pts',(143.391995600351,-55.5962238194586,-2.98037089921304));
#3004=CARTESIAN_POINT('Ctrl Pts',(143.04597759975,-54.9775611431194,-2.94066383548182));
#3005=CARTESIAN_POINT('Ctrl Pts',(142.699959599149,-54.3588984667803,-2.9009567717506));
#3006=CARTESIAN_POINT('Ctrl Pts',(142.19630921145,-53.8283995884705,-2.86124970801938));
#3007=CARTESIAN_POINT('Ctrl Pts',(141.59643443445,-53.4507460025875,-2.82154264428816));
#3008=CARTESIAN_POINT('Ctrl Pts',(140.99655965745,-53.0730924167045,-2.78183558055694));
#3009=CARTESIAN_POINT('Ctrl Pts',(140.30046049115,-52.8482841232484,-2.74212851682571));
#3010=CARTESIAN_POINT('Ctrl Pts',(139.593009436728,-52.8037311422418,-2.70242145309449));
#3011=CARTESIAN_POINT('Ctrl Pts',(138.885558382306,-52.7591781612352,-2.66271438936327));
#3012=CARTESIAN_POINT('Ctrl Pts',(138.166755439762,-52.8948804926781,-2.62300732563205));
#3013=CARTESIAN_POINT('Ctrl Pts',(137.524241241418,-53.194292348471,-2.58330026190083));
#3014=CARTESIAN_POINT('Ctrl Pts',(136.881727043075,-53.4937042042639,-2.54359319816961));
#3015=CARTESIAN_POINT('Ctrl Pts',(136.315501588932,-53.9568255844066,-2.50388613443838));
#3016=CARTESIAN_POINT('Ctrl Pts',(135.894602470114,-54.5271903757219,-2.46417907070716));
#3017=CARTESIAN_POINT('Ctrl Pts',(135.473703351295,-55.0975551670372,-2.42447200697594));
#3018=CARTESIAN_POINT('Ctrl Pts',(135.198130567801,-55.7751633695249,-2.38476494324472));
#3019=CARTESIAN_POINT('Ctrl Pts',(135.101483418711,-56.4773962516653,-2.3450578795135));
#3020=CARTESIAN_POINT('Ctrl Pts',(135.074992368914,-56.669878765891,-2.33417414613404));
#3021=CARTESIAN_POINT('Ctrl Pts',(135.061944214178,-56.8642113614958,-2.32329041275458));
#3022=CARTESIAN_POINT('Ctrl Pts',(135.062132369489,-57.0585690199006,-2.31240667937512));
#3023=CARTESIAN_POINT('Ctrl Pts',(138.002161573738,-61.9830838677831,-1.39208834996417));
#3024=CARTESIAN_POINT('Ctrl Pts',(137.183111882066,-61.7630556084594,-1.43179541369539));
#3025=CARTESIAN_POINT('Ctrl Pts',(135.657803997769,-60.9063848787256,-1.51120954115783));
#3026=CARTESIAN_POINT('Ctrl Pts',(134.263536396185,-58.6821826367362,-1.63033073235149));
#3027=CARTESIAN_POINT('Ctrl Pts',(134.103818922252,-56.0623062475403,-1.74945192354516));
#3028=CARTESIAN_POINT('Ctrl Pts',(135.21718115158,-53.6852532799874,-1.86857311473883));
#3029=CARTESIAN_POINT('Ctrl Pts',(137.332313631502,-52.1308716934129,-1.98769430593249));
#3030=CARTESIAN_POINT('Ctrl Pts',(139.933350102042,-51.7781156630775,-2.10681549712616));
#3031=CARTESIAN_POINT('Ctrl Pts',(142.386063475686,-52.7130462539171,-2.22593668831982));
#3032=CARTESIAN_POINT('Ctrl Pts',(144.092336754826,-54.7076605678819,-2.34505787951349));
#3033=CARTESIAN_POINT('Ctrl Pts',(144.636100879185,-57.2755771395019,-2.46417907070715));
#3034=CARTESIAN_POINT('Ctrl Pts',(143.884754053965,-59.7906011427355,-2.58330026190082));
#3035=CARTESIAN_POINT('Ctrl Pts',(142.021515328963,-61.6394415137666,-2.70242145309448));
#3036=CARTESIAN_POINT('Ctrl Pts',(139.500737805023,-62.3712545121123,-2.82154264428815));
#3037=CARTESIAN_POINT('Ctrl Pts',(136.937117789729,-61.8075866796352,-2.94066383548181));
#3038=CARTESIAN_POINT('Ctrl Pts',(134.955798229728,-60.0858891999002,-3.05978502667548));
#3039=CARTESIAN_POINT('Ctrl Pts',(134.039927375246,-57.6260010345488,-3.17890621786914));
#3040=CARTESIAN_POINT('Ctrl Pts',(134.412841862851,-55.0277700841865,-3.29802740906281));
#3041=CARTESIAN_POINT('Ctrl Pts',(135.983605874453,-52.9247794313304,-3.41714860025647));
#3042=CARTESIAN_POINT('Ctrl Pts',(138.369185908905,-51.8298469379167,-3.53626979145014));
#3043=CARTESIAN_POINT('Ctrl Pts',(140.987854195392,-52.0099737704545,-3.6553909826438));
#3044=CARTESIAN_POINT('Ctrl Pts',(143.201043988243,-53.4212356907336,-3.77451217383747));
#3045=CARTESIAN_POINT('Ctrl Pts',(144.469065169102,-55.7194940647396,-3.89363336503113));
#3046=CARTESIAN_POINT('Ctrl Pts',(144.482708602234,-58.3443146537885,-4.0127545562248));
#3047=CARTESIAN_POINT('Ctrl Pts',(143.238647313292,-60.6556304646573,-4.13187574741846));
#3048=CARTESIAN_POINT('Ctrl Pts',(141.040247776895,-62.0898231806329,-4.25099693861213));
#3049=CARTESIAN_POINT('Ctrl Pts',(138.423593482909,-62.2971624531343,-4.37011812980579));
#3050=CARTESIAN_POINT('Ctrl Pts',(136.026760059688,-61.2270882456536,-4.48923932099946));
#3051=CARTESIAN_POINT('Ctrl Pts',(134.434219440018,-59.1405399852795,-4.60836051219312));
#3052=CARTESIAN_POINT('Ctrl Pts',(134.034315379866,-56.5463260367294,-4.72748170338679));
#3053=CARTESIAN_POINT('Ctrl Pts',(134.924565168795,-54.0770499117314,-4.84660289458045));
#3054=CARTESIAN_POINT('Ctrl Pts',(136.887879871983,-52.334848819888,-4.96572408577412));
#3055=CARTESIAN_POINT('Ctrl Pts',(139.445501838561,-51.7445614794749,-5.08484527696778));
#3056=CARTESIAN_POINT('Ctrl Pts',(141.973750574239,-52.4501304688136,-5.20396646816145));
#3057=CARTESIAN_POINT('Ctrl Pts',(143.85610829736,-54.2795015821707,-5.32308765935511));
#3058=CARTESIAN_POINT('Ctrl Pts',(144.633558855211,-56.7865795423209,-5.44220885054878));
#3059=CARTESIAN_POINT('Ctrl Pts',(144.116519598544,-59.3600090974554,-5.56133004174244));
#3060=CARTESIAN_POINT('Ctrl Pts',(142.431071435082,-61.3722550457579,-5.68045123293611));
#3061=CARTESIAN_POINT('Ctrl Pts',(139.988213784376,-62.3326277684852,-5.79957242412978));
#3062=CARTESIAN_POINT('Ctrl Pts',(137.383641665852,-62.0069387333834,-5.91869361532344));
#3063=CARTESIAN_POINT('Ctrl Pts',(135.252484448716,-60.474607769126,-6.0378148065171));
#3064=CARTESIAN_POINT('Ctrl Pts',(134.114428468148,-58.1092964041531,-6.15693599771077));
#3065=CARTESIAN_POINT('Ctrl Pts',(134.246990622959,-55.4877898633856,-6.27605718890443));
#3066=CARTESIAN_POINT('Ctrl Pts',(135.617845404798,-53.2493470038769,-6.3951783800981));
#3067=CARTESIAN_POINT('Ctrl Pts',(137.892707528697,-51.9398159483368,-6.51429957129176));
#3068=CARTESIAN_POINT('Ctrl Pts',(140.516847971988,-51.8785280861103,-6.63342076248543));
#3069=CARTESIAN_POINT('Ctrl Pts',(142.85036559598,-53.0804285673045,-6.75254195367909));
#3070=CARTESIAN_POINT('Ctrl Pts',(144.324228133909,-55.2524319023538,-6.87166314487276));
#3071=CARTESIAN_POINT('Ctrl Pts',(144.579031683172,-57.8648913603087,-6.99078433606642));
#3072=CARTESIAN_POINT('Ctrl Pts',(143.552641962149,-60.2807542307449,-7.10990552726009));
#3073=CARTESIAN_POINT('Ctrl Pts',(141.495345861125,-61.9109082176083,-7.22902671845375));
#3074=CARTESIAN_POINT('Ctrl Pts',(138.908818555695,-62.3578374809579,-7.34814790964742));
#3075=CARTESIAN_POINT('Ctrl Pts',(136.423789156502,-61.5125575549419,-7.46726910084108));
#3076=CARTESIAN_POINT('Ctrl Pts',(134.646236336028,-59.5811913963381,-7.58639029203475));
#3077=CARTESIAN_POINT('Ctrl Pts',(134.009619392084,-57.0347059487344,-7.70551148322841));
#3078=CARTESIAN_POINT('Ctrl Pts',(134.669178456111,-54.4940660472068,-7.82463267442208));
#3079=CARTESIAN_POINT('Ctrl Pts',(136.464078921417,-52.5788110804152,-7.94375386561574));
#3080=CARTESIAN_POINT('Ctrl Pts',(138.956631237305,-51.7559792502474,-8.06287505680941));
#3081=CARTESIAN_POINT('Ctrl Pts',(141.539022255182,-52.2262195068855,-8.18199624800307));
#3082=CARTESIAN_POINT('Ctrl Pts',(143.581531505203,-53.874862958864,-8.30111743919674));
#3083=CARTESIAN_POINT('Ctrl Pts',(144.586089610701,-56.2998850785266,-8.4202386303904));
#3084=CARTESIAN_POINT('Ctrl Pts',(144.307733358205,-58.9099400712175,-8.53935982158407));
#3085=CARTESIAN_POINT('Ctrl Pts',(142.814340396331,-61.068561559483,-8.65848101277774));
#3086=CARTESIAN_POINT('Ctrl Pts',(140.470077154992,-62.2493659986161,-8.7776022039714));
#3087=CARTESIAN_POINT('Ctrl Pts',(137.846596238129,-62.1644122050185,-8.89672339516507));
#3088=CARTESIAN_POINT('Ctrl Pts',(135.583637957798,-60.8344163066659,-9.01584458635873));
#3089=CARTESIAN_POINT('Ctrl Pts',(134.233028564013,-58.5837000798598,-9.1349657775524));
#3090=CARTESIAN_POINT('Ctrl Pts',(134.124116469262,-55.9611045289157,-9.25408696874606));
#3091=CARTESIAN_POINT('Ctrl Pts',(135.283460074161,-53.6061540679203,-9.37320815993973));
#3092=CARTESIAN_POINT('Ctrl Pts',(137.428351456506,-52.0931073975438,-9.49232935113339));
#3093=CARTESIAN_POINT('Ctrl Pts',(140.035755180912,-51.790923538332,-9.61145054232706));
#3094=CARTESIAN_POINT('Ctrl Pts',(142.469851387334,-52.7732905412036,-9.73057173352072));
#3095=CARTESIAN_POINT('Ctrl Pts',(144.137081547149,-54.8006565318701,-9.84969292471439));
#3096=CARTESIAN_POINT('Ctrl Pts',(144.630888737329,-57.3786448415938,-9.96881411590805));
#3097=CARTESIAN_POINT('Ctrl Pts',(143.830857218192,-59.878608612306,-10.0879353071017));
#3098=CARTESIAN_POINT('Ctrl Pts',(141.932076069125,-61.6909273911286,-10.2070564982954));
#3099=CARTESIAN_POINT('Ctrl Pts',(139.397566271308,-62.3736641598327,-10.326177689489));
#3100=CARTESIAN_POINT('Ctrl Pts',(136.845372489687,-61.7603323497655,-10.4452988806827));
#3101=CARTESIAN_POINT('Ctrl Pts',(134.897851302962,-60.0004940569091,-10.5644200718764));
#3102=CARTESIAN_POINT('Ctrl Pts',(134.029909612322,-57.5232886787556,-10.68354126307));
#3103=CARTESIAN_POINT('Ctrl Pts',(134.453195346705,-54.9327873806132,-10.8026624542637));
#3104=CARTESIAN_POINT('Ctrl Pts',(136.064492016585,-52.8606874835584,-10.9217836454574));
#3105=CARTESIAN_POINT('Ctrl Pts',(138.470876852121,-51.812275928928,-11.040904836651));
#3106=CARTESIAN_POINT('Ctrl Pts',(141.085560306781,-52.043205647379,-11.1600260278447));
#3107=CARTESIAN_POINT('Ctrl Pts',(143.270922502952,-53.4971725003585,-11.2791472190384));
#3108=CARTESIAN_POINT('Ctrl Pts',(144.494113078907,-55.8196049190088,-11.398268410232));
#3109=CARTESIAN_POINT('Ctrl Pts',(144.456739241668,-58.4442114534319,-11.5173896014257));
#3110=CARTESIAN_POINT('Ctrl Pts',(143.16816900799,-60.7308790547734,-11.6365107926194));
#3111=CARTESIAN_POINT('Ctrl Pts',(140.942087666173,-62.1221445282589,-11.755631983813));
#3112=CARTESIAN_POINT('Ctrl Pts',(139.19576571576,-62.2261085921807,-11.8350461112755));
#3113=CARTESIAN_POINT('Ctrl Pts',(138.362911414388,-62.0660818912355,-11.8747531750067));
#3114=CARTESIAN_POINT('Ctrl Pts',(138.074458875902,-61.7139589688778,-1.23120007494999));
#3115=CARTESIAN_POINT('Ctrl Pts',(137.300171264523,-61.5059555264982,-1.27090713868121));
#3116=CARTESIAN_POINT('Ctrl Pts',(135.858223345662,-60.6961029133923,-1.35032126614365));
#3117=CARTESIAN_POINT('Ctrl Pts',(134.54015419573,-58.5934560792806,-1.46944245733732));
#3118=CARTESIAN_POINT('Ctrl Pts',(134.389165479607,-56.1167591802701,-1.58856364853099));
#3119=CARTESIAN_POINT('Ctrl Pts',(135.441681083864,-53.8696151020991,-1.70768483972465));
#3120=CARTESIAN_POINT('Ctrl Pts',(137.441218953521,-52.4001823948065,-1.82680603091831));
#3121=CARTESIAN_POINT('Ctrl Pts',(139.900105558769,-52.0667049185249,-1.94592722211198));
#3122=CARTESIAN_POINT('Ctrl Pts',(142.21877510811,-52.9505403943784,-2.06504841330565));
#3123=CARTESIAN_POINT('Ctrl Pts',(143.831798438805,-54.8361465651469,-2.18416960449931));
#3124=CARTESIAN_POINT('Ctrl Pts',(144.34584518015,-57.26372331498,-2.30329079569298));
#3125=CARTESIAN_POINT('Ctrl Pts',(143.635560389701,-59.6412981408126,-2.42241198688664));
#3126=CARTESIAN_POINT('Ctrl Pts',(141.874149969209,-61.3890970952142,-2.54153317808031));
#3127=CARTESIAN_POINT('Ctrl Pts',(139.491136059704,-62.0809156066267,-2.66065436927397));
#3128=CARTESIAN_POINT('Ctrl Pts',(137.067621054072,-61.5480529194689,-2.77977556046764));
#3129=CARTESIAN_POINT('Ctrl Pts',(135.194583062493,-59.9204483398489,-2.8988967516613));
#3130=CARTESIAN_POINT('Ctrl Pts',(134.328765684794,-57.5949961100557,-3.01801794285497));
#3131=CARTESIAN_POINT('Ctrl Pts',(134.681299933683,-55.1387616998322,-3.13713913404863));
#3132=CARTESIAN_POINT('Ctrl Pts',(136.166219746181,-53.15070209135,-3.2562603252423));
#3133=CARTESIAN_POINT('Ctrl Pts',(138.421424876481,-52.1156090151092,-3.37538151643596));
#3134=CARTESIAN_POINT('Ctrl Pts',(140.896979697092,-52.2858916931068,-3.49450270762963));
#3135=CARTESIAN_POINT('Ctrl Pts',(142.989215926054,-53.6200264011643,-3.61362389882329));
#3136=CARTESIAN_POINT('Ctrl Pts',(144.187938178548,-55.7926821079369,-3.73274509001696));
#3137=CARTESIAN_POINT('Ctrl Pts',(144.200835981157,-58.2740530001535,-3.85186628121062));
#3138=CARTESIAN_POINT('Ctrl Pts',(143.024764182805,-60.4590525386887,-3.97098747240429));
#3139=CARTESIAN_POINT('Ctrl Pts',(140.946509904461,-61.8148648460512,-4.09010866359795));
#3140=CARTESIAN_POINT('Ctrl Pts',(138.472859009166,-62.0108727704575,-4.20922985479162));
#3141=CARTESIAN_POINT('Ctrl Pts',(136.207015501733,-60.9992794440288,-4.32835104598528));
#3142=CARTESIAN_POINT('Ctrl Pts',(134.701509199775,-59.0267636309106,-4.44747223717895));
#3143=CARTESIAN_POINT('Ctrl Pts',(134.323460391913,-56.574326688374,-4.56659342837261));
#3144=CARTESIAN_POINT('Ctrl Pts',(135.165056927032,-54.2399995625586,-4.68571461956628));
#3145=CARTESIAN_POINT('Ctrl Pts',(137.021074049527,-52.5930119186319,-4.80483581075994));
#3146=CARTESIAN_POINT('Ctrl Pts',(139.438918807236,-52.0349845126233,-4.92395700195361));
#3147=CARTESIAN_POINT('Ctrl Pts',(141.828995617503,-52.7019932826323,-5.04307819314727));
#3148=CARTESIAN_POINT('Ctrl Pts',(143.60848015918,-54.4313869984103,-5.16219938434094));
#3149=CARTESIAN_POINT('Ctrl Pts',(144.343442080936,-56.8014500422576,-5.2813205755346));
#3150=CARTESIAN_POINT('Ctrl Pts',(143.854659660156,-59.2342384842266,-5.40044176672827));
#3151=CARTESIAN_POINT('Ctrl Pts',(142.261323326769,-61.1365126986741,-5.51956295792194));
#3152=CARTESIAN_POINT('Ctrl Pts',(139.951970872898,-62.0443998623898,-5.6386841491156));
#3153=CARTESIAN_POINT('Ctrl Pts',(137.489741847209,-61.7365101365215,-5.75780534030926));
#3154=CARTESIAN_POINT('Ctrl Pts',(135.475055012077,-60.2879229577201,-5.87692653150293));
#3155=CARTESIAN_POINT('Ctrl Pts',(134.399195200677,-58.0518787890024,-5.99604772269659));
#3156=CARTESIAN_POINT('Ctrl Pts',(134.524512669508,-55.5736408282233,-6.11516891389026));
#3157=CARTESIAN_POINT('Ctrl Pts',(135.820448539298,-53.4575316439809,-6.23429010508392));
#3158=CARTESIAN_POINT('Ctrl Pts',(137.970986630015,-52.2195680828797,-6.35341129627759));
#3159=CARTESIAN_POINT('Ctrl Pts',(140.451714547283,-52.1616296782476,-6.47253248747125));
#3160=CARTESIAN_POINT('Ctrl Pts',(142.65770254235,-53.2978448092242,-6.59165367866492));
#3161=CARTESIAN_POINT('Ctrl Pts',(144.051016666753,-55.3511454713244,-6.71077486985858));
#3162=CARTESIAN_POINT('Ctrl Pts',(144.291894886397,-57.8208307835742,-6.82989606105225));
#3163=CARTESIAN_POINT('Ctrl Pts',(143.321598635124,-60.1046637553582,-6.94901725224591));
#3164=CARTESIAN_POINT('Ctrl Pts',(141.37673631461,-61.6457278073966,-7.06813844343958));
#3165=CARTESIAN_POINT('Ctrl Pts',(138.931565930624,-62.0682318328459,-7.18725963463324));
#3166=CARTESIAN_POINT('Ctrl Pts',(136.582346466565,-61.2691475019237,-7.30638082582691));
#3167=CARTESIAN_POINT('Ctrl Pts',(134.901939109771,-59.4433328964737,-7.42550201702057));
#3168=CARTESIAN_POINT('Ctrl Pts',(134.300114070457,-57.0360160331804,-7.54462320821424));
#3169=CARTESIAN_POINT('Ctrl Pts',(134.92362741457,-54.6342252496287,-7.66374439940791));
#3170=CARTESIAN_POINT('Ctrl Pts',(136.620434345915,-52.8236413393996,-7.78286559060157));
#3171=CARTESIAN_POINT('Ctrl Pts',(138.976765589954,-52.0457782880787,-7.90198678179523));
#3172=CARTESIAN_POINT('Ctrl Pts',(141.418025739625,-52.4903193321556,-8.0211079729889));
#3173=CARTESIAN_POINT('Ctrl Pts',(143.348909328862,-54.0488623771357,-8.14022916418257));
#3174=CARTESIAN_POINT('Ctrl Pts',(144.298567089443,-56.3413540338292,-8.25935035537622));
#3175=CARTESIAN_POINT('Ctrl Pts',(144.035423350975,-58.8087662878204,-8.3784715465699));
#3176=CARTESIAN_POINT('Ctrl Pts',(142.623646164489,-60.8494164376411,-8.49759273776356));
#3177=CARTESIAN_POINT('Ctrl Pts',(140.407499813375,-61.9656884513892,-8.61671392895722));
#3178=CARTESIAN_POINT('Ctrl Pts',(137.9273953786,-61.8853774878528,-8.73583512015089));
#3179=CARTESIAN_POINT('Ctrl Pts',(135.788110571653,-60.6280675129508,-8.85495631134456));
#3180=CARTESIAN_POINT('Ctrl Pts',(134.51131365438,-58.5003557161382,-8.97407750253822));
#3181=CARTESIAN_POINT('Ctrl Pts',(134.408353740528,-56.0210882609376,-9.09319869373189));
#3182=CARTESIAN_POINT('Ctrl Pts',(135.504337781219,-53.79483875996,-9.21231988492555));
#3183=CARTESIAN_POINT('Ctrl Pts',(137.532008192417,-52.3644819644893,-9.33144107611922));
#3184=CARTESIAN_POINT('Ctrl Pts',(139.996914073219,-52.0788128275303,-9.45056226731288));
#3185=CARTESIAN_POINT('Ctrl Pts',(142.29798390659,-53.0074922567338,-9.56968345850655));
#3186=CARTESIAN_POINT('Ctrl Pts',(143.874097872797,-54.9240601844993,-9.68880464970021));
#3187=CARTESIAN_POINT('Ctrl Pts',(144.340917888303,-57.3611582394718,-9.80792584089387));
#3188=CARTESIAN_POINT('Ctrl Pts',(143.58460908277,-59.724495893147,-9.92704703208754));
#3189=CARTESIAN_POINT('Ctrl Pts',(141.789598675719,-61.4377692055974,-10.0461682232812));
#3190=CARTESIAN_POINT('Ctrl Pts',(139.393602978116,-62.083193564114,-10.1652894144749));
#3191=CARTESIAN_POINT('Ctrl Pts',(136.980889748332,-61.5033810972656,-10.2844106056685));
#3192=CARTESIAN_POINT('Ctrl Pts',(135.139803007059,-59.8397201472102,-10.4035317968622));
#3193=CARTESIAN_POINT('Ctrl Pts',(134.319295405024,-57.4978971117472,-10.5226529880559));
#3194=CARTESIAN_POINT('Ctrl Pts',(134.719448049654,-55.0489699186743,-10.6417741792495));
#3195=CARTESIAN_POINT('Ctrl Pts',(136.242685360443,-53.0901128479211,-10.7608953704432));
#3196=CARTESIAN_POINT('Ctrl Pts',(138.517558283675,-52.0989982835288,-10.8800165616369));
#3197=CARTESIAN_POINT('Ctrl Pts',(140.989346048455,-52.3173074067895,-10.9991377528305));
#3198=CARTESIAN_POINT('Ctrl Pts',(143.055275493368,-53.6918131700723,-11.1182589440242));
#3199=CARTESIAN_POINT('Ctrl Pts',(144.211617189053,-55.8873217800025,-11.2373801352179));
#3200=CARTESIAN_POINT('Ctrl Pts',(144.176285878317,-58.3684903159437,-11.3565013264115));
#3201=CARTESIAN_POINT('Ctrl Pts',(142.958137604197,-60.5301887001366,-11.4756225176052));
#3202=CARTESIAN_POINT('Ctrl Pts',(140.853714365391,-61.8454197919896,-11.5947437087989));
#3203=CARTESIAN_POINT('Ctrl Pts',(139.202831072921,-61.9437020910268,-11.6741578362613));
#3204=CARTESIAN_POINT('Ctrl Pts',(138.415493290863,-61.7924210475301,-11.7138648999925));
#3205=CARTESIAN_POINT('Ctrl Pts',(138.146756178067,-61.4448340699725,-1.07031179993581));
#3206=CARTESIAN_POINT('Ctrl Pts',(137.417230646981,-61.248855444537,-1.11001886366704));
#3207=CARTESIAN_POINT('Ctrl Pts',(136.058642693556,-60.4858209480591,-1.18943299112948));
#3208=CARTESIAN_POINT('Ctrl Pts',(134.816771995276,-58.5047295218249,-1.30855418232314));
#3209=CARTESIAN_POINT('Ctrl Pts',(134.674512036962,-56.171212113,-1.42767537351681));
#3210=CARTESIAN_POINT('Ctrl Pts',(135.666181016147,-54.0539769242108,-1.54679656471047));
#3211=CARTESIAN_POINT('Ctrl Pts',(137.55012427554,-52.6694930962002,-1.66591775590414));
#3212=CARTESIAN_POINT('Ctrl Pts',(139.866861015496,-52.3552941739723,-1.78503894709781));
#3213=CARTESIAN_POINT('Ctrl Pts',(142.051486740533,-53.1880345348398,-1.90416013829147));
#3214=CARTESIAN_POINT('Ctrl Pts',(143.571260122784,-54.9646325624119,-2.02328132948514));
#3215=CARTESIAN_POINT('Ctrl Pts',(144.055589481115,-57.2518694904581,-2.1424025206788));
#3216=CARTESIAN_POINT('Ctrl Pts',(143.386366725436,-59.4919951388896,-2.26152371187247));
#3217=CARTESIAN_POINT('Ctrl Pts',(141.726784609455,-61.1387526766617,-2.38064490306613));
#3218=CARTESIAN_POINT('Ctrl Pts',(139.481534314386,-61.790576701141,-2.4997660942598));
#3219=CARTESIAN_POINT('Ctrl Pts',(137.198124318414,-61.2885191593027,-2.61888728545346));
#3220=CARTESIAN_POINT('Ctrl Pts',(135.433367895258,-59.7550074797976,-2.73800847664713));
#3221=CARTESIAN_POINT('Ctrl Pts',(134.617603994342,-57.5639911855627,-2.85712966784079));
#3222=CARTESIAN_POINT('Ctrl Pts',(134.949758004515,-55.2497533154779,-2.97625085903445));
#3223=CARTESIAN_POINT('Ctrl Pts',(136.348833617909,-53.3766247513695,-3.09537205022812));
#3224=CARTESIAN_POINT('Ctrl Pts',(138.473663844058,-52.4013710923017,-3.21449324142178));
#3225=CARTESIAN_POINT('Ctrl Pts',(140.806105198793,-52.5618096157591,-3.33361443261545));
#3226=CARTESIAN_POINT('Ctrl Pts',(142.777387863864,-53.8188171115951,-3.45273562380912));
#3227=CARTESIAN_POINT('Ctrl Pts',(143.906811187993,-55.8658701511342,-3.57185681500278));
#3228=CARTESIAN_POINT('Ctrl Pts',(143.918963360081,-58.2037913465185,-3.69097800619645));
#3229=CARTESIAN_POINT('Ctrl Pts',(142.810881052319,-60.2624746127201,-3.81009919739011));
#3230=CARTESIAN_POINT('Ctrl Pts',(140.852772032027,-61.5399065114694,-3.92922038858378));
#3231=CARTESIAN_POINT('Ctrl Pts',(138.522124535422,-61.7245830877806,-4.04834157977744));
#3232=CARTESIAN_POINT('Ctrl Pts',(136.387270943777,-60.771470642404,-4.16746277097111));
#3233=CARTESIAN_POINT('Ctrl Pts',(134.968798959532,-58.9129872765416,-4.28658396216477));
#3234=CARTESIAN_POINT('Ctrl Pts',(134.612605403961,-56.6023273400185,-4.40570515335844));
#3235=CARTESIAN_POINT('Ctrl Pts',(135.405548685268,-54.4029492133859,-4.5248263445521));
#3236=CARTESIAN_POINT('Ctrl Pts',(137.15426822707,-52.8511750173759,-4.64394753574577));
#3237=CARTESIAN_POINT('Ctrl Pts',(139.432335775911,-52.3254075457717,-4.76306872693943));
#3238=CARTESIAN_POINT('Ctrl Pts',(141.684240660766,-52.9538560964509,-4.8821899181331));
#3239=CARTESIAN_POINT('Ctrl Pts',(143.360852021,-54.5832724146499,-5.00131110932676));
#3240=CARTESIAN_POINT('Ctrl Pts',(144.05332530666,-56.8163205421943,-5.12043230052043));
#3241=CARTESIAN_POINT('Ctrl Pts',(143.592799721768,-59.1084678709978,-5.23955349171409));
#3242=CARTESIAN_POINT('Ctrl Pts',(142.091575218456,-60.9007703515903,-5.35867468290776));
#3243=CARTESIAN_POINT('Ctrl Pts',(139.91572796142,-61.7561719562944,-5.47779587410142));
#3244=CARTESIAN_POINT('Ctrl Pts',(137.595842028565,-61.4660815396596,-5.59691706529509));
#3245=CARTESIAN_POINT('Ctrl Pts',(135.697625575438,-60.1012381463141,-5.71603825648876));
#3246=CARTESIAN_POINT('Ctrl Pts',(134.683961933205,-57.9944611738518,-5.83515944768242));
#3247=CARTESIAN_POINT('Ctrl Pts',(134.802034716058,-55.6594917930609,-5.95428063887608));
#3248=CARTESIAN_POINT('Ctrl Pts',(136.023051673798,-53.6657162840849,-6.07340183006975));
#3249=CARTESIAN_POINT('Ctrl Pts',(138.049265731334,-52.4993202174226,-6.19252302126341));
#3250=CARTESIAN_POINT('Ctrl Pts',(140.386581122577,-52.4447312703849,-6.31164421245708));
#3251=CARTESIAN_POINT('Ctrl Pts',(142.46503948872,-53.5152610511439,-6.43076540365074));
#3252=CARTESIAN_POINT('Ctrl Pts',(143.777805199597,-55.4498590402951,-6.54988659484441));
#3253=CARTESIAN_POINT('Ctrl Pts',(144.004758089622,-57.7767702068399,-6.66900778603807));
#3254=CARTESIAN_POINT('Ctrl Pts',(143.0905553081,-59.9285732799715,-6.78812897723174));
#3255=CARTESIAN_POINT('Ctrl Pts',(141.258126768095,-61.3805473971849,-6.9072501684254));
#3256=CARTESIAN_POINT('Ctrl Pts',(138.954313305554,-61.7786261847339,-7.02637135961907));
#3257=CARTESIAN_POINT('Ctrl Pts',(136.740903776627,-61.0257374489055,-7.14549255081273));
#3258=CARTESIAN_POINT('Ctrl Pts',(135.157641883514,-59.3054743966092,-7.2646137420064));
#3259=CARTESIAN_POINT('Ctrl Pts',(134.59060874883,-57.0373261176264,-7.38373493320007));
#3260=CARTESIAN_POINT('Ctrl Pts',(135.17807637303,-54.7743844520505,-7.50285612439373));
#3261=CARTESIAN_POINT('Ctrl Pts',(136.776789770414,-53.0684715983841,-7.62197731558739));
#3262=CARTESIAN_POINT('Ctrl Pts',(138.996899942603,-52.3355773259099,-7.74109850678105));
#3263=CARTESIAN_POINT('Ctrl Pts',(141.297029224068,-52.7544191574256,-7.86021969797473));
#3264=CARTESIAN_POINT('Ctrl Pts',(143.116287152521,-54.2228617954074,-7.97934088916839));
#3265=CARTESIAN_POINT('Ctrl Pts',(144.011044568185,-56.3828229891318,-8.09846208036205));
#3266=CARTESIAN_POINT('Ctrl Pts',(143.763113343745,-58.7075925044233,-8.21758327155572));
#3267=CARTESIAN_POINT('Ctrl Pts',(142.432951932648,-60.6302713157992,-8.33670446274938));
#3268=CARTESIAN_POINT('Ctrl Pts',(140.344922471758,-61.6820109041622,-8.45582565394305));
#3269=CARTESIAN_POINT('Ctrl Pts',(138.008194519071,-61.6063427706871,-8.57494684513672));
#3270=CARTESIAN_POINT('Ctrl Pts',(135.992583185508,-60.4217187192356,-8.69406803633038));
#3271=CARTESIAN_POINT('Ctrl Pts',(134.789598744747,-58.4170113524164,-8.81318922752405));
#3272=CARTESIAN_POINT('Ctrl Pts',(134.692591011794,-56.0810719929595,-8.93231041871771));
#3273=CARTESIAN_POINT('Ctrl Pts',(135.725215488277,-53.9835234519996,-9.05143160991138));
#3274=CARTESIAN_POINT('Ctrl Pts',(137.635664928327,-52.6358565314348,-9.17055280110504));
#3275=CARTESIAN_POINT('Ctrl Pts',(139.958072965526,-52.3667021167286,-9.28967399229871));
#3276=CARTESIAN_POINT('Ctrl Pts',(142.126116425845,-53.241693972264,-9.40879518349237));
#3277=CARTESIAN_POINT('Ctrl Pts',(143.611114198446,-55.0474638371285,-9.52791637468604));
#3278=CARTESIAN_POINT('Ctrl Pts',(144.050947039277,-57.3436716373498,-9.6470375658797));
#3279=CARTESIAN_POINT('Ctrl Pts',(143.338360947348,-59.5703831739879,-9.76615875707337));
#3280=CARTESIAN_POINT('Ctrl Pts',(141.647121282313,-61.1846110200662,-9.88527994826703));
#3281=CARTESIAN_POINT('Ctrl Pts',(139.389639684925,-61.7927229683954,-10.0044011394607));
#3282=CARTESIAN_POINT('Ctrl Pts',(137.116407006976,-61.2464298447656,-10.1235223306544));
#3283=CARTESIAN_POINT('Ctrl Pts',(135.381754711157,-59.6789462375113,-10.242643521848));
#3284=CARTESIAN_POINT('Ctrl Pts',(134.608681197726,-57.4725055447388,-10.3617647130417));
#3285=CARTESIAN_POINT('Ctrl Pts',(134.985700752604,-55.1651524567353,-10.4808859042354));
#3286=CARTESIAN_POINT('Ctrl Pts',(136.420878704301,-53.3195382122839,-10.600007095429));
#3287=CARTESIAN_POINT('Ctrl Pts',(138.56423971523,-52.3857206381296,-10.7191282866227));
#3288=CARTESIAN_POINT('Ctrl Pts',(140.89313179013,-52.5914091662001,-10.8382494778164));
#3289=CARTESIAN_POINT('Ctrl Pts',(142.839628483784,-53.8864538397862,-10.95737066901));
#3290=CARTESIAN_POINT('Ctrl Pts',(143.929121299198,-55.9550386409962,-11.0764918602037));
#3291=CARTESIAN_POINT('Ctrl Pts',(143.895832514967,-58.2927691784555,-11.1956130513973));
#3292=CARTESIAN_POINT('Ctrl Pts',(142.748106200404,-60.3294983454998,-11.314734242591));
#3293=CARTESIAN_POINT('Ctrl Pts',(140.765341064609,-61.5686950557202,-11.4338554337847));
#3294=CARTESIAN_POINT('Ctrl Pts',(139.209896430081,-61.6612955898729,-11.5132695612471));
#3295=CARTESIAN_POINT('Ctrl Pts',(138.468075167338,-61.5187602038248,-11.5529766249783));
#3296=CARTESIAN_POINT('Ctrl Pts',(138.219053480232,-61.1757091710672,-0.909423524921639));
#3297=CARTESIAN_POINT('Ctrl Pts',(137.534290029438,-60.9917553625759,-0.94913058865286));
#3298=CARTESIAN_POINT('Ctrl Pts',(136.259062041449,-60.2755389827259,-1.0285447161153));
#3299=CARTESIAN_POINT('Ctrl Pts',(135.093389794822,-58.4160029643692,-1.14766590730897));
#3300=CARTESIAN_POINT('Ctrl Pts',(134.959858594317,-56.2256650457298,-1.26678709850263));
#3301=CARTESIAN_POINT('Ctrl Pts',(135.890680948431,-54.2383387463225,-1.3859082896963));
#3302=CARTESIAN_POINT('Ctrl Pts',(137.659029597559,-52.9388037975939,-1.50502948088996));
#3303=CARTESIAN_POINT('Ctrl Pts',(139.833616472223,-52.6438834294198,-1.62415067208363));
#3304=CARTESIAN_POINT('Ctrl Pts',(141.884198372957,-53.4255286753012,-1.74327186327729));
#3305=CARTESIAN_POINT('Ctrl Pts',(143.310721806763,-55.0931185596769,-1.86239305447096));
#3306=CARTESIAN_POINT('Ctrl Pts',(143.76533378208,-57.2400156659362,-1.98151424566463));
#3307=CARTESIAN_POINT('Ctrl Pts',(143.137173061172,-59.3426921369667,-2.10063543685829));
#3308=CARTESIAN_POINT('Ctrl Pts',(141.579419249702,-60.8884082581093,-2.21975662805196));
#3309=CARTESIAN_POINT('Ctrl Pts',(139.471932569067,-61.5002377956554,-2.33887781924562));
#3310=CARTESIAN_POINT('Ctrl Pts',(137.328627582757,-61.0289853991365,-2.45799901043929));
#3311=CARTESIAN_POINT('Ctrl Pts',(135.672152728023,-59.5895666197464,-2.57712020163295));
#3312=CARTESIAN_POINT('Ctrl Pts',(134.90644230389,-57.5329862610696,-2.69624139282661));
#3313=CARTESIAN_POINT('Ctrl Pts',(135.218216075347,-55.3607449311236,-2.81536258402028));
#3314=CARTESIAN_POINT('Ctrl Pts',(136.531447489636,-53.6025474113891,-2.93448377521394));
#3315=CARTESIAN_POINT('Ctrl Pts',(138.525902811634,-52.6871331694942,-3.05360496640761));
#3316=CARTESIAN_POINT('Ctrl Pts',(140.715230700493,-52.8377275384114,-3.17272615760128));
#3317=CARTESIAN_POINT('Ctrl Pts',(142.565559801675,-54.0176078220258,-3.29184734879494));
#3318=CARTESIAN_POINT('Ctrl Pts',(143.625684197439,-55.9390581943316,-3.41096853998861));
#3319=CARTESIAN_POINT('Ctrl Pts',(143.637090739004,-58.1335296928834,-3.53008973118227));
#3320=CARTESIAN_POINT('Ctrl Pts',(142.596997921832,-60.0658966867515,-3.64921092237593));
#3321=CARTESIAN_POINT('Ctrl Pts',(140.759034159593,-61.2649481768877,-3.7683321135696));
#3322=CARTESIAN_POINT('Ctrl Pts',(138.571390061679,-61.4382934051037,-3.88745330476326));
#3323=CARTESIAN_POINT('Ctrl Pts',(136.567526385822,-60.5436618407792,-4.00657449595693));
#3324=CARTESIAN_POINT('Ctrl Pts',(135.236088719289,-58.7992109221727,-4.1256956871506));
#3325=CARTESIAN_POINT('Ctrl Pts',(134.901750416008,-56.630327991663,-4.24481687834426));
#3326=CARTESIAN_POINT('Ctrl Pts',(135.646040443505,-54.5658988642132,-4.36393806953793));
#3327=CARTESIAN_POINT('Ctrl Pts',(137.287462404614,-53.1093381161198,-4.48305926073159));
#3328=CARTESIAN_POINT('Ctrl Pts',(139.425752744587,-52.6158305789201,-4.60218045192525));
#3329=CARTESIAN_POINT('Ctrl Pts',(141.539485704029,-53.2057189102696,-4.72130164311892));
#3330=CARTESIAN_POINT('Ctrl Pts',(143.113223882821,-54.7351578308895,-4.84042283431259));
#3331=CARTESIAN_POINT('Ctrl Pts',(143.763208532384,-56.831191042131,-4.95954402550625));
#3332=CARTESIAN_POINT('Ctrl Pts',(143.33093978338,-58.9826972577691,-5.07866521669992));
#3333=CARTESIAN_POINT('Ctrl Pts',(141.921827110143,-60.6650280045064,-5.19778640789358));
#3334=CARTESIAN_POINT('Ctrl Pts',(139.879485049942,-61.467944050199,-5.31690759908725));
#3335=CARTESIAN_POINT('Ctrl Pts',(137.701942209921,-61.1956529427977,-5.43602879028091));
#3336=CARTESIAN_POINT('Ctrl Pts',(135.920196138799,-59.9145533349081,-5.55514998147458));
#3337=CARTESIAN_POINT('Ctrl Pts',(134.968728665734,-57.9370435587011,-5.67427117266824));
#3338=CARTESIAN_POINT('Ctrl Pts',(135.079556762607,-55.7453427578986,-5.79339236386191));
#3339=CARTESIAN_POINT('Ctrl Pts',(136.225654808298,-53.8739009241889,-5.91251355505557));
#3340=CARTESIAN_POINT('Ctrl Pts',(138.127544832652,-52.7790723519654,-6.03163474624923));
#3341=CARTESIAN_POINT('Ctrl Pts',(140.321447697871,-52.7278328625221,-6.1507559374429));
#3342=CARTESIAN_POINT('Ctrl Pts',(142.27237643509,-53.7326772930636,-6.26987712863657));
#3343=CARTESIAN_POINT('Ctrl Pts',(143.504593732441,-55.5485726092658,-6.38899831983023));
#3344=CARTESIAN_POINT('Ctrl Pts',(143.717621292846,-57.7327096301055,-6.5081195110239));
#3345=CARTESIAN_POINT('Ctrl Pts',(142.859511981075,-59.7524828045848,-6.62724070221756));
#3346=CARTESIAN_POINT('Ctrl Pts',(141.13951722158,-61.1153669869732,-6.74636189341123));
#3347=CARTESIAN_POINT('Ctrl Pts',(138.977060680484,-61.489020536622,-6.86548308460489));
#3348=CARTESIAN_POINT('Ctrl Pts',(136.89946108669,-60.7823273958873,-6.98460427579856));
#3349=CARTESIAN_POINT('Ctrl Pts',(135.413344657256,-59.1676158967448,-7.10372546699222));
#3350=CARTESIAN_POINT('Ctrl Pts',(134.881103427204,-57.0386362020723,-7.22284665818589));
#3351=CARTESIAN_POINT('Ctrl Pts',(135.432525331489,-54.9145436544724,-7.34196784937955));
#3352=CARTESIAN_POINT('Ctrl Pts',(136.933145194913,-53.3133018573685,-7.46108904057322));
#3353=CARTESIAN_POINT('Ctrl Pts',(139.017034295252,-52.6253763637413,-7.58021023176688));
#3354=CARTESIAN_POINT('Ctrl Pts',(141.176032708512,-53.0185189826956,-7.69933142296055));
#3355=CARTESIAN_POINT('Ctrl Pts',(142.88366497618,-54.396861213679,-7.81845261415421));
#3356=CARTESIAN_POINT('Ctrl Pts',(143.723522046927,-56.4242919444345,-7.93757380534788));
#3357=CARTESIAN_POINT('Ctrl Pts',(143.490803336515,-58.6064187210261,-8.05669499654154));
#3358=CARTESIAN_POINT('Ctrl Pts',(142.242257700807,-60.4111261939573,-8.17581618773521));
#3359=CARTESIAN_POINT('Ctrl Pts',(140.282345130141,-61.3983333569352,-8.29493737892887));
#3360=CARTESIAN_POINT('Ctrl Pts',(138.088993659542,-61.3273080535214,-8.41405857012254));
#3361=CARTESIAN_POINT('Ctrl Pts',(136.197055799363,-60.2153699255204,-8.53317976131621));
#3362=CARTESIAN_POINT('Ctrl Pts',(135.067883835114,-58.3336669886948,-8.65230095250987));
#3363=CARTESIAN_POINT('Ctrl Pts',(134.976828283061,-56.1410557249814,-8.77142214370354));
#3364=CARTESIAN_POINT('Ctrl Pts',(135.946093195334,-54.1722081440393,-8.8905433348972));
#3365=CARTESIAN_POINT('Ctrl Pts',(137.739321664238,-52.9072310983803,-9.00966452609086));
#3366=CARTESIAN_POINT('Ctrl Pts',(139.919231857832,-52.6545914059269,-9.12878571728453));
#3367=CARTESIAN_POINT('Ctrl Pts',(141.9542489451,-53.4758956877943,-9.24790690847819));
#3368=CARTESIAN_POINT('Ctrl Pts',(143.348130524094,-55.1708674897577,-9.36702809967186));
#3369=CARTESIAN_POINT('Ctrl Pts',(143.760976190252,-57.3261850352278,-9.48614929086552));
#3370=CARTESIAN_POINT('Ctrl Pts',(143.092112811926,-59.4162704548289,-9.60527048205919));
#3371=CARTESIAN_POINT('Ctrl Pts',(141.504643888908,-60.9314528345349,-9.72439167325285));
#3372=CARTESIAN_POINT('Ctrl Pts',(139.385676391733,-61.5022523726768,-9.84351286444652));
#3373=CARTESIAN_POINT('Ctrl Pts',(137.25192426562,-60.9894785922656,-9.96263405564018));
#3374=CARTESIAN_POINT('Ctrl Pts',(135.623706415255,-59.5181723278124,-10.0817552468339));
#3375=CARTESIAN_POINT('Ctrl Pts',(134.898066990427,-57.4471139777304,-10.2008764380275));
#3376=CARTESIAN_POINT('Ctrl Pts',(135.251953455553,-55.2813349947963,-10.3199976292212));
#3377=CARTESIAN_POINT('Ctrl Pts',(136.599072048159,-53.5489635766467,-10.4391188204148));
#3378=CARTESIAN_POINT('Ctrl Pts',(138.610921146784,-52.6724429927304,-10.5582400116085));
#3379=CARTESIAN_POINT('Ctrl Pts',(140.796917531804,-52.8655109256107,-10.6773612028022));
#3380=CARTESIAN_POINT('Ctrl Pts',(142.6239814742,-54.0810945095,-10.7964823939958));
#3381=CARTESIAN_POINT('Ctrl Pts',(143.646625409343,-56.0227555019899,-10.9156035851895));
#3382=CARTESIAN_POINT('Ctrl Pts',(143.615379151616,-58.2170480409673,-11.0347247763832));
#3383=CARTESIAN_POINT('Ctrl Pts',(142.538074796611,-60.1288079908631,-11.1538459675768));
#3384=CARTESIAN_POINT('Ctrl Pts',(140.676967763827,-61.2919703194508,-11.2729671587705));
#3385=CARTESIAN_POINT('Ctrl Pts',(139.216961787242,-61.378889088719,-11.3523812862329));
#3386=CARTESIAN_POINT('Ctrl Pts',(138.520657043812,-61.2450993601194,-11.3920883499642));
#3387=CARTESIAN_POINT('Ctrl Pts',(138.520657043812,-61.2450993601194,-11.3920883499642));
#3388=CARTESIAN_POINT('Ctrl Pts',(138.643744404035,-61.2813646144016,-11.3920883499642));
#3389=CARTESIAN_POINT('Ctrl Pts',(138.768234335152,-61.3118620220079,-11.3920883499642));
#3390=CARTESIAN_POINT('Ctrl Pts',(138.893705202014,-61.3367008391198,-11.3920883499642));
#3391=CARTESIAN_POINT('Ctrl Pts',(139.021501124801,-61.3619999355006,-11.3920883499642));
#3392=CARTESIAN_POINT('Ctrl Pts',(139.15031529447,-61.3814290272713,-11.3920883499642));
#3393=CARTESIAN_POINT('Ctrl Pts',(139.279733117867,-61.3950591407783,-11.3920883499642));
#3394=CARTESIAN_POINT('Ctrl Pts',(139.411026038097,-61.4088867369968,-11.3920883499642));
#3395=CARTESIAN_POINT('Ctrl Pts',(139.542940960992,-61.4167463382422,-11.3920883499642));
#3396=CARTESIAN_POINT('Ctrl Pts',(139.675066209963,-61.4186631586811,-11.3920883499642));
#3397=CARTESIAN_POINT('Ctrl Pts',(139.806891723555,-61.4205756306786,-11.3920883499642));
#3398=CARTESIAN_POINT('Ctrl Pts',(139.938927422928,-61.4165723698898,-11.3920883499642));
#3399=CARTESIAN_POINT('Ctrl Pts',(140.070773675767,-61.4066275772675,-11.3920883499642));
#3400=CARTESIAN_POINT('Ctrl Pts',(140.096370869452,-61.4046968528257,-11.3920883499642));
#3401=CARTESIAN_POINT('Ctrl Pts',(140.121960929026,-61.4025420230913,-11.3920883499642));
#3402=CARTESIAN_POINT('Ctrl Pts',(140.147540929931,-61.4001626705213,-11.3920883499642));
#3403=CARTESIAN_POINT('Ctrl Pts',(140.172946700818,-61.3977995241524,-11.3920883499642));
#3404=CARTESIAN_POINT('Ctrl Pts',(140.198348205833,-61.3952141863693,-11.3920883499642));
#3405=CARTESIAN_POINT('Ctrl Pts',(140.223710039236,-61.3924100450703,-11.3920883499642));
#3406=CARTESIAN_POINT('Ctrl Pts',(140.358389638488,-61.3775191410729,-11.3920883499642));
#3407=CARTESIAN_POINT('Ctrl Pts',(140.492094496817,-61.3564512730334,-11.3920883499642));
#3408=CARTESIAN_POINT('Ctrl Pts',(140.624391294174,-61.3292775477344,-11.3920883499642));
#3409=CARTESIAN_POINT('Ctrl Pts',(140.644603877934,-61.3251258886645,-11.3920883499642));
#3410=CARTESIAN_POINT('Ctrl Pts',(140.664783626225,-61.3208316107499,-11.3920883499642));
#3411=CARTESIAN_POINT('Ctrl Pts',(140.684929024385,-61.3163948657845,-11.3920883499642));
#3412=CARTESIAN_POINT('Ctrl Pts',(140.815423390366,-61.2876552888009,-11.3920883499642));
#3413=CARTESIAN_POINT('Ctrl Pts',(140.944476170778,-61.2529421906567,-11.3920883499642));
#3414=CARTESIAN_POINT('Ctrl Pts',(141.071755114234,-61.2125205507093,-11.3920883499642));
#3415=CARTESIAN_POINT('Ctrl Pts',(141.200580639076,-61.1716077426694,-11.3920883499642));
#3416=CARTESIAN_POINT('Ctrl Pts',(141.327589679851,-61.1248466679506,-11.3920883499642));
#3417=CARTESIAN_POINT('Ctrl Pts',(141.452434848408,-61.0724588279868,-11.3920883499642));
#3418=CARTESIAN_POINT('Ctrl Pts',(141.566389881884,-61.0246407335762,-11.3920883499642));
#3419=CARTESIAN_POINT('Ctrl Pts',(141.678542472511,-60.9721339280883,-11.3920883499642));
#3420=CARTESIAN_POINT('Ctrl Pts',(141.788618504762,-60.9150706723879,-11.3920883499642));
#3421=CARTESIAN_POINT('Ctrl Pts',(141.806413207196,-60.9058459244174,-11.3920883499642));
#3422=CARTESIAN_POINT('Ctrl Pts',(141.824153612598,-60.8965020309293,-11.3920883499642));
#3423=CARTESIAN_POINT('Ctrl Pts',(141.841838525895,-60.8870394707096,-11.3920883499642));
#3424=CARTESIAN_POINT('Ctrl Pts',(141.857791770185,-60.8785034642131,-11.3920883499642));
#3425=CARTESIAN_POINT('Ctrl Pts',(141.873692104949,-60.8698750283269,-11.3920883499642));
#3426=CARTESIAN_POINT('Ctrl Pts',(141.889536450021,-60.8611560968608,-11.3920883499642));
#3427=CARTESIAN_POINT('Ctrl Pts',(142.01085279298,-60.7943973337096,-11.3920883499642));
#3428=CARTESIAN_POINT('Ctrl Pts',(142.128931025945,-60.7223138972589,-11.3920883499642));
#3429=CARTESIAN_POINT('Ctrl Pts',(142.24342569911,-60.6451887981745,-11.3920883499642));
#3430=CARTESIAN_POINT('Ctrl Pts',(142.35918777361,-60.5672099610873,-11.3920883499642));
#3431=CARTESIAN_POINT('Ctrl Pts',(142.471287287366,-60.4840770142782,-11.3920883499642));
#3432=CARTESIAN_POINT('Ctrl Pts',(142.579358026599,-60.3960303368796,-11.3920883499642));
#3433=CARTESIAN_POINT('Ctrl Pts',(142.622148034425,-60.3611687449108,-11.3920883499642));
#3434=CARTESIAN_POINT('Ctrl Pts',(142.664306278906,-60.3255362654863,-11.3920883499642));
#3435=CARTESIAN_POINT('Ctrl Pts',(142.705809218133,-60.2891457133026,-11.3920883499642));
#3436=CARTESIAN_POINT('Ctrl Pts',(142.810073187904,-60.1977251174706,-11.3920883499642));
#3437=CARTESIAN_POINT('Ctrl Pts',(142.910203600389,-60.1015232082993,-11.3920883499642));
#3438=CARTESIAN_POINT('Ctrl Pts',(143.006005361497,-60.0008983652634,-11.3920883499642));
#3439=CARTESIAN_POINT('Ctrl Pts',(143.062783610493,-59.9412616495391,-11.3920883499642));
#3440=CARTESIAN_POINT('Ctrl Pts',(143.118040870448,-59.8800705258637,-11.3920883499642));
#3441=CARTESIAN_POINT('Ctrl Pts',(143.171730949449,-59.8173930584064,-11.3920883499642));
#3442=CARTESIAN_POINT('Ctrl Pts',(143.191654090991,-59.7941349057106,-11.3920883499642));
#3443=CARTESIAN_POINT('Ctrl Pts',(143.211361389781,-59.7706720427585,-11.3920883499642));
#3444=CARTESIAN_POINT('Ctrl Pts',(143.230850319824,-59.7470077992134,-11.3920883499642));
#3445=CARTESIAN_POINT('Ctrl Pts',(143.242740746752,-59.732569964091,-11.3920883499642));
#3446=CARTESIAN_POINT('Ctrl Pts',(143.254543816711,-59.7180645243742,-11.3920883499642));
#3447=CARTESIAN_POINT('Ctrl Pts',(143.266257906812,-59.7034940835619,-11.3920883499642));
#3448=CARTESIAN_POINT('Ctrl Pts',(143.35514736732,-59.5929299157888,-11.3920883499642));
#3449=CARTESIAN_POINT('Ctrl Pts',(143.438939516008,-59.4785973639838,-11.3920883499642));
#3450=CARTESIAN_POINT('Ctrl Pts',(143.517474714766,-59.3609229314457,-11.3920883499642));
#3451=CARTESIAN_POINT('Ctrl Pts',(143.596785701439,-59.2420860850597,-11.3920883499642));
#3452=CARTESIAN_POINT('Ctrl Pts',(143.670735910347,-59.1198404738684,-11.3920883499642));
#3453=CARTESIAN_POINT('Ctrl Pts',(143.739131456807,-58.994580480752,-11.3920883499642));
#3454=CARTESIAN_POINT('Ctrl Pts',(143.807562732092,-58.8692550536639,-11.3920883499642));
#3455=CARTESIAN_POINT('Ctrl Pts',(143.870434059365,-58.7409114770267,-11.3920883499642));
#3456=CARTESIAN_POINT('Ctrl Pts',(143.927513959971,-58.6099088190751,-11.3920883499642));
#3457=CARTESIAN_POINT('Ctrl Pts',(143.967426624196,-58.518306257688,-11.3920883499642));
#3458=CARTESIAN_POINT('Ctrl Pts',(144.004506866181,-58.4254028070758,-11.3920883499642));
#3459=CARTESIAN_POINT('Ctrl Pts',(144.038662633556,-58.3313132633513,-11.3920883499642));
#3460=CARTESIAN_POINT('Ctrl Pts',(144.056409486087,-58.2824256702576,-11.3920883499642));
#3461=CARTESIAN_POINT('Ctrl Pts',(144.073366630647,-58.2332177726805,-11.3920883499642));
#3462=CARTESIAN_POINT('Ctrl Pts',(144.089532534765,-58.183708578493,-11.3920883499642));
#3463=CARTESIAN_POINT('Ctrl Pts',(144.096448735333,-58.1625272381542,-11.3920883499642));
#3464=CARTESIAN_POINT('Ctrl Pts',(144.103220100089,-58.1412907460538,-11.3920883499642));
#3465=CARTESIAN_POINT('Ctrl Pts',(144.109846460314,-58.1200005749849,-11.3920883499642));
#3466=CARTESIAN_POINT('Ctrl Pts',(144.115996122821,-58.1002420103497,-11.3920883499642));
#3467=CARTESIAN_POINT('Ctrl Pts',(144.122019699168,-58.0804409088325,-11.3920883499642));
#3468=CARTESIAN_POINT('Ctrl Pts',(144.127914519643,-58.0606078553859,-11.3920883499642));
#3469=CARTESIAN_POINT('Ctrl Pts',(144.169014856027,-57.9223262619619,-11.3920883499642));
#3470=CARTESIAN_POINT('Ctrl Pts',(144.20390108656,-57.7823613103633,-11.3920883499642));
#3471=CARTESIAN_POINT('Ctrl Pts',(144.232621602661,-57.641156024025,-11.3920883499642));
#3472=CARTESIAN_POINT('Ctrl Pts',(144.262141666423,-57.4960197374153,-11.3920883499642));
#3473=CARTESIAN_POINT('Ctrl Pts',(144.285148323285,-57.3495724325845,-11.3920883499642));
#3474=CARTESIAN_POINT('Ctrl Pts',(144.301644543407,-57.2022691565113,-11.3920883499642));
#3475=CARTESIAN_POINT('Ctrl Pts',(144.308025140216,-57.1452935095908,-11.3920883499642));
#3476=CARTESIAN_POINT('Ctrl Pts',(144.313431180422,-57.0881895872063,-11.3920883499642));
#3477=CARTESIAN_POINT('Ctrl Pts',(144.317860738487,-57.0309830608168,-11.3920883499642));
#3478=CARTESIAN_POINT('Ctrl Pts',(144.319856599895,-57.0052070586313,-11.3920883499642));
#3479=CARTESIAN_POINT('Ctrl Pts',(144.321654199323,-56.9794102220963,-11.3920883499642));
#3480=CARTESIAN_POINT('Ctrl Pts',(144.323253281033,-56.9535948844387,-11.3920883499642));
#3481=CARTESIAN_POINT('Ctrl Pts',(144.324867565046,-56.9275341230485,-11.3920883499642));
#3482=CARTESIAN_POINT('Ctrl Pts',(144.326279030969,-56.9014621294922,-11.3920883499642));
#3483=CARTESIAN_POINT('Ctrl Pts',(144.327487507454,-56.8753882154036,-11.3920883499642));
#3484=CARTESIAN_POINT('Ctrl Pts',(144.334362873816,-56.7270463038415,-11.3920883499642));
#3485=CARTESIAN_POINT('Ctrl Pts',(144.334676175901,-56.5785746984415,-11.3920883499642));
#3486=CARTESIAN_POINT('Ctrl Pts',(144.328445921122,-56.4304253091094,-11.3920883499642));
#3487=CARTESIAN_POINT('Ctrl Pts',(144.32220355718,-56.2819879756752,-11.3920883499642));
#3488=CARTESIAN_POINT('Ctrl Pts',(144.309392338235,-56.1338733216393,-11.3920883499642));
#3489=CARTESIAN_POINT('Ctrl Pts',(144.289980429463,-55.986523640542,-11.3920883499642));
#3490=CARTESIAN_POINT('Ctrl Pts',(144.284964558785,-55.9484497471712,-11.3920883499642));
#3491=CARTESIAN_POINT('Ctrl Pts',(144.279507716872,-55.9104268994334,-11.3920883499642));
#3492=CARTESIAN_POINT('Ctrl Pts',(144.273608787273,-55.8724626958735,-11.3920883499642));
#3493=CARTESIAN_POINT('Ctrl Pts',(144.266842233152,-55.8289146531752,-11.3920883499642));
#3494=CARTESIAN_POINT('Ctrl Pts',(144.259493989949,-55.7854437723278,-11.3920883499642));
#3495=CARTESIAN_POINT('Ctrl Pts',(144.251569150041,-55.7420598258876,-11.3920883499642));
#3496=CARTESIAN_POINT('Ctrl Pts',(135.062000460477,-57.0587871332474,-2.72177002055322));
#3497=CARTESIAN_POINT('Ctrl Pts',(135.062576455718,-56.5017226747224,-2.7529675417089));
#3498=CARTESIAN_POINT('Ctrl Pts',(135.172333428008,-55.9444379404452,-2.78416506286459));
#3499=CARTESIAN_POINT('Ctrl Pts',(135.385125682486,-55.4297522328255,-2.81536258402027));
#3500=CARTESIAN_POINT('Ctrl Pts',(135.65595988011,-54.7746790912121,-2.85506964775149));
#3501=CARTESIAN_POINT('Ctrl Pts',(136.093703684873,-54.1886132513006,-2.89477671148271));
#3502=CARTESIAN_POINT('Ctrl Pts',(136.644984807588,-53.7430112910291,-2.93448377521393));
#3503=CARTESIAN_POINT('Ctrl Pts',(137.196265930302,-53.2974093307575,-2.97419083894516));
#3504=CARTESIAN_POINT('Ctrl Pts',(137.861084370968,-52.9922712501259,-3.01389790267638));
#3505=CARTESIAN_POINT('Ctrl Pts',(138.558381572778,-52.8648012712963,-3.0536049664076));
#3506=CARTESIAN_POINT('Ctrl Pts',(139.255678774587,-52.7373312924666,-3.09331203013882));
#3507=CARTESIAN_POINT('Ctrl Pts',(139.98545473754,-52.787529415439,-3.13301909387004));
#3508=CARTESIAN_POINT('Ctrl Pts',(140.658730902547,-53.0092751908609,-3.17272615760126));
#3509=CARTESIAN_POINT('Ctrl Pts',(141.332007067554,-53.2310209662829,-3.21243322133249));
#3510=CARTESIAN_POINT('Ctrl Pts',(141.948783434614,-53.6243143941543,-3.25214028506371));
#3511=CARTESIAN_POINT('Ctrl Pts',(142.433859017439,-54.1412028368077,-3.29184734879493));
#3512=CARTESIAN_POINT('Ctrl Pts',(142.918934600263,-54.6580912794611,-3.33155441252615));
#3513=CARTESIAN_POINT('Ctrl Pts',(143.272309398851,-55.2985747368963,-3.37126147625737));
#3514=CARTESIAN_POINT('Ctrl Pts',(143.450897888406,-55.9845617153726,-3.4109685399886));
#3515=CARTESIAN_POINT('Ctrl Pts',(143.629486377961,-56.6705486938489,-3.45067560371982));
#3516=CARTESIAN_POINT('Ctrl Pts',(143.633288558482,-57.4020391933662,-3.49038266745104));
#3517=CARTESIAN_POINT('Ctrl Pts',(143.461840845881,-58.0898456087695,-3.53008973118226));
#3518=CARTESIAN_POINT('Ctrl Pts',(143.29039313328,-58.7776520241728,-3.56979679491348));
#3519=CARTESIAN_POINT('Ctrl Pts',(142.943695527556,-59.4217743554621,-3.6095038586447));
#3520=CARTESIAN_POINT('Ctrl Pts',(142.464019430988,-59.9436774361295,-3.64921092237593));
#3521=CARTESIAN_POINT('Ctrl Pts',(141.984343334419,-60.4655805167969,-3.68891798610715));
#3522=CARTESIAN_POINT('Ctrl Pts',(141.371688747006,-60.8652643468423,-3.72862504983837));
#3523=CARTESIAN_POINT('Ctrl Pts',(140.700754103647,-61.0939971332343,-3.76833211356959));
#3524=CARTESIAN_POINT('Ctrl Pts',(140.029819460288,-61.3227299196263,-3.80803917730081));
#3525=CARTESIAN_POINT('Ctrl Pts',(139.300604760984,-61.380511662365,-3.84774624103203));
#3526=CARTESIAN_POINT('Ctrl Pts',(138.602020132022,-61.2602972730136,-3.88745330476326));
#3527=CARTESIAN_POINT('Ctrl Pts',(137.90343550306,-61.1400828836622,-3.92716036849448));
#3528=CARTESIAN_POINT('Ctrl Pts',(137.235480944441,-60.8418723622207,-3.9668674322257));
#3529=CARTESIAN_POINT('Ctrl Pts',(136.679597387376,-60.4020252817322,-4.00657449595692));
#3530=CARTESIAN_POINT('Ctrl Pts',(136.123713830311,-59.9621782012437,-4.04628155968814));
#3531=CARTESIAN_POINT('Ctrl Pts',(135.6799012748,-59.3806945617082,-4.08598862341937));
#3532=CARTESIAN_POINT('Ctrl Pts',(135.402271946498,-58.7284722535221,-4.12569568715059));
#3533=CARTESIAN_POINT('Ctrl Pts',(135.178356685222,-58.2024380285334,-4.15772046495146));
#3534=CARTESIAN_POINT('Ctrl Pts',(135.062540975663,-57.6303894223183,-4.18974524275234));
#3535=CARTESIAN_POINT('Ctrl Pts',(135.061953606628,-57.058571535143,-4.22177002055322));
#3536=CARTESIAN_POINT('Ctrl Pts',(138.002161573738,-61.9830838677831,-1.39208834996417));
#3537=CARTESIAN_POINT('Ctrl Pts',(137.863682350914,-61.9335746791237,-1.39208834996417));
#3538=CARTESIAN_POINT('Ctrl Pts',(137.727711762147,-61.8780539940289,-1.39208834996417));
#3539=CARTESIAN_POINT('Ctrl Pts',(137.594573090821,-61.8167993154261,-1.39208834996417));
#3540=CARTESIAN_POINT('Ctrl Pts',(137.460373414789,-61.7550564878757,-1.39208834996417));
#3541=CARTESIAN_POINT('Ctrl Pts',(137.329050318902,-61.6874874502985,-1.39208834996417));
#3542=CARTESIAN_POINT('Ctrl Pts',(137.200960528508,-61.6143302469872,-1.39208834996417));
#3543=CARTESIAN_POINT('Ctrl Pts',(137.073882059822,-61.5417506499593,-1.39208834996417));
#3544=CARTESIAN_POINT('Ctrl Pts',(136.949985486945,-61.46367023654,-1.39208834996417));
#3545=CARTESIAN_POINT('Ctrl Pts',(136.829653222589,-61.3802839187953,-1.39208834996417));
#3546=CARTESIAN_POINT('Ctrl Pts',(136.710905942353,-61.2979959431303,-1.39208834996417));
#3547=CARTESIAN_POINT('Ctrl Pts',(136.595629220817,-61.2105404006221,-1.39208834996417));
#3548=CARTESIAN_POINT('Ctrl Pts',(136.484231401633,-61.1180757909386,-1.39208834996417));
#3549=CARTESIAN_POINT('Ctrl Pts',(136.44332683177,-61.0841233750448,-1.39208834996417));
#3550=CARTESIAN_POINT('Ctrl Pts',(136.402945694962,-61.0494953361325,-1.39208834996417));
#3551=CARTESIAN_POINT('Ctrl Pts',(136.363109809303,-61.014198735445,-1.39208834996417));
#3552=CARTESIAN_POINT('Ctrl Pts',(136.345083138013,-60.9982261969224,-1.39208834996417));
#3553=CARTESIAN_POINT('Ctrl Pts',(136.327165639017,-60.9821143672131,-1.39208834996417));
#3554=CARTESIAN_POINT('Ctrl Pts',(136.309378282726,-60.9658814189716,-1.39208834996417));
#3555=CARTESIAN_POINT('Ctrl Pts',(136.203041819947,-60.8688375262086,-1.39208834996417));
#3556=CARTESIAN_POINT('Ctrl Pts',(136.101217720547,-60.7673501362264,-1.39208834996417));
#3557=CARTESIAN_POINT('Ctrl Pts',(136.004241348772,-60.6616340957656,-1.39208834996417));
#3558=CARTESIAN_POINT('Ctrl Pts',(135.985687802284,-60.6414084734273,-1.39208834996417));
#3559=CARTESIAN_POINT('Ctrl Pts',(135.967311813001,-60.621027965271,-1.39208834996417));
#3560=CARTESIAN_POINT('Ctrl Pts',(135.94911589699,-60.600493935709,-1.39208834996417));
#3561=CARTESIAN_POINT('Ctrl Pts',(135.85364228333,-60.4927522862019,-1.39208834996417));
#3562=CARTESIAN_POINT('Ctrl Pts',(135.763122546075,-60.3807861053907,-1.39208834996417));
#3563=CARTESIAN_POINT('Ctrl Pts',(135.677758941054,-60.2649803524411,-1.39208834996417));
#3564=CARTESIAN_POINT('Ctrl Pts',(135.592613055183,-60.1494699610826,-1.39208834996417));
#3565=CARTESIAN_POINT('Ctrl Pts',(135.512596747785,-60.0301387926815,-1.39208834996417));
#3566=CARTESIAN_POINT('Ctrl Pts',(135.437958890535,-59.9073503676933,-1.39208834996417));
#3567=CARTESIAN_POINT('Ctrl Pts',(135.371464649437,-59.7979591895965,-1.39208834996417));
#3568=CARTESIAN_POINT('Ctrl Pts',(135.309239729217,-59.685823426872,-1.39208834996417));
#3569=CARTESIAN_POINT('Ctrl Pts',(135.251495236043,-59.5711950319888,-1.39208834996417));
#3570=CARTESIAN_POINT('Ctrl Pts',(135.239971812769,-59.5483199240629,-1.39208834996417));
#3571=CARTESIAN_POINT('Ctrl Pts',(135.228626927393,-59.5253455472239,-1.39208834996417));
#3572=CARTESIAN_POINT('Ctrl Pts',(135.217462425306,-59.5022739046025,-1.39208834996417));
#3573=CARTESIAN_POINT('Ctrl Pts',(135.209808622064,-59.4864571837371,-1.39208834996417));
#3574=CARTESIAN_POINT('Ctrl Pts',(135.202241245268,-59.470598089539,-1.39208834996417));
#3575=CARTESIAN_POINT('Ctrl Pts',(135.19476422583,-59.4547048276611,-1.39208834996417));
#3576=CARTESIAN_POINT('Ctrl Pts',(135.134842570073,-59.3273344797686,-1.39208834996417));
#3577=CARTESIAN_POINT('Ctrl Pts',(135.080650793586,-59.1976282479119,-1.39208834996417));
#3578=CARTESIAN_POINT('Ctrl Pts',(135.032371254687,-59.0659494746978,-1.39208834996417));
#3579=CARTESIAN_POINT('Ctrl Pts',(134.984517341311,-58.9354315627517,-1.39208834996417));
#3580=CARTESIAN_POINT('Ctrl Pts',(134.942471696303,-58.8029749975003,-1.39208834996417));
#3581=CARTESIAN_POINT('Ctrl Pts',(134.906461292729,-58.6689216525588,-1.39208834996417));
#3582=CARTESIAN_POINT('Ctrl Pts',(134.890538301294,-58.6096462751267,-1.39208834996417));
#3583=CARTESIAN_POINT('Ctrl Pts',(134.87579599395,-58.5500586024208,-1.39208834996417));
#3584=CARTESIAN_POINT('Ctrl Pts',(134.862257259314,-58.4901879987542,-1.39208834996417));
#3585=CARTESIAN_POINT('Ctrl Pts',(134.831407937682,-58.3537670141929,-1.39208834996417));
#3586=CARTESIAN_POINT('Ctrl Pts',(134.806804234198,-58.2158762521727,-1.39208834996417));
#3587=CARTESIAN_POINT('Ctrl Pts',(134.788489973907,-58.0769509892363,-1.39208834996417));
#3588=CARTESIAN_POINT('Ctrl Pts',(134.778265712751,-57.9993934932181,-1.39208834996417));
#3589=CARTESIAN_POINT('Ctrl Pts',(134.770002547175,-57.9215137400309,-1.39208834996417));
#3590=CARTESIAN_POINT('Ctrl Pts',(134.763714900044,-57.8433895803077,-1.39208834996417));
#3591=CARTESIAN_POINT('Ctrl Pts',(134.761291177489,-57.8132747720015,-1.39208834996417));
#3592=CARTESIAN_POINT('Ctrl Pts',(134.759161047948,-57.7831236685193,-1.39208834996417));
#3593=CARTESIAN_POINT('Ctrl Pts',(134.757325527835,-57.752940816915,-1.39208834996417));
#3594=CARTESIAN_POINT('Ctrl Pts',(134.756340554736,-57.7367441559862,-1.39208834996417));
#3595=CARTESIAN_POINT('Ctrl Pts',(134.755440547099,-57.7205399169369,-1.39208834996417));
#3596=CARTESIAN_POINT('Ctrl Pts',(134.754626001023,-57.7043382693879,-1.39208834996417));
#3597=CARTESIAN_POINT('Ctrl Pts',(134.747736385655,-57.567301061622,-1.39208834996417));
#3598=CARTESIAN_POINT('Ctrl Pts',(134.746944639936,-57.4302606322115,-1.39208834996416));
#3599=CARTESIAN_POINT('Ctrl Pts',(134.752220939881,-57.2936242921125,-1.39208834996416));
#3600=CARTESIAN_POINT('Ctrl Pts',(134.75748016122,-57.1574302237151,-1.39208834996416));
#3601=CARTESIAN_POINT('Ctrl Pts',(134.76876836237,-57.0216368394955,-1.39208834996417));
#3602=CARTESIAN_POINT('Ctrl Pts',(134.78610687197,-56.8866557824853,-1.39208834996417));
#3603=CARTESIAN_POINT('Ctrl Pts',(134.8031307953,-56.7541237933736,-1.39208834996417));
#3604=CARTESIAN_POINT('Ctrl Pts',(134.825987716978,-56.6223742518647,-1.39208834996417));
#3605=CARTESIAN_POINT('Ctrl Pts',(134.854743778878,-56.491815529766,-1.39208834996417));
#3606=CARTESIAN_POINT('Ctrl Pts',(134.874927232216,-56.4001782991713,-1.39208834996417));
#3607=CARTESIAN_POINT('Ctrl Pts',(134.89801780368,-56.3091280927539,-1.39208834996417));
#3608=CARTESIAN_POINT('Ctrl Pts',(134.924051350165,-56.2188144205721,-1.39208834996417));
#3609=CARTESIAN_POINT('Ctrl Pts',(134.936803331787,-56.1745761801755,-1.39208834996417));
#3610=CARTESIAN_POINT('Ctrl Pts',(134.950261600098,-56.1305147789717,-1.39208834996417));
#3611=CARTESIAN_POINT('Ctrl Pts',(134.964420644233,-56.0866465256205,-1.39208834996417));
#3612=CARTESIAN_POINT('Ctrl Pts',(134.971459567386,-56.0648381845184,-1.39208834996417));
#3613=CARTESIAN_POINT('Ctrl Pts',(134.978671688063,-56.0430775859701,-1.39208834996417));
#3614=CARTESIAN_POINT('Ctrl Pts',(134.986056370457,-56.0213667819669,-1.39208834996417));
#3615=CARTESIAN_POINT('Ctrl Pts',(134.991879886369,-56.0042457731226,-1.39208834996417));
#3616=CARTESIAN_POINT('Ctrl Pts',(134.997810484175,-55.9871565432091,-1.39208834996417));
#3617=CARTESIAN_POINT('Ctrl Pts',(135.003844268122,-55.9701097963438,-1.39208834996417));
#3618=CARTESIAN_POINT('Ctrl Pts',(135.048668803612,-55.8434707723691,-1.39208834996417));
#3619=CARTESIAN_POINT('Ctrl Pts',(135.099233110158,-55.7190294901011,-1.39208834996416));
#3620=CARTESIAN_POINT('Ctrl Pts',(135.155327146849,-55.5971543871789,-1.39208834996417));
#3621=CARTESIAN_POINT('Ctrl Pts',(135.208616145203,-55.4813737705187,-1.39208834996417));
#3622=CARTESIAN_POINT('Ctrl Pts',(135.26689637886,-55.3679087801928,-1.39208834996417));
#3623=CARTESIAN_POINT('Ctrl Pts',(135.330021422148,-55.2571029688784,-1.39208834996417));
#3624=CARTESIAN_POINT('Ctrl Pts',(135.354984895147,-55.2132836265887,-1.39208834996417));
#3625=CARTESIAN_POINT('Ctrl Pts',(135.380706371522,-55.1698804914585,-1.39208834996417));
#3626=CARTESIAN_POINT('Ctrl Pts',(135.407178002117,-55.12691625443,-1.39208834996417));
#3627=CARTESIAN_POINT('Ctrl Pts',(135.420254137616,-55.1056933009383,-1.39208834996417));
#3628=CARTESIAN_POINT('Ctrl Pts',(135.43351332373,-55.0845774540342,-1.39208834996416));
#3629=CARTESIAN_POINT('Ctrl Pts',(135.446954669494,-55.0635715311281,-1.39208834996416));
#3630=CARTESIAN_POINT('Ctrl Pts',(135.45936256353,-55.0441806702618,-1.39208834996416));
#3631=CARTESIAN_POINT('Ctrl Pts',(135.47192075102,-55.0248912136434,-1.39208834996417));
#3632=CARTESIAN_POINT('Ctrl Pts',(135.484626769612,-55.0057072612556,-1.39208834996417));
#3633=CARTESIAN_POINT('Ctrl Pts',(135.557211316908,-54.8961167951787,-1.39208834996417));
#3634=CARTESIAN_POINT('Ctrl Pts',(135.634632359735,-54.7899427413007,-1.39208834996417));
#3635=CARTESIAN_POINT('Ctrl Pts',(135.716716395062,-54.6875579677037,-1.39208834996417));
#3636=CARTESIAN_POINT('Ctrl Pts',(135.797465638471,-54.58683810212,-1.39208834996417));
#3637=CARTESIAN_POINT('Ctrl Pts',(135.88272799286,-54.4897848083172,-1.39208834996417));
#3638=CARTESIAN_POINT('Ctrl Pts',(135.97236790905,-54.3967938055596,-1.39208834996417));
#3639=CARTESIAN_POINT('Ctrl Pts',(135.988764204847,-54.3797845528466,-1.39208834996417));
#3640=CARTESIAN_POINT('Ctrl Pts',(136.005307029923,-54.3629113351657,-1.39208834996417));
#3641=CARTESIAN_POINT('Ctrl Pts',(136.021995642899,-54.3461767439566,-1.39208834996417));
#3642=CARTESIAN_POINT('Ctrl Pts',(136.048110231675,-54.3199902077604,-1.39208834996417));
#3643=CARTESIAN_POINT('Ctrl Pts',(136.074581800276,-54.2941431041631,-1.39208834996417));
#3644=CARTESIAN_POINT('Ctrl Pts',(136.10140285623,-54.2686417243633,-1.39208834996417));
#3645=CARTESIAN_POINT('Origin',(139.999999999998,-22.6139896755336,-1.39208834996417));
#3646=CARTESIAN_POINT('',(89.9999999999983,2.38601032446643,-1.39208834996417));
#3647=CARTESIAN_POINT('',(89.9999999999983,-47.6139896755336,-1.39208834996417));
#3648=CARTESIAN_POINT('',(89.9999999999983,2.38601032446643,-1.39208834996417));
#3649=CARTESIAN_POINT('',(114.999999999998,-72.6139896755336,-1.39208834996417));
#3650=CARTESIAN_POINT('Origin',(114.999999999998,-47.6139896755336,-1.39208834996417));
#3651=CARTESIAN_POINT('',(114.999999999998,-72.6139896755336,-1.39208834996417));
#3652=CARTESIAN_POINT('',(114.999999999998,27.3860103244664,-1.39208834996417));
#3653=CARTESIAN_POINT('',(164.999999999998,27.3860103244664,-1.39208834996417));
#3654=CARTESIAN_POINT('Origin',(114.999999999998,2.38601032446643,-1.39208834996417));
#3655=CARTESIAN_POINT('Origin',(139.325046539307,-57.0586776733398,-11.3920883499642));
#3656=CARTESIAN_POINT('Origin',(139.999999999998,-22.6139896755336,-1.39208834996417));
#3657=CARTESIAN_POINT('',(144.099999999998,-22.6139896755336,-8.39208834996513));
#3658=CARTESIAN_POINT('Origin',(139.999999999998,-22.6139896755336,-8.39208834996513));
#3659=CARTESIAN_POINT('',(144.099999999998,-22.6139896755336,-11.3920883499651));
#3660=CARTESIAN_POINT('',(144.099999999998,-22.6139896755336,-1.39208834996417));
#3661=CARTESIAN_POINT('Origin',(139.999999999998,-22.6139896755336,-11.3920883499642));
#3662=CARTESIAN_POINT('Origin',(139.999999999998,-22.6139896755336,-8.39208834996513));
#3663=CARTESIAN_POINT('Origin',(114.999999999998,2.38601032446643,-11.3920883499642));
#3664=CARTESIAN_POINT('',(89.9999999999983,2.38601032446643,-11.3920883499642));
#3665=CARTESIAN_POINT('',(114.999999999998,27.3860103244664,-11.3920883499642));
#3666=CARTESIAN_POINT('Origin',(114.999999999998,2.38601032446643,-11.3920883499642));
#3667=CARTESIAN_POINT('',(89.9999999999983,2.38601032446643,-11.3920883499642));
#3668=CARTESIAN_POINT('',(114.999999999998,27.3860103244664,-11.3920883499642));
#3669=CARTESIAN_POINT('Origin',(164.999999999998,27.3860103244664,-11.3920883499642));
#3670=CARTESIAN_POINT('',(164.999999999998,27.3860103244664,-11.3920883499642));
#3671=CARTESIAN_POINT('Origin',(114.999999999998,-72.6139896755336,-11.3920883499642));
#3672=CARTESIAN_POINT('',(114.999999999998,-72.6139896755336,-11.3920883499642));
#3673=CARTESIAN_POINT('',(114.999999999998,-72.6139896755336,-11.3920883499642));
#3674=CARTESIAN_POINT('',(114.999999999998,-72.6139896755336,-11.3920883499642));
#3675=CARTESIAN_POINT('Origin',(114.999999999998,-47.6139896755336,-11.3920883499642));
#3676=CARTESIAN_POINT('',(89.9999999999983,-47.6139896755336,-11.3920883499642));
#3677=CARTESIAN_POINT('Origin',(114.999999999998,-47.6139896755336,-11.3920883499642));
#3678=CARTESIAN_POINT('',(89.9999999999983,-47.6139896755336,-11.3920883499642));
#3679=CARTESIAN_POINT('Origin',(89.9999999999983,2.38601032446643,-11.3920883499642));
#3680=CARTESIAN_POINT('',(89.9999999999983,2.38601032446643,-11.3920883499642));
#3681=CARTESIAN_POINT('Origin',(139.999999999998,-22.6139896755336,-11.3920883499642));
#3682=UNCERTAINTY_MEASURE_WITH_UNIT(LENGTH_MEASURE(0.01),#3686,
'DISTANCE_ACCURACY_VALUE',
'Maximum model space distance between geometric entities at asserted c
onnectivities');
#3683=UNCERTAINTY_MEASURE_WITH_UNIT(LENGTH_MEASURE(0.01),#3686,
'DISTANCE_ACCURACY_VALUE',
'Maximum model space distance between geometric entities at asserted c
onnectivities');
#3684=(
GEOMETRIC_REPRESENTATION_CONTEXT(3)
GLOBAL_UNCERTAINTY_ASSIGNED_CONTEXT((#3682))
GLOBAL_UNIT_ASSIGNED_CONTEXT((#3686,#3688,#3689))
REPRESENTATION_CONTEXT('','3D')
);
#3685=(
GEOMETRIC_REPRESENTATION_CONTEXT(3)
GLOBAL_UNCERTAINTY_ASSIGNED_CONTEXT((#3683))
GLOBAL_UNIT_ASSIGNED_CONTEXT((#3686,#3688,#3689))
REPRESENTATION_CONTEXT('','3D')
);
#3686=(
LENGTH_UNIT()
NAMED_UNIT(*)
SI_UNIT(.MILLI.,.METRE.)
);
#3687=(
LENGTH_UNIT()
NAMED_UNIT(*)
SI_UNIT($,.METRE.)
);
#3688=(
NAMED_UNIT(*)
PLANE_ANGLE_UNIT()
SI_UNIT($,.RADIAN.)
);
#3689=(
NAMED_UNIT(*)
SI_UNIT($,.STERADIAN.)
SOLID_ANGLE_UNIT()
);
#3690=SHAPE_DEFINITION_REPRESENTATION(#3691,#3692);
#3691=PRODUCT_DEFINITION_SHAPE('',$,#3694);
#3692=SHAPE_REPRESENTATION('',(#1086),#3684);
#3693=PRODUCT_DEFINITION_CONTEXT('part definition',#3698,'design');
#3694=PRODUCT_DEFINITION('Base Mount','Base Mount',#3695,#3693);
#3695=PRODUCT_DEFINITION_FORMATION('',$,#3700);
#3696=PRODUCT_RELATED_PRODUCT_CATEGORY('Base Mount','Base Mount',(#3700));
#3697=APPLICATION_PROTOCOL_DEFINITION('international standard',
'automotive_design',2009,#3698);
#3698=APPLICATION_CONTEXT(
'Core Data for Automotive Mechanical Design Process');
#3699=PRODUCT_CONTEXT('part definition',#3698,'mechanical');
#3700=PRODUCT('Base Mount','Base Mount',$,(#3699));
#3701=PRESENTATION_STYLE_ASSIGNMENT((#3702));
#3702=SURFACE_STYLE_USAGE(.BOTH.,#3703);
#3703=SURFACE_SIDE_STYLE('',(#3704));
#3704=SURFACE_STYLE_FILL_AREA(#3705);
#3705=FILL_AREA_STYLE('Steel - Satin',(#3706));
#3706=FILL_AREA_STYLE_COLOUR('Steel - Satin',#3707);
#3707=COLOUR_RGB('Steel - Satin',0.627450980392157,0.627450980392157,0.627450980392157);
ENDSEC;
END-ISO-10303-21;
