ISO-10303-21;
HEADER;
/* Generated by software containing ST-Developer
 * from STEP Tools, Inc. (www.steptools.com) 
 */

FILE_DESCRIPTION(
/* description */ (''),
/* implementation_level */ '2;1');

FILE_NAME(
/* name */ 'titl connector.step',
/* time_stamp */ '2026-09-27T18:32:29+01:00',
/* author */ (''),
/* organization */ (''),
/* preprocessor_version */ 'ST-DEVELOPER v20.1',
/* originating_system */ 'Autodesk Translation Framework v15.8.0.0',
/* authorisation */ '');

FILE_SCHEMA (('AUTOMOTIVE_DESIGN { 1 0 10303 214 3 1 1 }'));
ENDSEC;

DATA;
#10=MECHANICAL_DESIGN_GEOMETRIC_PRESENTATION_REPRESENTATION('',(#13),#11415);
#11=SHAPE_REPRESENTATION_RELATIONSHIP('SRR','None',#11422,#12);
#12=ADVANCED_BREP_SHAPE_REPRESENTATION('',(#14),#11414);
#13=STYLED_ITEM('',(#11431),#14);
#14=MANIFOLD_SOLID_BREP('Body1',#3123);
#15=B_SPLINE_SURFACE_WITH_KNOTS('',3,3,((#8069,#8070,#8071,#8072,#8073,
#8074,#8075,#8076,#8077,#8078,#8079,#8080,#8081,#8082,#8083,#8084,#8085,
#8086,#8087,#8088,#8089,#8090,#8091,#8092,#8093,#8094,#8095,#8096,#8097,
#8098,#8099,#8100,#8101,#8102,#8103,#8104,#8105,#8106,#8107,#8108,#8109,
#8110,#8111,#8112,#8113,#8114,#8115,#8116,#8117,#8118,#8119,#8120,#8121,
#8122,#8123,#8124,#8125,#8126,#8127,#8128,#8129,#8130,#8131,#8132,#8133,
#8134,#8135,#8136,#8137,#8138,#8139,#8140,#8141,#8142,#8143,#8144,#8145,
#8146,#8147,#8148,#8149),(#8150,#8151,#8152,#8153,#8154,#8155,#8156,#8157,
#8158,#8159,#8160,#8161,#8162,#8163,#8164,#8165,#8166,#8167,#8168,#8169,
#8170,#8171,#8172,#8173,#8174,#8175,#8176,#8177,#8178,#8179,#8180,#8181,
#8182,#8183,#8184,#8185,#8186,#8187,#8188,#8189,#8190,#8191,#8192,#8193,
#8194,#8195,#8196,#8197,#8198,#8199,#8200,#8201,#8202,#8203,#8204,#8205,
#8206,#8207,#8208,#8209,#8210,#8211,#8212,#8213,#8214,#8215,#8216,#8217,
#8218,#8219,#8220,#8221,#8222,#8223,#8224,#8225,#8226,#8227,#8228,#8229,
#8230),(#8231,#8232,#8233,#8234,#8235,#8236,#8237,#8238,#8239,#8240,#8241,
#8242,#8243,#8244,#8245,#8246,#8247,#8248,#8249,#8250,#8251,#8252,#8253,
#8254,#8255,#8256,#8257,#8258,#8259,#8260,#8261,#8262,#8263,#8264,#8265,
#8266,#8267,#8268,#8269,#8270,#8271,#8272,#8273,#8274,#8275,#8276,#8277,
#8278,#8279,#8280,#8281,#8282,#8283,#8284,#8285,#8286,#8287,#8288,#8289,
#8290,#8291,#8292,#8293,#8294,#8295,#8296,#8297,#8298,#8299,#8300,#8301,
#8302,#8303,#8304,#8305,#8306,#8307,#8308,#8309,#8310,#8311),(#8312,#8313,
#8314,#8315,#8316,#8317,#8318,#8319,#8320,#8321,#8322,#8323,#8324,#8325,
#8326,#8327,#8328,#8329,#8330,#8331,#8332,#8333,#8334,#8335,#8336,#8337,
#8338,#8339,#8340,#8341,#8342,#8343,#8344,#8345,#8346,#8347,#8348,#8349,
#8350,#8351,#8352,#8353,#8354,#8355,#8356,#8357,#8358,#8359,#8360,#8361,
#8362,#8363,#8364,#8365,#8366,#8367,#8368,#8369,#8370,#8371,#8372,#8373,
#8374,#8375,#8376,#8377,#8378,#8379,#8380,#8381,#8382,#8383,#8384,#8385,
#8386,#8387,#8388,#8389,#8390,#8391,#8392)),.UNSPECIFIED.,.F.,.F.,.F.,(4,
4),(4,1,1,1,1,1,1,1,1,1,1,1,1,1,1,1,1,1,1,1,1,1,1,1,1,1,1,1,1,1,1,1,1,1,
1,1,1,1,1,1,1,1,1,1,1,1,1,1,1,1,1,1,1,1,1,1,1,1,1,1,1,1,1,1,1,1,1,1,1,1,
1,1,1,1,1,1,1,1,4),(0.,0.032158409993862),(12.2849444883745,13.2725548060217,
14.260165123669,15.2477754413163,16.2353857589636,17.2229960766109,18.2106063942582,
19.1982167119055,20.1858270295528,21.1734373472001,22.1610476648474,23.1486579824946,
24.1362683001419,25.1238786177892,26.1114889354365,27.0990992530838,28.0867095707311,
29.0743198883784,30.0619302060257,31.049540523673,32.0371508413203,33.0247611589676,
34.0123714766148,34.9999817942621,35.9875921119094,36.9752024295567,37.962812747204,
38.9504230648513,39.9380333824986,40.9256437001459,41.9132540177932,42.9008643354405,
43.8884746530877,44.876084970735,45.8636952883823,46.8513056060296,47.8389159236769,
48.8265262413242,49.8141365589715,50.8017468766188,51.7893571942661,52.7769675119134,
53.7645778295607,54.7521881472079,55.7397984648552,56.7274087825025,57.7150191001498,
58.7026294177971,59.6902397354444,60.6778500530917,61.665460370739,62.6530706883863,
63.6406810060335,64.6282913236808,65.6159016413281,66.6035119589754,67.5911222766227,
68.57873259427,69.5663429119173,70.5539532295646,71.5415635472119,72.5291738648592,
73.5167841825065,74.5043945001538,75.492004817801,76.4796151354483,77.4672254530956,
78.4548357707429,79.4424460883902,80.4300564060375,81.4176667236848,82.4052770413321,
83.3928873589794,84.3804976766266,85.3681079942739,86.3557183119212,87.3433286295685,
88.3309389472158,89.3185492648631),.UNSPECIFIED.);
#16=B_SPLINE_SURFACE_WITH_KNOTS('',3,3,((#8456,#8457,#8458,#8459,#8460,
#8461,#8462,#8463,#8464,#8465,#8466,#8467,#8468,#8469,#8470,#8471,#8472,
#8473,#8474,#8475,#8476,#8477,#8478,#8479,#8480,#8481,#8482,#8483,#8484,
#8485,#8486,#8487,#8488,#8489,#8490,#8491,#8492,#8493,#8494,#8495,#8496,
#8497,#8498,#8499,#8500,#8501,#8502,#8503,#8504,#8505,#8506,#8507,#8508,
#8509,#8510,#8511,#8512,#8513,#8514,#8515,#8516,#8517,#8518,#8519,#8520,
#8521,#8522,#8523,#8524,#8525,#8526,#8527,#8528,#8529,#8530,#8531,#8532,
#8533,#8534,#8535,#8536),(#8537,#8538,#8539,#8540,#8541,#8542,#8543,#8544,
#8545,#8546,#8547,#8548,#8549,#8550,#8551,#8552,#8553,#8554,#8555,#8556,
#8557,#8558,#8559,#8560,#8561,#8562,#8563,#8564,#8565,#8566,#8567,#8568,
#8569,#8570,#8571,#8572,#8573,#8574,#8575,#8576,#8577,#8578,#8579,#8580,
#8581,#8582,#8583,#8584,#8585,#8586,#8587,#8588,#8589,#8590,#8591,#8592,
#8593,#8594,#8595,#8596,#8597,#8598,#8599,#8600,#8601,#8602,#8603,#8604,
#8605,#8606,#8607,#8608,#8609,#8610,#8611,#8612,#8613,#8614,#8615,#8616,
#8617),(#8618,#8619,#8620,#8621,#8622,#8623,#8624,#8625,#8626,#8627,#8628,
#8629,#8630,#8631,#8632,#8633,#8634,#8635,#8636,#8637,#8638,#8639,#8640,
#8641,#8642,#8643,#8644,#8645,#8646,#8647,#8648,#8649,#8650,#8651,#8652,
#8653,#8654,#8655,#8656,#8657,#8658,#8659,#8660,#8661,#8662,#8663,#8664,
#8665,#8666,#8667,#8668,#8669,#8670,#8671,#8672,#8673,#8674,#8675,#8676,
#8677,#8678,#8679,#8680,#8681,#8682,#8683,#8684,#8685,#8686,#8687,#8688,
#8689,#8690,#8691,#8692,#8693,#8694,#8695,#8696,#8697,#8698),(#8699,#8700,
#8701,#8702,#8703,#8704,#8705,#8706,#8707,#8708,#8709,#8710,#8711,#8712,
#8713,#8714,#8715,#8716,#8717,#8718,#8719,#8720,#8721,#8722,#8723,#8724,
#8725,#8726,#8727,#8728,#8729,#8730,#8731,#8732,#8733,#8734,#8735,#8736,
#8737,#8738,#8739,#8740,#8741,#8742,#8743,#8744,#8745,#8746,#8747,#8748,
#8749,#8750,#8751,#8752,#8753,#8754,#8755,#8756,#8757,#8758,#8759,#8760,
#8761,#8762,#8763,#8764,#8765,#8766,#8767,#8768,#8769,#8770,#8771,#8772,
#8773,#8774,#8775,#8776,#8777,#8778,#8779)),.UNSPECIFIED.,.F.,.F.,.F.,(4,
4),(4,1,1,1,1,1,1,1,1,1,1,1,1,1,1,1,1,1,1,1,1,1,1,1,1,1,1,1,1,1,1,1,1,1,
1,1,1,1,1,1,1,1,1,1,1,1,1,1,1,1,1,1,1,1,1,1,1,1,1,1,1,1,1,1,1,1,1,1,1,1,
1,1,1,1,1,1,1,1,4),(0.,0.032158409993862),(14.4741042145678,15.4685796403763,
16.4630550661849,17.4575304919934,18.452005917802,19.4464813436105,20.4409567694191,
21.4354321952276,22.4299076210362,23.4243830468447,24.4188584726532,25.4133338984618,
26.4078093242703,27.4022847500789,28.3967601758874,29.391235601696,30.3857110275045,
31.3801864533131,32.3746618791216,33.3691373049302,34.3636127307387,35.3580881565473,
36.3525635823558,37.3470390081644,38.3415144339729,39.3359898597815,40.33046528559,
41.3249407113986,42.3194161372071,43.3138915630156,44.3083669888242,45.3028424146327,
46.2973178404413,47.2917932662498,48.2862686920584,49.2807441178669,50.2752195436755,
51.269694969484,52.2641703952926,53.2586458211011,54.2531212469097,55.2475966727182,
56.2420720985268,57.2365475243353,58.2310229501439,59.2254983759524,60.219973801761,
61.2144492275695,62.208924653378,63.2034000791866,64.1978755049952,65.1923509308037,
66.1868263566122,67.1813017824208,68.1757772082293,69.1702526340379,70.1647280598464,
71.159203485655,72.1536789114635,73.1481543372721,74.1426297630806,75.1371051888892,
76.1315806146977,77.1260560405063,78.1205314663148,79.1150068921234,80.1094823179319,
81.1039577437405,82.098433169549,83.0929085953576,84.0873840211661,85.0818594469746,
86.0763348727832,87.0708102985917,88.0652857244003,89.0597611502088,90.0542365760174,
91.0487120018259,92.0431874276345),.UNSPECIFIED.);
#17=B_SPLINE_SURFACE_WITH_KNOTS('',3,3,((#8993,#8994,#8995,#8996,#8997,
#8998,#8999,#9000,#9001,#9002,#9003,#9004,#9005,#9006,#9007,#9008,#9009,
#9010,#9011,#9012,#9013,#9014,#9015,#9016,#9017,#9018,#9019,#9020,#9021,
#9022,#9023,#9024,#9025,#9026,#9027,#9028,#9029,#9030,#9031,#9032,#9033,
#9034,#9035,#9036,#9037,#9038,#9039,#9040,#9041,#9042,#9043,#9044,#9045,
#9046,#9047,#9048,#9049,#9050,#9051,#9052,#9053,#9054,#9055,#9056,#9057,
#9058,#9059,#9060,#9061,#9062,#9063,#9064,#9065,#9066,#9067,#9068,#9069,
#9070,#9071,#9072,#9073),(#9074,#9075,#9076,#9077,#9078,#9079,#9080,#9081,
#9082,#9083,#9084,#9085,#9086,#9087,#9088,#9089,#9090,#9091,#9092,#9093,
#9094,#9095,#9096,#9097,#9098,#9099,#9100,#9101,#9102,#9103,#9104,#9105,
#9106,#9107,#9108,#9109,#9110,#9111,#9112,#9113,#9114,#9115,#9116,#9117,
#9118,#9119,#9120,#9121,#9122,#9123,#9124,#9125,#9126,#9127,#9128,#9129,
#9130,#9131,#9132,#9133,#9134,#9135,#9136,#9137,#9138,#9139,#9140,#9141,
#9142,#9143,#9144,#9145,#9146,#9147,#9148,#9149,#9150,#9151,#9152,#9153,
#9154),(#9155,#9156,#9157,#9158,#9159,#9160,#9161,#9162,#9163,#9164,#9165,
#9166,#9167,#9168,#9169,#9170,#9171,#9172,#9173,#9174,#9175,#9176,#9177,
#9178,#9179,#9180,#9181,#9182,#9183,#9184,#9185,#9186,#9187,#9188,#9189,
#9190,#9191,#9192,#9193,#9194,#9195,#9196,#9197,#9198,#9199,#9200,#9201,
#9202,#9203,#9204,#9205,#9206,#9207,#9208,#9209,#9210,#9211,#9212,#9213,
#9214,#9215,#9216,#9217,#9218,#9219,#9220,#9221,#9222,#9223,#9224,#9225,
#9226,#9227,#9228,#9229,#9230,#9231,#9232,#9233,#9234,#9235),(#9236,#9237,
#9238,#9239,#9240,#9241,#9242,#9243,#9244,#9245,#9246,#9247,#9248,#9249,
#9250,#9251,#9252,#9253,#9254,#9255,#9256,#9257,#9258,#9259,#9260,#9261,
#9262,#9263,#9264,#9265,#9266,#9267,#9268,#9269,#9270,#9271,#9272,#9273,
#9274,#9275,#9276,#9277,#9278,#9279,#9280,#9281,#9282,#9283,#9284,#9285,
#9286,#9287,#9288,#9289,#9290,#9291,#9292,#9293,#9294,#9295,#9296,#9297,
#9298,#9299,#9300,#9301,#9302,#9303,#9304,#9305,#9306,#9307,#9308,#9309,
#9310,#9311,#9312,#9313,#9314,#9315,#9316)),.UNSPECIFIED.,.F.,.F.,.F.,(4,
4),(4,1,1,1,1,1,1,1,1,1,1,1,1,1,1,1,1,1,1,1,1,1,1,1,1,1,1,1,1,1,1,1,1,1,
1,1,1,1,1,1,1,1,1,1,1,1,1,1,1,1,1,1,1,1,1,1,1,1,1,1,1,1,1,1,1,1,1,1,1,1,
1,1,1,1,1,1,1,1,4),(0.,0.0321584099938622),(12.284944488375,13.2725548060222,
14.2601651236695,15.2477754413168,16.2353857589641,17.2229960766114,18.2106063942587,
19.198216711906,20.1858270295532,21.1734373472005,22.1610476648478,23.1486579824951,
24.1362683001424,25.1238786177897,26.111488935437,27.0990992530842,28.0867095707315,
29.0743198883788,30.0619302060261,31.0495405236734,32.0371508413207,33.024761158968,
34.0123714766153,34.9999817942625,35.9875921119098,36.9752024295571,37.9628127472044,
38.9504230648517,39.938033382499,40.9256437001463,41.9132540177935,42.9008643354408,
43.8884746530881,44.8760849707354,45.8636952883827,46.85130560603,47.8389159236773,
48.8265262413245,49.8141365589718,50.8017468766191,51.7893571942664,52.7769675119137,
53.764577829561,54.7521881472083,55.7397984648555,56.7274087825028,57.7150191001501,
58.7026294177974,59.6902397354447,60.677850053092,61.6654603707393,62.6530706883865,
63.6406810060338,64.6282913236811,65.6159016413284,66.6035119589757,67.591122276623,
68.5787325942702,69.5663429119175,70.5539532295648,71.5415635472121,72.5291738648594,
73.5167841825067,74.504394500154,75.4920048178013,76.4796151354485,77.4672254530958,
78.4548357707431,79.4424460883904,80.4300564060377,81.417666723685,82.4052770413323,
83.3928873589796,84.3804976766268,85.3681079942741,86.3557183119214,87.3433286295687,
88.330938947216,89.3185492648633),.UNSPECIFIED.);
#18=B_SPLINE_SURFACE_WITH_KNOTS('',3,3,((#9380,#9381,#9382,#9383,#9384,
#9385,#9386,#9387,#9388,#9389,#9390,#9391,#9392,#9393,#9394,#9395,#9396,
#9397,#9398,#9399,#9400,#9401,#9402,#9403,#9404,#9405,#9406,#9407,#9408,
#9409,#9410,#9411,#9412,#9413,#9414,#9415,#9416,#9417,#9418,#9419,#9420,
#9421,#9422,#9423,#9424,#9425,#9426,#9427,#9428,#9429,#9430,#9431,#9432,
#9433,#9434,#9435,#9436,#9437,#9438,#9439,#9440,#9441,#9442,#9443,#9444,
#9445,#9446,#9447,#9448,#9449,#9450,#9451,#9452,#9453,#9454,#9455,#9456,
#9457,#9458,#9459,#9460),(#9461,#9462,#9463,#9464,#9465,#9466,#9467,#9468,
#9469,#9470,#9471,#9472,#9473,#9474,#9475,#9476,#9477,#9478,#9479,#9480,
#9481,#9482,#9483,#9484,#9485,#9486,#9487,#9488,#9489,#9490,#9491,#9492,
#9493,#9494,#9495,#9496,#9497,#9498,#9499,#9500,#9501,#9502,#9503,#9504,
#9505,#9506,#9507,#9508,#9509,#9510,#9511,#9512,#9513,#9514,#9515,#9516,
#9517,#9518,#9519,#9520,#9521,#9522,#9523,#9524,#9525,#9526,#9527,#9528,
#9529,#9530,#9531,#9532,#9533,#9534,#9535,#9536,#9537,#9538,#9539,#9540,
#9541),(#9542,#9543,#9544,#9545,#9546,#9547,#9548,#9549,#9550,#9551,#9552,
#9553,#9554,#9555,#9556,#9557,#9558,#9559,#9560,#9561,#9562,#9563,#9564,
#9565,#9566,#9567,#9568,#9569,#9570,#9571,#9572,#9573,#9574,#9575,#9576,
#9577,#9578,#9579,#9580,#9581,#9582,#9583,#9584,#9585,#9586,#9587,#9588,
#9589,#9590,#9591,#9592,#9593,#9594,#9595,#9596,#9597,#9598,#9599,#9600,
#9601,#9602,#9603,#9604,#9605,#9606,#9607,#9608,#9609,#9610,#9611,#9612,
#9613,#9614,#9615,#9616,#9617,#9618,#9619,#9620,#9621,#9622),(#9623,#9624,
#9625,#9626,#9627,#9628,#9629,#9630,#9631,#9632,#9633,#9634,#9635,#9636,
#9637,#9638,#9639,#9640,#9641,#9642,#9643,#9644,#9645,#9646,#9647,#9648,
#9649,#9650,#9651,#9652,#9653,#9654,#9655,#9656,#9657,#9658,#9659,#9660,
#9661,#9662,#9663,#9664,#9665,#9666,#9667,#9668,#9669,#9670,#9671,#9672,
#9673,#9674,#9675,#9676,#9677,#9678,#9679,#9680,#9681,#9682,#9683,#9684,
#9685,#9686,#9687,#9688,#9689,#9690,#9691,#9692,#9693,#9694,#9695,#9696,
#9697,#9698,#9699,#9700,#9701,#9702,#9703)),.UNSPECIFIED.,.F.,.F.,.F.,(4,
4),(4,1,1,1,1,1,1,1,1,1,1,1,1,1,1,1,1,1,1,1,1,1,1,1,1,1,1,1,1,1,1,1,1,1,
1,1,1,1,1,1,1,1,1,1,1,1,1,1,1,1,1,1,1,1,1,1,1,1,1,1,1,1,1,1,1,1,1,1,1,1,
1,1,1,1,1,1,1,1,4),(0.,0.0321584099938622),(14.4741042145684,15.468579640377,
16.4630550661855,17.4575304919941,18.4520059178026,19.4464813436111,20.4409567694197,
21.4354321952282,22.4299076210368,23.4243830468453,24.4188584726538,25.4133338984624,
26.4078093242709,27.4022847500795,28.396760175888,29.3912356016966,30.3857110275051,
31.3801864533136,32.3746618791222,33.3691373049307,34.3636127307393,35.3580881565478,
36.3525635823563,37.3470390081649,38.3415144339734,39.335989859782,40.3304652855905,
41.324940711399,42.3194161372076,43.3138915630161,44.3083669888247,45.3028424146332,
46.2973178404417,47.2917932662503,48.2862686920588,49.2807441178674,50.2752195436759,
51.2696949694845,52.264170395293,53.2586458211015,54.2531212469101,55.2475966727186,
56.2420720985272,57.2365475243357,58.2310229501442,59.2254983759528,60.2199738017613,
61.2144492275699,62.2089246533784,63.2034000791869,64.1978755049955,65.192350930804,
66.1868263566126,67.1813017824211,68.1757772082297,69.1702526340382,70.1647280598467,
71.1592034856553,72.1536789114638,73.1481543372724,74.1426297630809,75.1371051888894,
76.131580614698,77.1260560405065,78.1205314663151,79.1150068921236,80.1094823179321,
81.1039577437407,82.0984331695492,83.0929085953578,84.0873840211663,85.0818594469749,
86.0763348727834,87.0708102985919,88.0652857244005,89.059761150209,90.0542365760176,
91.0487120018261,92.0431874276346),.UNSPECIFIED.);
#19=B_SPLINE_SURFACE_WITH_KNOTS('',3,3,((#9909,#9910,#9911,#9912,#9913,
#9914,#9915,#9916,#9917,#9918,#9919,#9920,#9921,#9922,#9923,#9924,#9925,
#9926,#9927,#9928,#9929,#9930,#9931,#9932,#9933,#9934,#9935,#9936,#9937,
#9938,#9939,#9940,#9941,#9942,#9943,#9944,#9945,#9946,#9947,#9948,#9949,
#9950,#9951,#9952,#9953,#9954,#9955,#9956,#9957,#9958,#9959,#9960,#9961,
#9962,#9963,#9964,#9965,#9966,#9967,#9968,#9969,#9970,#9971,#9972,#9973,
#9974,#9975,#9976,#9977,#9978,#9979,#9980,#9981,#9982,#9983,#9984,#9985,
#9986,#9987,#9988,#9989),(#9990,#9991,#9992,#9993,#9994,#9995,#9996,#9997,
#9998,#9999,#10000,#10001,#10002,#10003,#10004,#10005,#10006,#10007,#10008,
#10009,#10010,#10011,#10012,#10013,#10014,#10015,#10016,#10017,#10018,#10019,
#10020,#10021,#10022,#10023,#10024,#10025,#10026,#10027,#10028,#10029,#10030,
#10031,#10032,#10033,#10034,#10035,#10036,#10037,#10038,#10039,#10040,#10041,
#10042,#10043,#10044,#10045,#10046,#10047,#10048,#10049,#10050,#10051,#10052,
#10053,#10054,#10055,#10056,#10057,#10058,#10059,#10060,#10061,#10062,#10063,
#10064,#10065,#10066,#10067,#10068,#10069,#10070),(#10071,#10072,#10073,
#10074,#10075,#10076,#10077,#10078,#10079,#10080,#10081,#10082,#10083,#10084,
#10085,#10086,#10087,#10088,#10089,#10090,#10091,#10092,#10093,#10094,#10095,
#10096,#10097,#10098,#10099,#10100,#10101,#10102,#10103,#10104,#10105,#10106,
#10107,#10108,#10109,#10110,#10111,#10112,#10113,#10114,#10115,#10116,#10117,
#10118,#10119,#10120,#10121,#10122,#10123,#10124,#10125,#10126,#10127,#10128,
#10129,#10130,#10131,#10132,#10133,#10134,#10135,#10136,#10137,#10138,#10139,
#10140,#10141,#10142,#10143,#10144,#10145,#10146,#10147,#10148,#10149,#10150,
#10151),(#10152,#10153,#10154,#10155,#10156,#10157,#10158,#10159,#10160,
#10161,#10162,#10163,#10164,#10165,#10166,#10167,#10168,#10169,#10170,#10171,
#10172,#10173,#10174,#10175,#10176,#10177,#10178,#10179,#10180,#10181,#10182,
#10183,#10184,#10185,#10186,#10187,#10188,#10189,#10190,#10191,#10192,#10193,
#10194,#10195,#10196,#10197,#10198,#10199,#10200,#10201,#10202,#10203,#10204,
#10205,#10206,#10207,#10208,#10209,#10210,#10211,#10212,#10213,#10214,#10215,
#10216,#10217,#10218,#10219,#10220,#10221,#10222,#10223,#10224,#10225,#10226,
#10227,#10228,#10229,#10230,#10231,#10232)),.UNSPECIFIED.,.F.,.F.,.F.,(4,
4),(4,1,1,1,1,1,1,1,1,1,1,1,1,1,1,1,1,1,1,1,1,1,1,1,1,1,1,1,1,1,1,1,1,1,
1,1,1,1,1,1,1,1,1,1,1,1,1,1,1,1,1,1,1,1,1,1,1,1,1,1,1,1,1,1,1,1,1,1,1,1,
1,1,1,1,1,1,1,1,4),(0.,0.0321584099938622),(12.284944488375,13.2725548060223,
14.2601651236696,15.2477754413168,16.2353857589641,17.2229960766114,18.2106063942587,
19.198216711906,20.1858270295533,21.1734373472006,22.1610476648478,23.1486579824951,
24.1362683001424,25.1238786177897,26.111488935437,27.0990992530843,28.0867095707316,
29.0743198883788,30.0619302060261,31.0495405236734,32.0371508413207,33.024761158968,
34.0123714766153,34.9999817942626,35.9875921119098,36.9752024295571,37.9628127472044,
38.9504230648517,39.938033382499,40.9256437001463,41.9132540177936,42.9008643354409,
43.8884746530881,44.8760849707354,45.8636952883827,46.85130560603,47.8389159236773,
48.8265262413246,49.8141365589719,50.8017468766191,51.7893571942664,52.7769675119137,
53.764577829561,54.7521881472083,55.7397984648556,56.7274087825029,57.7150191001501,
58.7026294177974,59.6902397354447,60.677850053092,61.6654603707393,62.6530706883866,
63.6406810060339,64.6282913236811,65.6159016413284,66.6035119589757,67.591122276623,
68.5787325942703,69.5663429119176,70.5539532295649,71.5415635472121,72.5291738648594,
73.5167841825067,74.504394500154,75.4920048178013,76.4796151354486,77.4672254530959,
78.4548357707431,79.4424460883904,80.4300564060377,81.417666723685,82.4052770413323,
83.3928873589796,84.3804976766269,85.3681079942741,86.3557183119214,87.3433286295687,
88.330938947216,89.3185492648633),.UNSPECIFIED.);
#20=B_SPLINE_SURFACE_WITH_KNOTS('',3,3,((#10255,#10256,#10257,#10258,#10259,
#10260,#10261,#10262,#10263,#10264,#10265,#10266,#10267,#10268,#10269,#10270,
#10271,#10272,#10273,#10274,#10275,#10276,#10277,#10278,#10279,#10280,#10281,
#10282,#10283,#10284,#10285,#10286,#10287,#10288,#10289,#10290,#10291,#10292,
#10293,#10294,#10295,#10296,#10297,#10298,#10299,#10300,#10301,#10302,#10303,
#10304,#10305,#10306,#10307,#10308,#10309,#10310,#10311,#10312,#10313,#10314,
#10315,#10316,#10317,#10318,#10319,#10320,#10321,#10322,#10323,#10324,#10325,
#10326,#10327,#10328,#10329,#10330,#10331,#10332,#10333,#10334,#10335),
(#10336,#10337,#10338,#10339,#10340,#10341,#10342,#10343,#10344,#10345,
#10346,#10347,#10348,#10349,#10350,#10351,#10352,#10353,#10354,#10355,#10356,
#10357,#10358,#10359,#10360,#10361,#10362,#10363,#10364,#10365,#10366,#10367,
#10368,#10369,#10370,#10371,#10372,#10373,#10374,#10375,#10376,#10377,#10378,
#10379,#10380,#10381,#10382,#10383,#10384,#10385,#10386,#10387,#10388,#10389,
#10390,#10391,#10392,#10393,#10394,#10395,#10396,#10397,#10398,#10399,#10400,
#10401,#10402,#10403,#10404,#10405,#10406,#10407,#10408,#10409,#10410,#10411,
#10412,#10413,#10414,#10415,#10416),(#10417,#10418,#10419,#10420,#10421,
#10422,#10423,#10424,#10425,#10426,#10427,#10428,#10429,#10430,#10431,#10432,
#10433,#10434,#10435,#10436,#10437,#10438,#10439,#10440,#10441,#10442,#10443,
#10444,#10445,#10446,#10447,#10448,#10449,#10450,#10451,#10452,#10453,#10454,
#10455,#10456,#10457,#10458,#10459,#10460,#10461,#10462,#10463,#10464,#10465,
#10466,#10467,#10468,#10469,#10470,#10471,#10472,#10473,#10474,#10475,#10476,
#10477,#10478,#10479,#10480,#10481,#10482,#10483,#10484,#10485,#10486,#10487,
#10488,#10489,#10490,#10491,#10492,#10493,#10494,#10495,#10496,#10497),
(#10498,#10499,#10500,#10501,#10502,#10503,#10504,#10505,#10506,#10507,
#10508,#10509,#10510,#10511,#10512,#10513,#10514,#10515,#10516,#10517,#10518,
#10519,#10520,#10521,#10522,#10523,#10524,#10525,#10526,#10527,#10528,#10529,
#10530,#10531,#10532,#10533,#10534,#10535,#10536,#10537,#10538,#10539,#10540,
#10541,#10542,#10543,#10544,#10545,#10546,#10547,#10548,#10549,#10550,#10551,
#10552,#10553,#10554,#10555,#10556,#10557,#10558,#10559,#10560,#10561,#10562,
#10563,#10564,#10565,#10566,#10567,#10568,#10569,#10570,#10571,#10572,#10573,
#10574,#10575,#10576,#10577,#10578)),.UNSPECIFIED.,.F.,.F.,.F.,(4,4),(4,
1,1,1,1,1,1,1,1,1,1,1,1,1,1,1,1,1,1,1,1,1,1,1,1,1,1,1,1,1,1,1,1,1,1,1,1,
1,1,1,1,1,1,1,1,1,1,1,1,1,1,1,1,1,1,1,1,1,1,1,1,1,1,1,1,1,1,1,1,1,1,1,1,
1,1,1,1,1,4),(0.,0.0321584099938622),(14.4741042145685,15.468579640377,
16.4630550661856,17.4575304919941,18.4520059178027,19.4464813436112,20.4409567694197,
21.4354321952283,22.4299076210368,23.4243830468454,24.4188584726539,25.4133338984624,
26.407809324271,27.4022847500795,28.3967601758881,29.3912356016966,30.3857110275051,
31.3801864533137,32.3746618791222,33.3691373049308,34.3636127307393,35.3580881565479,
36.3525635823564,37.3470390081649,38.3415144339735,39.335989859782,40.3304652855906,
41.3249407113991,42.3194161372076,43.3138915630162,44.3083669888247,45.3028424146333,
46.2973178404418,47.2917932662503,48.2862686920589,49.2807441178674,50.275219543676,
51.2696949694845,52.264170395293,53.2586458211016,54.2531212469101,55.2475966727187,
56.2420720985272,57.2365475243357,58.2310229501443,59.2254983759528,60.2199738017614,
61.2144492275699,62.2089246533784,63.203400079187,64.1978755049955,65.1923509308041,
66.1868263566126,67.1813017824212,68.1757772082297,69.1702526340382,70.1647280598468,
71.1592034856553,72.1536789114639,73.1481543372724,74.1426297630809,75.1371051888895,
76.131580614698,77.1260560405066,78.1205314663151,79.1150068921236,80.1094823179322,
81.1039577437407,82.0984331695493,83.0929085953578,84.0873840211664,85.0818594469749,
86.0763348727834,87.070810298592,88.0652857244005,89.0597611502091,90.0542365760176,
91.0487120018261,92.0431874276347),.UNSPECIFIED.);
#21=B_SPLINE_SURFACE_WITH_KNOTS('',3,3,((#10675,#10676,#10677,#10678,#10679,
#10680,#10681,#10682,#10683,#10684,#10685,#10686,#10687,#10688,#10689,#10690,
#10691,#10692,#10693,#10694,#10695,#10696,#10697,#10698,#10699,#10700,#10701,
#10702,#10703,#10704,#10705,#10706,#10707,#10708,#10709,#10710,#10711,#10712,
#10713,#10714,#10715,#10716,#10717,#10718,#10719,#10720,#10721,#10722,#10723,
#10724,#10725,#10726,#10727,#10728,#10729,#10730,#10731,#10732,#10733,#10734,
#10735,#10736,#10737,#10738,#10739,#10740,#10741,#10742,#10743,#10744,#10745,
#10746,#10747,#10748,#10749,#10750,#10751,#10752,#10753,#10754,#10755),
(#10756,#10757,#10758,#10759,#10760,#10761,#10762,#10763,#10764,#10765,
#10766,#10767,#10768,#10769,#10770,#10771,#10772,#10773,#10774,#10775,#10776,
#10777,#10778,#10779,#10780,#10781,#10782,#10783,#10784,#10785,#10786,#10787,
#10788,#10789,#10790,#10791,#10792,#10793,#10794,#10795,#10796,#10797,#10798,
#10799,#10800,#10801,#10802,#10803,#10804,#10805,#10806,#10807,#10808,#10809,
#10810,#10811,#10812,#10813,#10814,#10815,#10816,#10817,#10818,#10819,#10820,
#10821,#10822,#10823,#10824,#10825,#10826,#10827,#10828,#10829,#10830,#10831,
#10832,#10833,#10834,#10835,#10836),(#10837,#10838,#10839,#10840,#10841,
#10842,#10843,#10844,#10845,#10846,#10847,#10848,#10849,#10850,#10851,#10852,
#10853,#10854,#10855,#10856,#10857,#10858,#10859,#10860,#10861,#10862,#10863,
#10864,#10865,#10866,#10867,#10868,#10869,#10870,#10871,#10872,#10873,#10874,
#10875,#10876,#10877,#10878,#10879,#10880,#10881,#10882,#10883,#10884,#10885,
#10886,#10887,#10888,#10889,#10890,#10891,#10892,#10893,#10894,#10895,#10896,
#10897,#10898,#10899,#10900,#10901,#10902,#10903,#10904,#10905,#10906,#10907,
#10908,#10909,#10910,#10911,#10912,#10913,#10914,#10915,#10916,#10917),
(#10918,#10919,#10920,#10921,#10922,#10923,#10924,#10925,#10926,#10927,
#10928,#10929,#10930,#10931,#10932,#10933,#10934,#10935,#10936,#10937,#10938,
#10939,#10940,#10941,#10942,#10943,#10944,#10945,#10946,#10947,#10948,#10949,
#10950,#10951,#10952,#10953,#10954,#10955,#10956,#10957,#10958,#10959,#10960,
#10961,#10962,#10963,#10964,#10965,#10966,#10967,#10968,#10969,#10970,#10971,
#10972,#10973,#10974,#10975,#10976,#10977,#10978,#10979,#10980,#10981,#10982,
#10983,#10984,#10985,#10986,#10987,#10988,#10989,#10990,#10991,#10992,#10993,
#10994,#10995,#10996,#10997,#10998)),.UNSPECIFIED.,.F.,.F.,.F.,(4,4),(4,
1,1,1,1,1,1,1,1,1,1,1,1,1,1,1,1,1,1,1,1,1,1,1,1,1,1,1,1,1,1,1,1,1,1,1,1,
1,1,1,1,1,1,1,1,1,1,1,1,1,1,1,1,1,1,1,1,1,1,1,1,1,1,1,1,1,1,1,1,1,1,1,1,
1,1,1,1,1,4),(0.,0.032158409993862),(12.2849444883744,13.2725548060217,
14.260165123669,15.2477754413163,16.2353857589636,17.2229960766109,18.2106063942582,
19.1982167119055,20.1858270295528,21.1734373472,22.1610476648473,23.1486579824946,
24.1362683001419,25.1238786177892,26.1114889354365,27.0990992530838,28.0867095707311,
29.0743198883784,30.0619302060257,31.0495405236729,32.0371508413202,33.0247611589675,
34.0123714766148,34.9999817942621,35.9875921119094,36.9752024295567,37.962812747204,
38.9504230648513,39.9380333824986,40.9256437001459,41.9132540177931,42.9008643354404,
43.8884746530877,44.876084970735,45.8636952883823,46.8513056060296,47.8389159236769,
48.8265262413242,49.8141365589715,50.8017468766188,51.789357194266,52.7769675119133,
53.7645778295606,54.7521881472079,55.7397984648552,56.7274087825025,57.7150191001498,
58.7026294177971,59.6902397354444,60.6778500530917,61.665460370739,62.6530706883862,
63.6406810060335,64.6282913236808,65.6159016413281,66.6035119589754,67.5911222766227,
68.57873259427,69.5663429119173,70.5539532295646,71.5415635472119,72.5291738648591,
73.5167841825064,74.5043945001537,75.492004817801,76.4796151354483,77.4672254530956,
78.4548357707429,79.4424460883902,80.4300564060375,81.4176667236848,82.4052770413321,
83.3928873589793,84.3804976766266,85.3681079942739,86.3557183119212,87.3433286295685,
88.3309389472158,89.3185492648631),.UNSPECIFIED.);
#22=B_SPLINE_SURFACE_WITH_KNOTS('',3,3,((#11021,#11022,#11023,#11024,#11025,
#11026,#11027,#11028,#11029,#11030,#11031,#11032,#11033,#11034,#11035,#11036,
#11037,#11038,#11039,#11040,#11041,#11042,#11043,#11044,#11045,#11046,#11047,
#11048,#11049,#11050,#11051,#11052,#11053,#11054,#11055,#11056,#11057,#11058,
#11059,#11060,#11061,#11062,#11063,#11064,#11065,#11066,#11067,#11068,#11069,
#11070,#11071,#11072,#11073,#11074,#11075,#11076,#11077,#11078,#11079,#11080,
#11081,#11082,#11083,#11084,#11085,#11086,#11087,#11088,#11089,#11090,#11091,
#11092,#11093,#11094,#11095,#11096,#11097,#11098,#11099,#11100,#11101),
(#11102,#11103,#11104,#11105,#11106,#11107,#11108,#11109,#11110,#11111,
#11112,#11113,#11114,#11115,#11116,#11117,#11118,#11119,#11120,#11121,#11122,
#11123,#11124,#11125,#11126,#11127,#11128,#11129,#11130,#11131,#11132,#11133,
#11134,#11135,#11136,#11137,#11138,#11139,#11140,#11141,#11142,#11143,#11144,
#11145,#11146,#11147,#11148,#11149,#11150,#11151,#11152,#11153,#11154,#11155,
#11156,#11157,#11158,#11159,#11160,#11161,#11162,#11163,#11164,#11165,#11166,
#11167,#11168,#11169,#11170,#11171,#11172,#11173,#11174,#11175,#11176,#11177,
#11178,#11179,#11180,#11181,#11182),(#11183,#11184,#11185,#11186,#11187,
#11188,#11189,#11190,#11191,#11192,#11193,#11194,#11195,#11196,#11197,#11198,
#11199,#11200,#11201,#11202,#11203,#11204,#11205,#11206,#11207,#11208,#11209,
#11210,#11211,#11212,#11213,#11214,#11215,#11216,#11217,#11218,#11219,#11220,
#11221,#11222,#11223,#11224,#11225,#11226,#11227,#11228,#11229,#11230,#11231,
#11232,#11233,#11234,#11235,#11236,#11237,#11238,#11239,#11240,#11241,#11242,
#11243,#11244,#11245,#11246,#11247,#11248,#11249,#11250,#11251,#11252,#11253,
#11254,#11255,#11256,#11257,#11258,#11259,#11260,#11261,#11262,#11263),
(#11264,#11265,#11266,#11267,#11268,#11269,#11270,#11271,#11272,#11273,
#11274,#11275,#11276,#11277,#11278,#11279,#11280,#11281,#11282,#11283,#11284,
#11285,#11286,#11287,#11288,#11289,#11290,#11291,#11292,#11293,#11294,#11295,
#11296,#11297,#11298,#11299,#11300,#11301,#11302,#11303,#11304,#11305,#11306,
#11307,#11308,#11309,#11310,#11311,#11312,#11313,#11314,#11315,#11316,#11317,
#11318,#11319,#11320,#11321,#11322,#11323,#11324,#11325,#11326,#11327,#11328,
#11329,#11330,#11331,#11332,#11333,#11334,#11335,#11336,#11337,#11338,#11339,
#11340,#11341,#11342,#11343,#11344)),.UNSPECIFIED.,.F.,.F.,.F.,(4,4),(4,
1,1,1,1,1,1,1,1,1,1,1,1,1,1,1,1,1,1,1,1,1,1,1,1,1,1,1,1,1,1,1,1,1,1,1,1,
1,1,1,1,1,1,1,1,1,1,1,1,1,1,1,1,1,1,1,1,1,1,1,1,1,1,1,1,1,1,1,1,1,1,1,1,
1,1,1,1,1,4),(0.,0.032158409993862),(14.4741042145678,15.4685796403764,
16.4630550661849,17.4575304919934,18.452005917802,19.4464813436105,20.4409567694191,
21.4354321952276,22.4299076210362,23.4243830468447,24.4188584726533,25.4133338984618,
26.4078093242704,27.4022847500789,28.3967601758875,29.391235601696,30.3857110275046,
31.3801864533131,32.3746618791217,33.3691373049302,34.3636127307387,35.3580881565473,
36.3525635823558,37.3470390081644,38.3415144339729,39.3359898597815,40.33046528559,
41.3249407113986,42.3194161372071,43.3138915630157,44.3083669888242,45.3028424146328,
46.2973178404413,47.2917932662499,48.2862686920584,49.280744117867,50.2752195436755,
51.269694969484,52.2641703952926,53.2586458211011,54.2531212469097,55.2475966727182,
56.2420720985268,57.2365475243353,58.2310229501439,59.2254983759524,60.219973801761,
61.2144492275695,62.2089246533781,63.2034000791866,64.1978755049952,65.1923509308037,
66.1868263566123,67.1813017824208,68.1757772082293,69.1702526340379,70.1647280598464,
71.159203485655,72.1536789114635,73.1481543372721,74.1426297630806,75.1371051888892,
76.1315806146977,77.1260560405063,78.1205314663148,79.1150068921234,80.1094823179319,
81.1039577437405,82.098433169549,83.0929085953576,84.0873840211661,85.0818594469746,
86.0763348727832,87.0708102985917,88.0652857244003,89.0597611502088,90.0542365760174,
91.0487120018259,92.0431874276345),.UNSPECIFIED.);
#23=FACE_BOUND('',#370,.T.);
#24=FACE_BOUND('',#371,.T.);
#25=FACE_BOUND('',#372,.T.);
#26=FACE_BOUND('',#373,.T.);
#27=FACE_BOUND('',#374,.T.);
#28=FACE_BOUND('',#375,.T.);
#29=FACE_BOUND('',#395,.T.);
#30=FACE_BOUND('',#396,.T.);
#31=FACE_BOUND('',#398,.T.);
#32=FACE_BOUND('',#399,.T.);
#33=FACE_BOUND('',#413,.T.);
#34=FACE_BOUND('',#414,.T.);
#35=FACE_BOUND('',#437,.T.);
#36=FACE_BOUND('',#438,.T.);
#37=FACE_BOUND('',#442,.T.);
#38=FACE_BOUND('',#447,.T.);
#39=FACE_BOUND('',#448,.T.);
#40=FACE_BOUND('',#449,.T.);
#41=FACE_BOUND('',#450,.T.);
#42=FACE_BOUND('',#451,.T.);
#43=FACE_BOUND('',#452,.T.);
#44=FACE_BOUND('',#453,.T.);
#45=FACE_BOUND('',#454,.T.);
#46=CIRCLE('',#3234,21.6);
#47=CIRCLE('',#3235,38.2816451470539);
#48=CIRCLE('',#3236,21.6);
#49=CIRCLE('',#3237,5.00000000000004);
#50=CIRCLE('',#3238,5.00000000000004);
#51=CIRCLE('',#3239,5.00000000000004);
#52=CIRCLE('',#3240,5.00000000000004);
#53=CIRCLE('',#3241,1.6);
#54=CIRCLE('',#3242,1.6);
#55=CIRCLE('',#3243,1.6);
#56=CIRCLE('',#3244,1.6);
#57=CIRCLE('',#3245,1.6);
#58=CIRCLE('',#3246,1.6);
#59=CIRCLE('',#3247,1.6);
#60=CIRCLE('',#3248,1.6);
#61=CIRCLE('',#3249,7.);
#62=CIRCLE('',#3251,1.6);
#63=CIRCLE('',#3254,1.6);
#64=CIRCLE('',#3257,1.6);
#65=CIRCLE('',#3260,1.6);
#66=CIRCLE('',#3263,5.00000000000004);
#67=CIRCLE('',#3266,5.00000000000004);
#68=CIRCLE('',#3270,38.2816451470539);
#69=CIRCLE('',#3273,5.00000000000004);
#70=CIRCLE('',#3276,5.00000000000004);
#71=CIRCLE('',#3278,21.6);
#72=CIRCLE('',#3279,21.6);
#73=CIRCLE('',#3281,21.6);
#74=CIRCLE('',#3282,21.6);
#75=CIRCLE('',#3287,15.6);
#76=CIRCLE('',#3288,15.6);
#77=CIRCLE('',#3294,15.6);
#78=CIRCLE('',#3295,15.6);
#79=CIRCLE('',#3306,1.6);
#80=CIRCLE('',#3309,1.6);
#81=CIRCLE('',#3312,1.6);
#82=CIRCLE('',#3315,1.6);
#83=CIRCLE('',#3319,7.);
#84=CIRCLE('',#3321,11.1);
#85=CIRCLE('',#3322,11.1);
#86=PLANE('',#3233);
#87=PLANE('',#3252);
#88=PLANE('',#3255);
#89=PLANE('',#3258);
#90=PLANE('',#3261);
#91=PLANE('',#3264);
#92=PLANE('',#3267);
#93=PLANE('',#3268);
#94=PLANE('',#3271);
#95=PLANE('',#3274);
#96=PLANE('',#3284);
#97=PLANE('',#3285);
#98=PLANE('',#3291);
#99=PLANE('',#3292);
#100=PLANE('',#3298);
#101=PLANE('',#3299);
#102=PLANE('',#3302);
#103=PLANE('',#3303);
#104=PLANE('',#3307);
#105=PLANE('',#3310);
#106=PLANE('',#3313);
#107=PLANE('',#3316);
#108=PLANE('',#3317);
#109=PLANE('',#3323);
#110=PLANE('',#3324);
#111=PLANE('',#3325);
#112=PLANE('',#3326);
#113=PLANE('',#3327);
#114=FACE_OUTER_BOUND('',#273,.T.);
#115=FACE_OUTER_BOUND('',#274,.T.);
#116=FACE_OUTER_BOUND('',#275,.T.);
#117=FACE_OUTER_BOUND('',#276,.T.);
#118=FACE_OUTER_BOUND('',#277,.T.);
#119=FACE_OUTER_BOUND('',#278,.T.);
#120=FACE_OUTER_BOUND('',#279,.T.);
#121=FACE_OUTER_BOUND('',#280,.T.);
#122=FACE_OUTER_BOUND('',#281,.T.);
#123=FACE_OUTER_BOUND('',#282,.T.);
#124=FACE_OUTER_BOUND('',#283,.T.);
#125=FACE_OUTER_BOUND('',#284,.T.);
#126=FACE_OUTER_BOUND('',#285,.T.);
#127=FACE_OUTER_BOUND('',#286,.T.);
#128=FACE_OUTER_BOUND('',#287,.T.);
#129=FACE_OUTER_BOUND('',#288,.T.);
#130=FACE_OUTER_BOUND('',#289,.T.);
#131=FACE_OUTER_BOUND('',#290,.T.);
#132=FACE_OUTER_BOUND('',#291,.T.);
#133=FACE_OUTER_BOUND('',#292,.T.);
#134=FACE_OUTER_BOUND('',#293,.T.);
#135=FACE_OUTER_BOUND('',#294,.T.);
#136=FACE_OUTER_BOUND('',#295,.T.);
#137=FACE_OUTER_BOUND('',#296,.T.);
#138=FACE_OUTER_BOUND('',#297,.T.);
#139=FACE_OUTER_BOUND('',#298,.T.);
#140=FACE_OUTER_BOUND('',#299,.T.);
#141=FACE_OUTER_BOUND('',#300,.T.);
#142=FACE_OUTER_BOUND('',#301,.T.);
#143=FACE_OUTER_BOUND('',#302,.T.);
#144=FACE_OUTER_BOUND('',#303,.T.);
#145=FACE_OUTER_BOUND('',#304,.T.);
#146=FACE_OUTER_BOUND('',#305,.T.);
#147=FACE_OUTER_BOUND('',#306,.T.);
#148=FACE_OUTER_BOUND('',#307,.T.);
#149=FACE_OUTER_BOUND('',#308,.T.);
#150=FACE_OUTER_BOUND('',#309,.T.);
#151=FACE_OUTER_BOUND('',#310,.T.);
#152=FACE_OUTER_BOUND('',#311,.T.);
#153=FACE_OUTER_BOUND('',#312,.T.);
#154=FACE_OUTER_BOUND('',#313,.T.);
#155=FACE_OUTER_BOUND('',#314,.T.);
#156=FACE_OUTER_BOUND('',#315,.T.);
#157=FACE_OUTER_BOUND('',#316,.T.);
#158=FACE_OUTER_BOUND('',#317,.T.);
#159=FACE_OUTER_BOUND('',#318,.T.);
#160=FACE_OUTER_BOUND('',#319,.T.);
#161=FACE_OUTER_BOUND('',#320,.T.);
#162=FACE_OUTER_BOUND('',#321,.T.);
#163=FACE_OUTER_BOUND('',#322,.T.);
#164=FACE_OUTER_BOUND('',#323,.T.);
#165=FACE_OUTER_BOUND('',#324,.T.);
#166=FACE_OUTER_BOUND('',#325,.T.);
#167=FACE_OUTER_BOUND('',#326,.T.);
#168=FACE_OUTER_BOUND('',#327,.T.);
#169=FACE_OUTER_BOUND('',#328,.T.);
#170=FACE_OUTER_BOUND('',#329,.T.);
#171=FACE_OUTER_BOUND('',#330,.T.);
#172=FACE_OUTER_BOUND('',#331,.T.);
#173=FACE_OUTER_BOUND('',#332,.T.);
#174=FACE_OUTER_BOUND('',#333,.T.);
#175=FACE_OUTER_BOUND('',#334,.T.);
#176=FACE_OUTER_BOUND('',#335,.T.);
#177=FACE_OUTER_BOUND('',#336,.T.);
#178=FACE_OUTER_BOUND('',#337,.T.);
#179=FACE_OUTER_BOUND('',#338,.T.);
#180=FACE_OUTER_BOUND('',#339,.T.);
#181=FACE_OUTER_BOUND('',#340,.T.);
#182=FACE_OUTER_BOUND('',#341,.T.);
#183=FACE_OUTER_BOUND('',#342,.T.);
#184=FACE_OUTER_BOUND('',#343,.T.);
#185=FACE_OUTER_BOUND('',#344,.T.);
#186=FACE_OUTER_BOUND('',#345,.T.);
#187=FACE_OUTER_BOUND('',#346,.T.);
#188=FACE_OUTER_BOUND('',#347,.T.);
#189=FACE_OUTER_BOUND('',#348,.T.);
#190=FACE_OUTER_BOUND('',#349,.T.);
#191=FACE_OUTER_BOUND('',#350,.T.);
#192=FACE_OUTER_BOUND('',#351,.T.);
#193=FACE_OUTER_BOUND('',#352,.T.);
#194=FACE_OUTER_BOUND('',#353,.T.);
#195=FACE_OUTER_BOUND('',#354,.T.);
#196=FACE_OUTER_BOUND('',#355,.T.);
#197=FACE_OUTER_BOUND('',#356,.T.);
#198=FACE_OUTER_BOUND('',#357,.T.);
#199=FACE_OUTER_BOUND('',#358,.T.);
#200=FACE_OUTER_BOUND('',#359,.T.);
#201=FACE_OUTER_BOUND('',#360,.T.);
#202=FACE_OUTER_BOUND('',#361,.T.);
#203=FACE_OUTER_BOUND('',#362,.T.);
#204=FACE_OUTER_BOUND('',#363,.T.);
#205=FACE_OUTER_BOUND('',#364,.T.);
#206=FACE_OUTER_BOUND('',#365,.T.);
#207=FACE_OUTER_BOUND('',#366,.T.);
#208=FACE_OUTER_BOUND('',#367,.T.);
#209=FACE_OUTER_BOUND('',#368,.T.);
#210=FACE_OUTER_BOUND('',#369,.T.);
#211=FACE_OUTER_BOUND('',#376,.T.);
#212=FACE_OUTER_BOUND('',#377,.T.);
#213=FACE_OUTER_BOUND('',#378,.T.);
#214=FACE_OUTER_BOUND('',#379,.T.);
#215=FACE_OUTER_BOUND('',#380,.T.);
#216=FACE_OUTER_BOUND('',#381,.T.);
#217=FACE_OUTER_BOUND('',#382,.T.);
#218=FACE_OUTER_BOUND('',#383,.T.);
#219=FACE_OUTER_BOUND('',#384,.T.);
#220=FACE_OUTER_BOUND('',#385,.T.);
#221=FACE_OUTER_BOUND('',#386,.T.);
#222=FACE_OUTER_BOUND('',#387,.T.);
#223=FACE_OUTER_BOUND('',#388,.T.);
#224=FACE_OUTER_BOUND('',#389,.T.);
#225=FACE_OUTER_BOUND('',#390,.T.);
#226=FACE_OUTER_BOUND('',#391,.T.);
#227=FACE_OUTER_BOUND('',#392,.T.);
#228=FACE_OUTER_BOUND('',#393,.T.);
#229=FACE_OUTER_BOUND('',#394,.T.);
#230=FACE_OUTER_BOUND('',#397,.T.);
#231=FACE_OUTER_BOUND('',#400,.T.);
#232=FACE_OUTER_BOUND('',#401,.T.);
#233=FACE_OUTER_BOUND('',#402,.T.);
#234=FACE_OUTER_BOUND('',#403,.T.);
#235=FACE_OUTER_BOUND('',#404,.T.);
#236=FACE_OUTER_BOUND('',#405,.T.);
#237=FACE_OUTER_BOUND('',#406,.T.);
#238=FACE_OUTER_BOUND('',#407,.T.);
#239=FACE_OUTER_BOUND('',#408,.T.);
#240=FACE_OUTER_BOUND('',#409,.T.);
#241=FACE_OUTER_BOUND('',#410,.T.);
#242=FACE_OUTER_BOUND('',#411,.T.);
#243=FACE_OUTER_BOUND('',#412,.T.);
#244=FACE_OUTER_BOUND('',#415,.T.);
#245=FACE_OUTER_BOUND('',#416,.T.);
#246=FACE_OUTER_BOUND('',#417,.T.);
#247=FACE_OUTER_BOUND('',#418,.T.);
#248=FACE_OUTER_BOUND('',#419,.T.);
#249=FACE_OUTER_BOUND('',#420,.T.);
#250=FACE_OUTER_BOUND('',#421,.T.);
#251=FACE_OUTER_BOUND('',#422,.T.);
#252=FACE_OUTER_BOUND('',#423,.T.);
#253=FACE_OUTER_BOUND('',#424,.T.);
#254=FACE_OUTER_BOUND('',#425,.T.);
#255=FACE_OUTER_BOUND('',#426,.T.);
#256=FACE_OUTER_BOUND('',#427,.T.);
#257=FACE_OUTER_BOUND('',#428,.T.);
#258=FACE_OUTER_BOUND('',#429,.T.);
#259=FACE_OUTER_BOUND('',#430,.T.);
#260=FACE_OUTER_BOUND('',#431,.T.);
#261=FACE_OUTER_BOUND('',#432,.T.);
#262=FACE_OUTER_BOUND('',#433,.T.);
#263=FACE_OUTER_BOUND('',#434,.T.);
#264=FACE_OUTER_BOUND('',#435,.T.);
#265=FACE_OUTER_BOUND('',#436,.T.);
#266=FACE_OUTER_BOUND('',#439,.T.);
#267=FACE_OUTER_BOUND('',#440,.T.);
#268=FACE_OUTER_BOUND('',#441,.T.);
#269=FACE_OUTER_BOUND('',#443,.T.);
#270=FACE_OUTER_BOUND('',#444,.T.);
#271=FACE_OUTER_BOUND('',#445,.T.);
#272=FACE_OUTER_BOUND('',#446,.T.);
#273=EDGE_LOOP('',(#1877,#1878,#1879,#1880,#1881));
#274=EDGE_LOOP('',(#1882,#1883,#1884,#1885));
#275=EDGE_LOOP('',(#1886,#1887,#1888,#1889));
#276=EDGE_LOOP('',(#1890,#1891,#1892,#1893));
#277=EDGE_LOOP('',(#1894,#1895,#1896,#1897));
#278=EDGE_LOOP('',(#1898,#1899,#1900,#1901));
#279=EDGE_LOOP('',(#1902,#1903,#1904,#1905));
#280=EDGE_LOOP('',(#1906,#1907,#1908,#1909));
#281=EDGE_LOOP('',(#1910,#1911,#1912,#1913));
#282=EDGE_LOOP('',(#1914,#1915,#1916,#1917));
#283=EDGE_LOOP('',(#1918,#1919,#1920,#1921));
#284=EDGE_LOOP('',(#1922,#1923,#1924,#1925,#1926));
#285=EDGE_LOOP('',(#1927,#1928,#1929,#1930,#1931));
#286=EDGE_LOOP('',(#1932,#1933,#1934,#1935));
#287=EDGE_LOOP('',(#1936,#1937,#1938,#1939));
#288=EDGE_LOOP('',(#1940,#1941,#1942,#1943));
#289=EDGE_LOOP('',(#1944,#1945,#1946,#1947));
#290=EDGE_LOOP('',(#1948,#1949,#1950,#1951));
#291=EDGE_LOOP('',(#1952,#1953,#1954,#1955));
#292=EDGE_LOOP('',(#1956,#1957,#1958,#1959));
#293=EDGE_LOOP('',(#1960,#1961,#1962,#1963));
#294=EDGE_LOOP('',(#1964,#1965,#1966,#1967));
#295=EDGE_LOOP('',(#1968,#1969,#1970,#1971));
#296=EDGE_LOOP('',(#1972,#1973,#1974,#1975,#1976));
#297=EDGE_LOOP('',(#1977,#1978,#1979,#1980));
#298=EDGE_LOOP('',(#1981,#1982,#1983,#1984));
#299=EDGE_LOOP('',(#1985,#1986,#1987,#1988));
#300=EDGE_LOOP('',(#1989,#1990,#1991,#1992));
#301=EDGE_LOOP('',(#1993,#1994,#1995,#1996));
#302=EDGE_LOOP('',(#1997,#1998,#1999,#2000));
#303=EDGE_LOOP('',(#2001,#2002,#2003,#2004));
#304=EDGE_LOOP('',(#2005,#2006,#2007,#2008));
#305=EDGE_LOOP('',(#2009,#2010,#2011,#2012));
#306=EDGE_LOOP('',(#2013,#2014,#2015,#2016));
#307=EDGE_LOOP('',(#2017,#2018,#2019,#2020));
#308=EDGE_LOOP('',(#2021,#2022,#2023,#2024,#2025));
#309=EDGE_LOOP('',(#2026,#2027,#2028,#2029));
#310=EDGE_LOOP('',(#2030,#2031,#2032,#2033));
#311=EDGE_LOOP('',(#2034,#2035,#2036,#2037));
#312=EDGE_LOOP('',(#2038,#2039,#2040,#2041));
#313=EDGE_LOOP('',(#2042,#2043,#2044,#2045));
#314=EDGE_LOOP('',(#2046,#2047,#2048,#2049));
#315=EDGE_LOOP('',(#2050,#2051,#2052,#2053));
#316=EDGE_LOOP('',(#2054,#2055,#2056,#2057));
#317=EDGE_LOOP('',(#2058,#2059,#2060,#2061));
#318=EDGE_LOOP('',(#2062,#2063,#2064,#2065));
#319=EDGE_LOOP('',(#2066,#2067,#2068,#2069));
#320=EDGE_LOOP('',(#2070,#2071,#2072,#2073,#2074));
#321=EDGE_LOOP('',(#2075,#2076,#2077,#2078));
#322=EDGE_LOOP('',(#2079,#2080,#2081,#2082));
#323=EDGE_LOOP('',(#2083,#2084,#2085,#2086));
#324=EDGE_LOOP('',(#2087,#2088,#2089,#2090));
#325=EDGE_LOOP('',(#2091,#2092,#2093,#2094));
#326=EDGE_LOOP('',(#2095,#2096,#2097,#2098));
#327=EDGE_LOOP('',(#2099,#2100,#2101,#2102));
#328=EDGE_LOOP('',(#2103,#2104,#2105,#2106));
#329=EDGE_LOOP('',(#2107,#2108,#2109,#2110));
#330=EDGE_LOOP('',(#2111,#2112,#2113,#2114));
#331=EDGE_LOOP('',(#2115,#2116,#2117,#2118));
#332=EDGE_LOOP('',(#2119,#2120,#2121,#2122,#2123));
#333=EDGE_LOOP('',(#2124,#2125,#2126,#2127));
#334=EDGE_LOOP('',(#2128,#2129,#2130,#2131));
#335=EDGE_LOOP('',(#2132,#2133,#2134,#2135));
#336=EDGE_LOOP('',(#2136,#2137,#2138,#2139));
#337=EDGE_LOOP('',(#2140,#2141,#2142,#2143));
#338=EDGE_LOOP('',(#2144,#2145,#2146,#2147));
#339=EDGE_LOOP('',(#2148,#2149,#2150,#2151));
#340=EDGE_LOOP('',(#2152,#2153,#2154,#2155));
#341=EDGE_LOOP('',(#2156,#2157,#2158,#2159));
#342=EDGE_LOOP('',(#2160,#2161,#2162,#2163));
#343=EDGE_LOOP('',(#2164,#2165,#2166,#2167));
#344=EDGE_LOOP('',(#2168,#2169,#2170,#2171,#2172));
#345=EDGE_LOOP('',(#2173,#2174,#2175,#2176,#2177));
#346=EDGE_LOOP('',(#2178,#2179,#2180,#2181));
#347=EDGE_LOOP('',(#2182,#2183,#2184,#2185));
#348=EDGE_LOOP('',(#2186,#2187,#2188,#2189));
#349=EDGE_LOOP('',(#2190,#2191,#2192,#2193));
#350=EDGE_LOOP('',(#2194,#2195,#2196,#2197));
#351=EDGE_LOOP('',(#2198,#2199,#2200,#2201));
#352=EDGE_LOOP('',(#2202,#2203,#2204,#2205));
#353=EDGE_LOOP('',(#2206,#2207,#2208,#2209));
#354=EDGE_LOOP('',(#2210,#2211,#2212,#2213));
#355=EDGE_LOOP('',(#2214,#2215,#2216,#2217));
#356=EDGE_LOOP('',(#2218,#2219,#2220,#2221,#2222));
#357=EDGE_LOOP('',(#2223,#2224,#2225,#2226,#2227));
#358=EDGE_LOOP('',(#2228,#2229,#2230,#2231));
#359=EDGE_LOOP('',(#2232,#2233,#2234,#2235));
#360=EDGE_LOOP('',(#2236,#2237,#2238,#2239));
#361=EDGE_LOOP('',(#2240,#2241,#2242,#2243));
#362=EDGE_LOOP('',(#2244,#2245,#2246,#2247));
#363=EDGE_LOOP('',(#2248,#2249,#2250,#2251));
#364=EDGE_LOOP('',(#2252,#2253,#2254,#2255));
#365=EDGE_LOOP('',(#2256,#2257,#2258,#2259));
#366=EDGE_LOOP('',(#2260,#2261,#2262,#2263));
#367=EDGE_LOOP('',(#2264,#2265,#2266,#2267));
#368=EDGE_LOOP('',(#2268,#2269,#2270,#2271,#2272));
#369=EDGE_LOOP('',(#2273,#2274,#2275,#2276,#2277,#2278));
#370=EDGE_LOOP('',(#2279,#2280,#2281,#2282,#2283,#2284,#2285,#2286));
#371=EDGE_LOOP('',(#2287,#2288,#2289,#2290));
#372=EDGE_LOOP('',(#2291,#2292,#2293,#2294));
#373=EDGE_LOOP('',(#2295,#2296,#2297,#2298));
#374=EDGE_LOOP('',(#2299,#2300,#2301,#2302));
#375=EDGE_LOOP('',(#2303));
#376=EDGE_LOOP('',(#2304,#2305,#2306,#2307));
#377=EDGE_LOOP('',(#2308,#2309,#2310,#2311));
#378=EDGE_LOOP('',(#2312,#2313,#2314,#2315));
#379=EDGE_LOOP('',(#2316,#2317,#2318,#2319));
#380=EDGE_LOOP('',(#2320,#2321,#2322,#2323));
#381=EDGE_LOOP('',(#2324,#2325,#2326,#2327));
#382=EDGE_LOOP('',(#2328,#2329,#2330,#2331));
#383=EDGE_LOOP('',(#2332,#2333,#2334,#2335));
#384=EDGE_LOOP('',(#2336,#2337,#2338,#2339));
#385=EDGE_LOOP('',(#2340,#2341,#2342,#2343));
#386=EDGE_LOOP('',(#2344,#2345,#2346,#2347));
#387=EDGE_LOOP('',(#2348,#2349,#2350,#2351));
#388=EDGE_LOOP('',(#2352,#2353,#2354,#2355));
#389=EDGE_LOOP('',(#2356,#2357,#2358,#2359));
#390=EDGE_LOOP('',(#2360,#2361,#2362,#2363));
#391=EDGE_LOOP('',(#2364,#2365,#2366,#2367));
#392=EDGE_LOOP('',(#2368,#2369,#2370,#2371));
#393=EDGE_LOOP('',(#2372,#2373,#2374,#2375));
#394=EDGE_LOOP('',(#2376,#2377,#2378,#2379,#2380,#2381));
#395=EDGE_LOOP('',(#2382,#2383,#2384,#2385,#2386,#2387));
#396=EDGE_LOOP('',(#2388,#2389,#2390,#2391,#2392,#2393));
#397=EDGE_LOOP('',(#2394,#2395,#2396,#2397,#2398,#2399));
#398=EDGE_LOOP('',(#2400,#2401,#2402,#2403,#2404,#2405));
#399=EDGE_LOOP('',(#2406,#2407,#2408,#2409,#2410,#2411));
#400=EDGE_LOOP('',(#2412,#2413,#2414,#2415));
#401=EDGE_LOOP('',(#2416,#2417));
#402=EDGE_LOOP('',(#2418,#2419));
#403=EDGE_LOOP('',(#2420,#2421,#2422,#2423,#2424,#2425,#2426,#2427,#2428,
#2429,#2430,#2431,#2432,#2433,#2434,#2435,#2436,#2437,#2438,#2439,#2440,
#2441,#2442,#2443,#2444,#2445,#2446,#2447,#2448,#2449));
#404=EDGE_LOOP('',(#2450,#2451,#2452,#2453,#2454,#2455,#2456,#2457,#2458,
#2459,#2460,#2461,#2462,#2463,#2464,#2465,#2466,#2467,#2468,#2469,#2470,
#2471,#2472,#2473,#2474,#2475,#2476,#2477,#2478,#2479));
#405=EDGE_LOOP('',(#2480,#2481,#2482,#2483,#2484,#2485,#2486,#2487,#2488,
#2489,#2490,#2491,#2492,#2493,#2494,#2495,#2496,#2497,#2498,#2499,#2500,
#2501,#2502,#2503,#2504,#2505,#2506,#2507));
#406=EDGE_LOOP('',(#2508,#2509,#2510,#2511));
#407=EDGE_LOOP('',(#2512,#2513,#2514,#2515));
#408=EDGE_LOOP('',(#2516,#2517));
#409=EDGE_LOOP('',(#2518,#2519));
#410=EDGE_LOOP('',(#2520,#2521,#2522,#2523,#2524,#2525,#2526,#2527,#2528,
#2529,#2530,#2531,#2532,#2533,#2534,#2535,#2536,#2537,#2538,#2539,#2540,
#2541,#2542,#2543,#2544,#2545,#2546,#2547,#2548,#2549));
#411=EDGE_LOOP('',(#2550,#2551,#2552,#2553,#2554,#2555,#2556,#2557,#2558,
#2559,#2560,#2561,#2562,#2563,#2564,#2565,#2566,#2567,#2568,#2569,#2570,
#2571,#2572,#2573,#2574,#2575,#2576,#2577,#2578,#2579));
#412=EDGE_LOOP('',(#2580,#2581,#2582,#2583));
#413=EDGE_LOOP('',(#2584,#2585,#2586,#2587,#2588,#2589,#2590,#2591));
#414=EDGE_LOOP('',(#2592,#2593,#2594,#2595,#2596,#2597,#2598,#2599));
#415=EDGE_LOOP('',(#2600,#2601,#2602,#2603));
#416=EDGE_LOOP('',(#2604,#2605,#2606,#2607));
#417=EDGE_LOOP('',(#2608,#2609));
#418=EDGE_LOOP('',(#2610,#2611));
#419=EDGE_LOOP('',(#2612,#2613,#2614,#2615,#2616,#2617,#2618,#2619,#2620,
#2621,#2622,#2623,#2624,#2625,#2626,#2627,#2628,#2629,#2630,#2631,#2632,
#2633,#2634,#2635,#2636,#2637,#2638,#2639,#2640,#2641));
#420=EDGE_LOOP('',(#2642,#2643,#2644,#2645,#2646,#2647,#2648,#2649,#2650,
#2651,#2652,#2653,#2654,#2655,#2656,#2657,#2658,#2659,#2660,#2661,#2662,
#2663,#2664,#2665,#2666,#2667,#2668,#2669,#2670,#2671));
#421=EDGE_LOOP('',(#2672,#2673,#2674,#2675));
#422=EDGE_LOOP('',(#2676,#2677,#2678,#2679));
#423=EDGE_LOOP('',(#2680,#2681));
#424=EDGE_LOOP('',(#2682,#2683));
#425=EDGE_LOOP('',(#2684,#2685,#2686,#2687,#2688,#2689,#2690,#2691,#2692,
#2693,#2694,#2695,#2696,#2697,#2698,#2699,#2700,#2701,#2702,#2703,#2704,
#2705,#2706,#2707,#2708,#2709,#2710,#2711,#2712,#2713));
#426=EDGE_LOOP('',(#2714,#2715,#2716,#2717,#2718,#2719,#2720,#2721,#2722,
#2723,#2724,#2725,#2726,#2727,#2728,#2729,#2730,#2731,#2732,#2733,#2734,
#2735,#2736,#2737,#2738,#2739,#2740,#2741,#2742,#2743));
#427=EDGE_LOOP('',(#2744,#2745,#2746,#2747));
#428=EDGE_LOOP('',(#2748,#2749,#2750,#2751));
#429=EDGE_LOOP('',(#2752,#2753,#2754,#2755));
#430=EDGE_LOOP('',(#2756,#2757,#2758,#2759));
#431=EDGE_LOOP('',(#2760,#2761,#2762,#2763));
#432=EDGE_LOOP('',(#2764,#2765,#2766,#2767));
#433=EDGE_LOOP('',(#2768,#2769,#2770,#2771));
#434=EDGE_LOOP('',(#2772,#2773,#2774,#2775));
#435=EDGE_LOOP('',(#2776,#2777,#2778,#2779));
#436=EDGE_LOOP('',(#2780,#2781,#2782,#2783));
#437=EDGE_LOOP('',(#2784));
#438=EDGE_LOOP('',(#2785));
#439=EDGE_LOOP('',(#2786,#2787,#2788,#2789));
#440=EDGE_LOOP('',(#2790,#2791,#2792,#2793));
#441=EDGE_LOOP('',(#2794));
#442=EDGE_LOOP('',(#2795));
#443=EDGE_LOOP('',(#2796,#2797,#2798,#2799));
#444=EDGE_LOOP('',(#2800,#2801,#2802,#2803));
#445=EDGE_LOOP('',(#2804,#2805,#2806,#2807));
#446=EDGE_LOOP('',(#2808,#2809,#2810,#2811,#2812,#2813));
#447=EDGE_LOOP('',(#2814,#2815,#2816,#2817,#2818,#2819,#2820,#2821));
#448=EDGE_LOOP('',(#2822,#2823,#2824,#2825));
#449=EDGE_LOOP('',(#2826,#2827,#2828,#2829));
#450=EDGE_LOOP('',(#2830,#2831,#2832,#2833));
#451=EDGE_LOOP('',(#2834,#2835,#2836,#2837));
#452=EDGE_LOOP('',(#2838));
#453=EDGE_LOOP('',(#2839));
#454=EDGE_LOOP('',(#2840));
#455=B_SPLINE_CURVE_WITH_KNOTS('',3,(#3892,#3893,#3894,#3895),
 .UNSPECIFIED.,.F.,.F.,(4,4),(76.7077868271326,77.644787300663),
 .UNSPECIFIED.);
#456=B_SPLINE_CURVE_WITH_KNOTS('',3,(#3897,#3898,#3899,#3900,#3901,#3902),
 .UNSPECIFIED.,.F.,.F.,(4,2,4),(0.19061787181834,0.238272304874037,0.267164743921447),
 .UNSPECIFIED.);
#457=B_SPLINE_CURVE_WITH_KNOTS('',3,(#3904,#3905,#3906,#3907,#3908,#3909,
#3910,#3911,#3912,#3913),.UNSPECIFIED.,.F.,.F.,(4,2,2,2,4),(0.00862915786785108,
0.0476545028534737,0.0953090057069474,0.142963438762644,0.19061787181834),
 .UNSPECIFIED.);
#458=B_SPLINE_CURVE_WITH_KNOTS('',3,(#3914,#3915,#3916,#3917,#3918,#3919,
#3920,#3921,#3922,#3923,#3924,#3925,#3926),.UNSPECIFIED.,.F.,.F.,(4,3,3,
3,4),(-76.0402232825176,-75.4879673659895,-74.5003570483422,-73.5127467306949,
-72.9676403833454),.UNSPECIFIED.);
#459=B_SPLINE_CURVE_WITH_KNOTS('',3,(#3931,#3932,#3933,#3934,#3935,#3936,
#3937,#3938,#3939,#3940,#3941,#3942,#3943,#3944,#3945,#3946,#3947,#3948,
#3949,#3950,#3951,#3952,#3953,#3954,#3955),.UNSPECIFIED.,.F.,.F.,(4,3,3,
3,3,3,3,3,4),(70.4246015199529,70.6834593200032,71.6779347458117,72.6724101716203,
73.6668855974288,74.6613610232374,75.6558364490459,76.6503118748545,76.7077868271326),
 .UNSPECIFIED.);
#460=B_SPLINE_CURVE_WITH_KNOTS('',3,(#3956,#3957,#3958,#3959,#3960,#3961,
#3962,#3963,#3964,#3965,#3966,#3967,#3968,#3969,#3970,#3971,#3972,#3973,
#3974,#3975,#3976,#3977),.UNSPECIFIED.,.F.,.F.,(4,3,3,3,3,3,3,4),(-72.9676403833454,
-72.5251364130476,-71.5375260954003,-70.549915777753,-69.5623054601057,
-68.5746951424585,-67.5870848248112,-66.6844550761658),.UNSPECIFIED.);
#461=B_SPLINE_CURVE_WITH_KNOTS('',3,(#3982,#3983,#3984,#3985,#3986,#3987,
#3988,#3989,#3990,#3991,#3992,#3993,#3994,#3995,#3996,#3997,#3998,#3999,
#4000,#4001,#4002,#4003),.UNSPECIFIED.,.F.,.F.,(4,3,3,3,3,3,3,4),(64.1414162127733,
64.7166067651519,65.7110821909605,66.705557616769,67.7000330425775,68.6945084683861,
69.6889838941946,70.4246015199529),.UNSPECIFIED.);
#462=B_SPLINE_CURVE_WITH_KNOTS('',3,(#4004,#4005,#4006,#4007,#4008,#4009,
#4010,#4011,#4012,#4013,#4014,#4015,#4016,#4017,#4018,#4019,#4020,#4021,
#4022,#4023,#4024,#4025,#4026,#4027,#4028),.UNSPECIFIED.,.F.,.F.,(4,3,3,
3,3,3,3,3,4),(-66.6844550761658,-66.5994745071639,-65.6118641895166,-64.6242538718693,
-63.636643554222,-62.6490332365747,-61.6614229189274,-60.6738126012802,
-60.4012697689862),.UNSPECIFIED.);
#463=B_SPLINE_CURVE_WITH_KNOTS('',3,(#4033,#4034,#4035,#4036,#4037,#4038,
#4039,#4040,#4041,#4042,#4043,#4044,#4045,#4046,#4047,#4048,#4049,#4050,
#4051,#4052,#4053,#4054),.UNSPECIFIED.,.F.,.F.,(4,3,3,3,3,3,3,4),(57.8582309055938,
58.7497542103006,59.7442296361092,60.7387050619177,61.7331804877263,62.7276559135348,
63.7221313393434,64.1414162127733),.UNSPECIFIED.);
#464=B_SPLINE_CURVE_WITH_KNOTS('',3,(#4055,#4056,#4057,#4058,#4059,#4060,
#4061,#4062,#4063,#4064,#4065,#4066,#4067,#4068,#4069,#4070,#4071,#4072,
#4073,#4074,#4075,#4076),.UNSPECIFIED.,.F.,.F.,(4,3,3,3,3,3,3,4),(-60.4012697689862,
-59.6862022836329,-58.6985919659856,-57.7109816483383,-56.723371330691,
-55.7357610130437,-54.7481506953964,-54.1180844618066),.UNSPECIFIED.);
#465=B_SPLINE_CURVE_WITH_KNOTS('',3,(#4081,#4082,#4083,#4084,#4085,#4086,
#4087,#4088,#4089,#4090,#4091,#4092,#4093,#4094,#4095,#4096,#4097,#4098,
#4099,#4100,#4101,#4102,#4103,#4104,#4105),.UNSPECIFIED.,.F.,.F.,(4,3,3,
3,3,3,3,3,4),(51.5750455984141,51.7884262296408,52.7829016554493,53.7773770812579,
54.7718525070664,55.766327932875,56.7608033586835,57.7552787844921,57.8582309055938),
 .UNSPECIFIED.);
#466=B_SPLINE_CURVE_WITH_KNOTS('',3,(#4106,#4107,#4108,#4109,#4110,#4111,
#4112,#4113,#4114,#4115,#4116,#4117,#4118,#4119,#4120,#4121,#4122,#4123,
#4124,#4125,#4126,#4127),.UNSPECIFIED.,.F.,.F.,(4,3,3,3,3,3,3,4),(-54.1180844618066,
-53.7605403777491,-52.7729300601018,-51.7853197424545,-50.7977094248072,
-49.8100991071599,-48.8224887895126,-47.834899154627),.UNSPECIFIED.);
#467=B_SPLINE_CURVE_WITH_KNOTS('',3,(#4132,#4133,#4134,#4135,#4136,#4137,
#4138,#4139,#4140,#4141,#4142,#4143,#4144,#4145,#4146,#4147,#4148,#4149,
#4150,#4151,#4152,#4153),.UNSPECIFIED.,.F.,.F.,(4,3,3,3,3,3,3,4),(45.2918602912345,
45.8215736747895,46.8160491005981,47.8105245264066,48.8049999522151,49.7994753780237,
50.7939508038322,51.5750455984141),.UNSPECIFIED.);
#468=B_SPLINE_CURVE_WITH_KNOTS('',3,(#4154,#4155,#4156,#4157,#4158,#4159,
#4160,#4161,#4162,#4163,#4164,#4165,#4166,#4167,#4168,#4169,#4170,#4171,
#4172,#4173,#4174,#4175),.UNSPECIFIED.,.F.,.F.,(4,3,3,3,3,3,3,4),(-47.834899154627,
-46.8472681542181,-45.8596578365708,-44.8720475189235,-43.8844372012762,
-42.8968268836289,-41.9092165659816,-41.5517138474474),.UNSPECIFIED.);
#469=B_SPLINE_CURVE_WITH_KNOTS('',3,(#4180,#4181,#4182,#4183,#4184,#4185,
#4186,#4187,#4188,#4189,#4190,#4191,#4192,#4193,#4194,#4195,#4196,#4197,
#4198,#4199,#4200,#4201),.UNSPECIFIED.,.F.,.F.,(4,3,3,3,3,3,3,4),(39.008674984055,
39.8547211199382,40.8491965457468,41.8436719715553,42.8381473973639,43.8326228231724,
44.827098248981,45.2918602912345),.UNSPECIFIED.);
#470=B_SPLINE_CURVE_WITH_KNOTS('',3,(#4202,#4203,#4204,#4205,#4206,#4207,
#4208,#4209,#4210,#4211,#4212,#4213,#4214,#4215,#4216,#4217,#4218,#4219,
#4220,#4221,#4222,#4223),.UNSPECIFIED.,.F.,.F.,(4,3,3,3,3,3,3,4),(-41.5517138474474,
-40.9216062483343,-39.933995930687,-38.9463856130397,-37.9587752953925,
-36.9711649777452,-35.9835546600979,-35.2685285402678),.UNSPECIFIED.);
#471=B_SPLINE_CURVE_WITH_KNOTS('',3,(#4228,#4229,#4230,#4231,#4232,#4233,
#4234,#4235,#4236,#4237,#4238,#4239,#4240,#4241,#4242,#4243,#4244,#4245,
#4246,#4247,#4248,#4249,#4250,#4251,#4252),.UNSPECIFIED.,.F.,.F.,(4,3,3,
3,3,3,3,3,4),(32.7254896768754,32.8933931392784,33.8878685650869,34.8823439908955,
35.876819416704,36.8712948425126,37.8657702683211,38.8602456941297,39.008674984055),
 .UNSPECIFIED.);
#472=B_SPLINE_CURVE_WITH_KNOTS('',3,(#4253,#4254,#4255,#4256,#4257,#4258,
#4259,#4260,#4261,#4262,#4263,#4264,#4265,#4266,#4267,#4268,#4269,#4270,
#4271,#4272,#4273,#4274,#4275,#4276,#4277),.UNSPECIFIED.,.F.,.F.,(4,3,3,
3,3,3,3,3,4),(-35.2685285402678,-34.9959443424506,-34.0083340248033,-33.020723707156,
-32.0331133895087,-31.0455030718614,-30.0578927542141,-29.0702824365669,
-28.9853432330882),.UNSPECIFIED.);
#473=B_SPLINE_CURVE_WITH_KNOTS('',3,(#4282,#4283,#4284,#4285,#4286,#4287,
#4288,#4289,#4290,#4291,#4292,#4293,#4294,#4295,#4296,#4297,#4298,#4299,
#4300,#4301,#4302,#4303),.UNSPECIFIED.,.F.,.F.,(4,3,3,3,3,3,3,4),(26.4423043696957,
26.9265405844271,27.9210160102357,28.9154914360442,29.9099668618528,30.9044422876613,
31.8989177134699,32.7254896768754),.UNSPECIFIED.);
#474=B_SPLINE_CURVE_WITH_KNOTS('',3,(#4304,#4305,#4306,#4307,#4308,#4309,
#4310,#4311,#4312,#4313,#4314,#4315,#4316,#4317,#4318,#4319,#4320,#4321,
#4322,#4323,#4324,#4325),.UNSPECIFIED.,.F.,.F.,(4,3,3,3,3,3,3,4),(-28.9853432330882,
-28.0826721189196,-27.0950618012723,-26.107451483625,-25.1198411659777,
-24.1322308483304,-23.1446205306831,-22.7021579259086),.UNSPECIFIED.);
#475=B_SPLINE_CURVE_WITH_KNOTS('',3,(#4330,#4331,#4332,#4333,#4334,#4335,
#4336,#4337,#4338,#4339,#4340,#4341,#4342,#4343,#4344,#4345,#4346,#4347,
#4348,#4349,#4350,#4351),.UNSPECIFIED.,.F.,.F.,(4,3,3,3,3,3,3,4),(20.1591190625162,
20.9596880295758,21.9541634553844,22.9486388811929,23.9431143070015,24.93758973281,
25.9320651586186,26.4423043696957),.UNSPECIFIED.);
#476=B_SPLINE_CURVE_WITH_KNOTS('',3,(#4352,#4353,#4354,#4355,#4356,#4357,
#4358,#4359,#4360,#4361,#4362,#4363,#4364,#4365,#4366,#4367,#4368,#4369,
#4370,#4371,#4372,#4373),.UNSPECIFIED.,.F.,.F.,(4,3,3,3,3,3,3,4),(-22.7021579259086,
-22.1570102130358,-21.1693998953885,-20.1817895777412,-19.1941792600939,
-18.2065689424466,-17.2189586247994,-16.4189726187291),.UNSPECIFIED.);
#477=B_SPLINE_CURVE_WITH_KNOTS('',3,(#4378,#4379,#4380,#4381,#4382,#4383,
#4384,#4385,#4386,#4387,#4388,#4389,#4390,#4391,#4392,#4393,#4394,#4395,
#4396,#4397,#4398,#4399,#4400,#4401,#4402),.UNSPECIFIED.,.F.,.F.,(4,3,3,
3,3,3,3,3,4),(13.8759337553366,13.998360048916,14.9928354747246,15.9873109005331,
16.9817863263416,17.9762617521502,18.9707371779587,19.9652126037673,20.1591190625162),
 .UNSPECIFIED.);
#478=B_SPLINE_CURVE_WITH_KNOTS('',3,(#4403,#4404,#4405,#4406,#4407,#4408,
#4409,#4410,#4411,#4412,#4413,#4414,#4415,#4416,#4417,#4418,#4419,#4420,
#4421,#4422,#4423,#4424,#4425,#4426,#4427),.UNSPECIFIED.,.F.,.F.,(4,3,3,
3,3,3,3,3,4),(-16.4189726187291,-16.2313483071521,-15.2437379895048,-14.2561276718575,
-13.2685173542102,-12.2809070365629,-11.2932967189156,-10.3056864012683,
-10.1357873115495),.UNSPECIFIED.);
#479=B_SPLINE_CURVE_WITH_KNOTS('',3,(#4433,#4434,#4435,#4436,#4437,#4438,
#4439,#4440,#4441,#4442,#4443,#4444,#4445),.UNSPECIFIED.,.F.,.F.,(4,3,3,
3,4),(-3.85260200436983,-3.3924141777373,-2.40480386009001,-1.41719354244271,
-0.429583224795642),.UNSPECIFIED.);
#480=B_SPLINE_CURVE_WITH_KNOTS('',3,(#4447,#4448,#4449,#4450,#4451,#4452,
#4453,#4454,#4455,#4456),.UNSPECIFIED.,.F.,.F.,(4,2,2,2,4),(0.571724608999747,
0.619368316951436,0.667012024903125,0.714655751784727,0.727928644101457),
 .UNSPECIFIED.);
#481=B_SPLINE_CURVE_WITH_KNOTS('',3,(#4458,#4459,#4460,#4461,#4462,#4463),
 .UNSPECIFIED.,.F.,.F.,(4,2,4),(0.489904860082449,0.524080901048059,0.571724608999747),
 .UNSPECIFIED.);
#482=B_SPLINE_CURVE_WITH_KNOTS('',3,(#4464,#4465,#4466,#4467,#4468,#4469,
#4470,#4471,#4472,#4473,#4474,#4475,#4476,#4477,#4478,#4479,#4480,#4481,
#4482),.UNSPECIFIED.,.F.,.F.,(4,3,3,3,3,3,4),(2.20322869976823,3.05913036502199,
4.05360579083053,5.04808121663909,6.04255664244764,7.03703206825618,7.59274844815703),
 .UNSPECIFIED.);
#483=B_SPLINE_CURVE_WITH_KNOTS('',3,(#4488,#4489,#4490,#4491,#4492,#4493,
#4494,#4495),.UNSPECIFIED.,.F.,.F.,(4,1,1,1,1,4),(84.8230016469244,85.3681079942739,
86.3557183119212,87.3433286295685,88.3309389472158,89.3185492648631),
 .UNSPECIFIED.);
#484=B_SPLINE_CURVE_WITH_KNOTS('',3,(#4497,#4498,#4499,#4500),
 .UNSPECIFIED.,.F.,.F.,(4,4),(0.697963008015321,0.730463310854126),
 .UNSPECIFIED.);
#485=B_SPLINE_CURVE_WITH_KNOTS('',3,(#4502,#4503,#4504,#4505,#4506,#4507),
 .UNSPECIFIED.,.F.,.F.,(4,2,4),(0.635468936619013,0.639799518737461,0.697963008015321),
 .UNSPECIFIED.);
#486=B_SPLINE_CURVE_WITH_KNOTS('',3,(#4508,#4509,#4510,#4511,#4512,#4513,
#4514,#4515,#4516),.UNSPECIFIED.,.F.,.F.,(4,1,1,1,1,1,4),(84.8230016469244,
85.0818594469746,86.0763348727832,87.0708102985917,88.0652857244003,89.0597611502088,
89.9579923770589),.UNSPECIFIED.);
#487=B_SPLINE_CURVE_WITH_KNOTS('',3,(#4521,#4522,#4523,#4524,#4525,#4526,
#4527,#4528,#4529,#4530),.UNSPECIFIED.,.F.,.F.,(4,1,1,1,1,1,1,4),(78.5398163397448,
79.4424460883902,80.4300564060375,81.4176667236848,82.4052770413321,83.3928873589793,
84.3804976766266,84.8230016469244),.UNSPECIFIED.);
#488=B_SPLINE_CURVE_WITH_KNOTS('',3,(#4531,#4532,#4533,#4534,#4535,#4536,
#4537,#4538,#4539,#4540),.UNSPECIFIED.,.F.,.F.,(4,1,1,1,1,1,1,4),(78.5398163397448,
79.1150068921234,80.1094823179319,81.1039577437405,82.098433169549,83.0929085953576,
84.0873840211661,84.8230016469244),.UNSPECIFIED.);
#489=B_SPLINE_CURVE_WITH_KNOTS('',3,(#4545,#4546,#4547,#4548,#4549,#4550,
#4551,#4552,#4553,#4554,#4555),.UNSPECIFIED.,.F.,.F.,(4,1,1,1,1,1,1,1,4),
(72.2566310325653,72.5291738648591,73.5167841825064,74.5043945001537,75.492004817801,
76.4796151354483,77.4672254530956,78.4548357707429,78.5398163397448),
 .UNSPECIFIED.);
#490=B_SPLINE_CURVE_WITH_KNOTS('',3,(#4556,#4557,#4558,#4559,#4560,#4561,
#4562,#4563,#4564,#4565),.UNSPECIFIED.,.F.,.F.,(4,1,1,1,1,1,1,4),(72.2566310325653,
73.1481543372721,74.1426297630806,75.1371051888892,76.1315806146977,77.1260560405063,
78.1205314663148,78.5398163397448),.UNSPECIFIED.);
#491=B_SPLINE_CURVE_WITH_KNOTS('',3,(#4570,#4571,#4572,#4573,#4574,#4575,
#4576,#4577,#4578,#4579),.UNSPECIFIED.,.F.,.F.,(4,1,1,1,1,1,1,4),(65.9734457253856,
66.6035119589754,67.5911222766227,68.57873259427,69.5663429119173,70.5539532295646,
71.5415635472119,72.2566310325653),.UNSPECIFIED.);
#492=B_SPLINE_CURVE_WITH_KNOTS('',3,(#4580,#4581,#4582,#4583,#4584,#4585,
#4586,#4587,#4588,#4589,#4590),.UNSPECIFIED.,.F.,.F.,(4,1,1,1,1,1,1,1,4),
(65.9734457253857,66.1868263566123,67.1813017824208,68.1757772082293,69.1702526340379,
70.1647280598464,71.159203485655,72.1536789114635,72.2566310325653),
 .UNSPECIFIED.);
#493=B_SPLINE_CURVE_WITH_KNOTS('',3,(#4595,#4596,#4597,#4598,#4599,#4600,
#4601,#4602,#4603,#4604),.UNSPECIFIED.,.F.,.F.,(4,1,1,1,1,1,1,4),(59.690260418206,
60.6778500530917,61.665460370739,62.6530706883862,63.6406810060335,64.6282913236808,
65.6159016413281,65.9734457253856),.UNSPECIFIED.);
#494=B_SPLINE_CURVE_WITH_KNOTS('',3,(#4605,#4606,#4607,#4608,#4609,#4610,
#4611,#4612,#4613,#4614),.UNSPECIFIED.,.F.,.F.,(4,1,1,1,1,1,1,4),(59.690260418206,
60.219973801761,61.2144492275695,62.2089246533781,63.2034000791866,64.1978755049952,
65.1923509308037,65.9734457253857),.UNSPECIFIED.);
#495=B_SPLINE_CURVE_WITH_KNOTS('',3,(#4619,#4620,#4621,#4622,#4623,#4624,
#4625,#4626,#4627,#4628,#4629),.UNSPECIFIED.,.F.,.F.,(4,1,1,1,1,1,1,1,4),
(53.4070751110265,53.7645778295606,54.7521881472079,55.7397984648552,56.7274087825025,
57.7150191001498,58.7026294177971,59.6902397354444,59.690260418206),
 .UNSPECIFIED.);
#496=B_SPLINE_CURVE_WITH_KNOTS('',3,(#4630,#4631,#4632,#4633,#4634,#4635,
#4636,#4637,#4638,#4639),.UNSPECIFIED.,.F.,.F.,(4,1,1,1,1,1,1,4),(53.4070751110265,
54.2531212469097,55.2475966727182,56.2420720985268,57.2365475243353,58.2310229501439,
59.2254983759524,59.690260418206),.UNSPECIFIED.);
#497=B_SPLINE_CURVE_WITH_KNOTS('',3,(#4644,#4645,#4646,#4647,#4648,#4649,
#4650,#4651,#4652,#4653),.UNSPECIFIED.,.F.,.F.,(4,1,1,1,1,1,1,4),(47.1238898038468,
47.8389159236769,48.8265262413242,49.8141365589715,50.8017468766188,51.789357194266,
52.7769675119133,53.4070751110265),.UNSPECIFIED.);
#498=B_SPLINE_CURVE_WITH_KNOTS('',3,(#4654,#4655,#4656,#4657,#4658,#4659,
#4660,#4661,#4662,#4663,#4664),.UNSPECIFIED.,.F.,.F.,(4,1,1,1,1,1,1,1,4),
(47.1238898038469,47.2917932662499,48.2862686920584,49.280744117867,50.2752195436755,
51.269694969484,52.2641703952926,53.2586458211011,53.4070751110265),
 .UNSPECIFIED.);
#499=B_SPLINE_CURVE_WITH_KNOTS('',3,(#4669,#4670,#4671,#4672,#4673,#4674,
#4675,#4676,#4677,#4678,#4679),.UNSPECIFIED.,.F.,.F.,(4,1,1,1,1,1,1,1,4),
(40.8407044966672,40.9256437001459,41.9132540177931,42.9008643354404,43.8884746530877,
44.876084970735,45.8636952883823,46.8513056060296,47.1238898038468),
 .UNSPECIFIED.);
#500=B_SPLINE_CURVE_WITH_KNOTS('',3,(#4680,#4681,#4682,#4683,#4684,#4685,
#4686,#4687,#4688,#4689),.UNSPECIFIED.,.F.,.F.,(4,1,1,1,1,1,1,4),(40.8407044966673,
41.3249407113986,42.3194161372071,43.3138915630157,44.3083669888242,45.3028424146328,
46.2973178404413,47.1238898038469),.UNSPECIFIED.);
#501=B_SPLINE_CURVE_WITH_KNOTS('',3,(#4694,#4695,#4696,#4697,#4698,#4699,
#4700,#4701,#4702,#4703),.UNSPECIFIED.,.F.,.F.,(4,1,1,1,1,1,1,4),(34.5575191894877,
34.9999817942621,35.9875921119094,36.9752024295567,37.962812747204,38.9504230648513,
39.9380333824986,40.8407044966672),.UNSPECIFIED.);
#502=B_SPLINE_CURVE_WITH_KNOTS('',3,(#4704,#4705,#4706,#4707,#4708,#4709,
#4710,#4711,#4712,#4713),.UNSPECIFIED.,.F.,.F.,(4,1,1,1,1,1,1,4),(34.5575191894877,
35.3580881565473,36.3525635823558,37.3470390081644,38.3415144339729,39.3359898597815,
40.33046528559,40.8407044966673),.UNSPECIFIED.);
#503=B_SPLINE_CURVE_WITH_KNOTS('',3,(#4718,#4719,#4720,#4721,#4722,#4723,
#4724,#4725,#4726,#4727),.UNSPECIFIED.,.F.,.F.,(4,1,1,1,1,1,1,4),(28.2743338823081,
29.0743198883784,30.0619302060257,31.0495405236729,32.0371508413202,33.0247611589675,
34.0123714766148,34.5575191894877),.UNSPECIFIED.);
#504=B_SPLINE_CURVE_WITH_KNOTS('',3,(#4728,#4729,#4730,#4731,#4732,#4733,
#4734,#4735,#4736,#4737,#4738),.UNSPECIFIED.,.F.,.F.,(4,1,1,1,1,1,1,1,4),
(28.2743338823081,28.3967601758875,29.391235601696,30.3857110275046,31.3801864533131,
32.3746618791217,33.3691373049302,34.3636127307387,34.5575191894877),
 .UNSPECIFIED.);
#505=B_SPLINE_CURVE_WITH_KNOTS('',3,(#4743,#4744,#4745,#4746,#4747,#4748,
#4749,#4750,#4751,#4752,#4753),.UNSPECIFIED.,.F.,.F.,(4,1,1,1,1,1,1,1,4),
(21.9911485751285,22.1610476648473,23.1486579824946,24.1362683001419,25.1238786177892,
26.1114889354365,27.0990992530838,28.0867095707311,28.2743338823081),
 .UNSPECIFIED.);
#506=B_SPLINE_CURVE_WITH_KNOTS('',3,(#4754,#4755,#4756,#4757,#4758,#4759,
#4760,#4761,#4762,#4763),.UNSPECIFIED.,.F.,.F.,(4,1,1,1,1,1,1,4),(21.9911485751285,
22.4299076210362,23.4243830468447,24.4188584726533,25.4133338984618,26.4078093242704,
27.4022847500789,28.2743338823081),.UNSPECIFIED.);
#507=B_SPLINE_CURVE_WITH_KNOTS('',3,(#4769,#4770,#4771,#4772,#4773),
 .UNSPECIFIED.,.F.,.F.,(4,1,4),(14.4741042145678,15.4685796403764,15.707963267949),
 .UNSPECIFIED.);
#508=B_SPLINE_CURVE_WITH_KNOTS('',3,(#4775,#4776,#4777,#4778),
 .UNSPECIFIED.,.F.,.F.,(4,4),(0.232576018689077,0.28260337537456),
 .UNSPECIFIED.);
#509=B_SPLINE_CURVE_WITH_KNOTS('',3,(#4780,#4781,#4782,#4783),
 .UNSPECIFIED.,.F.,.F.,(4,4),(0.198684721592425,0.232576018689077),
 .UNSPECIFIED.);
#510=B_SPLINE_CURVE_WITH_KNOTS('',3,(#4784,#4785,#4786,#4787,#4788,#4789),
 .UNSPECIFIED.,.F.,.F.,(4,1,1,4),(13.9108170087936,14.260165123669,15.2477754413163,
15.7079632679489),.UNSPECIFIED.);
#511=B_SPLINE_CURVE_WITH_KNOTS('',3,(#4795,#4796,#4797,#4798),
 .UNSPECIFIED.,.F.,.F.,(4,4),(76.7077868271321,77.6447873006628),
 .UNSPECIFIED.);
#512=B_SPLINE_CURVE_WITH_KNOTS('',3,(#4800,#4801,#4802,#4803,#4804,#4805,
#4806,#4807,#4808,#4809,#4810,#4811,#4812,#4813),.UNSPECIFIED.,.F.,.F.,
(4,2,2,2,2,2,4),(0.00862915786780567,0.0476545028534747,0.0953090057069493,
0.142963438762646,0.190617871818342,0.238272304874038,0.267164743921413),
 .UNSPECIFIED.);
#513=B_SPLINE_CURVE_WITH_KNOTS('',3,(#4814,#4815,#4816,#4817,#4818,#4819,
#4820,#4821,#4822,#4823,#4824,#4825,#4826),.UNSPECIFIED.,.F.,.F.,(4,3,3,
3,4),(-76.0402232825177,-75.4879673659894,-74.5003570483422,-73.5127467306949,
-72.9676403833451),.UNSPECIFIED.);
#514=B_SPLINE_CURVE_WITH_KNOTS('',3,(#4831,#4832,#4833,#4834,#4835,#4836,
#4837,#4838,#4839,#4840,#4841,#4842,#4843,#4844,#4845,#4846,#4847,#4848,
#4849,#4850,#4851,#4852,#4853,#4854,#4855),.UNSPECIFIED.,.F.,.F.,(4,3,3,
3,3,3,3,3,4),(70.4246015199526,70.6834593200031,71.6779347458116,72.6724101716202,
73.6668855974287,74.6613610232372,75.6558364490458,76.6503118748543,76.7077868271321),
 .UNSPECIFIED.);
#515=B_SPLINE_CURVE_WITH_KNOTS('',3,(#4856,#4857,#4858,#4859,#4860,#4861,
#4862,#4863,#4864,#4865,#4866,#4867,#4868,#4869,#4870,#4871,#4872,#4873,
#4874,#4875,#4876,#4877),.UNSPECIFIED.,.F.,.F.,(4,3,3,3,3,3,3,4),(-72.9676403833451,
-72.5251364130476,-71.5375260954003,-70.549915777753,-69.5623054601057,
-68.5746951424584,-67.5870848248111,-66.6844550761656),.UNSPECIFIED.);
#516=B_SPLINE_CURVE_WITH_KNOTS('',3,(#4882,#4883,#4884,#4885,#4886,#4887,
#4888,#4889,#4890,#4891,#4892,#4893,#4894,#4895,#4896,#4897,#4898,#4899,
#4900,#4901,#4902,#4903),.UNSPECIFIED.,.F.,.F.,(4,3,3,3,3,3,3,4),(64.141416212773,
64.7166067651518,65.7110821909604,66.7055576167689,67.7000330425774,68.694508468386,
69.6889838941945,70.4246015199526),.UNSPECIFIED.);
#517=B_SPLINE_CURVE_WITH_KNOTS('',3,(#4904,#4905,#4906,#4907,#4908,#4909,
#4910,#4911,#4912,#4913,#4914,#4915,#4916,#4917,#4918,#4919,#4920,#4921,
#4922,#4923,#4924,#4925,#4926,#4927,#4928),.UNSPECIFIED.,.F.,.F.,(4,3,3,
3,3,3,3,3,4),(-66.6844550761656,-66.5994745071638,-65.6118641895166,-64.6242538718693,
-63.636643554222,-62.6490332365747,-61.6614229189274,-60.6738126012801,
-60.401269768986),.UNSPECIFIED.);
#518=B_SPLINE_CURVE_WITH_KNOTS('',3,(#4933,#4934,#4935,#4936,#4937,#4938,
#4939,#4940,#4941,#4942,#4943,#4944,#4945,#4946,#4947,#4948,#4949,#4950,
#4951,#4952,#4953,#4954),.UNSPECIFIED.,.F.,.F.,(4,3,3,3,3,3,3,4),(57.8582309055934,
58.7497542103006,59.7442296361091,60.7387050619177,61.7331804877262,62.7276559135348,
63.7221313393433,64.141416212773),.UNSPECIFIED.);
#519=B_SPLINE_CURVE_WITH_KNOTS('',3,(#4955,#4956,#4957,#4958,#4959,#4960,
#4961,#4962,#4963,#4964,#4965,#4966,#4967,#4968,#4969,#4970,#4971,#4972,
#4973,#4974,#4975,#4976),.UNSPECIFIED.,.F.,.F.,(4,3,3,3,3,3,3,4),(-60.401269768986,
-59.6862022836329,-58.6985919659856,-57.7109816483383,-56.723371330691,
-55.7357610130437,-54.7481506953964,-54.1180844618064),.UNSPECIFIED.);
#520=B_SPLINE_CURVE_WITH_KNOTS('',3,(#4981,#4982,#4983,#4984,#4985,#4986,
#4987,#4988,#4989,#4990,#4991,#4992,#4993,#4994,#4995,#4996,#4997,#4998,
#4999,#5000,#5001,#5002,#5003,#5004,#5005),.UNSPECIFIED.,.F.,.F.,(4,3,3,
3,3,3,3,3,4),(51.5750455984138,51.7884262296408,52.7829016554494,53.7773770812579,
54.7718525070664,55.766327932875,56.7608033586835,57.7552787844921,57.8582309055934),
 .UNSPECIFIED.);
#521=B_SPLINE_CURVE_WITH_KNOTS('',3,(#5006,#5007,#5008,#5009,#5010,#5011,
#5012,#5013,#5014,#5015,#5016,#5017,#5018,#5019,#5020,#5021,#5022,#5023,
#5024,#5025,#5026,#5027),.UNSPECIFIED.,.F.,.F.,(4,3,3,3,3,3,3,4),(-54.1180844618064,
-53.7605403777491,-52.7729300601018,-51.7853197424546,-50.7977094248073,
-49.81009910716,-48.8224887895127,-47.8348991546268),.UNSPECIFIED.);
#522=B_SPLINE_CURVE_WITH_KNOTS('',3,(#5032,#5033,#5034,#5035,#5036,#5037,
#5038,#5039,#5040,#5041,#5042,#5043,#5044,#5045,#5046,#5047,#5048,#5049,
#5050,#5051,#5052,#5053),.UNSPECIFIED.,.F.,.F.,(4,3,3,3,3,3,3,4),(45.2918602912342,
45.8215736747896,46.8160491005981,47.8105245264066,48.8049999522152,49.7994753780237,
50.7939508038323,51.5750455984138),.UNSPECIFIED.);
#523=B_SPLINE_CURVE_WITH_KNOTS('',3,(#5054,#5055,#5056,#5057,#5058,#5059,
#5060,#5061,#5062,#5063,#5064,#5065,#5066,#5067,#5068,#5069,#5070,#5071,
#5072,#5073,#5074,#5075),.UNSPECIFIED.,.F.,.F.,(4,3,3,3,3,3,3,4),(-47.8348991546268,
-46.8472681542181,-45.8596578365709,-44.8720475189236,-43.8844372012763,
-42.896826883629,-41.9092165659817,-41.5517138474472),.UNSPECIFIED.);
#524=B_SPLINE_CURVE_WITH_KNOTS('',3,(#5080,#5081,#5082,#5083,#5084,#5085,
#5086,#5087,#5088,#5089,#5090,#5091,#5092,#5093,#5094,#5095,#5096,#5097,
#5098,#5099,#5100,#5101),.UNSPECIFIED.,.F.,.F.,(4,3,3,3,3,3,3,4),(39.0086749840546,
39.8547211199383,40.8491965457469,41.8436719715554,42.8381473973639,43.8326228231725,
44.827098248981,45.2918602912342),.UNSPECIFIED.);
#525=B_SPLINE_CURVE_WITH_KNOTS('',3,(#5102,#5103,#5104,#5105,#5106,#5107,
#5108,#5109,#5110,#5111,#5112,#5113,#5114,#5115,#5116,#5117,#5118,#5119,
#5120,#5121,#5122,#5123),.UNSPECIFIED.,.F.,.F.,(4,3,3,3,3,3,3,4),(-41.5517138474472,
-40.9216062483344,-39.9339959306872,-38.9463856130399,-37.9587752953926,
-36.9711649777453,-35.983554660098,-35.2685285402676),.UNSPECIFIED.);
#526=B_SPLINE_CURVE_WITH_KNOTS('',3,(#5128,#5129,#5130,#5131,#5132,#5133,
#5134,#5135,#5136,#5137,#5138,#5139,#5140,#5141,#5142,#5143,#5144,#5145,
#5146,#5147,#5148,#5149,#5150,#5151,#5152),.UNSPECIFIED.,.F.,.F.,(4,3,3,
3,3,3,3,3,4),(32.725489676875,32.8933931392785,33.8878685650871,34.8823439908956,
35.8768194167041,36.8712948425127,37.8657702683212,38.8602456941298,39.0086749840546),
 .UNSPECIFIED.);
#527=B_SPLINE_CURVE_WITH_KNOTS('',3,(#5153,#5154,#5155,#5156,#5157,#5158,
#5159,#5160,#5161,#5162,#5163,#5164,#5165,#5166,#5167,#5168,#5169,#5170,
#5171,#5172,#5173,#5174,#5175,#5176,#5177),.UNSPECIFIED.,.F.,.F.,(4,3,3,
3,3,3,3,3,4),(-35.2685285402676,-34.9959443424507,-34.0083340248034,-33.0207237071562,
-32.0331133895089,-31.0455030718616,-30.0578927542143,-29.070282436567,
-28.985343233088),.UNSPECIFIED.);
#528=B_SPLINE_CURVE_WITH_KNOTS('',3,(#5182,#5183,#5184,#5185,#5186,#5187,
#5188,#5189,#5190,#5191,#5192,#5193,#5194,#5195,#5196,#5197,#5198,#5199,
#5200,#5201,#5202,#5203),.UNSPECIFIED.,.F.,.F.,(4,3,3,3,3,3,3,4),(26.4423043696954,
26.9265405844273,27.9210160102358,28.9154914360444,29.9099668618529,30.9044422876615,
31.89891771347,32.725489676875),.UNSPECIFIED.);
#529=B_SPLINE_CURVE_WITH_KNOTS('',3,(#5204,#5205,#5206,#5207,#5208,#5209,
#5210,#5211,#5212,#5213,#5214,#5215,#5216,#5217,#5218,#5219,#5220,#5221,
#5222,#5223,#5224,#5225),.UNSPECIFIED.,.F.,.F.,(4,3,3,3,3,3,3,4),(-28.985343233088,
-28.0826721189197,-27.0950618012724,-26.1074514836251,-25.1198411659778,
-24.1322308483306,-23.1446205306833,-22.7021579259084),.UNSPECIFIED.);
#530=B_SPLINE_CURVE_WITH_KNOTS('',3,(#5230,#5231,#5232,#5233,#5234,#5235,
#5236,#5237,#5238,#5239,#5240,#5241,#5242,#5243,#5244,#5245,#5246,#5247,
#5248,#5249,#5250,#5251),.UNSPECIFIED.,.F.,.F.,(4,3,3,3,3,3,3,4),(20.1591190625158,
20.9596880295761,21.9541634553846,22.9486388811931,23.9431143070017,24.9375897328102,
25.9320651586188,26.4423043696954),.UNSPECIFIED.);
#531=B_SPLINE_CURVE_WITH_KNOTS('',3,(#5252,#5253,#5254,#5255,#5256,#5257,
#5258,#5259,#5260,#5261,#5262,#5263,#5264,#5265,#5266,#5267,#5268,#5269,
#5270,#5271,#5272,#5273),.UNSPECIFIED.,.F.,.F.,(4,3,3,3,3,3,3,4),(-22.7021579259084,
-22.157010213036,-21.1693998953887,-20.1817895777414,-19.1941792600941,
-18.2065689424468,-17.2189586247996,-16.4189726187288),.UNSPECIFIED.);
#532=B_SPLINE_CURVE_WITH_KNOTS('',3,(#5278,#5279,#5280,#5281,#5282,#5283,
#5284,#5285,#5286,#5287,#5288,#5289,#5290,#5291,#5292,#5293,#5294,#5295,
#5296,#5297,#5298,#5299,#5300,#5301,#5302),.UNSPECIFIED.,.F.,.F.,(4,3,3,
3,3,3,3,3,4),(13.8759337553362,13.9983600489163,14.9928354747248,15.9873109005333,
16.9817863263419,17.9762617521504,18.970737177959,19.9652126037675,20.1591190625158),
 .UNSPECIFIED.);
#533=B_SPLINE_CURVE_WITH_KNOTS('',3,(#5303,#5304,#5305,#5306,#5307,#5308,
#5309,#5310,#5311,#5312,#5313,#5314,#5315,#5316,#5317,#5318,#5319,#5320,
#5321,#5322,#5323,#5324,#5325,#5326,#5327),.UNSPECIFIED.,.F.,.F.,(4,3,3,
3,3,3,3,3,4),(-16.4189726187288,-16.2313483071523,-15.243737989505,-14.2561276718577,
-13.2685173542104,-12.2809070365631,-11.2932967189159,-10.3056864012686,
-10.1357873115492),.UNSPECIFIED.);
#534=B_SPLINE_CURVE_WITH_KNOTS('',3,(#5333,#5334,#5335,#5336,#5337,#5338,
#5339,#5340,#5341,#5342,#5343,#5344,#5345),.UNSPECIFIED.,.F.,.F.,(4,3,3,
3,4),(-3.85260200436966,-3.39241417773757,-2.40480386009028,-1.41719354244299,
-0.429583224795754),.UNSPECIFIED.);
#535=B_SPLINE_CURVE_WITH_KNOTS('',3,(#5347,#5348,#5349,#5350,#5351,#5352,
#5353,#5354,#5355,#5356),.UNSPECIFIED.,.F.,.F.,(4,2,2,2,4),(0.571724608999746,
0.619368316951434,0.667012024903123,0.714655751784726,0.727928644101491),
 .UNSPECIFIED.);
#536=B_SPLINE_CURVE_WITH_KNOTS('',3,(#5358,#5359,#5360,#5361,#5362,#5363),
 .UNSPECIFIED.,.F.,.F.,(4,2,4),(0.489904860082488,0.524080901048057,0.571724608999746),
 .UNSPECIFIED.);
#537=B_SPLINE_CURVE_WITH_KNOTS('',3,(#5364,#5365,#5366,#5367,#5368,#5369,
#5370,#5371,#5372,#5373,#5374,#5375,#5376,#5377,#5378,#5379,#5380,#5381,
#5382),.UNSPECIFIED.,.F.,.F.,(4,3,3,3,3,3,4),(2.20322869976812,3.05913036502231,
4.05360579083085,5.04808121663939,6.04255664244793,7.03703206825647,7.59274844815667),
 .UNSPECIFIED.);
#538=B_SPLINE_CURVE_WITH_KNOTS('',3,(#5388,#5389,#5390,#5391,#5392,#5393,
#5394,#5395),.UNSPECIFIED.,.F.,.F.,(4,1,1,1,1,4),(84.8230016469244,85.3681079942741,
86.3557183119214,87.3433286295687,88.330938947216,89.3185492648633),
 .UNSPECIFIED.);
#539=B_SPLINE_CURVE_WITH_KNOTS('',3,(#5397,#5398,#5399,#5400,#5401,#5402,
#5403,#5404),.UNSPECIFIED.,.F.,.F.,(4,2,2,4),(0.635468936618787,0.639799518737458,
0.697963008015318,0.730463310854081),.UNSPECIFIED.);
#540=B_SPLINE_CURVE_WITH_KNOTS('',3,(#5405,#5406,#5407,#5408,#5409,#5410,
#5411,#5412,#5413),.UNSPECIFIED.,.F.,.F.,(4,1,1,1,1,1,4),(84.8230016469244,
85.0818594469749,86.0763348727834,87.070810298592,88.0652857244005,89.0597611502091,
89.9579923770604),.UNSPECIFIED.);
#541=B_SPLINE_CURVE_WITH_KNOTS('',3,(#5418,#5419,#5420,#5421,#5422,#5423,
#5424,#5425,#5426,#5427),.UNSPECIFIED.,.F.,.F.,(4,1,1,1,1,1,1,4),(78.5398163397448,
79.4424460883904,80.4300564060377,81.417666723685,82.4052770413323,83.3928873589796,
84.3804976766269,84.8230016469244),.UNSPECIFIED.);
#542=B_SPLINE_CURVE_WITH_KNOTS('',3,(#5428,#5429,#5430,#5431,#5432,#5433,
#5434,#5435,#5436,#5437),.UNSPECIFIED.,.F.,.F.,(4,1,1,1,1,1,1,4),(78.5398163397448,
79.1150068921236,80.1094823179322,81.1039577437407,82.0984331695493,83.0929085953578,
84.0873840211664,84.8230016469244),.UNSPECIFIED.);
#543=B_SPLINE_CURVE_WITH_KNOTS('',3,(#5442,#5443,#5444,#5445,#5446,#5447,
#5448,#5449,#5450,#5451,#5452),.UNSPECIFIED.,.F.,.F.,(4,1,1,1,1,1,1,1,4),
(72.2566310325652,72.5291738648594,73.5167841825067,74.504394500154,75.4920048178013,
76.4796151354486,77.4672254530959,78.4548357707431,78.5398163397448),
 .UNSPECIFIED.);
#544=B_SPLINE_CURVE_WITH_KNOTS('',3,(#5453,#5454,#5455,#5456,#5457,#5458,
#5459,#5460,#5461,#5462),.UNSPECIFIED.,.F.,.F.,(4,1,1,1,1,1,1,4),(72.2566310325652,
73.1481543372724,74.1426297630809,75.1371051888895,76.131580614698,77.1260560405066,
78.1205314663151,78.5398163397448),.UNSPECIFIED.);
#545=B_SPLINE_CURVE_WITH_KNOTS('',3,(#5467,#5468,#5469,#5470,#5471,#5472,
#5473,#5474,#5475,#5476),.UNSPECIFIED.,.F.,.F.,(4,1,1,1,1,1,1,4),(65.9734457253856,
66.6035119589757,67.591122276623,68.5787325942703,69.5663429119176,70.5539532295649,
71.5415635472121,72.2566310325652),.UNSPECIFIED.);
#546=B_SPLINE_CURVE_WITH_KNOTS('',3,(#5477,#5478,#5479,#5480,#5481,#5482,
#5483,#5484,#5485,#5486,#5487),.UNSPECIFIED.,.F.,.F.,(4,1,1,1,1,1,1,1,4),
(65.9734457253856,66.1868263566126,67.1813017824212,68.1757772082297,69.1702526340382,
70.1647280598468,71.1592034856553,72.1536789114639,72.2566310325652),
 .UNSPECIFIED.);
#547=B_SPLINE_CURVE_WITH_KNOTS('',3,(#5492,#5493,#5494,#5495,#5496,#5497,
#5498,#5499,#5500,#5501),.UNSPECIFIED.,.F.,.F.,(4,1,1,1,1,1,1,4),(59.690260418206,
60.677850053092,61.6654603707393,62.6530706883866,63.6406810060339,64.6282913236811,
65.6159016413284,65.9734457253856),.UNSPECIFIED.);
#548=B_SPLINE_CURVE_WITH_KNOTS('',3,(#5502,#5503,#5504,#5505,#5506,#5507,
#5508,#5509,#5510,#5511),.UNSPECIFIED.,.F.,.F.,(4,1,1,1,1,1,1,4),(59.690260418206,
60.2199738017614,61.2144492275699,62.2089246533784,63.203400079187,64.1978755049955,
65.1923509308041,65.9734457253856),.UNSPECIFIED.);
#549=B_SPLINE_CURVE_WITH_KNOTS('',3,(#5516,#5517,#5518,#5519,#5520,#5521,
#5522,#5523,#5524,#5525,#5526),.UNSPECIFIED.,.F.,.F.,(4,1,1,1,1,1,1,1,4),
(53.4070751110265,53.764577829561,54.7521881472083,55.7397984648556,56.7274087825029,
57.7150191001501,58.7026294177974,59.6902397354447,59.690260418206),
 .UNSPECIFIED.);
#550=B_SPLINE_CURVE_WITH_KNOTS('',3,(#5527,#5528,#5529,#5530,#5531,#5532,
#5533,#5534,#5535,#5536),.UNSPECIFIED.,.F.,.F.,(4,1,1,1,1,1,1,4),(53.4070751110264,
54.2531212469101,55.2475966727187,56.2420720985272,57.2365475243357,58.2310229501443,
59.2254983759528,59.690260418206),.UNSPECIFIED.);
#551=B_SPLINE_CURVE_WITH_KNOTS('',3,(#5541,#5542,#5543,#5544,#5545,#5546,
#5547,#5548,#5549,#5550),.UNSPECIFIED.,.F.,.F.,(4,1,1,1,1,1,1,4),(47.1238898038469,
47.8389159236773,48.8265262413246,49.8141365589719,50.8017468766191,51.7893571942664,
52.7769675119137,53.4070751110265),.UNSPECIFIED.);
#552=B_SPLINE_CURVE_WITH_KNOTS('',3,(#5551,#5552,#5553,#5554,#5555,#5556,
#5557,#5558,#5559,#5560,#5561),.UNSPECIFIED.,.F.,.F.,(4,1,1,1,1,1,1,1,4),
(47.1238898038468,47.2917932662503,48.2862686920589,49.2807441178674,50.275219543676,
51.2696949694845,52.264170395293,53.2586458211016,53.4070751110264),
 .UNSPECIFIED.);
#553=B_SPLINE_CURVE_WITH_KNOTS('',3,(#5566,#5567,#5568,#5569,#5570,#5571,
#5572,#5573,#5574,#5575,#5576),.UNSPECIFIED.,.F.,.F.,(4,1,1,1,1,1,1,1,4),
(40.8407044966673,40.9256437001463,41.9132540177936,42.9008643354409,43.8884746530881,
44.8760849707354,45.8636952883827,46.85130560603,47.1238898038469),
 .UNSPECIFIED.);
#554=B_SPLINE_CURVE_WITH_KNOTS('',3,(#5577,#5578,#5579,#5580,#5581,#5582,
#5583,#5584,#5585,#5586),.UNSPECIFIED.,.F.,.F.,(4,1,1,1,1,1,1,4),(40.8407044966672,
41.3249407113991,42.3194161372076,43.3138915630162,44.3083669888247,45.3028424146333,
46.2973178404418,47.1238898038468),.UNSPECIFIED.);
#555=B_SPLINE_CURVE_WITH_KNOTS('',3,(#5591,#5592,#5593,#5594,#5595,#5596,
#5597,#5598,#5599,#5600),.UNSPECIFIED.,.F.,.F.,(4,1,1,1,1,1,1,4),(34.5575191894877,
34.9999817942626,35.9875921119098,36.9752024295571,37.9628127472044,38.9504230648517,
39.938033382499,40.8407044966673),.UNSPECIFIED.);
#556=B_SPLINE_CURVE_WITH_KNOTS('',3,(#5601,#5602,#5603,#5604,#5605,#5606,
#5607,#5608,#5609,#5610),.UNSPECIFIED.,.F.,.F.,(4,1,1,1,1,1,1,4),(34.5575191894877,
35.3580881565479,36.3525635823564,37.3470390081649,38.3415144339735,39.335989859782,
40.3304652855906,40.8407044966672),.UNSPECIFIED.);
#557=B_SPLINE_CURVE_WITH_KNOTS('',3,(#5615,#5616,#5617,#5618,#5619,#5620,
#5621,#5622,#5623,#5624),.UNSPECIFIED.,.F.,.F.,(4,1,1,1,1,1,1,4),(28.2743338823081,
29.0743198883788,30.0619302060261,31.0495405236734,32.0371508413207,33.024761158968,
34.0123714766153,34.5575191894877),.UNSPECIFIED.);
#558=B_SPLINE_CURVE_WITH_KNOTS('',3,(#5625,#5626,#5627,#5628,#5629,#5630,
#5631,#5632,#5633,#5634,#5635),.UNSPECIFIED.,.F.,.F.,(4,1,1,1,1,1,1,1,4),
(28.2743338823081,28.3967601758881,29.3912356016966,30.3857110275051,31.3801864533137,
32.3746618791222,33.3691373049308,34.3636127307393,34.5575191894877),
 .UNSPECIFIED.);
#559=B_SPLINE_CURVE_WITH_KNOTS('',3,(#5640,#5641,#5642,#5643,#5644,#5645,
#5646,#5647,#5648,#5649,#5650),.UNSPECIFIED.,.F.,.F.,(4,1,1,1,1,1,1,1,4),
(21.9911485751285,22.1610476648478,23.1486579824951,24.1362683001424,25.1238786177897,
26.111488935437,27.0990992530843,28.0867095707316,28.2743338823081),
 .UNSPECIFIED.);
#560=B_SPLINE_CURVE_WITH_KNOTS('',3,(#5651,#5652,#5653,#5654,#5655,#5656,
#5657,#5658,#5659,#5660),.UNSPECIFIED.,.F.,.F.,(4,1,1,1,1,1,1,4),(21.9911485751285,
22.4299076210368,23.4243830468454,24.4188584726539,25.4133338984624,26.407809324271,
27.4022847500795,28.2743338823081),.UNSPECIFIED.);
#561=B_SPLINE_CURVE_WITH_KNOTS('',3,(#5666,#5667,#5668,#5669,#5670),
 .UNSPECIFIED.,.F.,.F.,(4,1,4),(14.4741042145685,15.468579640377,15.7079632679489),
 .UNSPECIFIED.);
#562=B_SPLINE_CURVE_WITH_KNOTS('',3,(#5672,#5673,#5674,#5675),
 .UNSPECIFIED.,.F.,.F.,(4,4),(0.232576018689076,0.282603375374675),
 .UNSPECIFIED.);
#563=B_SPLINE_CURVE_WITH_KNOTS('',3,(#5677,#5678,#5679,#5680),
 .UNSPECIFIED.,.F.,.F.,(4,4),(0.198684721592464,0.232576018689076),
 .UNSPECIFIED.);
#564=B_SPLINE_CURVE_WITH_KNOTS('',3,(#5681,#5682,#5683,#5684,#5685,#5686),
 .UNSPECIFIED.,.F.,.F.,(4,1,1,4),(13.9108170087939,14.2601651236696,15.2477754413168,
15.7079632679489),.UNSPECIFIED.);
#565=B_SPLINE_CURVE_WITH_KNOTS('',3,(#5692,#5693,#5694,#5695),
 .UNSPECIFIED.,.F.,.F.,(4,4),(76.7077868271322,77.6447873006625),
 .UNSPECIFIED.);
#566=B_SPLINE_CURVE_WITH_KNOTS('',3,(#5697,#5698,#5699,#5700,#5701,#5702,
#5703,#5704,#5705,#5706,#5707,#5708,#5709,#5710),.UNSPECIFIED.,.F.,.F.,
(4,2,2,2,2,2,4),(0.00862915786781023,0.0476545028534758,0.0953090057069516,
0.142963438762647,0.190617871818343,0.238272304874039,0.267164743921423),
 .UNSPECIFIED.);
#567=B_SPLINE_CURVE_WITH_KNOTS('',3,(#5711,#5712,#5713,#5714,#5715,#5716,
#5717,#5718,#5719,#5720,#5721,#5722,#5723),.UNSPECIFIED.,.F.,.F.,(4,3,3,
3,4),(-76.0402232825176,-75.4879673659895,-74.5003570483422,-73.5127467306949,
-72.9676403833452),.UNSPECIFIED.);
#568=B_SPLINE_CURVE_WITH_KNOTS('',3,(#5728,#5729,#5730,#5731,#5732,#5733,
#5734,#5735,#5736,#5737,#5738,#5739,#5740,#5741,#5742,#5743,#5744,#5745,
#5746,#5747,#5748,#5749,#5750,#5751,#5752),.UNSPECIFIED.,.F.,.F.,(4,3,3,
3,3,3,3,3,4),(70.4246015199526,70.6834593200031,71.6779347458116,72.6724101716202,
73.6668855974287,74.6613610232372,75.6558364490458,76.6503118748543,76.7077868271322),
 .UNSPECIFIED.);
#569=B_SPLINE_CURVE_WITH_KNOTS('',3,(#5753,#5754,#5755,#5756,#5757,#5758,
#5759,#5760,#5761,#5762,#5763,#5764,#5765,#5766,#5767,#5768,#5769,#5770,
#5771,#5772,#5773,#5774),.UNSPECIFIED.,.F.,.F.,(4,3,3,3,3,3,3,4),(-72.9676403833452,
-72.5251364130476,-71.5375260954003,-70.549915777753,-69.5623054601057,
-68.5746951424585,-67.5870848248112,-66.6844550761656),.UNSPECIFIED.);
#570=B_SPLINE_CURVE_WITH_KNOTS('',3,(#5779,#5780,#5781,#5782,#5783,#5784,
#5785,#5786,#5787,#5788,#5789,#5790,#5791,#5792,#5793,#5794,#5795,#5796,
#5797,#5798,#5799,#5800),.UNSPECIFIED.,.F.,.F.,(4,3,3,3,3,3,3,4),(64.141416212773,
64.7166067651519,65.7110821909604,66.7055576167689,67.7000330425775,68.694508468386,
69.6889838941945,70.4246015199526),.UNSPECIFIED.);
#571=B_SPLINE_CURVE_WITH_KNOTS('',3,(#5801,#5802,#5803,#5804,#5805,#5806,
#5807,#5808,#5809,#5810,#5811,#5812,#5813,#5814,#5815,#5816,#5817,#5818,
#5819,#5820,#5821,#5822,#5823,#5824,#5825),.UNSPECIFIED.,.F.,.F.,(4,3,3,
3,3,3,3,3,4),(-66.6844550761656,-66.5994745071639,-65.6118641895166,-64.6242538718693,
-63.636643554222,-62.6490332365747,-61.6614229189274,-60.6738126012802,
-60.401269768986),.UNSPECIFIED.);
#572=B_SPLINE_CURVE_WITH_KNOTS('',3,(#5830,#5831,#5832,#5833,#5834,#5835,
#5836,#5837,#5838,#5839,#5840,#5841,#5842,#5843,#5844,#5845,#5846,#5847,
#5848,#5849,#5850,#5851),.UNSPECIFIED.,.F.,.F.,(4,3,3,3,3,3,3,4),(57.8582309055934,
58.7497542103006,59.7442296361091,60.7387050619177,61.7331804877262,62.7276559135348,
63.7221313393433,64.141416212773),.UNSPECIFIED.);
#573=B_SPLINE_CURVE_WITH_KNOTS('',3,(#5852,#5853,#5854,#5855,#5856,#5857,
#5858,#5859,#5860,#5861,#5862,#5863,#5864,#5865,#5866,#5867,#5868,#5869,
#5870,#5871,#5872,#5873),.UNSPECIFIED.,.F.,.F.,(4,3,3,3,3,3,3,4),(-60.401269768986,
-59.6862022836329,-58.6985919659856,-57.7109816483383,-56.723371330691,
-55.7357610130437,-54.7481506953965,-54.1180844618064),.UNSPECIFIED.);
#574=B_SPLINE_CURVE_WITH_KNOTS('',3,(#5878,#5879,#5880,#5881,#5882,#5883,
#5884,#5885,#5886,#5887,#5888,#5889,#5890,#5891,#5892,#5893,#5894,#5895,
#5896,#5897,#5898,#5899,#5900,#5901,#5902),.UNSPECIFIED.,.F.,.F.,(4,3,3,
3,3,3,3,3,4),(51.5750455984138,51.7884262296408,52.7829016554494,53.7773770812579,
54.7718525070664,55.766327932875,56.7608033586835,57.7552787844921,57.8582309055934),
 .UNSPECIFIED.);
#575=B_SPLINE_CURVE_WITH_KNOTS('',3,(#5903,#5904,#5905,#5906,#5907,#5908,
#5909,#5910,#5911,#5912,#5913,#5914,#5915,#5916,#5917,#5918,#5919,#5920,
#5921,#5922,#5923,#5924),.UNSPECIFIED.,.F.,.F.,(4,3,3,3,3,3,3,4),(-54.1180844618064,
-53.7605403777492,-52.7729300601019,-51.7853197424546,-50.7977094248073,
-49.81009910716,-48.8224887895128,-47.8348991546268),.UNSPECIFIED.);
#576=B_SPLINE_CURVE_WITH_KNOTS('',3,(#5929,#5930,#5931,#5932,#5933,#5934,
#5935,#5936,#5937,#5938,#5939,#5940,#5941,#5942,#5943,#5944,#5945,#5946,
#5947,#5948,#5949,#5950),.UNSPECIFIED.,.F.,.F.,(4,3,3,3,3,3,3,4),(45.2918602912342,
45.8215736747896,46.8160491005981,47.8105245264067,48.8049999522152,49.7994753780237,
50.7939508038323,51.5750455984138),.UNSPECIFIED.);
#577=B_SPLINE_CURVE_WITH_KNOTS('',3,(#5951,#5952,#5953,#5954,#5955,#5956,
#5957,#5958,#5959,#5960,#5961,#5962,#5963,#5964,#5965,#5966,#5967,#5968,
#5969,#5970,#5971,#5972),.UNSPECIFIED.,.F.,.F.,(4,3,3,3,3,3,3,4),(-47.8348991546268,
-46.8472681542182,-45.8596578365709,-44.8720475189236,-43.8844372012763,
-42.896826883629,-41.9092165659818,-41.5517138474472),.UNSPECIFIED.);
#578=B_SPLINE_CURVE_WITH_KNOTS('',3,(#5977,#5978,#5979,#5980,#5981,#5982,
#5983,#5984,#5985,#5986,#5987,#5988,#5989,#5990,#5991,#5992,#5993,#5994,
#5995,#5996,#5997,#5998),.UNSPECIFIED.,.F.,.F.,(4,3,3,3,3,3,3,4),(39.0086749840546,
39.8547211199383,40.8491965457469,41.8436719715554,42.8381473973639,43.8326228231725,
44.827098248981,45.2918602912342),.UNSPECIFIED.);
#579=B_SPLINE_CURVE_WITH_KNOTS('',3,(#5999,#6000,#6001,#6002,#6003,#6004,
#6005,#6006,#6007,#6008,#6009,#6010,#6011,#6012,#6013,#6014,#6015,#6016,
#6017,#6018,#6019,#6020),.UNSPECIFIED.,.F.,.F.,(4,3,3,3,3,3,3,4),(-41.5517138474472,
-40.9216062483345,-39.9339959306872,-38.9463856130399,-37.9587752953926,
-36.9711649777453,-35.983554660098,-35.2685285402676),.UNSPECIFIED.);
#580=B_SPLINE_CURVE_WITH_KNOTS('',3,(#6025,#6026,#6027,#6028,#6029,#6030,
#6031,#6032,#6033,#6034,#6035,#6036,#6037,#6038,#6039,#6040,#6041,#6042,
#6043,#6044,#6045,#6046,#6047,#6048,#6049),.UNSPECIFIED.,.F.,.F.,(4,3,3,
3,3,3,3,3,4),(32.725489676875,32.8933931392785,33.8878685650871,34.8823439908956,
35.8768194167042,36.8712948425127,37.8657702683212,38.8602456941298,39.0086749840546),
 .UNSPECIFIED.);
#581=B_SPLINE_CURVE_WITH_KNOTS('',3,(#6050,#6051,#6052,#6053,#6054,#6055,
#6056,#6057,#6058,#6059,#6060,#6061,#6062,#6063,#6064,#6065,#6066,#6067,
#6068,#6069,#6070,#6071,#6072,#6073,#6074),.UNSPECIFIED.,.F.,.F.,(4,3,3,
3,3,3,3,3,4),(-35.2685285402676,-34.9959443424507,-34.0083340248035,-33.0207237071562,
-32.0331133895089,-31.0455030718616,-30.0578927542143,-29.070282436567,
-28.985343233088),.UNSPECIFIED.);
#582=B_SPLINE_CURVE_WITH_KNOTS('',3,(#6079,#6080,#6081,#6082,#6083,#6084,
#6085,#6086,#6087,#6088,#6089,#6090,#6091,#6092,#6093,#6094,#6095,#6096,
#6097,#6098,#6099,#6100),.UNSPECIFIED.,.F.,.F.,(4,3,3,3,3,3,3,4),(26.4423043696954,
26.9265405844273,27.9210160102358,28.9154914360444,29.9099668618529,30.9044422876615,
31.89891771347,32.725489676875),.UNSPECIFIED.);
#583=B_SPLINE_CURVE_WITH_KNOTS('',3,(#6101,#6102,#6103,#6104,#6105,#6106,
#6107,#6108,#6109,#6110,#6111,#6112,#6113,#6114,#6115,#6116,#6117,#6118,
#6119,#6120,#6121,#6122),.UNSPECIFIED.,.F.,.F.,(4,3,3,3,3,3,3,4),(-28.985343233088,
-28.0826721189197,-27.0950618012724,-26.1074514836252,-25.1198411659779,
-24.1322308483306,-23.1446205306833,-22.7021579259084),.UNSPECIFIED.);
#584=B_SPLINE_CURVE_WITH_KNOTS('',3,(#6127,#6128,#6129,#6130,#6131,#6132,
#6133,#6134,#6135,#6136,#6137,#6138,#6139,#6140,#6141,#6142,#6143,#6144,
#6145,#6146,#6147,#6148),.UNSPECIFIED.,.F.,.F.,(4,3,3,3,3,3,3,4),(20.1591190625159,
20.9596880295761,21.9541634553846,22.9486388811931,23.9431143070017,24.9375897328102,
25.9320651586187,26.4423043696954),.UNSPECIFIED.);
#585=B_SPLINE_CURVE_WITH_KNOTS('',3,(#6149,#6150,#6151,#6152,#6153,#6154,
#6155,#6156,#6157,#6158,#6159,#6160,#6161,#6162,#6163,#6164,#6165,#6166,
#6167,#6168,#6169,#6170),.UNSPECIFIED.,.F.,.F.,(4,3,3,3,3,3,3,4),(-22.7021579259084,
-22.157010213036,-21.1693998953887,-20.1817895777414,-19.1941792600942,
-18.2065689424469,-17.2189586247996,-16.4189726187288),.UNSPECIFIED.);
#586=B_SPLINE_CURVE_WITH_KNOTS('',3,(#6175,#6176,#6177,#6178,#6179,#6180,
#6181,#6182,#6183,#6184,#6185,#6186,#6187,#6188,#6189,#6190,#6191,#6192,
#6193,#6194,#6195,#6196,#6197,#6198,#6199),.UNSPECIFIED.,.F.,.F.,(4,3,3,
3,3,3,3,3,4),(13.8759337553363,13.9983600489163,14.9928354747248,15.9873109005333,
16.9817863263419,17.9762617521504,18.970737177959,19.9652126037675,20.1591190625159),
 .UNSPECIFIED.);
#587=B_SPLINE_CURVE_WITH_KNOTS('',3,(#6200,#6201,#6202,#6203,#6204,#6205,
#6206,#6207,#6208,#6209,#6210,#6211,#6212,#6213,#6214,#6215,#6216,#6217,
#6218,#6219,#6220,#6221,#6222,#6223,#6224),.UNSPECIFIED.,.F.,.F.,(4,3,3,
3,3,3,3,3,4),(-16.4189726187288,-16.2313483071523,-15.243737989505,-14.2561276718577,
-13.2685173542104,-12.2809070365631,-11.2932967189159,-10.3056864012686,
-10.1357873115493),.UNSPECIFIED.);
#588=B_SPLINE_CURVE_WITH_KNOTS('',3,(#6230,#6231,#6232,#6233,#6234,#6235,
#6236,#6237,#6238,#6239,#6240,#6241,#6242),.UNSPECIFIED.,.F.,.F.,(4,3,3,
3,4),(-3.85260200436969,-3.3924141777376,-2.40480386009032,-1.41719354244304,
-0.429583224795754),.UNSPECIFIED.);
#589=B_SPLINE_CURVE_WITH_KNOTS('',3,(#6244,#6245,#6246,#6247,#6248,#6249,
#6250,#6251,#6252,#6253),.UNSPECIFIED.,.F.,.F.,(4,2,2,2,4),(0.571724608999752,
0.61936831695144,0.667012024903128,0.714655751784732,0.72792864410152),
 .UNSPECIFIED.);
#590=B_SPLINE_CURVE_WITH_KNOTS('',3,(#6255,#6256,#6257,#6258,#6259,#6260),
 .UNSPECIFIED.,.F.,.F.,(4,2,4),(0.489904860082486,0.524080901048064,0.571724608999752),
 .UNSPECIFIED.);
#591=B_SPLINE_CURVE_WITH_KNOTS('',3,(#6261,#6262,#6263,#6264,#6265,#6266,
#6267,#6268,#6269,#6270,#6271,#6272,#6273,#6274,#6275,#6276,#6277,#6278,
#6279),.UNSPECIFIED.,.F.,.F.,(4,3,3,3,3,3,4),(2.20322869976786,3.05913036502229,
4.05360579083083,5.04808121663938,6.04255664244793,7.03703206825647,7.5927484481567),
 .UNSPECIFIED.);
#592=B_SPLINE_CURVE_WITH_KNOTS('',3,(#6285,#6286,#6287,#6288,#6289,#6290,
#6291,#6292),.UNSPECIFIED.,.F.,.F.,(4,1,1,1,1,4),(84.8230016469244,85.3681079942741,
86.3557183119214,87.3433286295687,88.330938947216,89.3185492648633),
 .UNSPECIFIED.);
#593=B_SPLINE_CURVE_WITH_KNOTS('',3,(#6294,#6295,#6296,#6297,#6298,#6299,
#6300,#6301),.UNSPECIFIED.,.F.,.F.,(4,2,2,4),(0.635468936618805,0.639799518737458,
0.697963008015318,0.730463310854088),.UNSPECIFIED.);
#594=B_SPLINE_CURVE_WITH_KNOTS('',3,(#6302,#6303,#6304,#6305,#6306,#6307,
#6308,#6309,#6310),.UNSPECIFIED.,.F.,.F.,(4,1,1,1,1,1,4),(84.8230016469244,
85.0818594469749,86.0763348727834,87.0708102985919,88.0652857244005,89.059761150209,
89.9579923770603),.UNSPECIFIED.);
#595=B_SPLINE_CURVE_WITH_KNOTS('',3,(#6315,#6316,#6317,#6318,#6319,#6320,
#6321,#6322,#6323,#6324),.UNSPECIFIED.,.F.,.F.,(4,1,1,1,1,1,1,4),(78.5398163397448,
79.4424460883904,80.4300564060377,81.417666723685,82.4052770413323,83.3928873589796,
84.3804976766268,84.8230016469244),.UNSPECIFIED.);
#596=B_SPLINE_CURVE_WITH_KNOTS('',3,(#6325,#6326,#6327,#6328,#6329,#6330,
#6331,#6332,#6333,#6334),.UNSPECIFIED.,.F.,.F.,(4,1,1,1,1,1,1,4),(78.5398163397448,
79.1150068921236,80.1094823179321,81.1039577437407,82.0984331695492,83.0929085953578,
84.0873840211663,84.8230016469244),.UNSPECIFIED.);
#597=B_SPLINE_CURVE_WITH_KNOTS('',3,(#6339,#6340,#6341,#6342,#6343,#6344,
#6345,#6346,#6347,#6348,#6349),.UNSPECIFIED.,.F.,.F.,(4,1,1,1,1,1,1,1,4),
(72.2566310325652,72.5291738648594,73.5167841825067,74.504394500154,75.4920048178013,
76.4796151354485,77.4672254530958,78.4548357707431,78.5398163397448),
 .UNSPECIFIED.);
#598=B_SPLINE_CURVE_WITH_KNOTS('',3,(#6350,#6351,#6352,#6353,#6354,#6355,
#6356,#6357,#6358,#6359),.UNSPECIFIED.,.F.,.F.,(4,1,1,1,1,1,1,4),(72.2566310325652,
73.1481543372724,74.1426297630809,75.1371051888894,76.131580614698,77.1260560405065,
78.1205314663151,78.5398163397448),.UNSPECIFIED.);
#599=B_SPLINE_CURVE_WITH_KNOTS('',3,(#6364,#6365,#6366,#6367,#6368,#6369,
#6370,#6371,#6372,#6373),.UNSPECIFIED.,.F.,.F.,(4,1,1,1,1,1,1,4),(65.9734457253856,
66.6035119589757,67.591122276623,68.5787325942702,69.5663429119175,70.5539532295648,
71.5415635472121,72.2566310325652),.UNSPECIFIED.);
#600=B_SPLINE_CURVE_WITH_KNOTS('',3,(#6374,#6375,#6376,#6377,#6378,#6379,
#6380,#6381,#6382,#6383,#6384),.UNSPECIFIED.,.F.,.F.,(4,1,1,1,1,1,1,1,4),
(65.9734457253857,66.1868263566126,67.1813017824211,68.1757772082297,69.1702526340382,
70.1647280598467,71.1592034856553,72.1536789114638,72.2566310325652),
 .UNSPECIFIED.);
#601=B_SPLINE_CURVE_WITH_KNOTS('',3,(#6389,#6390,#6391,#6392,#6393,#6394,
#6395,#6396,#6397,#6398),.UNSPECIFIED.,.F.,.F.,(4,1,1,1,1,1,1,4),(59.690260418206,
60.677850053092,61.6654603707393,62.6530706883865,63.6406810060338,64.6282913236811,
65.6159016413284,65.9734457253856),.UNSPECIFIED.);
#602=B_SPLINE_CURVE_WITH_KNOTS('',3,(#6399,#6400,#6401,#6402,#6403,#6404,
#6405,#6406,#6407,#6408),.UNSPECIFIED.,.F.,.F.,(4,1,1,1,1,1,1,4),(59.690260418206,
60.2199738017613,61.2144492275699,62.2089246533784,63.2034000791869,64.1978755049955,
65.192350930804,65.9734457253857),.UNSPECIFIED.);
#603=B_SPLINE_CURVE_WITH_KNOTS('',3,(#6413,#6414,#6415,#6416,#6417,#6418,
#6419,#6420,#6421,#6422,#6423),.UNSPECIFIED.,.F.,.F.,(4,1,1,1,1,1,1,1,4),
(53.4070751110264,53.764577829561,54.7521881472083,55.7397984648555,56.7274087825028,
57.7150191001501,58.7026294177974,59.6902397354447,59.690260418206),
 .UNSPECIFIED.);
#604=B_SPLINE_CURVE_WITH_KNOTS('',3,(#6424,#6425,#6426,#6427,#6428,#6429,
#6430,#6431,#6432,#6433),.UNSPECIFIED.,.F.,.F.,(4,1,1,1,1,1,1,4),(53.4070751110264,
54.2531212469101,55.2475966727186,56.2420720985272,57.2365475243357,58.2310229501442,
59.2254983759528,59.690260418206),.UNSPECIFIED.);
#605=B_SPLINE_CURVE_WITH_KNOTS('',3,(#6438,#6439,#6440,#6441,#6442,#6443,
#6444,#6445,#6446,#6447),.UNSPECIFIED.,.F.,.F.,(4,1,1,1,1,1,1,4),(47.1238898038468,
47.8389159236773,48.8265262413245,49.8141365589718,50.8017468766191,51.7893571942664,
52.7769675119137,53.4070751110264),.UNSPECIFIED.);
#606=B_SPLINE_CURVE_WITH_KNOTS('',3,(#6448,#6449,#6450,#6451,#6452,#6453,
#6454,#6455,#6456,#6457,#6458),.UNSPECIFIED.,.F.,.F.,(4,1,1,1,1,1,1,1,4),
(47.1238898038469,47.2917932662503,48.2862686920588,49.2807441178674,50.2752195436759,
51.2696949694845,52.264170395293,53.2586458211015,53.4070751110264),
 .UNSPECIFIED.);
#607=B_SPLINE_CURVE_WITH_KNOTS('',3,(#6463,#6464,#6465,#6466,#6467,#6468,
#6469,#6470,#6471,#6472,#6473),.UNSPECIFIED.,.F.,.F.,(4,1,1,1,1,1,1,1,4),
(40.8407044966673,40.9256437001463,41.9132540177935,42.9008643354408,43.8884746530881,
44.8760849707354,45.8636952883827,46.85130560603,47.1238898038468),
 .UNSPECIFIED.);
#608=B_SPLINE_CURVE_WITH_KNOTS('',3,(#6474,#6475,#6476,#6477,#6478,#6479,
#6480,#6481,#6482,#6483),.UNSPECIFIED.,.F.,.F.,(4,1,1,1,1,1,1,4),(40.8407044966673,
41.324940711399,42.3194161372076,43.3138915630161,44.3083669888247,45.3028424146332,
46.2973178404417,47.1238898038469),.UNSPECIFIED.);
#609=B_SPLINE_CURVE_WITH_KNOTS('',3,(#6488,#6489,#6490,#6491,#6492,#6493,
#6494,#6495,#6496,#6497),.UNSPECIFIED.,.F.,.F.,(4,1,1,1,1,1,1,4),(34.5575191894877,
34.9999817942625,35.9875921119098,36.9752024295571,37.9628127472044,38.9504230648517,
39.938033382499,40.8407044966673),.UNSPECIFIED.);
#610=B_SPLINE_CURVE_WITH_KNOTS('',3,(#6498,#6499,#6500,#6501,#6502,#6503,
#6504,#6505,#6506,#6507),.UNSPECIFIED.,.F.,.F.,(4,1,1,1,1,1,1,4),(34.5575191894877,
35.3580881565478,36.3525635823563,37.3470390081649,38.3415144339734,39.335989859782,
40.3304652855905,40.8407044966673),.UNSPECIFIED.);
#611=B_SPLINE_CURVE_WITH_KNOTS('',3,(#6512,#6513,#6514,#6515,#6516,#6517,
#6518,#6519,#6520,#6521),.UNSPECIFIED.,.F.,.F.,(4,1,1,1,1,1,1,4),(28.2743338823081,
29.0743198883788,30.0619302060261,31.0495405236734,32.0371508413207,33.024761158968,
34.0123714766153,34.5575191894877),.UNSPECIFIED.);
#612=B_SPLINE_CURVE_WITH_KNOTS('',3,(#6522,#6523,#6524,#6525,#6526,#6527,
#6528,#6529,#6530,#6531,#6532),.UNSPECIFIED.,.F.,.F.,(4,1,1,1,1,1,1,1,4),
(28.274333882308,28.396760175888,29.3912356016966,30.3857110275051,31.3801864533136,
32.3746618791222,33.3691373049307,34.3636127307393,34.5575191894877),
 .UNSPECIFIED.);
#613=B_SPLINE_CURVE_WITH_KNOTS('',3,(#6537,#6538,#6539,#6540,#6541,#6542,
#6543,#6544,#6545,#6546,#6547),.UNSPECIFIED.,.F.,.F.,(4,1,1,1,1,1,1,1,4),
(21.9911485751285,22.1610476648478,23.1486579824951,24.1362683001424,25.1238786177897,
26.111488935437,27.0990992530842,28.0867095707315,28.2743338823081),
 .UNSPECIFIED.);
#614=B_SPLINE_CURVE_WITH_KNOTS('',3,(#6548,#6549,#6550,#6551,#6552,#6553,
#6554,#6555,#6556,#6557),.UNSPECIFIED.,.F.,.F.,(4,1,1,1,1,1,1,4),(21.9911485751285,
22.4299076210368,23.4243830468453,24.4188584726538,25.4133338984624,26.4078093242709,
27.4022847500795,28.274333882308),.UNSPECIFIED.);
#615=B_SPLINE_CURVE_WITH_KNOTS('',3,(#6563,#6564,#6565,#6566,#6567),
 .UNSPECIFIED.,.F.,.F.,(4,1,4),(14.4741042145684,15.468579640377,15.7079632679489),
 .UNSPECIFIED.);
#616=B_SPLINE_CURVE_WITH_KNOTS('',3,(#6569,#6570,#6571,#6572),
 .UNSPECIFIED.,.F.,.F.,(4,4),(0.232576018689077,0.282603375374663),
 .UNSPECIFIED.);
#617=B_SPLINE_CURVE_WITH_KNOTS('',3,(#6574,#6575,#6576,#6577),
 .UNSPECIFIED.,.F.,.F.,(4,4),(0.198684721592464,0.232576018689077),
 .UNSPECIFIED.);
#618=B_SPLINE_CURVE_WITH_KNOTS('',3,(#6578,#6579,#6580,#6581,#6582,#6583),
 .UNSPECIFIED.,.F.,.F.,(4,1,1,4),(13.9108170087939,14.2601651236695,15.2477754413168,
15.7079632679489),.UNSPECIFIED.);
#619=B_SPLINE_CURVE_WITH_KNOTS('',3,(#6589,#6590,#6591,#6592),
 .UNSPECIFIED.,.F.,.F.,(4,4),(76.7077868271326,77.644787300663),
 .UNSPECIFIED.);
#620=B_SPLINE_CURVE_WITH_KNOTS('',3,(#6594,#6595,#6596,#6597,#6598,#6599),
 .UNSPECIFIED.,.F.,.F.,(4,2,4),(0.190617871818343,0.238272304874039,0.267164743921447),
 .UNSPECIFIED.);
#621=B_SPLINE_CURVE_WITH_KNOTS('',3,(#6601,#6602,#6603,#6604,#6605,#6606,
#6607,#6608,#6609,#6610),.UNSPECIFIED.,.F.,.F.,(4,2,2,2,4),(0.00862915786785355,
0.0476545028534759,0.0953090057069517,0.142963438762647,0.190617871818343),
 .UNSPECIFIED.);
#622=B_SPLINE_CURVE_WITH_KNOTS('',3,(#6611,#6612,#6613,#6614,#6615,#6616,
#6617,#6618,#6619,#6620,#6621,#6622,#6623),.UNSPECIFIED.,.F.,.F.,(4,3,3,
3,4),(-76.0402232825178,-75.4879673659896,-74.5003570483423,-73.512746730695,
-72.9676403833455),.UNSPECIFIED.);
#623=B_SPLINE_CURVE_WITH_KNOTS('',3,(#6628,#6629,#6630,#6631,#6632,#6633,
#6634,#6635,#6636,#6637,#6638,#6639,#6640,#6641,#6642,#6643,#6644,#6645,
#6646,#6647,#6648,#6649,#6650,#6651,#6652),.UNSPECIFIED.,.F.,.F.,(4,3,3,
3,3,3,3,3,4),(70.424601519953,70.6834593200033,71.6779347458119,72.6724101716204,
73.666885597429,74.6613610232375,75.655836449046,76.6503118748546,76.7077868271326),
 .UNSPECIFIED.);
#624=B_SPLINE_CURVE_WITH_KNOTS('',3,(#6653,#6654,#6655,#6656,#6657,#6658,
#6659,#6660,#6661,#6662,#6663,#6664,#6665,#6666,#6667,#6668,#6669,#6670,
#6671,#6672,#6673,#6674),.UNSPECIFIED.,.F.,.F.,(4,3,3,3,3,3,3,4),(-72.9676403833455,
-72.5251364130477,-71.5375260954004,-70.5499157777531,-69.5623054601059,
-68.5746951424586,-67.5870848248113,-66.6844550761659),.UNSPECIFIED.);
#625=B_SPLINE_CURVE_WITH_KNOTS('',3,(#6679,#6680,#6681,#6682,#6683,#6684,
#6685,#6686,#6687,#6688,#6689,#6690,#6691,#6692,#6693,#6694,#6695,#6696,
#6697,#6698,#6699,#6700),.UNSPECIFIED.,.F.,.F.,(4,3,3,3,3,3,3,4),(64.1414162127734,
64.716606765152,65.7110821909606,66.7055576167691,67.7000330425777,68.6945084683862,
69.6889838941948,70.424601519953),.UNSPECIFIED.);
#626=B_SPLINE_CURVE_WITH_KNOTS('',3,(#6701,#6702,#6703,#6704,#6705,#6706,
#6707,#6708,#6709,#6710,#6711,#6712,#6713,#6714,#6715,#6716,#6717,#6718,
#6719,#6720,#6721,#6722,#6723,#6724,#6725),.UNSPECIFIED.,.F.,.F.,(4,3,3,
3,3,3,3,3,4),(-66.6844550761659,-66.599474507164,-65.6118641895167,-64.6242538718694,
-63.6366435542221,-62.6490332365748,-61.6614229189275,-60.6738126012802,
-60.4012697689862),.UNSPECIFIED.);
#627=B_SPLINE_CURVE_WITH_KNOTS('',3,(#6730,#6731,#6732,#6733,#6734,#6735,
#6736,#6737,#6738,#6739,#6740,#6741,#6742,#6743,#6744,#6745,#6746,#6747,
#6748,#6749,#6750,#6751),.UNSPECIFIED.,.F.,.F.,(4,3,3,3,3,3,3,4),(57.8582309055939,
58.7497542103008,59.7442296361093,60.7387050619178,61.7331804877264,62.7276559135349,
63.7221313393435,64.1414162127734),.UNSPECIFIED.);
#628=B_SPLINE_CURVE_WITH_KNOTS('',3,(#6752,#6753,#6754,#6755,#6756,#6757,
#6758,#6759,#6760,#6761,#6762,#6763,#6764,#6765,#6766,#6767,#6768,#6769,
#6770,#6771,#6772,#6773),.UNSPECIFIED.,.F.,.F.,(4,3,3,3,3,3,3,4),(-60.4012697689862,
-59.686202283633,-58.6985919659857,-57.7109816483384,-56.7233713306911,
-55.7357610130438,-54.7481506953965,-54.1180844618067),.UNSPECIFIED.);
#629=B_SPLINE_CURVE_WITH_KNOTS('',3,(#6778,#6779,#6780,#6781,#6782,#6783,
#6784,#6785,#6786,#6787,#6788,#6789,#6790,#6791,#6792,#6793,#6794,#6795,
#6796,#6797,#6798,#6799,#6800,#6801,#6802),.UNSPECIFIED.,.F.,.F.,(4,3,3,
3,3,3,3,3,4),(51.5750455984142,51.7884262296409,52.7829016554494,53.777377081258,
54.7718525070666,55.7663279328751,56.7608033586837,57.7552787844922,57.8582309055939),
 .UNSPECIFIED.);
#630=B_SPLINE_CURVE_WITH_KNOTS('',3,(#6803,#6804,#6805,#6806,#6807,#6808,
#6809,#6810,#6811,#6812,#6813,#6814,#6815,#6816,#6817,#6818,#6819,#6820,
#6821,#6822,#6823,#6824),.UNSPECIFIED.,.F.,.F.,(4,3,3,3,3,3,3,4),(-54.1180844618067,
-53.7605403777492,-52.7729300601019,-51.7853197424546,-50.7977094248074,
-49.8100991071601,-48.8224887895128,-47.8348991546271),.UNSPECIFIED.);
#631=B_SPLINE_CURVE_WITH_KNOTS('',3,(#6829,#6830,#6831,#6832,#6833,#6834,
#6835,#6836,#6837,#6838,#6839,#6840,#6841,#6842,#6843,#6844,#6845,#6846,
#6847,#6848,#6849,#6850),.UNSPECIFIED.,.F.,.F.,(4,3,3,3,3,3,3,4),(45.2918602912346,
45.8215736747896,46.8160491005982,47.8105245264067,48.8049999522152,49.7994753780238,
50.7939508038323,51.5750455984142),.UNSPECIFIED.);
#632=B_SPLINE_CURVE_WITH_KNOTS('',3,(#6851,#6852,#6853,#6854,#6855,#6856,
#6857,#6858,#6859,#6860,#6861,#6862,#6863,#6864,#6865,#6866,#6867,#6868,
#6869,#6870,#6871,#6872),.UNSPECIFIED.,.F.,.F.,(4,3,3,3,3,3,3,4),(-47.8348991546271,
-46.8472681542182,-45.8596578365709,-44.8720475189236,-43.8844372012763,
-42.896826883629,-41.9092165659817,-41.5517138474475),.UNSPECIFIED.);
#633=B_SPLINE_CURVE_WITH_KNOTS('',3,(#6877,#6878,#6879,#6880,#6881,#6882,
#6883,#6884,#6885,#6886,#6887,#6888,#6889,#6890,#6891,#6892,#6893,#6894,
#6895,#6896,#6897,#6898),.UNSPECIFIED.,.F.,.F.,(4,3,3,3,3,3,3,4),(39.0086749840551,
39.8547211199384,40.8491965457469,41.8436719715555,42.838147397364,43.8326228231725,
44.8270982489811,45.2918602912346),.UNSPECIFIED.);
#634=B_SPLINE_CURVE_WITH_KNOTS('',3,(#6899,#6900,#6901,#6902,#6903,#6904,
#6905,#6906,#6907,#6908,#6909,#6910,#6911,#6912,#6913,#6914,#6915,#6916,
#6917,#6918,#6919,#6920),.UNSPECIFIED.,.F.,.F.,(4,3,3,3,3,3,3,4),(-41.5517138474475,
-40.9216062483344,-39.9339959306871,-38.9463856130399,-37.9587752953926,
-36.9711649777453,-35.983554660098,-35.2685285402679),.UNSPECIFIED.);
#635=B_SPLINE_CURVE_WITH_KNOTS('',3,(#6925,#6926,#6927,#6928,#6929,#6930,
#6931,#6932,#6933,#6934,#6935,#6936,#6937,#6938,#6939,#6940,#6941,#6942,
#6943,#6944,#6945,#6946,#6947,#6948,#6949),.UNSPECIFIED.,.F.,.F.,(4,3,3,
3,3,3,3,3,4),(32.7254896768755,32.8933931392785,33.887868565087,34.8823439908956,
35.8768194167042,36.8712948425127,37.8657702683213,38.8602456941298,39.0086749840551),
 .UNSPECIFIED.);
#636=B_SPLINE_CURVE_WITH_KNOTS('',3,(#6950,#6951,#6952,#6953,#6954,#6955,
#6956,#6957,#6958,#6959,#6960,#6961,#6962,#6963,#6964,#6965,#6966,#6967,
#6968,#6969,#6970,#6971,#6972,#6973,#6974),.UNSPECIFIED.,.F.,.F.,(4,3,3,
3,3,3,3,3,4),(-35.2685285402679,-34.9959443424507,-34.0083340248034,-33.0207237071561,
-32.0331133895088,-31.0455030718615,-30.0578927542142,-29.0702824365669,
-28.9853432330883),.UNSPECIFIED.);
#637=B_SPLINE_CURVE_WITH_KNOTS('',3,(#6979,#6980,#6981,#6982,#6983,#6984,
#6985,#6986,#6987,#6988,#6989,#6990,#6991,#6992,#6993,#6994,#6995,#6996,
#6997,#6998,#6999,#7000),.UNSPECIFIED.,.F.,.F.,(4,3,3,3,3,3,3,4),(26.4423043696958,
26.9265405844272,27.9210160102358,28.9154914360443,29.9099668618529,30.9044422876614,
31.8989177134699,32.7254896768755),.UNSPECIFIED.);
#638=B_SPLINE_CURVE_WITH_KNOTS('',3,(#7001,#7002,#7003,#7004,#7005,#7006,
#7007,#7008,#7009,#7010,#7011,#7012,#7013,#7014,#7015,#7016,#7017,#7018,
#7019,#7020,#7021,#7022),.UNSPECIFIED.,.F.,.F.,(4,3,3,3,3,3,3,4),(-28.9853432330883,
-28.0826721189196,-27.0950618012724,-26.1074514836251,-25.1198411659778,
-24.1322308483305,-23.1446205306832,-22.7021579259087),.UNSPECIFIED.);
#639=B_SPLINE_CURVE_WITH_KNOTS('',3,(#7027,#7028,#7029,#7030,#7031,#7032,
#7033,#7034,#7035,#7036,#7037,#7038,#7039,#7040,#7041,#7042,#7043,#7044,
#7045,#7046,#7047,#7048),.UNSPECIFIED.,.F.,.F.,(4,3,3,3,3,3,3,4),(20.1591190625163,
20.9596880295759,21.9541634553845,22.948638881193,23.9431143070016,24.9375897328101,
25.9320651586187,26.4423043696958),.UNSPECIFIED.);
#640=B_SPLINE_CURVE_WITH_KNOTS('',3,(#7049,#7050,#7051,#7052,#7053,#7054,
#7055,#7056,#7057,#7058,#7059,#7060,#7061,#7062,#7063,#7064,#7065,#7066,
#7067,#7068,#7069,#7070),.UNSPECIFIED.,.F.,.F.,(4,3,3,3,3,3,3,4),(-22.7021579259087,
-22.1570102130359,-21.1693998953886,-20.1817895777413,-19.194179260094,
-18.2065689424467,-17.2189586247994,-16.4189726187292),.UNSPECIFIED.);
#641=B_SPLINE_CURVE_WITH_KNOTS('',3,(#7075,#7076,#7077,#7078,#7079,#7080,
#7081,#7082,#7083,#7084,#7085,#7086,#7087,#7088,#7089,#7090,#7091,#7092,
#7093,#7094,#7095,#7096,#7097,#7098,#7099),.UNSPECIFIED.,.F.,.F.,(4,3,3,
3,3,3,3,3,4),(13.8759337553367,13.9983600489161,14.9928354747247,15.9873109005332,
16.9817863263417,17.9762617521503,18.9707371779588,19.9652126037674,20.1591190625163),
 .UNSPECIFIED.);
#642=B_SPLINE_CURVE_WITH_KNOTS('',3,(#7100,#7101,#7102,#7103,#7104,#7105,
#7106,#7107,#7108,#7109,#7110,#7111,#7112,#7113,#7114,#7115,#7116,#7117,
#7118,#7119,#7120,#7121,#7122,#7123,#7124),.UNSPECIFIED.,.F.,.F.,(4,3,3,
3,3,3,3,3,4),(-16.4189726187292,-16.2313483071521,-15.2437379895049,-14.2561276718576,
-13.2685173542103,-12.280907036563,-11.2932967189157,-10.3056864012684,
-10.1357873115496),.UNSPECIFIED.);
#643=B_SPLINE_CURVE_WITH_KNOTS('',3,(#7130,#7131,#7132,#7133,#7134,#7135,
#7136,#7137,#7138,#7139,#7140,#7141,#7142),.UNSPECIFIED.,.F.,.F.,(4,3,3,
3,4),(-3.85260200436994,-3.39241417773741,-2.40480386009012,-1.41719354244283,
-0.429583224795754),.UNSPECIFIED.);
#644=B_SPLINE_CURVE_WITH_KNOTS('',3,(#7144,#7145,#7146,#7147,#7148,#7149,
#7150,#7151,#7152,#7153),.UNSPECIFIED.,.F.,.F.,(4,2,2,2,4),(0.571724608999752,
0.61936831695144,0.667012024903128,0.714655751784732,0.727928644101466),
 .UNSPECIFIED.);
#645=B_SPLINE_CURVE_WITH_KNOTS('',3,(#7155,#7156,#7157,#7158,#7159,#7160),
 .UNSPECIFIED.,.F.,.F.,(4,2,4),(0.489904860082453,0.524080901048064,0.571724608999752),
 .UNSPECIFIED.);
#646=B_SPLINE_CURVE_WITH_KNOTS('',3,(#7161,#7162,#7163,#7164,#7165,#7166,
#7167,#7168,#7169,#7170,#7171,#7172,#7173,#7174,#7175,#7176,#7177,#7178,
#7179),.UNSPECIFIED.,.F.,.F.,(4,3,3,3,3,3,4),(2.20322869976812,3.05913036502209,
4.05360579083064,5.0480812166392,6.04255664244774,7.0370320682563,7.59274844815714),
 .UNSPECIFIED.);
#647=B_SPLINE_CURVE_WITH_KNOTS('',3,(#7185,#7186,#7187,#7188,#7189,#7190,
#7191,#7192),.UNSPECIFIED.,.F.,.F.,(4,1,1,1,1,4),(84.8230016469244,85.3681079942739,
86.3557183119212,87.3433286295685,88.3309389472158,89.3185492648631),
 .UNSPECIFIED.);
#648=B_SPLINE_CURVE_WITH_KNOTS('',3,(#7194,#7195,#7196,#7197),
 .UNSPECIFIED.,.F.,.F.,(4,4),(0.697963008015318,0.730463310854112),
 .UNSPECIFIED.);
#649=B_SPLINE_CURVE_WITH_KNOTS('',3,(#7199,#7200,#7201,#7202,#7203,#7204),
 .UNSPECIFIED.,.F.,.F.,(4,2,4),(0.635468936618953,0.639799518737457,0.697963008015318),
 .UNSPECIFIED.);
#650=B_SPLINE_CURVE_WITH_KNOTS('',3,(#7205,#7206,#7207,#7208,#7209,#7210,
#7211,#7212,#7213),.UNSPECIFIED.,.F.,.F.,(4,1,1,1,1,1,4),(84.8230016469244,
85.0818594469746,86.0763348727832,87.0708102985917,88.0652857244003,89.0597611502088,
89.9579923770593),.UNSPECIFIED.);
#651=B_SPLINE_CURVE_WITH_KNOTS('',3,(#7218,#7219,#7220,#7221,#7222,#7223,
#7224,#7225,#7226,#7227),.UNSPECIFIED.,.F.,.F.,(4,1,1,1,1,1,1,4),(78.5398163397448,
79.4424460883902,80.4300564060375,81.4176667236848,82.4052770413321,83.3928873589794,
84.3804976766266,84.8230016469244),.UNSPECIFIED.);
#652=B_SPLINE_CURVE_WITH_KNOTS('',3,(#7228,#7229,#7230,#7231,#7232,#7233,
#7234,#7235,#7236,#7237),.UNSPECIFIED.,.F.,.F.,(4,1,1,1,1,1,1,4),(78.5398163397448,
79.1150068921234,80.1094823179319,81.1039577437405,82.098433169549,83.0929085953576,
84.0873840211661,84.8230016469244),.UNSPECIFIED.);
#653=B_SPLINE_CURVE_WITH_KNOTS('',3,(#7242,#7243,#7244,#7245,#7246,#7247,
#7248,#7249,#7250,#7251,#7252),.UNSPECIFIED.,.F.,.F.,(4,1,1,1,1,1,1,1,4),
(72.2566310325653,72.5291738648592,73.5167841825065,74.5043945001538,75.492004817801,
76.4796151354483,77.4672254530956,78.4548357707429,78.5398163397448),
 .UNSPECIFIED.);
#654=B_SPLINE_CURVE_WITH_KNOTS('',3,(#7253,#7254,#7255,#7256,#7257,#7258,
#7259,#7260,#7261,#7262),.UNSPECIFIED.,.F.,.F.,(4,1,1,1,1,1,1,4),(72.2566310325652,
73.1481543372721,74.1426297630806,75.1371051888892,76.1315806146977,77.1260560405063,
78.1205314663148,78.5398163397448),.UNSPECIFIED.);
#655=B_SPLINE_CURVE_WITH_KNOTS('',3,(#7267,#7268,#7269,#7270,#7271,#7272,
#7273,#7274,#7275,#7276),.UNSPECIFIED.,.F.,.F.,(4,1,1,1,1,1,1,4),(65.9734457253856,
66.6035119589754,67.5911222766227,68.57873259427,69.5663429119173,70.5539532295646,
71.5415635472119,72.2566310325653),.UNSPECIFIED.);
#656=B_SPLINE_CURVE_WITH_KNOTS('',3,(#7277,#7278,#7279,#7280,#7281,#7282,
#7283,#7284,#7285,#7286,#7287),.UNSPECIFIED.,.F.,.F.,(4,1,1,1,1,1,1,1,4),
(65.9734457253856,66.1868263566122,67.1813017824208,68.1757772082293,69.1702526340379,
70.1647280598464,71.159203485655,72.1536789114635,72.2566310325652),
 .UNSPECIFIED.);
#657=B_SPLINE_CURVE_WITH_KNOTS('',3,(#7292,#7293,#7294,#7295,#7296,#7297,
#7298,#7299,#7300,#7301),.UNSPECIFIED.,.F.,.F.,(4,1,1,1,1,1,1,4),(59.690260418206,
60.6778500530917,61.665460370739,62.6530706883863,63.6406810060335,64.6282913236808,
65.6159016413281,65.9734457253856),.UNSPECIFIED.);
#658=B_SPLINE_CURVE_WITH_KNOTS('',3,(#7302,#7303,#7304,#7305,#7306,#7307,
#7308,#7309,#7310,#7311),.UNSPECIFIED.,.F.,.F.,(4,1,1,1,1,1,1,4),(59.690260418206,
60.219973801761,61.2144492275695,62.208924653378,63.2034000791866,64.1978755049952,
65.1923509308037,65.9734457253856),.UNSPECIFIED.);
#659=B_SPLINE_CURVE_WITH_KNOTS('',3,(#7316,#7317,#7318,#7319,#7320,#7321,
#7322,#7323,#7324,#7325,#7326),.UNSPECIFIED.,.F.,.F.,(4,1,1,1,1,1,1,1,4),
(53.4070751110265,53.7645778295607,54.7521881472079,55.7397984648552,56.7274087825025,
57.7150191001498,58.7026294177971,59.6902397354444,59.690260418206),
 .UNSPECIFIED.);
#660=B_SPLINE_CURVE_WITH_KNOTS('',3,(#7327,#7328,#7329,#7330,#7331,#7332,
#7333,#7334,#7335,#7336),.UNSPECIFIED.,.F.,.F.,(4,1,1,1,1,1,1,4),(53.4070751110265,
54.2531212469097,55.2475966727182,56.2420720985268,57.2365475243353,58.2310229501439,
59.2254983759524,59.690260418206),.UNSPECIFIED.);
#661=B_SPLINE_CURVE_WITH_KNOTS('',3,(#7341,#7342,#7343,#7344,#7345,#7346,
#7347,#7348,#7349,#7350),.UNSPECIFIED.,.F.,.F.,(4,1,1,1,1,1,1,4),(47.1238898038468,
47.8389159236769,48.8265262413242,49.8141365589715,50.8017468766188,51.7893571942661,
52.7769675119134,53.4070751110265),.UNSPECIFIED.);
#662=B_SPLINE_CURVE_WITH_KNOTS('',3,(#7351,#7352,#7353,#7354,#7355,#7356,
#7357,#7358,#7359,#7360,#7361),.UNSPECIFIED.,.F.,.F.,(4,1,1,1,1,1,1,1,4),
(47.1238898038469,47.2917932662498,48.2862686920584,49.2807441178669,50.2752195436755,
51.269694969484,52.2641703952926,53.2586458211011,53.4070751110265),
 .UNSPECIFIED.);
#663=B_SPLINE_CURVE_WITH_KNOTS('',3,(#7366,#7367,#7368,#7369,#7370,#7371,
#7372,#7373,#7374,#7375,#7376),.UNSPECIFIED.,.F.,.F.,(4,1,1,1,1,1,1,1,4),
(40.8407044966672,40.9256437001459,41.9132540177932,42.9008643354405,43.8884746530877,
44.876084970735,45.8636952883823,46.8513056060296,47.1238898038468),
 .UNSPECIFIED.);
#664=B_SPLINE_CURVE_WITH_KNOTS('',3,(#7377,#7378,#7379,#7380,#7381,#7382,
#7383,#7384,#7385,#7386),.UNSPECIFIED.,.F.,.F.,(4,1,1,1,1,1,1,4),(40.8407044966672,
41.3249407113986,42.3194161372071,43.3138915630156,44.3083669888242,45.3028424146327,
46.2973178404413,47.1238898038469),.UNSPECIFIED.);
#665=B_SPLINE_CURVE_WITH_KNOTS('',3,(#7391,#7392,#7393,#7394,#7395,#7396,
#7397,#7398,#7399,#7400),.UNSPECIFIED.,.F.,.F.,(4,1,1,1,1,1,1,4),(34.5575191894877,
34.9999817942621,35.9875921119094,36.9752024295567,37.962812747204,38.9504230648513,
39.9380333824986,40.8407044966672),.UNSPECIFIED.);
#666=B_SPLINE_CURVE_WITH_KNOTS('',3,(#7401,#7402,#7403,#7404,#7405,#7406,
#7407,#7408,#7409,#7410),.UNSPECIFIED.,.F.,.F.,(4,1,1,1,1,1,1,4),(34.5575191894877,
35.3580881565473,36.3525635823558,37.3470390081644,38.3415144339729,39.3359898597815,
40.33046528559,40.8407044966672),.UNSPECIFIED.);
#667=B_SPLINE_CURVE_WITH_KNOTS('',3,(#7415,#7416,#7417,#7418,#7419,#7420,
#7421,#7422,#7423,#7424),.UNSPECIFIED.,.F.,.F.,(4,1,1,1,1,1,1,4),(28.2743338823081,
29.0743198883784,30.0619302060257,31.049540523673,32.0371508413203,33.0247611589676,
34.0123714766148,34.5575191894877),.UNSPECIFIED.);
#668=B_SPLINE_CURVE_WITH_KNOTS('',3,(#7425,#7426,#7427,#7428,#7429,#7430,
#7431,#7432,#7433,#7434,#7435),.UNSPECIFIED.,.F.,.F.,(4,1,1,1,1,1,1,1,4),
(28.2743338823081,28.3967601758874,29.391235601696,30.3857110275045,31.3801864533131,
32.3746618791216,33.3691373049302,34.3636127307387,34.5575191894877),
 .UNSPECIFIED.);
#669=B_SPLINE_CURVE_WITH_KNOTS('',3,(#7440,#7441,#7442,#7443,#7444,#7445,
#7446,#7447,#7448,#7449,#7450),.UNSPECIFIED.,.F.,.F.,(4,1,1,1,1,1,1,1,4),
(21.9911485751285,22.1610476648474,23.1486579824946,24.1362683001419,25.1238786177892,
26.1114889354365,27.0990992530838,28.0867095707311,28.2743338823081),
 .UNSPECIFIED.);
#670=B_SPLINE_CURVE_WITH_KNOTS('',3,(#7451,#7452,#7453,#7454,#7455,#7456,
#7457,#7458,#7459,#7460),.UNSPECIFIED.,.F.,.F.,(4,1,1,1,1,1,1,4),(21.9911485751285,
22.4299076210362,23.4243830468447,24.4188584726532,25.4133338984618,26.4078093242703,
27.4022847500789,28.2743338823081),.UNSPECIFIED.);
#671=B_SPLINE_CURVE_WITH_KNOTS('',3,(#7466,#7467,#7468,#7469,#7470),
 .UNSPECIFIED.,.F.,.F.,(4,1,4),(14.4741042145678,15.4685796403763,15.7079632679489),
 .UNSPECIFIED.);
#672=B_SPLINE_CURVE_WITH_KNOTS('',3,(#7472,#7473,#7474,#7475),
 .UNSPECIFIED.,.F.,.F.,(4,4),(0.232576018689077,0.282603375374572),
 .UNSPECIFIED.);
#673=B_SPLINE_CURVE_WITH_KNOTS('',3,(#7477,#7478,#7479,#7480),
 .UNSPECIFIED.,.F.,.F.,(4,4),(0.198684721592421,0.232576018689077),
 .UNSPECIFIED.);
#674=B_SPLINE_CURVE_WITH_KNOTS('',3,(#7481,#7482,#7483,#7484,#7485,#7486),
 .UNSPECIFIED.,.F.,.F.,(4,1,1,4),(13.9108170087936,14.260165123669,15.2477754413163,
15.7079632679489),.UNSPECIFIED.);
#675=B_SPLINE_CURVE_WITH_KNOTS('',3,(#7642,#7643,#7644,#7645,#7646,#7647,
#7648,#7649,#7650,#7651,#7652,#7653,#7654,#7655,#7656,#7657,#7658,#7659,
#7660,#7661,#7662,#7663,#7664,#7665,#7666,#7667,#7668,#7669,#7670,#7671,
#7672,#7673,#7674,#7675,#7676,#7677,#7678,#7679,#7680,#7681,#7682,#7683,
#7684,#7685,#7686,#7687,#7688,#7689,#7690,#7691,#7692,#7693,#7694,#7695,
#7696,#7697,#7698,#7699,#7700,#7701,#7702,#7703,#7704,#7705,#7706,#7707,
#7708,#7709,#7710,#7711,#7712,#7713,#7714),.UNSPECIFIED.,.F.,.F.,(4,3,3,
3,3,3,3,3,3,3,3,3,3,3,3,3,3,3,3,3,3,3,3,3,4),(0.,0.0172955802555578,0.0348224804272913,
0.0524063176739334,0.0587611131290041,0.0751594063219232,0.0914906074651889,
0.10756075845272,0.112204765484866,0.128143928145551,0.143677255758336,
0.151378260907173,0.153580276518682,0.169270228762233,0.18526618454041,
0.194424834336709,0.210825632737712,0.227265824996249,0.237405307787772,
0.254033107399482,0.270139631487937,0.274718217312009,0.290997979742928,
0.292360785866641,0.310436424891444),.UNSPECIFIED.);
#676=B_SPLINE_CURVE_WITH_KNOTS('',3,(#7715,#7716,#7717,#7718,#7719,#7720,
#7721,#7722,#7723,#7724,#7725,#7726),.UNSPECIFIED.,.F.,.F.,(4,2,2,2,2,4),
(0.,0.0450166562915303,0.0936291464547917,0.14705560166468,0.185200948583581,
0.227722827981094),.UNSPECIFIED.);
#677=B_SPLINE_CURVE_WITH_KNOTS('',3,(#7727,#7728,#7729,#7730,#7731,#7732,
#7733,#7734,#7735,#7736,#7737,#7738,#7739,#7740,#7741,#7742,#7743,#7744,
#7745,#7746,#7747,#7748,#7749,#7750,#7751,#7752,#7753,#7754,#7755,#7756,
#7757,#7758,#7759,#7760,#7761,#7762,#7763,#7764,#7765,#7766,#7767,#7768,
#7769,#7770,#7771,#7772,#7773,#7774,#7775,#7776,#7777,#7778,#7779,#7780,
#7781,#7782,#7783,#7784,#7785,#7786,#7787,#7788,#7789,#7790,#7791,#7792,
#7793,#7794,#7795,#7796,#7797,#7798,#7799),.UNSPECIFIED.,.F.,.F.,(4,3,3,
3,3,3,3,3,3,3,3,3,3,3,3,3,3,3,3,3,3,3,3,3,4),(0.,0.0172954227617663,0.0348222767081191,
0.0524061257001456,0.0587611131289462,0.0751594059801487,0.0914906118233269,
0.10756070433663,0.11220476548476,0.128143948389888,0.143677217032225,0.151378260907076,
0.153580276518577,0.169270281714949,0.185266194750644,0.194424834336575,
0.210825665560266,0.227265860845363,0.237405307787643,0.254033092390495,
0.27013967035652,0.274718217311878,0.290998012908873,0.292360785866473,
0.310436424891277),.UNSPECIFIED.);
#678=B_SPLINE_CURVE_WITH_KNOTS('',3,(#7800,#7801,#7802,#7803,#7804,#7805,
#7806,#7807,#7808,#7809,#7810,#7811),.UNSPECIFIED.,.F.,.F.,(4,2,2,2,2,4),
(0.,0.045016656291531,0.0936291464547947,0.147055601664636,0.185200948583542,
0.227722827981108),.UNSPECIFIED.);
#679=B_SPLINE_CURVE_WITH_KNOTS('',3,(#7820,#7821,#7822,#7823,#7824,#7825,
#7826,#7827,#7828,#7829,#7830,#7831,#7832,#7833,#7834,#7835,#7836,#7837,
#7838,#7839,#7840,#7841,#7842,#7843,#7844,#7845,#7846,#7847,#7848,#7849,
#7850,#7851,#7852,#7853,#7854,#7855,#7856,#7857,#7858,#7859,#7860,#7861,
#7862,#7863,#7864,#7865,#7866,#7867,#7868,#7869,#7870,#7871,#7872,#7873,
#7874,#7875,#7876,#7877,#7878,#7879,#7880,#7881,#7882,#7883,#7884,#7885,
#7886,#7887,#7888,#7889,#7890,#7891,#7892),.UNSPECIFIED.,.F.,.F.,(4,3,3,
3,3,3,3,3,3,3,3,3,3,3,3,3,3,3,3,3,3,3,3,3,4),(0.,0.0172958312952319,0.0348228049765063,
0.0524066229689652,0.0587611131289651,0.0751594066097434,0.0914905997091489,
0.107560842958664,0.112204765484751,0.128143894821548,0.143677315238542,
0.151378260907071,0.153580276518528,0.169270142270491,0.185266164006147,
0.194424834336491,0.210825579365952,0.227265763330751,0.23740530778748,
0.254033131009962,0.270139564117957,0.274718217311684,0.290997923091374,
0.292360785866352,0.310436424891093),.UNSPECIFIED.);
#680=B_SPLINE_CURVE_WITH_KNOTS('',3,(#7893,#7894,#7895,#7896,#7897,#7898,
#7899,#7900,#7901,#7902,#7903,#7904),.UNSPECIFIED.,.F.,.F.,(4,2,2,2,2,4),
(0.,0.0450166562914978,0.0936291464547156,0.147055601664533,0.185200948583411,
0.227722827980854),.UNSPECIFIED.);
#681=B_SPLINE_CURVE_WITH_KNOTS('',3,(#7905,#7906,#7907,#7908,#7909,#7910,
#7911,#7912,#7913,#7914,#7915,#7916,#7917,#7918,#7919,#7920,#7921,#7922,
#7923,#7924,#7925,#7926,#7927,#7928,#7929,#7930,#7931,#7932,#7933,#7934,
#7935,#7936,#7937,#7938,#7939,#7940,#7941,#7942,#7943,#7944,#7945,#7946,
#7947,#7948,#7949,#7950,#7951,#7952,#7953,#7954,#7955,#7956,#7957,#7958,
#7959,#7960,#7961,#7962,#7963,#7964,#7965,#7966,#7967,#7968,#7969,#7970,
#7971,#7972,#7973,#7974,#7975,#7976,#7977),.UNSPECIFIED.,.F.,.F.,(4,3,3,
3,3,3,3,3,3,3,3,3,3,3,3,3,3,3,3,3,3,3,3,3,4),(0.,0.0172956621724205,0.0348225863540699,
0.0524064173886905,0.058761113128952,0.0751594064498987,0.0914906050414359,
0.107560786260854,0.112204765484703,0.128143917410677,0.143677275465414,
0.15137826090701,0.153580276518472,0.169270200816277,0.185266178409232,
0.194424834336411,0.210825615460605,0.227265805481684,0.23740530778738,
0.254033115145013,0.270139610236312,0.274718217311587,0.290997961768426,
0.292360785866275,0.310436424891006),.UNSPECIFIED.);
#682=B_SPLINE_CURVE_WITH_KNOTS('',3,(#7978,#7979,#7980,#7981,#7982,#7983,
#7984,#7985,#7986,#7987,#7988,#7989),.UNSPECIFIED.,.F.,.F.,(4,2,2,2,2,4),
(0.,0.0450166562915085,0.0936291464547495,0.14705560166459,0.185200948583475,
0.227722827980957),.UNSPECIFIED.);
#683=B_SPLINE_CURVE_WITH_KNOTS('',3,(#7991,#7992,#7993,#7994,#7995,#7996,
#7997,#7998,#7999,#8000),.UNSPECIFIED.,.F.,.F.,(4,1,1,1,1,1,1,4),(15.7079632679489,
16.2353857589636,17.2229960766109,18.2106063942582,19.1982167119055,20.1858270295528,
21.1734373472001,21.9911485751285),.UNSPECIFIED.);
#684=B_SPLINE_CURVE_WITH_KNOTS('',3,(#8001,#8002,#8003,#8004,#8005,#8006,
#8007,#8008,#8009,#8010),.UNSPECIFIED.,.F.,.F.,(4,1,1,1,1,1,1,4),(15.7079632679489,
16.4630550661849,17.4575304919934,18.452005917802,19.4464813436105,20.4409567694191,
21.4354321952276,21.9911485751285),.UNSPECIFIED.);
#685=B_SPLINE_CURVE_WITH_KNOTS('',3,(#8015,#8016,#8017,#8018,#8019,#8020,
#8021,#8022,#8023,#8024),.UNSPECIFIED.,.F.,.F.,(4,3,3,4),(-0.0429052623679581,
-0.0268535115054893,-0.01082248762036,-0.00164411950743337),
 .UNSPECIFIED.);
#686=B_SPLINE_CURVE_WITH_KNOTS('',3,(#8029,#8030,#8031,#8032,#8033,#8034,
#8035,#8036,#8037,#8038,#8039,#8040,#8041,#8042,#8043,#8044,#8045,#8046,
#8047,#8048,#8049,#8050,#8051,#8052,#8053,#8054,#8055,#8056,#8057,#8058,
#8059,#8060,#8061,#8062,#8063,#8064,#8065,#8066,#8067,#8068),
 .UNSPECIFIED.,.F.,.F.,(4,3,3,3,3,3,3,3,3,3,3,3,3,4),(-0.16221875423482,
-0.144629460873014,-0.127406382121689,-0.117878468253006,-0.113920012740076,
-0.096172516850445,-0.0918615807875978,-0.0746806538953636,-0.0658000545358215,
-0.0608988243528671,-0.056879062297518,-0.0392201567722982,-0.0210364804746386,
-0.0096370866330194),.UNSPECIFIED.);
#687=B_SPLINE_CURVE_WITH_KNOTS('',3,(#8393,#8394,#8395,#8396,#8397,#8398,
#8399,#8400,#8401,#8402,#8403,#8404,#8405,#8406,#8407,#8408,#8409,#8410,
#8411,#8412,#8413,#8414,#8415,#8416,#8417,#8418,#8419,#8420,#8421,#8422,
#8423,#8424,#8425,#8426,#8427,#8428,#8429),.UNSPECIFIED.,.F.,.F.,(4,3,3,
3,3,3,3,3,3,3,3,3,4),(0.,0.0167272831367768,0.0340599006101028,0.0459343562527691,
0.0635381019098934,0.081470133450991,0.0984612502600539,0.0994021649920887,
0.117296087190043,0.133974147439538,0.142748080866807,0.14354810245528,
0.15711407936267),.UNSPECIFIED.);
#688=B_SPLINE_CURVE_WITH_KNOTS('',3,(#8430,#8431,#8432,#8433,#8434,#8435,
#8436,#8437,#8438,#8439,#8440,#8441,#8442,#8443,#8444,#8445,#8446,#8447,
#8448,#8449,#8450,#8451),.UNSPECIFIED.,.F.,.F.,(4,3,3,3,3,3,3,4),(-10.1357873115496,
-9.31807608362113,-8.33046576597384,-7.34285544832656,-6.35524513067928,
-5.36763481303198,-4.3800244953847,-3.85260200436994),.UNSPECIFIED.);
#689=B_SPLINE_CURVE_WITH_KNOTS('',3,(#8452,#8453,#8454,#8455),
 .UNSPECIFIED.,.F.,.F.,(4,4),(0.19830551118553,0.200337258519726),
 .UNSPECIFIED.);
#690=B_SPLINE_CURVE_WITH_KNOTS('',3,(#8780,#8781,#8782,#8783,#8784,#8785,
#8786,#8787,#8788,#8789,#8790,#8791,#8792,#8793,#8794,#8795,#8796,#8797,
#8798,#8799,#8800,#8801),.UNSPECIFIED.,.F.,.F.,(4,3,3,3,3,3,3,4),(0.223535353082009,
0.239321443152737,0.255074439232568,0.258408718014262,0.275580768769357,
0.292752819524452,0.302283942554317,0.30756857058407),.UNSPECIFIED.);
#691=B_SPLINE_CURVE_WITH_KNOTS('',3,(#8802,#8803,#8804,#8805,#8806,#8807),
 .UNSPECIFIED.,.F.,.F.,(4,2,4),(0.,0.051932462622153,0.0685703025760954),
 .UNSPECIFIED.);
#692=B_SPLINE_CURVE_WITH_KNOTS('',3,(#8808,#8809,#8810,#8811,#8812,#8813,
#8814,#8815,#8816,#8817,#8818,#8819,#8820,#8821,#8822,#8823,#8824,#8825,
#8826,#8827,#8828,#8829),.UNSPECIFIED.,.F.,.F.,(4,3,3,3,3,3,3,4),(7.59274844815714,
8.03150749406485,9.02598291987339,10.0204583456819,11.0149337714905,12.009409197299,
13.0038846231076,13.8759337553367),.UNSPECIFIED.);
#693=B_SPLINE_CURVE_WITH_KNOTS('',3,(#8835,#8836,#8837,#8838,#8839,#8840,
#8841,#8842,#8843,#8844,#8845,#8846,#8847,#8848,#8849,#8850,#8851,#8852,
#8853,#8854,#8855,#8856,#8857,#8858,#8859,#8860,#8861,#8862,#8863,#8864,
#8865,#8866,#8867,#8868,#8869,#8870,#8871),.UNSPECIFIED.,.F.,.F.,(4,3,3,
3,3,3,3,3,3,3,3,3,4),(0.,0.0167276310507003,0.0340603539229965,0.0459343562528064,
0.0635381482020765,0.0814701565971543,0.0984609445561716,0.0994021649922321,
0.117295712896441,0.133973389615694,0.142748080867015,0.143548102455496,
0.157114079362987),.UNSPECIFIED.);
#694=B_SPLINE_CURVE_WITH_KNOTS('',3,(#8874,#8875,#8876,#8877),
 .UNSPECIFIED.,.F.,.F.,(4,4),(0.198305511185754,0.200337258520018),
 .UNSPECIFIED.);
#695=B_SPLINE_CURVE_WITH_KNOTS('',3,(#8883,#8884,#8885,#8886,#8887,#8888),
 .UNSPECIFIED.,.F.,.F.,(4,2,4),(0.,0.0519324626221531,0.0685703025761042),
 .UNSPECIFIED.);
#696=B_SPLINE_CURVE_WITH_KNOTS('',3,(#8891,#8892,#8893,#8894,#8895,#8896,
#8897,#8898,#8899,#8900,#8901,#8902,#8903,#8904,#8905,#8906,#8907,#8908,
#8909,#8910,#8911,#8912),.UNSPECIFIED.,.F.,.F.,(4,3,3,3,3,3,3,4),(0.223535353082019,
0.239321378732369,0.255074390988547,0.258408718052325,0.275580768790289,
0.292752819528253,0.302283942472169,0.307568570587589),.UNSPECIFIED.);
#697=B_SPLINE_CURVE_WITH_KNOTS('',3,(#8915,#8916,#8917,#8918,#8919,#8920,
#8921,#8922,#8923,#8924),.UNSPECIFIED.,.F.,.F.,(4,1,1,1,1,1,1,4),(15.7079632679489,
16.2353857589641,17.2229960766114,18.2106063942587,19.198216711906,20.1858270295532,
21.1734373472005,21.9911485751285),.UNSPECIFIED.);
#698=B_SPLINE_CURVE_WITH_KNOTS('',3,(#8925,#8926,#8927,#8928,#8929,#8930,
#8931,#8932,#8933,#8934),.UNSPECIFIED.,.F.,.F.,(4,1,1,1,1,1,1,4),(15.7079632679489,
16.4630550661855,17.4575304919941,18.4520059178026,19.4464813436111,20.4409567694197,
21.4354321952282,21.9911485751285),.UNSPECIFIED.);
#699=B_SPLINE_CURVE_WITH_KNOTS('',3,(#8939,#8940,#8941,#8942,#8943,#8944,
#8945,#8946,#8947,#8948),.UNSPECIFIED.,.F.,.F.,(4,3,3,4),(-0.0429052623678561,
-0.0268534963467377,-0.0108224738799375,-0.00164411950747857),
 .UNSPECIFIED.);
#700=B_SPLINE_CURVE_WITH_KNOTS('',3,(#8953,#8954,#8955,#8956,#8957,#8958,
#8959,#8960,#8961,#8962,#8963,#8964,#8965,#8966,#8967,#8968,#8969,#8970,
#8971,#8972,#8973,#8974,#8975,#8976,#8977,#8978,#8979,#8980,#8981,#8982,
#8983,#8984,#8985,#8986,#8987,#8988,#8989,#8990,#8991,#8992),
 .UNSPECIFIED.,.F.,.F.,(4,3,3,3,3,3,3,3,3,3,3,3,3,4),(-0.162218754234723,
-0.144629460872933,-0.127406517542423,-0.117878635388357,-0.113920005345119,
-0.0961725308207481,-0.0918615807875654,-0.0746810150649744,-0.0658002378388033,
-0.0608988155660355,-0.0568790685010994,-0.0392205201642878,-0.0210369541105589,
-0.00963708663295816),.UNSPECIFIED.);
#701=B_SPLINE_CURVE_WITH_KNOTS('',3,(#9317,#9318,#9319,#9320,#9321,#9322,
#9323,#9324,#9325,#9326,#9327,#9328,#9329,#9330,#9331,#9332,#9333,#9334,
#9335,#9336,#9337,#9338,#9339,#9340,#9341,#9342,#9343,#9344,#9345,#9346,
#9347,#9348,#9349,#9350,#9351,#9352,#9353),.UNSPECIFIED.,.F.,.F.,(4,3,3,
3,3,3,3,3,3,3,3,3,4),(0.,0.0167278084934852,0.034060584365192,0.0459343562528056,
0.0635381708506416,0.0814701679214368,0.0984607861380413,0.099402164992232,
0.117295519760406,0.133972998817964,0.142748080867044,0.143548102455551,
0.157114079363029),.UNSPECIFIED.);
#702=B_SPLINE_CURVE_WITH_KNOTS('',3,(#9354,#9355,#9356,#9357,#9358,#9359,
#9360,#9361,#9362,#9363,#9364,#9365,#9366,#9367,#9368,#9369,#9370,#9371,
#9372,#9373,#9374,#9375),.UNSPECIFIED.,.F.,.F.,(4,3,3,3,3,3,3,4),(-10.1357873115493,
-9.31807608362129,-8.33046576597401,-7.34285544832673,-6.35524513067945,
-5.36763481303216,-4.38002449538488,-3.85260200436969),.UNSPECIFIED.);
#703=B_SPLINE_CURVE_WITH_KNOTS('',3,(#9376,#9377,#9378,#9379),
 .UNSPECIFIED.,.F.,.F.,(4,4),(0.198305511185822,0.200337258520072),
 .UNSPECIFIED.);
#704=B_SPLINE_CURVE_WITH_KNOTS('',3,(#9704,#9705,#9706,#9707,#9708,#9709,
#9710,#9711,#9712,#9713,#9714,#9715,#9716,#9717,#9718,#9719,#9720,#9721,
#9722,#9723,#9724,#9725),.UNSPECIFIED.,.F.,.F.,(4,3,3,3,3,3,3,4),(0.223535353082377,
0.239321345113445,0.255074366211853,0.258408718052065,0.275580768790423,
0.292752819528781,0.302283942474199,0.307568570587794),.UNSPECIFIED.);
#705=B_SPLINE_CURVE_WITH_KNOTS('',3,(#9726,#9727,#9728,#9729,#9730,#9731),
 .UNSPECIFIED.,.F.,.F.,(4,2,4),(0.,0.0519324626221848,0.0685703025761857),
 .UNSPECIFIED.);
#706=B_SPLINE_CURVE_WITH_KNOTS('',3,(#9732,#9733,#9734,#9735,#9736,#9737,
#9738,#9739,#9740,#9741,#9742,#9743,#9744,#9745,#9746,#9747,#9748,#9749,
#9750,#9751,#9752,#9753),.UNSPECIFIED.,.F.,.F.,(4,3,3,3,3,3,3,4),(7.5927484481567,
8.03150749406501,9.02598291987356,10.0204583456821,11.0149337714906,12.0094091972992,
13.0038846231077,13.8759337553363),.UNSPECIFIED.);
#707=B_SPLINE_CURVE_WITH_KNOTS('',3,(#9761,#9762,#9763,#9764,#9765,#9766),
 .UNSPECIFIED.,.F.,.F.,(4,2,4),(0.,0.0519324626221162,0.0685703025760763),
 .UNSPECIFIED.);
#708=B_SPLINE_CURVE_WITH_KNOTS('',3,(#9769,#9770,#9771,#9772,#9773,#9774,
#9775,#9776,#9777,#9778,#9779,#9780,#9781,#9782,#9783,#9784,#9785,#9786,
#9787,#9788,#9789,#9790),.UNSPECIFIED.,.F.,.F.,(4,3,3,3,3,3,3,4),(0.2235353530819,
0.239321275568548,0.255074315892288,0.2584087180512,0.275580768789628,0.292752819528056,
0.302283942474054,0.307568570586787),.UNSPECIFIED.);
#709=B_SPLINE_CURVE_WITH_KNOTS('',3,(#9792,#9793,#9794,#9795,#9796,#9797,
#9798,#9799,#9800,#9801,#9802,#9803,#9804,#9805,#9806,#9807,#9808,#9809,
#9810,#9811,#9812,#9813,#9814,#9815,#9816,#9817,#9818,#9819,#9820,#9821,
#9822,#9823,#9824,#9825,#9826,#9827,#9828),.UNSPECIFIED.,.F.,.F.,(4,3,3,
3,3,3,3,3,3,3,3,3,4),(0.,0.0167281796025594,0.0340610646813228,0.0459343562528052,
0.0635382161347874,0.0814701905635188,0.0984604494164253,0.0994021649922502,
0.117295110981284,0.133972172212662,0.142748080867106,0.143548102455612,
0.157114079363114),.UNSPECIFIED.);
#710=B_SPLINE_CURVE_WITH_KNOTS('',3,(#9831,#9832,#9833,#9834),
 .UNSPECIFIED.,.F.,.F.,(4,4),(0.198305511185939,0.200337258520187),
 .UNSPECIFIED.);
#711=B_SPLINE_CURVE_WITH_KNOTS('',3,(#9837,#9838,#9839,#9840,#9841,#9842,
#9843,#9844,#9845,#9846),.UNSPECIFIED.,.F.,.F.,(4,1,1,1,1,1,1,4),(15.7079632679489,
16.2353857589641,17.2229960766114,18.2106063942587,19.198216711906,20.1858270295533,
21.1734373472006,21.9911485751285),.UNSPECIFIED.);
#712=B_SPLINE_CURVE_WITH_KNOTS('',3,(#9847,#9848,#9849,#9850,#9851,#9852,
#9853,#9854,#9855,#9856),.UNSPECIFIED.,.F.,.F.,(4,1,1,1,1,1,1,4),(15.7079632679489,
16.4630550661856,17.4575304919941,18.4520059178027,19.4464813436112,20.4409567694197,
21.4354321952283,21.9911485751285),.UNSPECIFIED.);
#713=B_SPLINE_CURVE_WITH_KNOTS('',3,(#9858,#9859,#9860,#9861,#9862,#9863,
#9864,#9865,#9866,#9867),.UNSPECIFIED.,.F.,.F.,(4,3,3,4),(-0.0429052623678449,
-0.0268534864439537,-0.010822467818797,-0.00164411950748112),
 .UNSPECIFIED.);
#714=B_SPLINE_CURVE_WITH_KNOTS('',3,(#9869,#9870,#9871,#9872,#9873,#9874,
#9875,#9876,#9877,#9878,#9879,#9880,#9881,#9882,#9883,#9884,#9885,#9886,
#9887,#9888,#9889,#9890,#9891,#9892,#9893,#9894,#9895,#9896,#9897,#9898,
#9899,#9900,#9901,#9902,#9903,#9904,#9905,#9906,#9907,#9908),
 .UNSPECIFIED.,.F.,.F.,(4,3,3,3,3,3,3,3,3,3,3,3,3,4),(-0.16221875423472,
-0.144629460872929,-0.127406616595385,-0.117878760152451,-0.113920001730289,
-0.0961725456218763,-0.091861580787558,-0.0746812740392332,-0.0658003698546518,
-0.0608988141317948,-0.056879074689905,-0.0392207824747243,-0.0210372952023943,
-0.00963708663294706),.UNSPECIFIED.);
#715=B_SPLINE_CURVE_WITH_KNOTS('',3,(#10233,#10234,#10235,#10236,#10237,
#10238,#10239,#10240,#10241,#10242,#10243,#10244,#10245,#10246,#10247,#10248,
#10249,#10250,#10251,#10252,#10253,#10254),.UNSPECIFIED.,.F.,.F.,(4,3,3,
3,3,3,3,4),(-10.1357873115492,-9.31807608362129,-8.330465765974,-7.34285544832671,
-6.35524513067943,-5.36763481303214,-4.38002449538486,-3.85260200436966),
 .UNSPECIFIED.);
#716=B_SPLINE_CURVE_WITH_KNOTS('',3,(#10579,#10580,#10581,#10582,#10583,
#10584,#10585,#10586,#10587,#10588,#10589,#10590,#10591,#10592,#10593,#10594,
#10595,#10596,#10597,#10598,#10599,#10600),.UNSPECIFIED.,.F.,.F.,(4,3,3,
3,3,3,3,4),(7.59274844815667,8.03150749406502,9.02598291987356,10.0204583456821,
11.0149337714906,12.0094091972992,13.0038846231077,13.8759337553362),
 .UNSPECIFIED.);
#717=B_SPLINE_CURVE_WITH_KNOTS('',3,(#10603,#10604,#10605,#10606,#10607,
#10608,#10609,#10610,#10611,#10612),.UNSPECIFIED.,.F.,.F.,(4,1,1,1,1,1,
1,4),(15.7079632679489,16.2353857589636,17.2229960766109,18.2106063942582,
19.1982167119055,20.1858270295528,21.1734373472,21.9911485751285),
 .UNSPECIFIED.);
#718=B_SPLINE_CURVE_WITH_KNOTS('',3,(#10613,#10614,#10615,#10616,#10617,
#10618,#10619,#10620,#10621,#10622),.UNSPECIFIED.,.F.,.F.,(4,1,1,1,1,1,
1,4),(15.707963267949,16.4630550661849,17.4575304919934,18.452005917802,
19.4464813436105,20.4409567694191,21.4354321952276,21.9911485751285),
 .UNSPECIFIED.);
#719=B_SPLINE_CURVE_WITH_KNOTS('',3,(#10624,#10625,#10626,#10627,#10628,
#10629,#10630,#10631,#10632,#10633),.UNSPECIFIED.,.F.,.F.,(4,3,3,4),(-0.0429052623678429,
-0.026853501315136,-0.01082247784508,-0.00164411950749044),
 .UNSPECIFIED.);
#720=B_SPLINE_CURVE_WITH_KNOTS('',3,(#10635,#10636,#10637,#10638,#10639,
#10640,#10641,#10642,#10643,#10644,#10645,#10646,#10647,#10648,#10649,#10650,
#10651,#10652,#10653,#10654,#10655,#10656,#10657,#10658,#10659,#10660,#10661,
#10662,#10663,#10664,#10665,#10666,#10667,#10668,#10669,#10670,#10671,#10672,
#10673,#10674),.UNSPECIFIED.,.F.,.F.,(4,3,3,3,3,3,3,3,3,3,3,3,3,4),(-0.162218754234759,
-0.144629460872962,-0.127406470565143,-0.117878576934701,-0.113920007527241,
-0.0961725250596126,-0.0918615807875703,-0.0746808907614758,-0.0658001746416253,
-0.0608988176689937,-0.0568790660697442,-0.0392203948005034,-0.0210367908521764,
-0.00963708663302995),.UNSPECIFIED.);
#721=B_SPLINE_CURVE_WITH_KNOTS('',3,(#10999,#11000,#11001,#11002,#11003,
#11004,#11005,#11006,#11007,#11008,#11009,#11010,#11011,#11012,#11013,#11014,
#11015,#11016,#11017,#11018,#11019,#11020),.UNSPECIFIED.,.F.,.F.,(4,3,3,
3,3,3,3,4),(-10.1357873115495,-9.31807608362105,-8.33046576597376,-7.34285544832647,
-6.35524513067918,-5.36763481303189,-4.3800244953846,-3.85260200436983),
 .UNSPECIFIED.);
#722=B_SPLINE_CURVE_WITH_KNOTS('',3,(#11345,#11346,#11347,#11348,#11349,
#11350,#11351,#11352,#11353,#11354,#11355,#11356,#11357,#11358,#11359,#11360,
#11361,#11362,#11363,#11364,#11365,#11366),.UNSPECIFIED.,.F.,.F.,(4,3,3,
3,3,3,3,4),(7.59274844815703,8.03150749406473,9.02598291987328,10.0204583456818,
11.0149337714904,12.0094091972989,13.0038846231075,13.8759337553366),
 .UNSPECIFIED.);
#723=LINE('',#3890,#897);
#724=LINE('',#3930,#898);
#725=LINE('',#3981,#899);
#726=LINE('',#4032,#900);
#727=LINE('',#4080,#901);
#728=LINE('',#4131,#902);
#729=LINE('',#4179,#903);
#730=LINE('',#4227,#904);
#731=LINE('',#4281,#905);
#732=LINE('',#4329,#906);
#733=LINE('',#4377,#907);
#734=LINE('',#4431,#908);
#735=LINE('',#4486,#909);
#736=LINE('',#4520,#910);
#737=LINE('',#4544,#911);
#738=LINE('',#4569,#912);
#739=LINE('',#4594,#913);
#740=LINE('',#4618,#914);
#741=LINE('',#4643,#915);
#742=LINE('',#4668,#916);
#743=LINE('',#4693,#917);
#744=LINE('',#4717,#918);
#745=LINE('',#4742,#919);
#746=LINE('',#4767,#920);
#747=LINE('',#4793,#921);
#748=LINE('',#4830,#922);
#749=LINE('',#4881,#923);
#750=LINE('',#4932,#924);
#751=LINE('',#4980,#925);
#752=LINE('',#5031,#926);
#753=LINE('',#5079,#927);
#754=LINE('',#5127,#928);
#755=LINE('',#5181,#929);
#756=LINE('',#5229,#930);
#757=LINE('',#5277,#931);
#758=LINE('',#5331,#932);
#759=LINE('',#5386,#933);
#760=LINE('',#5417,#934);
#761=LINE('',#5441,#935);
#762=LINE('',#5466,#936);
#763=LINE('',#5491,#937);
#764=LINE('',#5515,#938);
#765=LINE('',#5540,#939);
#766=LINE('',#5565,#940);
#767=LINE('',#5590,#941);
#768=LINE('',#5614,#942);
#769=LINE('',#5639,#943);
#770=LINE('',#5664,#944);
#771=LINE('',#5690,#945);
#772=LINE('',#5727,#946);
#773=LINE('',#5778,#947);
#774=LINE('',#5829,#948);
#775=LINE('',#5877,#949);
#776=LINE('',#5928,#950);
#777=LINE('',#5976,#951);
#778=LINE('',#6024,#952);
#779=LINE('',#6078,#953);
#780=LINE('',#6126,#954);
#781=LINE('',#6174,#955);
#782=LINE('',#6228,#956);
#783=LINE('',#6283,#957);
#784=LINE('',#6314,#958);
#785=LINE('',#6338,#959);
#786=LINE('',#6363,#960);
#787=LINE('',#6388,#961);
#788=LINE('',#6412,#962);
#789=LINE('',#6437,#963);
#790=LINE('',#6462,#964);
#791=LINE('',#6487,#965);
#792=LINE('',#6511,#966);
#793=LINE('',#6536,#967);
#794=LINE('',#6561,#968);
#795=LINE('',#6587,#969);
#796=LINE('',#6627,#970);
#797=LINE('',#6678,#971);
#798=LINE('',#6729,#972);
#799=LINE('',#6777,#973);
#800=LINE('',#6828,#974);
#801=LINE('',#6876,#975);
#802=LINE('',#6924,#976);
#803=LINE('',#6978,#977);
#804=LINE('',#7026,#978);
#805=LINE('',#7074,#979);
#806=LINE('',#7128,#980);
#807=LINE('',#7183,#981);
#808=LINE('',#7217,#982);
#809=LINE('',#7241,#983);
#810=LINE('',#7266,#984);
#811=LINE('',#7291,#985);
#812=LINE('',#7315,#986);
#813=LINE('',#7340,#987);
#814=LINE('',#7365,#988);
#815=LINE('',#7390,#989);
#816=LINE('',#7414,#990);
#817=LINE('',#7439,#991);
#818=LINE('',#7464,#992);
#819=LINE('',#7492,#993);
#820=LINE('',#7496,#994);
#821=LINE('',#7499,#995);
#822=LINE('',#7502,#996);
#823=LINE('',#7506,#997);
#824=LINE('',#7510,#998);
#825=LINE('',#7514,#999);
#826=LINE('',#7518,#1000);
#827=LINE('',#7522,#1001);
#828=LINE('',#7526,#1002);
#829=LINE('',#7530,#1003);
#830=LINE('',#7534,#1004);
#831=LINE('',#7538,#1005);
#832=LINE('',#7542,#1006);
#833=LINE('',#7546,#1007);
#834=LINE('',#7552,#1008);
#835=LINE('',#7555,#1009);
#836=LINE('',#7558,#1010);
#837=LINE('',#7559,#1011);
#838=LINE('',#7562,#1012);
#839=LINE('',#7565,#1013);
#840=LINE('',#7568,#1014);
#841=LINE('',#7569,#1015);
#842=LINE('',#7572,#1016);
#843=LINE('',#7575,#1017);
#844=LINE('',#7578,#1018);
#845=LINE('',#7579,#1019);
#846=LINE('',#7582,#1020);
#847=LINE('',#7585,#1021);
#848=LINE('',#7588,#1022);
#849=LINE('',#7589,#1023);
#850=LINE('',#7592,#1024);
#851=LINE('',#7595,#1025);
#852=LINE('',#7598,#1026);
#853=LINE('',#7599,#1027);
#854=LINE('',#7602,#1028);
#855=LINE('',#7606,#1029);
#856=LINE('',#7607,#1030);
#857=LINE('',#7610,#1031);
#858=LINE('',#7612,#1032);
#859=LINE('',#7613,#1033);
#860=LINE('',#7616,#1034);
#861=LINE('',#7620,#1035);
#862=LINE('',#7621,#1036);
#863=LINE('',#7625,#1037);
#864=LINE('',#7628,#1038);
#865=LINE('',#7629,#1039);
#866=LINE('',#7634,#1040);
#867=LINE('',#7636,#1041);
#868=LINE('',#7640,#1042);
#869=LINE('',#7816,#1043);
#870=LINE('',#7819,#1044);
#871=LINE('',#8014,#1045);
#872=LINE('',#8028,#1046);
#873=LINE('',#8833,#1047);
#874=LINE('',#8873,#1048);
#875=LINE('',#8878,#1049);
#876=LINE('',#8880,#1050);
#877=LINE('',#8890,#1051);
#878=LINE('',#8938,#1052);
#879=LINE('',#8952,#1053);
#880=LINE('',#9758,#1054);
#881=LINE('',#9768,#1055);
#882=LINE('',#9830,#1056);
#883=LINE('',#11370,#1057);
#884=LINE('',#11373,#1058);
#885=LINE('',#11376,#1059);
#886=LINE('',#11379,#1060);
#887=LINE('',#11382,#1061);
#888=LINE('',#11385,#1062);
#889=LINE('',#11388,#1063);
#890=LINE('',#11391,#1064);
#891=LINE('',#11393,#1065);
#892=LINE('',#11394,#1066);
#893=LINE('',#11398,#1067);
#894=LINE('',#11403,#1068);
#895=LINE('',#11408,#1069);
#896=LINE('',#11410,#1070);
#897=VECTOR('',#3332,1.2645);
#898=VECTOR('',#3335,1.2645);
#899=VECTOR('',#3338,1.2645);
#900=VECTOR('',#3341,1.2645);
#901=VECTOR('',#3344,1.2645);
#902=VECTOR('',#3347,1.2645);
#903=VECTOR('',#3350,1.2645);
#904=VECTOR('',#3353,1.2645);
#905=VECTOR('',#3356,1.2645);
#906=VECTOR('',#3359,1.2645);
#907=VECTOR('',#3362,1.2645);
#908=VECTOR('',#3365,1.2645);
#909=VECTOR('',#3368,1.543);
#910=VECTOR('',#3371,1.543);
#911=VECTOR('',#3374,1.543);
#912=VECTOR('',#3377,1.543);
#913=VECTOR('',#3380,1.543);
#914=VECTOR('',#3383,1.543);
#915=VECTOR('',#3386,1.543);
#916=VECTOR('',#3389,1.543);
#917=VECTOR('',#3392,1.543);
#918=VECTOR('',#3395,1.543);
#919=VECTOR('',#3398,1.543);
#920=VECTOR('',#3401,1.543);
#921=VECTOR('',#3404,1.2645);
#922=VECTOR('',#3407,1.2645);
#923=VECTOR('',#3410,1.2645);
#924=VECTOR('',#3413,1.2645);
#925=VECTOR('',#3416,1.2645);
#926=VECTOR('',#3419,1.2645);
#927=VECTOR('',#3422,1.2645);
#928=VECTOR('',#3425,1.2645);
#929=VECTOR('',#3428,1.2645);
#930=VECTOR('',#3431,1.2645);
#931=VECTOR('',#3434,1.2645);
#932=VECTOR('',#3437,1.2645);
#933=VECTOR('',#3440,1.543);
#934=VECTOR('',#3443,1.543);
#935=VECTOR('',#3446,1.543);
#936=VECTOR('',#3449,1.543);
#937=VECTOR('',#3452,1.543);
#938=VECTOR('',#3455,1.543);
#939=VECTOR('',#3458,1.543);
#940=VECTOR('',#3461,1.543);
#941=VECTOR('',#3464,1.543);
#942=VECTOR('',#3467,1.543);
#943=VECTOR('',#3470,1.543);
#944=VECTOR('',#3473,1.543);
#945=VECTOR('',#3476,1.2645);
#946=VECTOR('',#3479,1.2645);
#947=VECTOR('',#3482,1.2645);
#948=VECTOR('',#3485,1.2645);
#949=VECTOR('',#3488,1.2645);
#950=VECTOR('',#3491,1.2645);
#951=VECTOR('',#3494,1.2645);
#952=VECTOR('',#3497,1.2645);
#953=VECTOR('',#3500,1.2645);
#954=VECTOR('',#3503,1.2645);
#955=VECTOR('',#3506,1.2645);
#956=VECTOR('',#3509,1.2645);
#957=VECTOR('',#3512,1.543);
#958=VECTOR('',#3515,1.543);
#959=VECTOR('',#3518,1.543);
#960=VECTOR('',#3521,1.543);
#961=VECTOR('',#3524,1.543);
#962=VECTOR('',#3527,1.543);
#963=VECTOR('',#3530,1.543);
#964=VECTOR('',#3533,1.543);
#965=VECTOR('',#3536,1.543);
#966=VECTOR('',#3539,1.543);
#967=VECTOR('',#3542,1.543);
#968=VECTOR('',#3545,1.543);
#969=VECTOR('',#3548,1.2645);
#970=VECTOR('',#3551,1.2645);
#971=VECTOR('',#3554,1.2645);
#972=VECTOR('',#3557,1.2645);
#973=VECTOR('',#3560,1.2645);
#974=VECTOR('',#3563,1.2645);
#975=VECTOR('',#3566,1.2645);
#976=VECTOR('',#3569,1.2645);
#977=VECTOR('',#3572,1.2645);
#978=VECTOR('',#3575,1.2645);
#979=VECTOR('',#3578,1.2645);
#980=VECTOR('',#3581,1.2645);
#981=VECTOR('',#3584,1.543);
#982=VECTOR('',#3587,1.543);
#983=VECTOR('',#3590,1.543);
#984=VECTOR('',#3593,1.543);
#985=VECTOR('',#3596,1.543);
#986=VECTOR('',#3599,1.543);
#987=VECTOR('',#3602,1.543);
#988=VECTOR('',#3605,1.543);
#989=VECTOR('',#3608,1.543);
#990=VECTOR('',#3611,1.543);
#991=VECTOR('',#3614,1.543);
#992=VECTOR('',#3617,1.543);
#993=VECTOR('',#3622,10.);
#994=VECTOR('',#3625,10.);
#995=VECTOR('',#3628,10.);
#996=VECTOR('',#3629,10.);
#997=VECTOR('',#3632,10.);
#998=VECTOR('',#3635,10.);
#999=VECTOR('',#3638,10.);
#1000=VECTOR('',#3641,10.);
#1001=VECTOR('',#3644,10.);
#1002=VECTOR('',#3647,10.);
#1003=VECTOR('',#3650,10.);
#1004=VECTOR('',#3653,10.);
#1005=VECTOR('',#3656,10.);
#1006=VECTOR('',#3659,10.);
#1007=VECTOR('',#3662,10.);
#1008=VECTOR('',#3669,10.);
#1009=VECTOR('',#3672,10.);
#1010=VECTOR('',#3675,10.);
#1011=VECTOR('',#3676,10.);
#1012=VECTOR('',#3679,10.);
#1013=VECTOR('',#3682,10.);
#1014=VECTOR('',#3685,10.);
#1015=VECTOR('',#3686,10.);
#1016=VECTOR('',#3689,10.);
#1017=VECTOR('',#3692,10.);
#1018=VECTOR('',#3695,10.);
#1019=VECTOR('',#3696,10.);
#1020=VECTOR('',#3699,10.);
#1021=VECTOR('',#3702,10.);
#1022=VECTOR('',#3705,10.);
#1023=VECTOR('',#3706,10.);
#1024=VECTOR('',#3709,10.);
#1025=VECTOR('',#3712,10.);
#1026=VECTOR('',#3715,10.);
#1027=VECTOR('',#3716,10.);
#1028=VECTOR('',#3719,10.);
#1029=VECTOR('',#3724,10.);
#1030=VECTOR('',#3725,10.);
#1031=VECTOR('',#3728,10.);
#1032=VECTOR('',#3729,10.);
#1033=VECTOR('',#3730,10.);
#1034=VECTOR('',#3733,10.);
#1035=VECTOR('',#3738,10.);
#1036=VECTOR('',#3739,10.);
#1037=VECTOR('',#3744,10.);
#1038=VECTOR('',#3747,10.);
#1039=VECTOR('',#3748,10.);
#1040=VECTOR('',#3755,10.);
#1041=VECTOR('',#3756,10.);
#1042=VECTOR('',#3759,10.);
#1043=VECTOR('',#3766,10.);
#1044=VECTOR('',#3769,10.);
#1045=VECTOR('',#3774,10.);
#1046=VECTOR('',#3777,10.);
#1047=VECTOR('',#3782,15.6);
#1048=VECTOR('',#3783,10.);
#1049=VECTOR('',#3784,15.6);
#1050=VECTOR('',#3785,15.6);
#1051=VECTOR('',#3788,10.);
#1052=VECTOR('',#3795,10.);
#1053=VECTOR('',#3798,10.);
#1054=VECTOR('',#3803,15.6);
#1055=VECTOR('',#3806,10.);
#1056=VECTOR('',#3807,10.);
#1057=VECTOR('',#3828,10.);
#1058=VECTOR('',#3833,10.);
#1059=VECTOR('',#3836,10.);
#1060=VECTOR('',#3841,10.);
#1061=VECTOR('',#3844,10.);
#1062=VECTOR('',#3849,10.);
#1063=VECTOR('',#3852,10.);
#1064=VECTOR('',#3857,10.);
#1065=VECTOR('',#3860,10.);
#1066=VECTOR('',#3861,10.);
#1067=VECTOR('',#3866,7.);
#1068=VECTOR('',#3871,11.1);
#1069=VECTOR('',#3880,10.);
#1070=VECTOR('',#3883,10.);
#1071=VERTEX_POINT('',#3888);
#1072=VERTEX_POINT('',#3889);
#1073=VERTEX_POINT('',#3891);
#1074=VERTEX_POINT('',#3896);
#1075=VERTEX_POINT('',#3903);
#1076=VERTEX_POINT('',#3928);
#1077=VERTEX_POINT('',#3929);
#1078=VERTEX_POINT('',#3979);
#1079=VERTEX_POINT('',#3980);
#1080=VERTEX_POINT('',#4030);
#1081=VERTEX_POINT('',#4031);
#1082=VERTEX_POINT('',#4078);
#1083=VERTEX_POINT('',#4079);
#1084=VERTEX_POINT('',#4129);
#1085=VERTEX_POINT('',#4130);
#1086=VERTEX_POINT('',#4177);
#1087=VERTEX_POINT('',#4178);
#1088=VERTEX_POINT('',#4225);
#1089=VERTEX_POINT('',#4226);
#1090=VERTEX_POINT('',#4279);
#1091=VERTEX_POINT('',#4280);
#1092=VERTEX_POINT('',#4327);
#1093=VERTEX_POINT('',#4328);
#1094=VERTEX_POINT('',#4375);
#1095=VERTEX_POINT('',#4376);
#1096=VERTEX_POINT('',#4429);
#1097=VERTEX_POINT('',#4430);
#1098=VERTEX_POINT('',#4432);
#1099=VERTEX_POINT('',#4446);
#1100=VERTEX_POINT('',#4457);
#1101=VERTEX_POINT('',#4484);
#1102=VERTEX_POINT('',#4485);
#1103=VERTEX_POINT('',#4487);
#1104=VERTEX_POINT('',#4496);
#1105=VERTEX_POINT('',#4501);
#1106=VERTEX_POINT('',#4518);
#1107=VERTEX_POINT('',#4519);
#1108=VERTEX_POINT('',#4542);
#1109=VERTEX_POINT('',#4543);
#1110=VERTEX_POINT('',#4567);
#1111=VERTEX_POINT('',#4568);
#1112=VERTEX_POINT('',#4592);
#1113=VERTEX_POINT('',#4593);
#1114=VERTEX_POINT('',#4616);
#1115=VERTEX_POINT('',#4617);
#1116=VERTEX_POINT('',#4641);
#1117=VERTEX_POINT('',#4642);
#1118=VERTEX_POINT('',#4666);
#1119=VERTEX_POINT('',#4667);
#1120=VERTEX_POINT('',#4691);
#1121=VERTEX_POINT('',#4692);
#1122=VERTEX_POINT('',#4715);
#1123=VERTEX_POINT('',#4716);
#1124=VERTEX_POINT('',#4740);
#1125=VERTEX_POINT('',#4741);
#1126=VERTEX_POINT('',#4765);
#1127=VERTEX_POINT('',#4766);
#1128=VERTEX_POINT('',#4768);
#1129=VERTEX_POINT('',#4774);
#1130=VERTEX_POINT('',#4779);
#1131=VERTEX_POINT('',#4791);
#1132=VERTEX_POINT('',#4792);
#1133=VERTEX_POINT('',#4794);
#1134=VERTEX_POINT('',#4799);
#1135=VERTEX_POINT('',#4828);
#1136=VERTEX_POINT('',#4829);
#1137=VERTEX_POINT('',#4879);
#1138=VERTEX_POINT('',#4880);
#1139=VERTEX_POINT('',#4930);
#1140=VERTEX_POINT('',#4931);
#1141=VERTEX_POINT('',#4978);
#1142=VERTEX_POINT('',#4979);
#1143=VERTEX_POINT('',#5029);
#1144=VERTEX_POINT('',#5030);
#1145=VERTEX_POINT('',#5077);
#1146=VERTEX_POINT('',#5078);
#1147=VERTEX_POINT('',#5125);
#1148=VERTEX_POINT('',#5126);
#1149=VERTEX_POINT('',#5179);
#1150=VERTEX_POINT('',#5180);
#1151=VERTEX_POINT('',#5227);
#1152=VERTEX_POINT('',#5228);
#1153=VERTEX_POINT('',#5275);
#1154=VERTEX_POINT('',#5276);
#1155=VERTEX_POINT('',#5329);
#1156=VERTEX_POINT('',#5330);
#1157=VERTEX_POINT('',#5332);
#1158=VERTEX_POINT('',#5346);
#1159=VERTEX_POINT('',#5357);
#1160=VERTEX_POINT('',#5384);
#1161=VERTEX_POINT('',#5385);
#1162=VERTEX_POINT('',#5387);
#1163=VERTEX_POINT('',#5396);
#1164=VERTEX_POINT('',#5415);
#1165=VERTEX_POINT('',#5416);
#1166=VERTEX_POINT('',#5439);
#1167=VERTEX_POINT('',#5440);
#1168=VERTEX_POINT('',#5464);
#1169=VERTEX_POINT('',#5465);
#1170=VERTEX_POINT('',#5489);
#1171=VERTEX_POINT('',#5490);
#1172=VERTEX_POINT('',#5513);
#1173=VERTEX_POINT('',#5514);
#1174=VERTEX_POINT('',#5538);
#1175=VERTEX_POINT('',#5539);
#1176=VERTEX_POINT('',#5563);
#1177=VERTEX_POINT('',#5564);
#1178=VERTEX_POINT('',#5588);
#1179=VERTEX_POINT('',#5589);
#1180=VERTEX_POINT('',#5612);
#1181=VERTEX_POINT('',#5613);
#1182=VERTEX_POINT('',#5637);
#1183=VERTEX_POINT('',#5638);
#1184=VERTEX_POINT('',#5662);
#1185=VERTEX_POINT('',#5663);
#1186=VERTEX_POINT('',#5665);
#1187=VERTEX_POINT('',#5671);
#1188=VERTEX_POINT('',#5676);
#1189=VERTEX_POINT('',#5688);
#1190=VERTEX_POINT('',#5689);
#1191=VERTEX_POINT('',#5691);
#1192=VERTEX_POINT('',#5696);
#1193=VERTEX_POINT('',#5725);
#1194=VERTEX_POINT('',#5726);
#1195=VERTEX_POINT('',#5776);
#1196=VERTEX_POINT('',#5777);
#1197=VERTEX_POINT('',#5827);
#1198=VERTEX_POINT('',#5828);
#1199=VERTEX_POINT('',#5875);
#1200=VERTEX_POINT('',#5876);
#1201=VERTEX_POINT('',#5926);
#1202=VERTEX_POINT('',#5927);
#1203=VERTEX_POINT('',#5974);
#1204=VERTEX_POINT('',#5975);
#1205=VERTEX_POINT('',#6022);
#1206=VERTEX_POINT('',#6023);
#1207=VERTEX_POINT('',#6076);
#1208=VERTEX_POINT('',#6077);
#1209=VERTEX_POINT('',#6124);
#1210=VERTEX_POINT('',#6125);
#1211=VERTEX_POINT('',#6172);
#1212=VERTEX_POINT('',#6173);
#1213=VERTEX_POINT('',#6226);
#1214=VERTEX_POINT('',#6227);
#1215=VERTEX_POINT('',#6229);
#1216=VERTEX_POINT('',#6243);
#1217=VERTEX_POINT('',#6254);
#1218=VERTEX_POINT('',#6281);
#1219=VERTEX_POINT('',#6282);
#1220=VERTEX_POINT('',#6284);
#1221=VERTEX_POINT('',#6293);
#1222=VERTEX_POINT('',#6312);
#1223=VERTEX_POINT('',#6313);
#1224=VERTEX_POINT('',#6336);
#1225=VERTEX_POINT('',#6337);
#1226=VERTEX_POINT('',#6361);
#1227=VERTEX_POINT('',#6362);
#1228=VERTEX_POINT('',#6386);
#1229=VERTEX_POINT('',#6387);
#1230=VERTEX_POINT('',#6410);
#1231=VERTEX_POINT('',#6411);
#1232=VERTEX_POINT('',#6435);
#1233=VERTEX_POINT('',#6436);
#1234=VERTEX_POINT('',#6460);
#1235=VERTEX_POINT('',#6461);
#1236=VERTEX_POINT('',#6485);
#1237=VERTEX_POINT('',#6486);
#1238=VERTEX_POINT('',#6509);
#1239=VERTEX_POINT('',#6510);
#1240=VERTEX_POINT('',#6534);
#1241=VERTEX_POINT('',#6535);
#1242=VERTEX_POINT('',#6559);
#1243=VERTEX_POINT('',#6560);
#1244=VERTEX_POINT('',#6562);
#1245=VERTEX_POINT('',#6568);
#1246=VERTEX_POINT('',#6573);
#1247=VERTEX_POINT('',#6585);
#1248=VERTEX_POINT('',#6586);
#1249=VERTEX_POINT('',#6588);
#1250=VERTEX_POINT('',#6593);
#1251=VERTEX_POINT('',#6600);
#1252=VERTEX_POINT('',#6625);
#1253=VERTEX_POINT('',#6626);
#1254=VERTEX_POINT('',#6676);
#1255=VERTEX_POINT('',#6677);
#1256=VERTEX_POINT('',#6727);
#1257=VERTEX_POINT('',#6728);
#1258=VERTEX_POINT('',#6775);
#1259=VERTEX_POINT('',#6776);
#1260=VERTEX_POINT('',#6826);
#1261=VERTEX_POINT('',#6827);
#1262=VERTEX_POINT('',#6874);
#1263=VERTEX_POINT('',#6875);
#1264=VERTEX_POINT('',#6922);
#1265=VERTEX_POINT('',#6923);
#1266=VERTEX_POINT('',#6976);
#1267=VERTEX_POINT('',#6977);
#1268=VERTEX_POINT('',#7024);
#1269=VERTEX_POINT('',#7025);
#1270=VERTEX_POINT('',#7072);
#1271=VERTEX_POINT('',#7073);
#1272=VERTEX_POINT('',#7126);
#1273=VERTEX_POINT('',#7127);
#1274=VERTEX_POINT('',#7129);
#1275=VERTEX_POINT('',#7143);
#1276=VERTEX_POINT('',#7154);
#1277=VERTEX_POINT('',#7181);
#1278=VERTEX_POINT('',#7182);
#1279=VERTEX_POINT('',#7184);
#1280=VERTEX_POINT('',#7193);
#1281=VERTEX_POINT('',#7198);
#1282=VERTEX_POINT('',#7215);
#1283=VERTEX_POINT('',#7216);
#1284=VERTEX_POINT('',#7239);
#1285=VERTEX_POINT('',#7240);
#1286=VERTEX_POINT('',#7264);
#1287=VERTEX_POINT('',#7265);
#1288=VERTEX_POINT('',#7289);
#1289=VERTEX_POINT('',#7290);
#1290=VERTEX_POINT('',#7313);
#1291=VERTEX_POINT('',#7314);
#1292=VERTEX_POINT('',#7338);
#1293=VERTEX_POINT('',#7339);
#1294=VERTEX_POINT('',#7363);
#1295=VERTEX_POINT('',#7364);
#1296=VERTEX_POINT('',#7388);
#1297=VERTEX_POINT('',#7389);
#1298=VERTEX_POINT('',#7412);
#1299=VERTEX_POINT('',#7413);
#1300=VERTEX_POINT('',#7437);
#1301=VERTEX_POINT('',#7438);
#1302=VERTEX_POINT('',#7462);
#1303=VERTEX_POINT('',#7463);
#1304=VERTEX_POINT('',#7465);
#1305=VERTEX_POINT('',#7471);
#1306=VERTEX_POINT('',#7476);
#1307=VERTEX_POINT('',#7488);
#1308=VERTEX_POINT('',#7489);
#1309=VERTEX_POINT('',#7491);
#1310=VERTEX_POINT('',#7493);
#1311=VERTEX_POINT('',#7495);
#1312=VERTEX_POINT('',#7497);
#1313=VERTEX_POINT('',#7500);
#1314=VERTEX_POINT('',#7501);
#1315=VERTEX_POINT('',#7503);
#1316=VERTEX_POINT('',#7505);
#1317=VERTEX_POINT('',#7507);
#1318=VERTEX_POINT('',#7509);
#1319=VERTEX_POINT('',#7511);
#1320=VERTEX_POINT('',#7513);
#1321=VERTEX_POINT('',#7516);
#1322=VERTEX_POINT('',#7517);
#1323=VERTEX_POINT('',#7519);
#1324=VERTEX_POINT('',#7521);
#1325=VERTEX_POINT('',#7524);
#1326=VERTEX_POINT('',#7525);
#1327=VERTEX_POINT('',#7527);
#1328=VERTEX_POINT('',#7529);
#1329=VERTEX_POINT('',#7532);
#1330=VERTEX_POINT('',#7533);
#1331=VERTEX_POINT('',#7535);
#1332=VERTEX_POINT('',#7537);
#1333=VERTEX_POINT('',#7540);
#1334=VERTEX_POINT('',#7541);
#1335=VERTEX_POINT('',#7543);
#1336=VERTEX_POINT('',#7545);
#1337=VERTEX_POINT('',#7548);
#1338=VERTEX_POINT('',#7551);
#1339=VERTEX_POINT('',#7553);
#1340=VERTEX_POINT('',#7557);
#1341=VERTEX_POINT('',#7561);
#1342=VERTEX_POINT('',#7563);
#1343=VERTEX_POINT('',#7567);
#1344=VERTEX_POINT('',#7571);
#1345=VERTEX_POINT('',#7573);
#1346=VERTEX_POINT('',#7577);
#1347=VERTEX_POINT('',#7581);
#1348=VERTEX_POINT('',#7583);
#1349=VERTEX_POINT('',#7587);
#1350=VERTEX_POINT('',#7591);
#1351=VERTEX_POINT('',#7593);
#1352=VERTEX_POINT('',#7597);
#1353=VERTEX_POINT('',#7601);
#1354=VERTEX_POINT('',#7605);
#1355=VERTEX_POINT('',#7609);
#1356=VERTEX_POINT('',#7611);
#1357=VERTEX_POINT('',#7615);
#1358=VERTEX_POINT('',#7619);
#1359=VERTEX_POINT('',#7623);
#1360=VERTEX_POINT('',#7627);
#1361=VERTEX_POINT('',#7633);
#1362=VERTEX_POINT('',#7635);
#1363=VERTEX_POINT('',#7637);
#1364=VERTEX_POINT('',#7639);
#1365=VERTEX_POINT('',#7813);
#1366=VERTEX_POINT('',#7815);
#1367=VERTEX_POINT('',#7817);
#1368=VERTEX_POINT('',#8012);
#1369=VERTEX_POINT('',#8013);
#1370=VERTEX_POINT('',#8026);
#1371=VERTEX_POINT('',#8027);
#1372=VERTEX_POINT('',#8831);
#1373=VERTEX_POINT('',#8834);
#1374=VERTEX_POINT('',#8872);
#1375=VERTEX_POINT('',#8879);
#1376=VERTEX_POINT('',#8882);
#1377=VERTEX_POINT('',#8889);
#1378=VERTEX_POINT('',#8936);
#1379=VERTEX_POINT('',#8937);
#1380=VERTEX_POINT('',#8950);
#1381=VERTEX_POINT('',#8951);
#1382=VERTEX_POINT('',#9755);
#1383=VERTEX_POINT('',#9757);
#1384=VERTEX_POINT('',#9760);
#1385=VERTEX_POINT('',#9767);
#1386=VERTEX_POINT('',#9791);
#1387=VERTEX_POINT('',#9829);
#1388=VERTEX_POINT('',#11369);
#1389=VERTEX_POINT('',#11375);
#1390=VERTEX_POINT('',#11381);
#1391=VERTEX_POINT('',#11387);
#1392=VERTEX_POINT('',#11396);
#1393=VERTEX_POINT('',#11400);
#1394=VERTEX_POINT('',#11402);
#1395=EDGE_CURVE('',#1071,#1072,#723,.T.);
#1396=EDGE_CURVE('',#1072,#1073,#455,.T.);
#1397=EDGE_CURVE('',#1074,#1073,#456,.T.);
#1398=EDGE_CURVE('',#1075,#1074,#457,.T.);
#1399=EDGE_CURVE('',#1075,#1071,#458,.T.);
#1400=EDGE_CURVE('',#1076,#1077,#724,.T.);
#1401=EDGE_CURVE('',#1077,#1072,#459,.T.);
#1402=EDGE_CURVE('',#1071,#1076,#460,.T.);
#1403=EDGE_CURVE('',#1078,#1079,#725,.T.);
#1404=EDGE_CURVE('',#1079,#1077,#461,.T.);
#1405=EDGE_CURVE('',#1076,#1078,#462,.T.);
#1406=EDGE_CURVE('',#1080,#1081,#726,.T.);
#1407=EDGE_CURVE('',#1081,#1079,#463,.T.);
#1408=EDGE_CURVE('',#1078,#1080,#464,.T.);
#1409=EDGE_CURVE('',#1082,#1083,#727,.T.);
#1410=EDGE_CURVE('',#1083,#1081,#465,.T.);
#1411=EDGE_CURVE('',#1080,#1082,#466,.T.);
#1412=EDGE_CURVE('',#1084,#1085,#728,.T.);
#1413=EDGE_CURVE('',#1085,#1083,#467,.T.);
#1414=EDGE_CURVE('',#1082,#1084,#468,.T.);
#1415=EDGE_CURVE('',#1086,#1087,#729,.T.);
#1416=EDGE_CURVE('',#1087,#1085,#469,.T.);
#1417=EDGE_CURVE('',#1084,#1086,#470,.T.);
#1418=EDGE_CURVE('',#1088,#1089,#730,.T.);
#1419=EDGE_CURVE('',#1089,#1087,#471,.T.);
#1420=EDGE_CURVE('',#1086,#1088,#472,.T.);
#1421=EDGE_CURVE('',#1090,#1091,#731,.T.);
#1422=EDGE_CURVE('',#1091,#1089,#473,.T.);
#1423=EDGE_CURVE('',#1088,#1090,#474,.T.);
#1424=EDGE_CURVE('',#1092,#1093,#732,.T.);
#1425=EDGE_CURVE('',#1093,#1091,#475,.T.);
#1426=EDGE_CURVE('',#1090,#1092,#476,.T.);
#1427=EDGE_CURVE('',#1094,#1095,#733,.T.);
#1428=EDGE_CURVE('',#1095,#1093,#477,.T.);
#1429=EDGE_CURVE('',#1092,#1094,#478,.T.);
#1430=EDGE_CURVE('',#1096,#1097,#734,.T.);
#1431=EDGE_CURVE('',#1096,#1098,#479,.T.);
#1432=EDGE_CURVE('',#1099,#1098,#480,.T.);
#1433=EDGE_CURVE('',#1100,#1099,#481,.T.);
#1434=EDGE_CURVE('',#1100,#1097,#482,.T.);
#1435=EDGE_CURVE('',#1101,#1102,#735,.T.);
#1436=EDGE_CURVE('',#1102,#1103,#483,.T.);
#1437=EDGE_CURVE('',#1104,#1103,#484,.T.);
#1438=EDGE_CURVE('',#1105,#1104,#485,.T.);
#1439=EDGE_CURVE('',#1101,#1105,#486,.T.);
#1440=EDGE_CURVE('',#1106,#1107,#736,.T.);
#1441=EDGE_CURVE('',#1107,#1102,#487,.T.);
#1442=EDGE_CURVE('',#1106,#1101,#488,.T.);
#1443=EDGE_CURVE('',#1108,#1109,#737,.T.);
#1444=EDGE_CURVE('',#1109,#1107,#489,.T.);
#1445=EDGE_CURVE('',#1108,#1106,#490,.T.);
#1446=EDGE_CURVE('',#1110,#1111,#738,.T.);
#1447=EDGE_CURVE('',#1111,#1109,#491,.T.);
#1448=EDGE_CURVE('',#1110,#1108,#492,.T.);
#1449=EDGE_CURVE('',#1112,#1113,#739,.T.);
#1450=EDGE_CURVE('',#1113,#1111,#493,.T.);
#1451=EDGE_CURVE('',#1112,#1110,#494,.T.);
#1452=EDGE_CURVE('',#1114,#1115,#740,.T.);
#1453=EDGE_CURVE('',#1115,#1113,#495,.T.);
#1454=EDGE_CURVE('',#1114,#1112,#496,.T.);
#1455=EDGE_CURVE('',#1116,#1117,#741,.T.);
#1456=EDGE_CURVE('',#1117,#1115,#497,.T.);
#1457=EDGE_CURVE('',#1116,#1114,#498,.T.);
#1458=EDGE_CURVE('',#1118,#1119,#742,.T.);
#1459=EDGE_CURVE('',#1119,#1117,#499,.T.);
#1460=EDGE_CURVE('',#1118,#1116,#500,.T.);
#1461=EDGE_CURVE('',#1120,#1121,#743,.T.);
#1462=EDGE_CURVE('',#1121,#1119,#501,.T.);
#1463=EDGE_CURVE('',#1120,#1118,#502,.T.);
#1464=EDGE_CURVE('',#1122,#1123,#744,.T.);
#1465=EDGE_CURVE('',#1123,#1121,#503,.T.);
#1466=EDGE_CURVE('',#1122,#1120,#504,.T.);
#1467=EDGE_CURVE('',#1124,#1125,#745,.T.);
#1468=EDGE_CURVE('',#1125,#1123,#505,.T.);
#1469=EDGE_CURVE('',#1124,#1122,#506,.T.);
#1470=EDGE_CURVE('',#1126,#1127,#746,.T.);
#1471=EDGE_CURVE('',#1128,#1126,#507,.T.);
#1472=EDGE_CURVE('',#1129,#1128,#508,.T.);
#1473=EDGE_CURVE('',#1130,#1129,#509,.T.);
#1474=EDGE_CURVE('',#1130,#1127,#510,.T.);
#1475=EDGE_CURVE('',#1131,#1132,#747,.T.);
#1476=EDGE_CURVE('',#1132,#1133,#511,.T.);
#1477=EDGE_CURVE('',#1134,#1133,#512,.T.);
#1478=EDGE_CURVE('',#1134,#1131,#513,.T.);
#1479=EDGE_CURVE('',#1135,#1136,#748,.T.);
#1480=EDGE_CURVE('',#1136,#1132,#514,.T.);
#1481=EDGE_CURVE('',#1131,#1135,#515,.T.);
#1482=EDGE_CURVE('',#1137,#1138,#749,.T.);
#1483=EDGE_CURVE('',#1138,#1136,#516,.T.);
#1484=EDGE_CURVE('',#1135,#1137,#517,.T.);
#1485=EDGE_CURVE('',#1139,#1140,#750,.T.);
#1486=EDGE_CURVE('',#1140,#1138,#518,.T.);
#1487=EDGE_CURVE('',#1137,#1139,#519,.T.);
#1488=EDGE_CURVE('',#1141,#1142,#751,.T.);
#1489=EDGE_CURVE('',#1142,#1140,#520,.T.);
#1490=EDGE_CURVE('',#1139,#1141,#521,.T.);
#1491=EDGE_CURVE('',#1143,#1144,#752,.T.);
#1492=EDGE_CURVE('',#1144,#1142,#522,.T.);
#1493=EDGE_CURVE('',#1141,#1143,#523,.T.);
#1494=EDGE_CURVE('',#1145,#1146,#753,.T.);
#1495=EDGE_CURVE('',#1146,#1144,#524,.T.);
#1496=EDGE_CURVE('',#1143,#1145,#525,.T.);
#1497=EDGE_CURVE('',#1147,#1148,#754,.T.);
#1498=EDGE_CURVE('',#1148,#1146,#526,.T.);
#1499=EDGE_CURVE('',#1145,#1147,#527,.T.);
#1500=EDGE_CURVE('',#1149,#1150,#755,.T.);
#1501=EDGE_CURVE('',#1150,#1148,#528,.T.);
#1502=EDGE_CURVE('',#1147,#1149,#529,.T.);
#1503=EDGE_CURVE('',#1151,#1152,#756,.T.);
#1504=EDGE_CURVE('',#1152,#1150,#530,.T.);
#1505=EDGE_CURVE('',#1149,#1151,#531,.T.);
#1506=EDGE_CURVE('',#1153,#1154,#757,.T.);
#1507=EDGE_CURVE('',#1154,#1152,#532,.T.);
#1508=EDGE_CURVE('',#1151,#1153,#533,.T.);
#1509=EDGE_CURVE('',#1155,#1156,#758,.T.);
#1510=EDGE_CURVE('',#1155,#1157,#534,.T.);
#1511=EDGE_CURVE('',#1158,#1157,#535,.T.);
#1512=EDGE_CURVE('',#1159,#1158,#536,.T.);
#1513=EDGE_CURVE('',#1159,#1156,#537,.T.);
#1514=EDGE_CURVE('',#1160,#1161,#759,.T.);
#1515=EDGE_CURVE('',#1161,#1162,#538,.T.);
#1516=EDGE_CURVE('',#1163,#1162,#539,.T.);
#1517=EDGE_CURVE('',#1160,#1163,#540,.T.);
#1518=EDGE_CURVE('',#1164,#1165,#760,.T.);
#1519=EDGE_CURVE('',#1165,#1161,#541,.T.);
#1520=EDGE_CURVE('',#1164,#1160,#542,.T.);
#1521=EDGE_CURVE('',#1166,#1167,#761,.T.);
#1522=EDGE_CURVE('',#1167,#1165,#543,.T.);
#1523=EDGE_CURVE('',#1166,#1164,#544,.T.);
#1524=EDGE_CURVE('',#1168,#1169,#762,.T.);
#1525=EDGE_CURVE('',#1169,#1167,#545,.T.);
#1526=EDGE_CURVE('',#1168,#1166,#546,.T.);
#1527=EDGE_CURVE('',#1170,#1171,#763,.T.);
#1528=EDGE_CURVE('',#1171,#1169,#547,.T.);
#1529=EDGE_CURVE('',#1170,#1168,#548,.T.);
#1530=EDGE_CURVE('',#1172,#1173,#764,.T.);
#1531=EDGE_CURVE('',#1173,#1171,#549,.T.);
#1532=EDGE_CURVE('',#1172,#1170,#550,.T.);
#1533=EDGE_CURVE('',#1174,#1175,#765,.T.);
#1534=EDGE_CURVE('',#1175,#1173,#551,.T.);
#1535=EDGE_CURVE('',#1174,#1172,#552,.T.);
#1536=EDGE_CURVE('',#1176,#1177,#766,.T.);
#1537=EDGE_CURVE('',#1177,#1175,#553,.T.);
#1538=EDGE_CURVE('',#1176,#1174,#554,.T.);
#1539=EDGE_CURVE('',#1178,#1179,#767,.T.);
#1540=EDGE_CURVE('',#1179,#1177,#555,.T.);
#1541=EDGE_CURVE('',#1178,#1176,#556,.T.);
#1542=EDGE_CURVE('',#1180,#1181,#768,.T.);
#1543=EDGE_CURVE('',#1181,#1179,#557,.T.);
#1544=EDGE_CURVE('',#1180,#1178,#558,.T.);
#1545=EDGE_CURVE('',#1182,#1183,#769,.T.);
#1546=EDGE_CURVE('',#1183,#1181,#559,.T.);
#1547=EDGE_CURVE('',#1182,#1180,#560,.T.);
#1548=EDGE_CURVE('',#1184,#1185,#770,.T.);
#1549=EDGE_CURVE('',#1186,#1184,#561,.T.);
#1550=EDGE_CURVE('',#1187,#1186,#562,.T.);
#1551=EDGE_CURVE('',#1188,#1187,#563,.T.);
#1552=EDGE_CURVE('',#1188,#1185,#564,.T.);
#1553=EDGE_CURVE('',#1189,#1190,#771,.T.);
#1554=EDGE_CURVE('',#1190,#1191,#565,.T.);
#1555=EDGE_CURVE('',#1192,#1191,#566,.T.);
#1556=EDGE_CURVE('',#1192,#1189,#567,.T.);
#1557=EDGE_CURVE('',#1193,#1194,#772,.T.);
#1558=EDGE_CURVE('',#1194,#1190,#568,.T.);
#1559=EDGE_CURVE('',#1189,#1193,#569,.T.);
#1560=EDGE_CURVE('',#1195,#1196,#773,.T.);
#1561=EDGE_CURVE('',#1196,#1194,#570,.T.);
#1562=EDGE_CURVE('',#1193,#1195,#571,.T.);
#1563=EDGE_CURVE('',#1197,#1198,#774,.T.);
#1564=EDGE_CURVE('',#1198,#1196,#572,.T.);
#1565=EDGE_CURVE('',#1195,#1197,#573,.T.);
#1566=EDGE_CURVE('',#1199,#1200,#775,.T.);
#1567=EDGE_CURVE('',#1200,#1198,#574,.T.);
#1568=EDGE_CURVE('',#1197,#1199,#575,.T.);
#1569=EDGE_CURVE('',#1201,#1202,#776,.T.);
#1570=EDGE_CURVE('',#1202,#1200,#576,.T.);
#1571=EDGE_CURVE('',#1199,#1201,#577,.T.);
#1572=EDGE_CURVE('',#1203,#1204,#777,.T.);
#1573=EDGE_CURVE('',#1204,#1202,#578,.T.);
#1574=EDGE_CURVE('',#1201,#1203,#579,.T.);
#1575=EDGE_CURVE('',#1205,#1206,#778,.T.);
#1576=EDGE_CURVE('',#1206,#1204,#580,.T.);
#1577=EDGE_CURVE('',#1203,#1205,#581,.T.);
#1578=EDGE_CURVE('',#1207,#1208,#779,.T.);
#1579=EDGE_CURVE('',#1208,#1206,#582,.T.);
#1580=EDGE_CURVE('',#1205,#1207,#583,.T.);
#1581=EDGE_CURVE('',#1209,#1210,#780,.T.);
#1582=EDGE_CURVE('',#1210,#1208,#584,.T.);
#1583=EDGE_CURVE('',#1207,#1209,#585,.T.);
#1584=EDGE_CURVE('',#1211,#1212,#781,.T.);
#1585=EDGE_CURVE('',#1212,#1210,#586,.T.);
#1586=EDGE_CURVE('',#1209,#1211,#587,.T.);
#1587=EDGE_CURVE('',#1213,#1214,#782,.T.);
#1588=EDGE_CURVE('',#1213,#1215,#588,.T.);
#1589=EDGE_CURVE('',#1216,#1215,#589,.T.);
#1590=EDGE_CURVE('',#1217,#1216,#590,.T.);
#1591=EDGE_CURVE('',#1217,#1214,#591,.T.);
#1592=EDGE_CURVE('',#1218,#1219,#783,.T.);
#1593=EDGE_CURVE('',#1219,#1220,#592,.T.);
#1594=EDGE_CURVE('',#1221,#1220,#593,.T.);
#1595=EDGE_CURVE('',#1218,#1221,#594,.T.);
#1596=EDGE_CURVE('',#1222,#1223,#784,.T.);
#1597=EDGE_CURVE('',#1223,#1219,#595,.T.);
#1598=EDGE_CURVE('',#1222,#1218,#596,.T.);
#1599=EDGE_CURVE('',#1224,#1225,#785,.T.);
#1600=EDGE_CURVE('',#1225,#1223,#597,.T.);
#1601=EDGE_CURVE('',#1224,#1222,#598,.T.);
#1602=EDGE_CURVE('',#1226,#1227,#786,.T.);
#1603=EDGE_CURVE('',#1227,#1225,#599,.T.);
#1604=EDGE_CURVE('',#1226,#1224,#600,.T.);
#1605=EDGE_CURVE('',#1228,#1229,#787,.T.);
#1606=EDGE_CURVE('',#1229,#1227,#601,.T.);
#1607=EDGE_CURVE('',#1228,#1226,#602,.T.);
#1608=EDGE_CURVE('',#1230,#1231,#788,.T.);
#1609=EDGE_CURVE('',#1231,#1229,#603,.T.);
#1610=EDGE_CURVE('',#1230,#1228,#604,.T.);
#1611=EDGE_CURVE('',#1232,#1233,#789,.T.);
#1612=EDGE_CURVE('',#1233,#1231,#605,.T.);
#1613=EDGE_CURVE('',#1232,#1230,#606,.T.);
#1614=EDGE_CURVE('',#1234,#1235,#790,.T.);
#1615=EDGE_CURVE('',#1235,#1233,#607,.T.);
#1616=EDGE_CURVE('',#1234,#1232,#608,.T.);
#1617=EDGE_CURVE('',#1236,#1237,#791,.T.);
#1618=EDGE_CURVE('',#1237,#1235,#609,.T.);
#1619=EDGE_CURVE('',#1236,#1234,#610,.T.);
#1620=EDGE_CURVE('',#1238,#1239,#792,.T.);
#1621=EDGE_CURVE('',#1239,#1237,#611,.T.);
#1622=EDGE_CURVE('',#1238,#1236,#612,.T.);
#1623=EDGE_CURVE('',#1240,#1241,#793,.T.);
#1624=EDGE_CURVE('',#1241,#1239,#613,.T.);
#1625=EDGE_CURVE('',#1240,#1238,#614,.T.);
#1626=EDGE_CURVE('',#1242,#1243,#794,.T.);
#1627=EDGE_CURVE('',#1244,#1242,#615,.T.);
#1628=EDGE_CURVE('',#1245,#1244,#616,.T.);
#1629=EDGE_CURVE('',#1246,#1245,#617,.T.);
#1630=EDGE_CURVE('',#1246,#1243,#618,.T.);
#1631=EDGE_CURVE('',#1247,#1248,#795,.T.);
#1632=EDGE_CURVE('',#1248,#1249,#619,.T.);
#1633=EDGE_CURVE('',#1250,#1249,#620,.T.);
#1634=EDGE_CURVE('',#1251,#1250,#621,.T.);
#1635=EDGE_CURVE('',#1251,#1247,#622,.T.);
#1636=EDGE_CURVE('',#1252,#1253,#796,.T.);
#1637=EDGE_CURVE('',#1253,#1248,#623,.T.);
#1638=EDGE_CURVE('',#1247,#1252,#624,.T.);
#1639=EDGE_CURVE('',#1254,#1255,#797,.T.);
#1640=EDGE_CURVE('',#1255,#1253,#625,.T.);
#1641=EDGE_CURVE('',#1252,#1254,#626,.T.);
#1642=EDGE_CURVE('',#1256,#1257,#798,.T.);
#1643=EDGE_CURVE('',#1257,#1255,#627,.T.);
#1644=EDGE_CURVE('',#1254,#1256,#628,.T.);
#1645=EDGE_CURVE('',#1258,#1259,#799,.T.);
#1646=EDGE_CURVE('',#1259,#1257,#629,.T.);
#1647=EDGE_CURVE('',#1256,#1258,#630,.T.);
#1648=EDGE_CURVE('',#1260,#1261,#800,.T.);
#1649=EDGE_CURVE('',#1261,#1259,#631,.T.);
#1650=EDGE_CURVE('',#1258,#1260,#632,.T.);
#1651=EDGE_CURVE('',#1262,#1263,#801,.T.);
#1652=EDGE_CURVE('',#1263,#1261,#633,.T.);
#1653=EDGE_CURVE('',#1260,#1262,#634,.T.);
#1654=EDGE_CURVE('',#1264,#1265,#802,.T.);
#1655=EDGE_CURVE('',#1265,#1263,#635,.T.);
#1656=EDGE_CURVE('',#1262,#1264,#636,.T.);
#1657=EDGE_CURVE('',#1266,#1267,#803,.T.);
#1658=EDGE_CURVE('',#1267,#1265,#637,.T.);
#1659=EDGE_CURVE('',#1264,#1266,#638,.T.);
#1660=EDGE_CURVE('',#1268,#1269,#804,.T.);
#1661=EDGE_CURVE('',#1269,#1267,#639,.T.);
#1662=EDGE_CURVE('',#1266,#1268,#640,.T.);
#1663=EDGE_CURVE('',#1270,#1271,#805,.T.);
#1664=EDGE_CURVE('',#1271,#1269,#641,.T.);
#1665=EDGE_CURVE('',#1268,#1270,#642,.T.);
#1666=EDGE_CURVE('',#1272,#1273,#806,.T.);
#1667=EDGE_CURVE('',#1272,#1274,#643,.T.);
#1668=EDGE_CURVE('',#1275,#1274,#644,.T.);
#1669=EDGE_CURVE('',#1276,#1275,#645,.T.);
#1670=EDGE_CURVE('',#1276,#1273,#646,.T.);
#1671=EDGE_CURVE('',#1277,#1278,#807,.T.);
#1672=EDGE_CURVE('',#1278,#1279,#647,.T.);
#1673=EDGE_CURVE('',#1280,#1279,#648,.T.);
#1674=EDGE_CURVE('',#1281,#1280,#649,.T.);
#1675=EDGE_CURVE('',#1277,#1281,#650,.T.);
#1676=EDGE_CURVE('',#1282,#1283,#808,.T.);
#1677=EDGE_CURVE('',#1283,#1278,#651,.T.);
#1678=EDGE_CURVE('',#1282,#1277,#652,.T.);
#1679=EDGE_CURVE('',#1284,#1285,#809,.T.);
#1680=EDGE_CURVE('',#1285,#1283,#653,.T.);
#1681=EDGE_CURVE('',#1284,#1282,#654,.T.);
#1682=EDGE_CURVE('',#1286,#1287,#810,.T.);
#1683=EDGE_CURVE('',#1287,#1285,#655,.T.);
#1684=EDGE_CURVE('',#1286,#1284,#656,.T.);
#1685=EDGE_CURVE('',#1288,#1289,#811,.T.);
#1686=EDGE_CURVE('',#1289,#1287,#657,.T.);
#1687=EDGE_CURVE('',#1288,#1286,#658,.T.);
#1688=EDGE_CURVE('',#1290,#1291,#812,.T.);
#1689=EDGE_CURVE('',#1291,#1289,#659,.T.);
#1690=EDGE_CURVE('',#1290,#1288,#660,.T.);
#1691=EDGE_CURVE('',#1292,#1293,#813,.T.);
#1692=EDGE_CURVE('',#1293,#1291,#661,.T.);
#1693=EDGE_CURVE('',#1292,#1290,#662,.T.);
#1694=EDGE_CURVE('',#1294,#1295,#814,.T.);
#1695=EDGE_CURVE('',#1295,#1293,#663,.T.);
#1696=EDGE_CURVE('',#1294,#1292,#664,.T.);
#1697=EDGE_CURVE('',#1296,#1297,#815,.T.);
#1698=EDGE_CURVE('',#1297,#1295,#665,.T.);
#1699=EDGE_CURVE('',#1296,#1294,#666,.T.);
#1700=EDGE_CURVE('',#1298,#1299,#816,.T.);
#1701=EDGE_CURVE('',#1299,#1297,#667,.T.);
#1702=EDGE_CURVE('',#1298,#1296,#668,.T.);
#1703=EDGE_CURVE('',#1300,#1301,#817,.T.);
#1704=EDGE_CURVE('',#1301,#1299,#669,.T.);
#1705=EDGE_CURVE('',#1300,#1298,#670,.T.);
#1706=EDGE_CURVE('',#1302,#1303,#818,.T.);
#1707=EDGE_CURVE('',#1304,#1302,#671,.T.);
#1708=EDGE_CURVE('',#1305,#1304,#672,.T.);
#1709=EDGE_CURVE('',#1306,#1305,#673,.T.);
#1710=EDGE_CURVE('',#1306,#1303,#674,.T.);
#1711=EDGE_CURVE('',#1307,#1308,#46,.T.);
#1712=EDGE_CURVE('',#1309,#1307,#819,.T.);
#1713=EDGE_CURVE('',#1310,#1309,#47,.T.);
#1714=EDGE_CURVE('',#1311,#1310,#820,.T.);
#1715=EDGE_CURVE('',#1312,#1311,#48,.T.);
#1716=EDGE_CURVE('',#1308,#1312,#821,.T.);
#1717=EDGE_CURVE('',#1313,#1314,#822,.T.);
#1718=EDGE_CURVE('',#1315,#1313,#49,.T.);
#1719=EDGE_CURVE('',#1316,#1315,#823,.T.);
#1720=EDGE_CURVE('',#1317,#1316,#50,.T.);
#1721=EDGE_CURVE('',#1318,#1317,#824,.T.);
#1722=EDGE_CURVE('',#1319,#1318,#51,.T.);
#1723=EDGE_CURVE('',#1320,#1319,#825,.T.);
#1724=EDGE_CURVE('',#1314,#1320,#52,.T.);
#1725=EDGE_CURVE('',#1321,#1322,#826,.T.);
#1726=EDGE_CURVE('',#1323,#1321,#53,.T.);
#1727=EDGE_CURVE('',#1324,#1323,#827,.T.);
#1728=EDGE_CURVE('',#1322,#1324,#54,.T.);
#1729=EDGE_CURVE('',#1325,#1326,#828,.T.);
#1730=EDGE_CURVE('',#1327,#1325,#55,.T.);
#1731=EDGE_CURVE('',#1328,#1327,#829,.T.);
#1732=EDGE_CURVE('',#1326,#1328,#56,.T.);
#1733=EDGE_CURVE('',#1329,#1330,#830,.T.);
#1734=EDGE_CURVE('',#1331,#1329,#57,.T.);
#1735=EDGE_CURVE('',#1332,#1331,#831,.T.);
#1736=EDGE_CURVE('',#1330,#1332,#58,.T.);
#1737=EDGE_CURVE('',#1333,#1334,#832,.T.);
#1738=EDGE_CURVE('',#1335,#1333,#59,.T.);
#1739=EDGE_CURVE('',#1336,#1335,#833,.T.);
#1740=EDGE_CURVE('',#1334,#1336,#60,.T.);
#1741=EDGE_CURVE('',#1337,#1337,#61,.T.);
#1742=EDGE_CURVE('',#1336,#1338,#834,.T.);
#1743=EDGE_CURVE('',#1339,#1338,#62,.T.);
#1744=EDGE_CURVE('',#1334,#1339,#835,.T.);
#1745=EDGE_CURVE('',#1335,#1340,#836,.T.);
#1746=EDGE_CURVE('',#1338,#1340,#837,.T.);
#1747=EDGE_CURVE('',#1332,#1341,#838,.T.);
#1748=EDGE_CURVE('',#1342,#1341,#63,.T.);
#1749=EDGE_CURVE('',#1330,#1342,#839,.T.);
#1750=EDGE_CURVE('',#1331,#1343,#840,.T.);
#1751=EDGE_CURVE('',#1341,#1343,#841,.T.);
#1752=EDGE_CURVE('',#1328,#1344,#842,.T.);
#1753=EDGE_CURVE('',#1345,#1344,#64,.T.);
#1754=EDGE_CURVE('',#1326,#1345,#843,.T.);
#1755=EDGE_CURVE('',#1327,#1346,#844,.T.);
#1756=EDGE_CURVE('',#1344,#1346,#845,.T.);
#1757=EDGE_CURVE('',#1324,#1347,#846,.T.);
#1758=EDGE_CURVE('',#1348,#1347,#65,.T.);
#1759=EDGE_CURVE('',#1322,#1348,#847,.T.);
#1760=EDGE_CURVE('',#1323,#1349,#848,.T.);
#1761=EDGE_CURVE('',#1347,#1349,#849,.T.);
#1762=EDGE_CURVE('',#1350,#1316,#850,.T.);
#1763=EDGE_CURVE('',#1351,#1350,#66,.T.);
#1764=EDGE_CURVE('',#1351,#1317,#851,.T.);
#1765=EDGE_CURVE('',#1352,#1315,#852,.T.);
#1766=EDGE_CURVE('',#1350,#1352,#853,.T.);
#1767=EDGE_CURVE('',#1353,#1313,#854,.T.);
#1768=EDGE_CURVE('',#1352,#1353,#67,.T.);
#1769=EDGE_CURVE('',#1354,#1314,#855,.T.);
#1770=EDGE_CURVE('',#1353,#1354,#856,.T.);
#1771=EDGE_CURVE('',#1355,#1310,#857,.T.);
#1772=EDGE_CURVE('',#1356,#1355,#858,.T.);
#1773=EDGE_CURVE('',#1356,#1311,#859,.T.);
#1774=EDGE_CURVE('',#1357,#1309,#860,.T.);
#1775=EDGE_CURVE('',#1355,#1357,#68,.T.);
#1776=EDGE_CURVE('',#1358,#1351,#861,.T.);
#1777=EDGE_CURVE('',#1358,#1318,#862,.T.);
#1778=EDGE_CURVE('',#1359,#1358,#69,.T.);
#1779=EDGE_CURVE('',#1359,#1319,#863,.T.);
#1780=EDGE_CURVE('',#1360,#1359,#864,.T.);
#1781=EDGE_CURVE('',#1360,#1320,#865,.T.);
#1782=EDGE_CURVE('',#1354,#1360,#70,.T.);
#1783=EDGE_CURVE('',#1361,#1307,#866,.T.);
#1784=EDGE_CURVE('',#1362,#1308,#867,.T.);
#1785=EDGE_CURVE('',#1363,#1362,#71,.T.);
#1786=EDGE_CURVE('',#1364,#1363,#868,.T.);
#1787=EDGE_CURVE('',#1361,#1364,#72,.T.);
#1788=EDGE_CURVE('',#1128,#1100,#675,.T.);
#1789=EDGE_CURVE('',#1098,#1130,#676,.T.);
#1790=EDGE_CURVE('',#1304,#1276,#677,.T.);
#1791=EDGE_CURVE('',#1274,#1306,#678,.T.);
#1792=EDGE_CURVE('',#1365,#1356,#73,.T.);
#1793=EDGE_CURVE('',#1365,#1366,#869,.T.);
#1794=EDGE_CURVE('',#1367,#1366,#74,.T.);
#1795=EDGE_CURVE('',#1367,#1312,#870,.T.);
#1796=EDGE_CURVE('',#1186,#1159,#679,.T.);
#1797=EDGE_CURVE('',#1157,#1188,#680,.T.);
#1798=EDGE_CURVE('',#1244,#1217,#681,.T.);
#1799=EDGE_CURVE('',#1215,#1246,#682,.T.);
#1800=EDGE_CURVE('',#1303,#1301,#683,.T.);
#1801=EDGE_CURVE('',#1302,#1300,#684,.T.);
#1802=EDGE_CURVE('',#1368,#1369,#871,.T.);
#1803=EDGE_CURVE('',#1368,#1369,#685,.T.);
#1804=EDGE_CURVE('',#1370,#1371,#872,.T.);
#1805=EDGE_CURVE('',#1370,#1371,#686,.T.);
#1806=EDGE_CURVE('',#1279,#1368,#687,.T.);
#1807=EDGE_CURVE('',#1270,#1272,#688,.T.);
#1808=EDGE_CURVE('',#1369,#1251,#689,.T.);
#1809=EDGE_CURVE('',#1371,#1281,#690,.T.);
#1810=EDGE_CURVE('',#1249,#1370,#691,.T.);
#1811=EDGE_CURVE('',#1273,#1271,#692,.T.);
#1812=EDGE_CURVE('',#1372,#1372,#75,.T.);
#1813=EDGE_CURVE('',#1372,#1104,#873,.T.);
#1814=EDGE_CURVE('',#1103,#1373,#693,.T.);
#1815=EDGE_CURVE('',#1373,#1374,#874,.T.);
#1816=EDGE_CURVE('',#1374,#1075,#694,.T.);
#1817=EDGE_CURVE('',#1074,#1280,#875,.T.);
#1818=EDGE_CURVE('',#1250,#1375,#876,.T.);
#1819=EDGE_CURVE('',#1375,#1375,#76,.T.);
#1820=EDGE_CURVE('',#1073,#1376,#695,.T.);
#1821=EDGE_CURVE('',#1376,#1377,#877,.T.);
#1822=EDGE_CURVE('',#1377,#1105,#696,.T.);
#1823=EDGE_CURVE('',#1243,#1241,#697,.T.);
#1824=EDGE_CURVE('',#1242,#1240,#698,.T.);
#1825=EDGE_CURVE('',#1378,#1379,#878,.T.);
#1826=EDGE_CURVE('',#1378,#1379,#699,.T.);
#1827=EDGE_CURVE('',#1380,#1381,#879,.T.);
#1828=EDGE_CURVE('',#1380,#1381,#700,.T.);
#1829=EDGE_CURVE('',#1220,#1378,#701,.T.);
#1830=EDGE_CURVE('',#1211,#1213,#702,.T.);
#1831=EDGE_CURVE('',#1379,#1192,#703,.T.);
#1832=EDGE_CURVE('',#1381,#1221,#704,.T.);
#1833=EDGE_CURVE('',#1191,#1380,#705,.T.);
#1834=EDGE_CURVE('',#1214,#1212,#706,.T.);
#1835=EDGE_CURVE('',#1382,#1382,#77,.T.);
#1836=EDGE_CURVE('',#1382,#1383,#880,.T.);
#1837=EDGE_CURVE('',#1383,#1383,#78,.T.);
#1838=EDGE_CURVE('',#1133,#1384,#707,.T.);
#1839=EDGE_CURVE('',#1384,#1385,#881,.T.);
#1840=EDGE_CURVE('',#1385,#1163,#708,.T.);
#1841=EDGE_CURVE('',#1162,#1386,#709,.T.);
#1842=EDGE_CURVE('',#1386,#1387,#882,.T.);
#1843=EDGE_CURVE('',#1387,#1134,#710,.T.);
#1844=EDGE_CURVE('',#1185,#1183,#711,.T.);
#1845=EDGE_CURVE('',#1184,#1182,#712,.T.);
#1846=EDGE_CURVE('',#1386,#1387,#713,.T.);
#1847=EDGE_CURVE('',#1384,#1385,#714,.T.);
#1848=EDGE_CURVE('',#1153,#1155,#715,.T.);
#1849=EDGE_CURVE('',#1156,#1154,#716,.T.);
#1850=EDGE_CURVE('',#1127,#1125,#717,.T.);
#1851=EDGE_CURVE('',#1126,#1124,#718,.T.);
#1852=EDGE_CURVE('',#1373,#1374,#719,.T.);
#1853=EDGE_CURVE('',#1376,#1377,#720,.T.);
#1854=EDGE_CURVE('',#1094,#1096,#721,.T.);
#1855=EDGE_CURVE('',#1097,#1095,#722,.T.);
#1856=EDGE_CURVE('',#1333,#1388,#883,.T.);
#1857=EDGE_CURVE('',#1340,#1388,#79,.T.);
#1858=EDGE_CURVE('',#1388,#1339,#884,.T.);
#1859=EDGE_CURVE('',#1329,#1389,#885,.T.);
#1860=EDGE_CURVE('',#1343,#1389,#80,.T.);
#1861=EDGE_CURVE('',#1389,#1342,#886,.T.);
#1862=EDGE_CURVE('',#1325,#1390,#887,.T.);
#1863=EDGE_CURVE('',#1346,#1390,#81,.T.);
#1864=EDGE_CURVE('',#1390,#1345,#888,.T.);
#1865=EDGE_CURVE('',#1321,#1391,#889,.T.);
#1866=EDGE_CURVE('',#1349,#1391,#82,.T.);
#1867=EDGE_CURVE('',#1391,#1348,#890,.T.);
#1868=EDGE_CURVE('',#1366,#1363,#891,.T.);
#1869=EDGE_CURVE('',#1362,#1367,#892,.T.);
#1870=EDGE_CURVE('',#1392,#1392,#83,.T.);
#1871=EDGE_CURVE('',#1392,#1337,#893,.T.);
#1872=EDGE_CURVE('',#1393,#1393,#84,.T.);
#1873=EDGE_CURVE('',#1393,#1394,#894,.T.);
#1874=EDGE_CURVE('',#1394,#1394,#85,.T.);
#1875=EDGE_CURVE('',#1361,#1357,#895,.T.);
#1876=EDGE_CURVE('',#1364,#1365,#896,.T.);
#1877=ORIENTED_EDGE('',*,*,#1395,.T.);
#1878=ORIENTED_EDGE('',*,*,#1396,.T.);
#1879=ORIENTED_EDGE('',*,*,#1397,.F.);
#1880=ORIENTED_EDGE('',*,*,#1398,.F.);
#1881=ORIENTED_EDGE('',*,*,#1399,.T.);
#1882=ORIENTED_EDGE('',*,*,#1400,.T.);
#1883=ORIENTED_EDGE('',*,*,#1401,.T.);
#1884=ORIENTED_EDGE('',*,*,#1395,.F.);
#1885=ORIENTED_EDGE('',*,*,#1402,.T.);
#1886=ORIENTED_EDGE('',*,*,#1403,.T.);
#1887=ORIENTED_EDGE('',*,*,#1404,.T.);
#1888=ORIENTED_EDGE('',*,*,#1400,.F.);
#1889=ORIENTED_EDGE('',*,*,#1405,.T.);
#1890=ORIENTED_EDGE('',*,*,#1406,.T.);
#1891=ORIENTED_EDGE('',*,*,#1407,.T.);
#1892=ORIENTED_EDGE('',*,*,#1403,.F.);
#1893=ORIENTED_EDGE('',*,*,#1408,.T.);
#1894=ORIENTED_EDGE('',*,*,#1409,.T.);
#1895=ORIENTED_EDGE('',*,*,#1410,.T.);
#1896=ORIENTED_EDGE('',*,*,#1406,.F.);
#1897=ORIENTED_EDGE('',*,*,#1411,.T.);
#1898=ORIENTED_EDGE('',*,*,#1412,.T.);
#1899=ORIENTED_EDGE('',*,*,#1413,.T.);
#1900=ORIENTED_EDGE('',*,*,#1409,.F.);
#1901=ORIENTED_EDGE('',*,*,#1414,.T.);
#1902=ORIENTED_EDGE('',*,*,#1415,.T.);
#1903=ORIENTED_EDGE('',*,*,#1416,.T.);
#1904=ORIENTED_EDGE('',*,*,#1412,.F.);
#1905=ORIENTED_EDGE('',*,*,#1417,.T.);
#1906=ORIENTED_EDGE('',*,*,#1418,.T.);
#1907=ORIENTED_EDGE('',*,*,#1419,.T.);
#1908=ORIENTED_EDGE('',*,*,#1415,.F.);
#1909=ORIENTED_EDGE('',*,*,#1420,.T.);
#1910=ORIENTED_EDGE('',*,*,#1421,.T.);
#1911=ORIENTED_EDGE('',*,*,#1422,.T.);
#1912=ORIENTED_EDGE('',*,*,#1418,.F.);
#1913=ORIENTED_EDGE('',*,*,#1423,.T.);
#1914=ORIENTED_EDGE('',*,*,#1424,.T.);
#1915=ORIENTED_EDGE('',*,*,#1425,.T.);
#1916=ORIENTED_EDGE('',*,*,#1421,.F.);
#1917=ORIENTED_EDGE('',*,*,#1426,.T.);
#1918=ORIENTED_EDGE('',*,*,#1427,.T.);
#1919=ORIENTED_EDGE('',*,*,#1428,.T.);
#1920=ORIENTED_EDGE('',*,*,#1424,.F.);
#1921=ORIENTED_EDGE('',*,*,#1429,.T.);
#1922=ORIENTED_EDGE('',*,*,#1430,.F.);
#1923=ORIENTED_EDGE('',*,*,#1431,.T.);
#1924=ORIENTED_EDGE('',*,*,#1432,.F.);
#1925=ORIENTED_EDGE('',*,*,#1433,.F.);
#1926=ORIENTED_EDGE('',*,*,#1434,.T.);
#1927=ORIENTED_EDGE('',*,*,#1435,.T.);
#1928=ORIENTED_EDGE('',*,*,#1436,.T.);
#1929=ORIENTED_EDGE('',*,*,#1437,.F.);
#1930=ORIENTED_EDGE('',*,*,#1438,.F.);
#1931=ORIENTED_EDGE('',*,*,#1439,.F.);
#1932=ORIENTED_EDGE('',*,*,#1440,.T.);
#1933=ORIENTED_EDGE('',*,*,#1441,.T.);
#1934=ORIENTED_EDGE('',*,*,#1435,.F.);
#1935=ORIENTED_EDGE('',*,*,#1442,.F.);
#1936=ORIENTED_EDGE('',*,*,#1443,.T.);
#1937=ORIENTED_EDGE('',*,*,#1444,.T.);
#1938=ORIENTED_EDGE('',*,*,#1440,.F.);
#1939=ORIENTED_EDGE('',*,*,#1445,.F.);
#1940=ORIENTED_EDGE('',*,*,#1446,.T.);
#1941=ORIENTED_EDGE('',*,*,#1447,.T.);
#1942=ORIENTED_EDGE('',*,*,#1443,.F.);
#1943=ORIENTED_EDGE('',*,*,#1448,.F.);
#1944=ORIENTED_EDGE('',*,*,#1449,.T.);
#1945=ORIENTED_EDGE('',*,*,#1450,.T.);
#1946=ORIENTED_EDGE('',*,*,#1446,.F.);
#1947=ORIENTED_EDGE('',*,*,#1451,.F.);
#1948=ORIENTED_EDGE('',*,*,#1452,.T.);
#1949=ORIENTED_EDGE('',*,*,#1453,.T.);
#1950=ORIENTED_EDGE('',*,*,#1449,.F.);
#1951=ORIENTED_EDGE('',*,*,#1454,.F.);
#1952=ORIENTED_EDGE('',*,*,#1455,.T.);
#1953=ORIENTED_EDGE('',*,*,#1456,.T.);
#1954=ORIENTED_EDGE('',*,*,#1452,.F.);
#1955=ORIENTED_EDGE('',*,*,#1457,.F.);
#1956=ORIENTED_EDGE('',*,*,#1458,.T.);
#1957=ORIENTED_EDGE('',*,*,#1459,.T.);
#1958=ORIENTED_EDGE('',*,*,#1455,.F.);
#1959=ORIENTED_EDGE('',*,*,#1460,.F.);
#1960=ORIENTED_EDGE('',*,*,#1461,.T.);
#1961=ORIENTED_EDGE('',*,*,#1462,.T.);
#1962=ORIENTED_EDGE('',*,*,#1458,.F.);
#1963=ORIENTED_EDGE('',*,*,#1463,.F.);
#1964=ORIENTED_EDGE('',*,*,#1464,.T.);
#1965=ORIENTED_EDGE('',*,*,#1465,.T.);
#1966=ORIENTED_EDGE('',*,*,#1461,.F.);
#1967=ORIENTED_EDGE('',*,*,#1466,.F.);
#1968=ORIENTED_EDGE('',*,*,#1467,.T.);
#1969=ORIENTED_EDGE('',*,*,#1468,.T.);
#1970=ORIENTED_EDGE('',*,*,#1464,.F.);
#1971=ORIENTED_EDGE('',*,*,#1469,.F.);
#1972=ORIENTED_EDGE('',*,*,#1470,.F.);
#1973=ORIENTED_EDGE('',*,*,#1471,.F.);
#1974=ORIENTED_EDGE('',*,*,#1472,.F.);
#1975=ORIENTED_EDGE('',*,*,#1473,.F.);
#1976=ORIENTED_EDGE('',*,*,#1474,.T.);
#1977=ORIENTED_EDGE('',*,*,#1475,.T.);
#1978=ORIENTED_EDGE('',*,*,#1476,.T.);
#1979=ORIENTED_EDGE('',*,*,#1477,.F.);
#1980=ORIENTED_EDGE('',*,*,#1478,.T.);
#1981=ORIENTED_EDGE('',*,*,#1479,.T.);
#1982=ORIENTED_EDGE('',*,*,#1480,.T.);
#1983=ORIENTED_EDGE('',*,*,#1475,.F.);
#1984=ORIENTED_EDGE('',*,*,#1481,.T.);
#1985=ORIENTED_EDGE('',*,*,#1482,.T.);
#1986=ORIENTED_EDGE('',*,*,#1483,.T.);
#1987=ORIENTED_EDGE('',*,*,#1479,.F.);
#1988=ORIENTED_EDGE('',*,*,#1484,.T.);
#1989=ORIENTED_EDGE('',*,*,#1485,.T.);
#1990=ORIENTED_EDGE('',*,*,#1486,.T.);
#1991=ORIENTED_EDGE('',*,*,#1482,.F.);
#1992=ORIENTED_EDGE('',*,*,#1487,.T.);
#1993=ORIENTED_EDGE('',*,*,#1488,.T.);
#1994=ORIENTED_EDGE('',*,*,#1489,.T.);
#1995=ORIENTED_EDGE('',*,*,#1485,.F.);
#1996=ORIENTED_EDGE('',*,*,#1490,.T.);
#1997=ORIENTED_EDGE('',*,*,#1491,.T.);
#1998=ORIENTED_EDGE('',*,*,#1492,.T.);
#1999=ORIENTED_EDGE('',*,*,#1488,.F.);
#2000=ORIENTED_EDGE('',*,*,#1493,.T.);
#2001=ORIENTED_EDGE('',*,*,#1494,.T.);
#2002=ORIENTED_EDGE('',*,*,#1495,.T.);
#2003=ORIENTED_EDGE('',*,*,#1491,.F.);
#2004=ORIENTED_EDGE('',*,*,#1496,.T.);
#2005=ORIENTED_EDGE('',*,*,#1497,.T.);
#2006=ORIENTED_EDGE('',*,*,#1498,.T.);
#2007=ORIENTED_EDGE('',*,*,#1494,.F.);
#2008=ORIENTED_EDGE('',*,*,#1499,.T.);
#2009=ORIENTED_EDGE('',*,*,#1500,.T.);
#2010=ORIENTED_EDGE('',*,*,#1501,.T.);
#2011=ORIENTED_EDGE('',*,*,#1497,.F.);
#2012=ORIENTED_EDGE('',*,*,#1502,.T.);
#2013=ORIENTED_EDGE('',*,*,#1503,.T.);
#2014=ORIENTED_EDGE('',*,*,#1504,.T.);
#2015=ORIENTED_EDGE('',*,*,#1500,.F.);
#2016=ORIENTED_EDGE('',*,*,#1505,.T.);
#2017=ORIENTED_EDGE('',*,*,#1506,.T.);
#2018=ORIENTED_EDGE('',*,*,#1507,.T.);
#2019=ORIENTED_EDGE('',*,*,#1503,.F.);
#2020=ORIENTED_EDGE('',*,*,#1508,.T.);
#2021=ORIENTED_EDGE('',*,*,#1509,.F.);
#2022=ORIENTED_EDGE('',*,*,#1510,.T.);
#2023=ORIENTED_EDGE('',*,*,#1511,.F.);
#2024=ORIENTED_EDGE('',*,*,#1512,.F.);
#2025=ORIENTED_EDGE('',*,*,#1513,.T.);
#2026=ORIENTED_EDGE('',*,*,#1514,.T.);
#2027=ORIENTED_EDGE('',*,*,#1515,.T.);
#2028=ORIENTED_EDGE('',*,*,#1516,.F.);
#2029=ORIENTED_EDGE('',*,*,#1517,.F.);
#2030=ORIENTED_EDGE('',*,*,#1518,.T.);
#2031=ORIENTED_EDGE('',*,*,#1519,.T.);
#2032=ORIENTED_EDGE('',*,*,#1514,.F.);
#2033=ORIENTED_EDGE('',*,*,#1520,.F.);
#2034=ORIENTED_EDGE('',*,*,#1521,.T.);
#2035=ORIENTED_EDGE('',*,*,#1522,.T.);
#2036=ORIENTED_EDGE('',*,*,#1518,.F.);
#2037=ORIENTED_EDGE('',*,*,#1523,.F.);
#2038=ORIENTED_EDGE('',*,*,#1524,.T.);
#2039=ORIENTED_EDGE('',*,*,#1525,.T.);
#2040=ORIENTED_EDGE('',*,*,#1521,.F.);
#2041=ORIENTED_EDGE('',*,*,#1526,.F.);
#2042=ORIENTED_EDGE('',*,*,#1527,.T.);
#2043=ORIENTED_EDGE('',*,*,#1528,.T.);
#2044=ORIENTED_EDGE('',*,*,#1524,.F.);
#2045=ORIENTED_EDGE('',*,*,#1529,.F.);
#2046=ORIENTED_EDGE('',*,*,#1530,.T.);
#2047=ORIENTED_EDGE('',*,*,#1531,.T.);
#2048=ORIENTED_EDGE('',*,*,#1527,.F.);
#2049=ORIENTED_EDGE('',*,*,#1532,.F.);
#2050=ORIENTED_EDGE('',*,*,#1533,.T.);
#2051=ORIENTED_EDGE('',*,*,#1534,.T.);
#2052=ORIENTED_EDGE('',*,*,#1530,.F.);
#2053=ORIENTED_EDGE('',*,*,#1535,.F.);
#2054=ORIENTED_EDGE('',*,*,#1536,.T.);
#2055=ORIENTED_EDGE('',*,*,#1537,.T.);
#2056=ORIENTED_EDGE('',*,*,#1533,.F.);
#2057=ORIENTED_EDGE('',*,*,#1538,.F.);
#2058=ORIENTED_EDGE('',*,*,#1539,.T.);
#2059=ORIENTED_EDGE('',*,*,#1540,.T.);
#2060=ORIENTED_EDGE('',*,*,#1536,.F.);
#2061=ORIENTED_EDGE('',*,*,#1541,.F.);
#2062=ORIENTED_EDGE('',*,*,#1542,.T.);
#2063=ORIENTED_EDGE('',*,*,#1543,.T.);
#2064=ORIENTED_EDGE('',*,*,#1539,.F.);
#2065=ORIENTED_EDGE('',*,*,#1544,.F.);
#2066=ORIENTED_EDGE('',*,*,#1545,.T.);
#2067=ORIENTED_EDGE('',*,*,#1546,.T.);
#2068=ORIENTED_EDGE('',*,*,#1542,.F.);
#2069=ORIENTED_EDGE('',*,*,#1547,.F.);
#2070=ORIENTED_EDGE('',*,*,#1548,.F.);
#2071=ORIENTED_EDGE('',*,*,#1549,.F.);
#2072=ORIENTED_EDGE('',*,*,#1550,.F.);
#2073=ORIENTED_EDGE('',*,*,#1551,.F.);
#2074=ORIENTED_EDGE('',*,*,#1552,.T.);
#2075=ORIENTED_EDGE('',*,*,#1553,.T.);
#2076=ORIENTED_EDGE('',*,*,#1554,.T.);
#2077=ORIENTED_EDGE('',*,*,#1555,.F.);
#2078=ORIENTED_EDGE('',*,*,#1556,.T.);
#2079=ORIENTED_EDGE('',*,*,#1557,.T.);
#2080=ORIENTED_EDGE('',*,*,#1558,.T.);
#2081=ORIENTED_EDGE('',*,*,#1553,.F.);
#2082=ORIENTED_EDGE('',*,*,#1559,.T.);
#2083=ORIENTED_EDGE('',*,*,#1560,.T.);
#2084=ORIENTED_EDGE('',*,*,#1561,.T.);
#2085=ORIENTED_EDGE('',*,*,#1557,.F.);
#2086=ORIENTED_EDGE('',*,*,#1562,.T.);
#2087=ORIENTED_EDGE('',*,*,#1563,.T.);
#2088=ORIENTED_EDGE('',*,*,#1564,.T.);
#2089=ORIENTED_EDGE('',*,*,#1560,.F.);
#2090=ORIENTED_EDGE('',*,*,#1565,.T.);
#2091=ORIENTED_EDGE('',*,*,#1566,.T.);
#2092=ORIENTED_EDGE('',*,*,#1567,.T.);
#2093=ORIENTED_EDGE('',*,*,#1563,.F.);
#2094=ORIENTED_EDGE('',*,*,#1568,.T.);
#2095=ORIENTED_EDGE('',*,*,#1569,.T.);
#2096=ORIENTED_EDGE('',*,*,#1570,.T.);
#2097=ORIENTED_EDGE('',*,*,#1566,.F.);
#2098=ORIENTED_EDGE('',*,*,#1571,.T.);
#2099=ORIENTED_EDGE('',*,*,#1572,.T.);
#2100=ORIENTED_EDGE('',*,*,#1573,.T.);
#2101=ORIENTED_EDGE('',*,*,#1569,.F.);
#2102=ORIENTED_EDGE('',*,*,#1574,.T.);
#2103=ORIENTED_EDGE('',*,*,#1575,.T.);
#2104=ORIENTED_EDGE('',*,*,#1576,.T.);
#2105=ORIENTED_EDGE('',*,*,#1572,.F.);
#2106=ORIENTED_EDGE('',*,*,#1577,.T.);
#2107=ORIENTED_EDGE('',*,*,#1578,.T.);
#2108=ORIENTED_EDGE('',*,*,#1579,.T.);
#2109=ORIENTED_EDGE('',*,*,#1575,.F.);
#2110=ORIENTED_EDGE('',*,*,#1580,.T.);
#2111=ORIENTED_EDGE('',*,*,#1581,.T.);
#2112=ORIENTED_EDGE('',*,*,#1582,.T.);
#2113=ORIENTED_EDGE('',*,*,#1578,.F.);
#2114=ORIENTED_EDGE('',*,*,#1583,.T.);
#2115=ORIENTED_EDGE('',*,*,#1584,.T.);
#2116=ORIENTED_EDGE('',*,*,#1585,.T.);
#2117=ORIENTED_EDGE('',*,*,#1581,.F.);
#2118=ORIENTED_EDGE('',*,*,#1586,.T.);
#2119=ORIENTED_EDGE('',*,*,#1587,.F.);
#2120=ORIENTED_EDGE('',*,*,#1588,.T.);
#2121=ORIENTED_EDGE('',*,*,#1589,.F.);
#2122=ORIENTED_EDGE('',*,*,#1590,.F.);
#2123=ORIENTED_EDGE('',*,*,#1591,.T.);
#2124=ORIENTED_EDGE('',*,*,#1592,.T.);
#2125=ORIENTED_EDGE('',*,*,#1593,.T.);
#2126=ORIENTED_EDGE('',*,*,#1594,.F.);
#2127=ORIENTED_EDGE('',*,*,#1595,.F.);
#2128=ORIENTED_EDGE('',*,*,#1596,.T.);
#2129=ORIENTED_EDGE('',*,*,#1597,.T.);
#2130=ORIENTED_EDGE('',*,*,#1592,.F.);
#2131=ORIENTED_EDGE('',*,*,#1598,.F.);
#2132=ORIENTED_EDGE('',*,*,#1599,.T.);
#2133=ORIENTED_EDGE('',*,*,#1600,.T.);
#2134=ORIENTED_EDGE('',*,*,#1596,.F.);
#2135=ORIENTED_EDGE('',*,*,#1601,.F.);
#2136=ORIENTED_EDGE('',*,*,#1602,.T.);
#2137=ORIENTED_EDGE('',*,*,#1603,.T.);
#2138=ORIENTED_EDGE('',*,*,#1599,.F.);
#2139=ORIENTED_EDGE('',*,*,#1604,.F.);
#2140=ORIENTED_EDGE('',*,*,#1605,.T.);
#2141=ORIENTED_EDGE('',*,*,#1606,.T.);
#2142=ORIENTED_EDGE('',*,*,#1602,.F.);
#2143=ORIENTED_EDGE('',*,*,#1607,.F.);
#2144=ORIENTED_EDGE('',*,*,#1608,.T.);
#2145=ORIENTED_EDGE('',*,*,#1609,.T.);
#2146=ORIENTED_EDGE('',*,*,#1605,.F.);
#2147=ORIENTED_EDGE('',*,*,#1610,.F.);
#2148=ORIENTED_EDGE('',*,*,#1611,.T.);
#2149=ORIENTED_EDGE('',*,*,#1612,.T.);
#2150=ORIENTED_EDGE('',*,*,#1608,.F.);
#2151=ORIENTED_EDGE('',*,*,#1613,.F.);
#2152=ORIENTED_EDGE('',*,*,#1614,.T.);
#2153=ORIENTED_EDGE('',*,*,#1615,.T.);
#2154=ORIENTED_EDGE('',*,*,#1611,.F.);
#2155=ORIENTED_EDGE('',*,*,#1616,.F.);
#2156=ORIENTED_EDGE('',*,*,#1617,.T.);
#2157=ORIENTED_EDGE('',*,*,#1618,.T.);
#2158=ORIENTED_EDGE('',*,*,#1614,.F.);
#2159=ORIENTED_EDGE('',*,*,#1619,.F.);
#2160=ORIENTED_EDGE('',*,*,#1620,.T.);
#2161=ORIENTED_EDGE('',*,*,#1621,.T.);
#2162=ORIENTED_EDGE('',*,*,#1617,.F.);
#2163=ORIENTED_EDGE('',*,*,#1622,.F.);
#2164=ORIENTED_EDGE('',*,*,#1623,.T.);
#2165=ORIENTED_EDGE('',*,*,#1624,.T.);
#2166=ORIENTED_EDGE('',*,*,#1620,.F.);
#2167=ORIENTED_EDGE('',*,*,#1625,.F.);
#2168=ORIENTED_EDGE('',*,*,#1626,.F.);
#2169=ORIENTED_EDGE('',*,*,#1627,.F.);
#2170=ORIENTED_EDGE('',*,*,#1628,.F.);
#2171=ORIENTED_EDGE('',*,*,#1629,.F.);
#2172=ORIENTED_EDGE('',*,*,#1630,.T.);
#2173=ORIENTED_EDGE('',*,*,#1631,.T.);
#2174=ORIENTED_EDGE('',*,*,#1632,.T.);
#2175=ORIENTED_EDGE('',*,*,#1633,.F.);
#2176=ORIENTED_EDGE('',*,*,#1634,.F.);
#2177=ORIENTED_EDGE('',*,*,#1635,.T.);
#2178=ORIENTED_EDGE('',*,*,#1636,.T.);
#2179=ORIENTED_EDGE('',*,*,#1637,.T.);
#2180=ORIENTED_EDGE('',*,*,#1631,.F.);
#2181=ORIENTED_EDGE('',*,*,#1638,.T.);
#2182=ORIENTED_EDGE('',*,*,#1639,.T.);
#2183=ORIENTED_EDGE('',*,*,#1640,.T.);
#2184=ORIENTED_EDGE('',*,*,#1636,.F.);
#2185=ORIENTED_EDGE('',*,*,#1641,.T.);
#2186=ORIENTED_EDGE('',*,*,#1642,.T.);
#2187=ORIENTED_EDGE('',*,*,#1643,.T.);
#2188=ORIENTED_EDGE('',*,*,#1639,.F.);
#2189=ORIENTED_EDGE('',*,*,#1644,.T.);
#2190=ORIENTED_EDGE('',*,*,#1645,.T.);
#2191=ORIENTED_EDGE('',*,*,#1646,.T.);
#2192=ORIENTED_EDGE('',*,*,#1642,.F.);
#2193=ORIENTED_EDGE('',*,*,#1647,.T.);
#2194=ORIENTED_EDGE('',*,*,#1648,.T.);
#2195=ORIENTED_EDGE('',*,*,#1649,.T.);
#2196=ORIENTED_EDGE('',*,*,#1645,.F.);
#2197=ORIENTED_EDGE('',*,*,#1650,.T.);
#2198=ORIENTED_EDGE('',*,*,#1651,.T.);
#2199=ORIENTED_EDGE('',*,*,#1652,.T.);
#2200=ORIENTED_EDGE('',*,*,#1648,.F.);
#2201=ORIENTED_EDGE('',*,*,#1653,.T.);
#2202=ORIENTED_EDGE('',*,*,#1654,.T.);
#2203=ORIENTED_EDGE('',*,*,#1655,.T.);
#2204=ORIENTED_EDGE('',*,*,#1651,.F.);
#2205=ORIENTED_EDGE('',*,*,#1656,.T.);
#2206=ORIENTED_EDGE('',*,*,#1657,.T.);
#2207=ORIENTED_EDGE('',*,*,#1658,.T.);
#2208=ORIENTED_EDGE('',*,*,#1654,.F.);
#2209=ORIENTED_EDGE('',*,*,#1659,.T.);
#2210=ORIENTED_EDGE('',*,*,#1660,.T.);
#2211=ORIENTED_EDGE('',*,*,#1661,.T.);
#2212=ORIENTED_EDGE('',*,*,#1657,.F.);
#2213=ORIENTED_EDGE('',*,*,#1662,.T.);
#2214=ORIENTED_EDGE('',*,*,#1663,.T.);
#2215=ORIENTED_EDGE('',*,*,#1664,.T.);
#2216=ORIENTED_EDGE('',*,*,#1660,.F.);
#2217=ORIENTED_EDGE('',*,*,#1665,.T.);
#2218=ORIENTED_EDGE('',*,*,#1666,.F.);
#2219=ORIENTED_EDGE('',*,*,#1667,.T.);
#2220=ORIENTED_EDGE('',*,*,#1668,.F.);
#2221=ORIENTED_EDGE('',*,*,#1669,.F.);
#2222=ORIENTED_EDGE('',*,*,#1670,.T.);
#2223=ORIENTED_EDGE('',*,*,#1671,.T.);
#2224=ORIENTED_EDGE('',*,*,#1672,.T.);
#2225=ORIENTED_EDGE('',*,*,#1673,.F.);
#2226=ORIENTED_EDGE('',*,*,#1674,.F.);
#2227=ORIENTED_EDGE('',*,*,#1675,.F.);
#2228=ORIENTED_EDGE('',*,*,#1676,.T.);
#2229=ORIENTED_EDGE('',*,*,#1677,.T.);
#2230=ORIENTED_EDGE('',*,*,#1671,.F.);
#2231=ORIENTED_EDGE('',*,*,#1678,.F.);
#2232=ORIENTED_EDGE('',*,*,#1679,.T.);
#2233=ORIENTED_EDGE('',*,*,#1680,.T.);
#2234=ORIENTED_EDGE('',*,*,#1676,.F.);
#2235=ORIENTED_EDGE('',*,*,#1681,.F.);
#2236=ORIENTED_EDGE('',*,*,#1682,.T.);
#2237=ORIENTED_EDGE('',*,*,#1683,.T.);
#2238=ORIENTED_EDGE('',*,*,#1679,.F.);
#2239=ORIENTED_EDGE('',*,*,#1684,.F.);
#2240=ORIENTED_EDGE('',*,*,#1685,.T.);
#2241=ORIENTED_EDGE('',*,*,#1686,.T.);
#2242=ORIENTED_EDGE('',*,*,#1682,.F.);
#2243=ORIENTED_EDGE('',*,*,#1687,.F.);
#2244=ORIENTED_EDGE('',*,*,#1688,.T.);
#2245=ORIENTED_EDGE('',*,*,#1689,.T.);
#2246=ORIENTED_EDGE('',*,*,#1685,.F.);
#2247=ORIENTED_EDGE('',*,*,#1690,.F.);
#2248=ORIENTED_EDGE('',*,*,#1691,.T.);
#2249=ORIENTED_EDGE('',*,*,#1692,.T.);
#2250=ORIENTED_EDGE('',*,*,#1688,.F.);
#2251=ORIENTED_EDGE('',*,*,#1693,.F.);
#2252=ORIENTED_EDGE('',*,*,#1694,.T.);
#2253=ORIENTED_EDGE('',*,*,#1695,.T.);
#2254=ORIENTED_EDGE('',*,*,#1691,.F.);
#2255=ORIENTED_EDGE('',*,*,#1696,.F.);
#2256=ORIENTED_EDGE('',*,*,#1697,.T.);
#2257=ORIENTED_EDGE('',*,*,#1698,.T.);
#2258=ORIENTED_EDGE('',*,*,#1694,.F.);
#2259=ORIENTED_EDGE('',*,*,#1699,.F.);
#2260=ORIENTED_EDGE('',*,*,#1700,.T.);
#2261=ORIENTED_EDGE('',*,*,#1701,.T.);
#2262=ORIENTED_EDGE('',*,*,#1697,.F.);
#2263=ORIENTED_EDGE('',*,*,#1702,.F.);
#2264=ORIENTED_EDGE('',*,*,#1703,.T.);
#2265=ORIENTED_EDGE('',*,*,#1704,.T.);
#2266=ORIENTED_EDGE('',*,*,#1700,.F.);
#2267=ORIENTED_EDGE('',*,*,#1705,.F.);
#2268=ORIENTED_EDGE('',*,*,#1706,.F.);
#2269=ORIENTED_EDGE('',*,*,#1707,.F.);
#2270=ORIENTED_EDGE('',*,*,#1708,.F.);
#2271=ORIENTED_EDGE('',*,*,#1709,.F.);
#2272=ORIENTED_EDGE('',*,*,#1710,.T.);
#2273=ORIENTED_EDGE('',*,*,#1711,.F.);
#2274=ORIENTED_EDGE('',*,*,#1712,.F.);
#2275=ORIENTED_EDGE('',*,*,#1713,.F.);
#2276=ORIENTED_EDGE('',*,*,#1714,.F.);
#2277=ORIENTED_EDGE('',*,*,#1715,.F.);
#2278=ORIENTED_EDGE('',*,*,#1716,.F.);
#2279=ORIENTED_EDGE('',*,*,#1717,.F.);
#2280=ORIENTED_EDGE('',*,*,#1718,.F.);
#2281=ORIENTED_EDGE('',*,*,#1719,.F.);
#2282=ORIENTED_EDGE('',*,*,#1720,.F.);
#2283=ORIENTED_EDGE('',*,*,#1721,.F.);
#2284=ORIENTED_EDGE('',*,*,#1722,.F.);
#2285=ORIENTED_EDGE('',*,*,#1723,.F.);
#2286=ORIENTED_EDGE('',*,*,#1724,.F.);
#2287=ORIENTED_EDGE('',*,*,#1725,.F.);
#2288=ORIENTED_EDGE('',*,*,#1726,.F.);
#2289=ORIENTED_EDGE('',*,*,#1727,.F.);
#2290=ORIENTED_EDGE('',*,*,#1728,.F.);
#2291=ORIENTED_EDGE('',*,*,#1729,.F.);
#2292=ORIENTED_EDGE('',*,*,#1730,.F.);
#2293=ORIENTED_EDGE('',*,*,#1731,.F.);
#2294=ORIENTED_EDGE('',*,*,#1732,.F.);
#2295=ORIENTED_EDGE('',*,*,#1733,.F.);
#2296=ORIENTED_EDGE('',*,*,#1734,.F.);
#2297=ORIENTED_EDGE('',*,*,#1735,.F.);
#2298=ORIENTED_EDGE('',*,*,#1736,.F.);
#2299=ORIENTED_EDGE('',*,*,#1737,.F.);
#2300=ORIENTED_EDGE('',*,*,#1738,.F.);
#2301=ORIENTED_EDGE('',*,*,#1739,.F.);
#2302=ORIENTED_EDGE('',*,*,#1740,.F.);
#2303=ORIENTED_EDGE('',*,*,#1741,.F.);
#2304=ORIENTED_EDGE('',*,*,#1740,.T.);
#2305=ORIENTED_EDGE('',*,*,#1742,.T.);
#2306=ORIENTED_EDGE('',*,*,#1743,.F.);
#2307=ORIENTED_EDGE('',*,*,#1744,.F.);
#2308=ORIENTED_EDGE('',*,*,#1739,.T.);
#2309=ORIENTED_EDGE('',*,*,#1745,.T.);
#2310=ORIENTED_EDGE('',*,*,#1746,.F.);
#2311=ORIENTED_EDGE('',*,*,#1742,.F.);
#2312=ORIENTED_EDGE('',*,*,#1736,.T.);
#2313=ORIENTED_EDGE('',*,*,#1747,.T.);
#2314=ORIENTED_EDGE('',*,*,#1748,.F.);
#2315=ORIENTED_EDGE('',*,*,#1749,.F.);
#2316=ORIENTED_EDGE('',*,*,#1735,.T.);
#2317=ORIENTED_EDGE('',*,*,#1750,.T.);
#2318=ORIENTED_EDGE('',*,*,#1751,.F.);
#2319=ORIENTED_EDGE('',*,*,#1747,.F.);
#2320=ORIENTED_EDGE('',*,*,#1732,.T.);
#2321=ORIENTED_EDGE('',*,*,#1752,.T.);
#2322=ORIENTED_EDGE('',*,*,#1753,.F.);
#2323=ORIENTED_EDGE('',*,*,#1754,.F.);
#2324=ORIENTED_EDGE('',*,*,#1731,.T.);
#2325=ORIENTED_EDGE('',*,*,#1755,.T.);
#2326=ORIENTED_EDGE('',*,*,#1756,.F.);
#2327=ORIENTED_EDGE('',*,*,#1752,.F.);
#2328=ORIENTED_EDGE('',*,*,#1728,.T.);
#2329=ORIENTED_EDGE('',*,*,#1757,.T.);
#2330=ORIENTED_EDGE('',*,*,#1758,.F.);
#2331=ORIENTED_EDGE('',*,*,#1759,.F.);
#2332=ORIENTED_EDGE('',*,*,#1727,.T.);
#2333=ORIENTED_EDGE('',*,*,#1760,.T.);
#2334=ORIENTED_EDGE('',*,*,#1761,.F.);
#2335=ORIENTED_EDGE('',*,*,#1757,.F.);
#2336=ORIENTED_EDGE('',*,*,#1720,.T.);
#2337=ORIENTED_EDGE('',*,*,#1762,.F.);
#2338=ORIENTED_EDGE('',*,*,#1763,.F.);
#2339=ORIENTED_EDGE('',*,*,#1764,.T.);
#2340=ORIENTED_EDGE('',*,*,#1719,.T.);
#2341=ORIENTED_EDGE('',*,*,#1765,.F.);
#2342=ORIENTED_EDGE('',*,*,#1766,.F.);
#2343=ORIENTED_EDGE('',*,*,#1762,.T.);
#2344=ORIENTED_EDGE('',*,*,#1718,.T.);
#2345=ORIENTED_EDGE('',*,*,#1767,.F.);
#2346=ORIENTED_EDGE('',*,*,#1768,.F.);
#2347=ORIENTED_EDGE('',*,*,#1765,.T.);
#2348=ORIENTED_EDGE('',*,*,#1717,.T.);
#2349=ORIENTED_EDGE('',*,*,#1769,.F.);
#2350=ORIENTED_EDGE('',*,*,#1770,.F.);
#2351=ORIENTED_EDGE('',*,*,#1767,.T.);
#2352=ORIENTED_EDGE('',*,*,#1714,.T.);
#2353=ORIENTED_EDGE('',*,*,#1771,.F.);
#2354=ORIENTED_EDGE('',*,*,#1772,.F.);
#2355=ORIENTED_EDGE('',*,*,#1773,.T.);
#2356=ORIENTED_EDGE('',*,*,#1713,.T.);
#2357=ORIENTED_EDGE('',*,*,#1774,.F.);
#2358=ORIENTED_EDGE('',*,*,#1775,.F.);
#2359=ORIENTED_EDGE('',*,*,#1771,.T.);
#2360=ORIENTED_EDGE('',*,*,#1721,.T.);
#2361=ORIENTED_EDGE('',*,*,#1764,.F.);
#2362=ORIENTED_EDGE('',*,*,#1776,.F.);
#2363=ORIENTED_EDGE('',*,*,#1777,.T.);
#2364=ORIENTED_EDGE('',*,*,#1722,.T.);
#2365=ORIENTED_EDGE('',*,*,#1777,.F.);
#2366=ORIENTED_EDGE('',*,*,#1778,.F.);
#2367=ORIENTED_EDGE('',*,*,#1779,.T.);
#2368=ORIENTED_EDGE('',*,*,#1723,.T.);
#2369=ORIENTED_EDGE('',*,*,#1779,.F.);
#2370=ORIENTED_EDGE('',*,*,#1780,.F.);
#2371=ORIENTED_EDGE('',*,*,#1781,.T.);
#2372=ORIENTED_EDGE('',*,*,#1724,.T.);
#2373=ORIENTED_EDGE('',*,*,#1781,.F.);
#2374=ORIENTED_EDGE('',*,*,#1782,.F.);
#2375=ORIENTED_EDGE('',*,*,#1769,.T.);
#2376=ORIENTED_EDGE('',*,*,#1783,.T.);
#2377=ORIENTED_EDGE('',*,*,#1711,.T.);
#2378=ORIENTED_EDGE('',*,*,#1784,.F.);
#2379=ORIENTED_EDGE('',*,*,#1785,.F.);
#2380=ORIENTED_EDGE('',*,*,#1786,.F.);
#2381=ORIENTED_EDGE('',*,*,#1787,.F.);
#2382=ORIENTED_EDGE('',*,*,#1788,.T.);
#2383=ORIENTED_EDGE('',*,*,#1433,.T.);
#2384=ORIENTED_EDGE('',*,*,#1432,.T.);
#2385=ORIENTED_EDGE('',*,*,#1789,.T.);
#2386=ORIENTED_EDGE('',*,*,#1473,.T.);
#2387=ORIENTED_EDGE('',*,*,#1472,.T.);
#2388=ORIENTED_EDGE('',*,*,#1790,.T.);
#2389=ORIENTED_EDGE('',*,*,#1669,.T.);
#2390=ORIENTED_EDGE('',*,*,#1668,.T.);
#2391=ORIENTED_EDGE('',*,*,#1791,.T.);
#2392=ORIENTED_EDGE('',*,*,#1709,.T.);
#2393=ORIENTED_EDGE('',*,*,#1708,.T.);
#2394=ORIENTED_EDGE('',*,*,#1773,.F.);
#2395=ORIENTED_EDGE('',*,*,#1792,.F.);
#2396=ORIENTED_EDGE('',*,*,#1793,.T.);
#2397=ORIENTED_EDGE('',*,*,#1794,.F.);
#2398=ORIENTED_EDGE('',*,*,#1795,.T.);
#2399=ORIENTED_EDGE('',*,*,#1715,.T.);
#2400=ORIENTED_EDGE('',*,*,#1796,.T.);
#2401=ORIENTED_EDGE('',*,*,#1512,.T.);
#2402=ORIENTED_EDGE('',*,*,#1511,.T.);
#2403=ORIENTED_EDGE('',*,*,#1797,.T.);
#2404=ORIENTED_EDGE('',*,*,#1551,.T.);
#2405=ORIENTED_EDGE('',*,*,#1550,.T.);
#2406=ORIENTED_EDGE('',*,*,#1798,.T.);
#2407=ORIENTED_EDGE('',*,*,#1590,.T.);
#2408=ORIENTED_EDGE('',*,*,#1589,.T.);
#2409=ORIENTED_EDGE('',*,*,#1799,.T.);
#2410=ORIENTED_EDGE('',*,*,#1629,.T.);
#2411=ORIENTED_EDGE('',*,*,#1628,.T.);
#2412=ORIENTED_EDGE('',*,*,#1706,.T.);
#2413=ORIENTED_EDGE('',*,*,#1800,.T.);
#2414=ORIENTED_EDGE('',*,*,#1703,.F.);
#2415=ORIENTED_EDGE('',*,*,#1801,.F.);
#2416=ORIENTED_EDGE('',*,*,#1802,.F.);
#2417=ORIENTED_EDGE('',*,*,#1803,.T.);
#2418=ORIENTED_EDGE('',*,*,#1804,.F.);
#2419=ORIENTED_EDGE('',*,*,#1805,.T.);
#2420=ORIENTED_EDGE('',*,*,#1806,.F.);
#2421=ORIENTED_EDGE('',*,*,#1672,.F.);
#2422=ORIENTED_EDGE('',*,*,#1677,.F.);
#2423=ORIENTED_EDGE('',*,*,#1680,.F.);
#2424=ORIENTED_EDGE('',*,*,#1683,.F.);
#2425=ORIENTED_EDGE('',*,*,#1686,.F.);
#2426=ORIENTED_EDGE('',*,*,#1689,.F.);
#2427=ORIENTED_EDGE('',*,*,#1692,.F.);
#2428=ORIENTED_EDGE('',*,*,#1695,.F.);
#2429=ORIENTED_EDGE('',*,*,#1698,.F.);
#2430=ORIENTED_EDGE('',*,*,#1701,.F.);
#2431=ORIENTED_EDGE('',*,*,#1704,.F.);
#2432=ORIENTED_EDGE('',*,*,#1800,.F.);
#2433=ORIENTED_EDGE('',*,*,#1710,.F.);
#2434=ORIENTED_EDGE('',*,*,#1791,.F.);
#2435=ORIENTED_EDGE('',*,*,#1667,.F.);
#2436=ORIENTED_EDGE('',*,*,#1807,.F.);
#2437=ORIENTED_EDGE('',*,*,#1665,.F.);
#2438=ORIENTED_EDGE('',*,*,#1662,.F.);
#2439=ORIENTED_EDGE('',*,*,#1659,.F.);
#2440=ORIENTED_EDGE('',*,*,#1656,.F.);
#2441=ORIENTED_EDGE('',*,*,#1653,.F.);
#2442=ORIENTED_EDGE('',*,*,#1650,.F.);
#2443=ORIENTED_EDGE('',*,*,#1647,.F.);
#2444=ORIENTED_EDGE('',*,*,#1644,.F.);
#2445=ORIENTED_EDGE('',*,*,#1641,.F.);
#2446=ORIENTED_EDGE('',*,*,#1638,.F.);
#2447=ORIENTED_EDGE('',*,*,#1635,.F.);
#2448=ORIENTED_EDGE('',*,*,#1808,.F.);
#2449=ORIENTED_EDGE('',*,*,#1803,.F.);
#2450=ORIENTED_EDGE('',*,*,#1809,.F.);
#2451=ORIENTED_EDGE('',*,*,#1805,.F.);
#2452=ORIENTED_EDGE('',*,*,#1810,.F.);
#2453=ORIENTED_EDGE('',*,*,#1632,.F.);
#2454=ORIENTED_EDGE('',*,*,#1637,.F.);
#2455=ORIENTED_EDGE('',*,*,#1640,.F.);
#2456=ORIENTED_EDGE('',*,*,#1643,.F.);
#2457=ORIENTED_EDGE('',*,*,#1646,.F.);
#2458=ORIENTED_EDGE('',*,*,#1649,.F.);
#2459=ORIENTED_EDGE('',*,*,#1652,.F.);
#2460=ORIENTED_EDGE('',*,*,#1655,.F.);
#2461=ORIENTED_EDGE('',*,*,#1658,.F.);
#2462=ORIENTED_EDGE('',*,*,#1661,.F.);
#2463=ORIENTED_EDGE('',*,*,#1664,.F.);
#2464=ORIENTED_EDGE('',*,*,#1811,.F.);
#2465=ORIENTED_EDGE('',*,*,#1670,.F.);
#2466=ORIENTED_EDGE('',*,*,#1790,.F.);
#2467=ORIENTED_EDGE('',*,*,#1707,.T.);
#2468=ORIENTED_EDGE('',*,*,#1801,.T.);
#2469=ORIENTED_EDGE('',*,*,#1705,.T.);
#2470=ORIENTED_EDGE('',*,*,#1702,.T.);
#2471=ORIENTED_EDGE('',*,*,#1699,.T.);
#2472=ORIENTED_EDGE('',*,*,#1696,.T.);
#2473=ORIENTED_EDGE('',*,*,#1693,.T.);
#2474=ORIENTED_EDGE('',*,*,#1690,.T.);
#2475=ORIENTED_EDGE('',*,*,#1687,.T.);
#2476=ORIENTED_EDGE('',*,*,#1684,.T.);
#2477=ORIENTED_EDGE('',*,*,#1681,.T.);
#2478=ORIENTED_EDGE('',*,*,#1678,.T.);
#2479=ORIENTED_EDGE('',*,*,#1675,.T.);
#2480=ORIENTED_EDGE('',*,*,#1812,.F.);
#2481=ORIENTED_EDGE('',*,*,#1813,.T.);
#2482=ORIENTED_EDGE('',*,*,#1437,.T.);
#2483=ORIENTED_EDGE('',*,*,#1814,.T.);
#2484=ORIENTED_EDGE('',*,*,#1815,.T.);
#2485=ORIENTED_EDGE('',*,*,#1816,.T.);
#2486=ORIENTED_EDGE('',*,*,#1398,.T.);
#2487=ORIENTED_EDGE('',*,*,#1817,.T.);
#2488=ORIENTED_EDGE('',*,*,#1673,.T.);
#2489=ORIENTED_EDGE('',*,*,#1806,.T.);
#2490=ORIENTED_EDGE('',*,*,#1802,.T.);
#2491=ORIENTED_EDGE('',*,*,#1808,.T.);
#2492=ORIENTED_EDGE('',*,*,#1634,.T.);
#2493=ORIENTED_EDGE('',*,*,#1818,.T.);
#2494=ORIENTED_EDGE('',*,*,#1819,.F.);
#2495=ORIENTED_EDGE('',*,*,#1818,.F.);
#2496=ORIENTED_EDGE('',*,*,#1633,.T.);
#2497=ORIENTED_EDGE('',*,*,#1810,.T.);
#2498=ORIENTED_EDGE('',*,*,#1804,.T.);
#2499=ORIENTED_EDGE('',*,*,#1809,.T.);
#2500=ORIENTED_EDGE('',*,*,#1674,.T.);
#2501=ORIENTED_EDGE('',*,*,#1817,.F.);
#2502=ORIENTED_EDGE('',*,*,#1397,.T.);
#2503=ORIENTED_EDGE('',*,*,#1820,.T.);
#2504=ORIENTED_EDGE('',*,*,#1821,.T.);
#2505=ORIENTED_EDGE('',*,*,#1822,.T.);
#2506=ORIENTED_EDGE('',*,*,#1438,.T.);
#2507=ORIENTED_EDGE('',*,*,#1813,.F.);
#2508=ORIENTED_EDGE('',*,*,#1666,.T.);
#2509=ORIENTED_EDGE('',*,*,#1811,.T.);
#2510=ORIENTED_EDGE('',*,*,#1663,.F.);
#2511=ORIENTED_EDGE('',*,*,#1807,.T.);
#2512=ORIENTED_EDGE('',*,*,#1626,.T.);
#2513=ORIENTED_EDGE('',*,*,#1823,.T.);
#2514=ORIENTED_EDGE('',*,*,#1623,.F.);
#2515=ORIENTED_EDGE('',*,*,#1824,.F.);
#2516=ORIENTED_EDGE('',*,*,#1825,.F.);
#2517=ORIENTED_EDGE('',*,*,#1826,.T.);
#2518=ORIENTED_EDGE('',*,*,#1827,.F.);
#2519=ORIENTED_EDGE('',*,*,#1828,.T.);
#2520=ORIENTED_EDGE('',*,*,#1829,.F.);
#2521=ORIENTED_EDGE('',*,*,#1593,.F.);
#2522=ORIENTED_EDGE('',*,*,#1597,.F.);
#2523=ORIENTED_EDGE('',*,*,#1600,.F.);
#2524=ORIENTED_EDGE('',*,*,#1603,.F.);
#2525=ORIENTED_EDGE('',*,*,#1606,.F.);
#2526=ORIENTED_EDGE('',*,*,#1609,.F.);
#2527=ORIENTED_EDGE('',*,*,#1612,.F.);
#2528=ORIENTED_EDGE('',*,*,#1615,.F.);
#2529=ORIENTED_EDGE('',*,*,#1618,.F.);
#2530=ORIENTED_EDGE('',*,*,#1621,.F.);
#2531=ORIENTED_EDGE('',*,*,#1624,.F.);
#2532=ORIENTED_EDGE('',*,*,#1823,.F.);
#2533=ORIENTED_EDGE('',*,*,#1630,.F.);
#2534=ORIENTED_EDGE('',*,*,#1799,.F.);
#2535=ORIENTED_EDGE('',*,*,#1588,.F.);
#2536=ORIENTED_EDGE('',*,*,#1830,.F.);
#2537=ORIENTED_EDGE('',*,*,#1586,.F.);
#2538=ORIENTED_EDGE('',*,*,#1583,.F.);
#2539=ORIENTED_EDGE('',*,*,#1580,.F.);
#2540=ORIENTED_EDGE('',*,*,#1577,.F.);
#2541=ORIENTED_EDGE('',*,*,#1574,.F.);
#2542=ORIENTED_EDGE('',*,*,#1571,.F.);
#2543=ORIENTED_EDGE('',*,*,#1568,.F.);
#2544=ORIENTED_EDGE('',*,*,#1565,.F.);
#2545=ORIENTED_EDGE('',*,*,#1562,.F.);
#2546=ORIENTED_EDGE('',*,*,#1559,.F.);
#2547=ORIENTED_EDGE('',*,*,#1556,.F.);
#2548=ORIENTED_EDGE('',*,*,#1831,.F.);
#2549=ORIENTED_EDGE('',*,*,#1826,.F.);
#2550=ORIENTED_EDGE('',*,*,#1832,.F.);
#2551=ORIENTED_EDGE('',*,*,#1828,.F.);
#2552=ORIENTED_EDGE('',*,*,#1833,.F.);
#2553=ORIENTED_EDGE('',*,*,#1554,.F.);
#2554=ORIENTED_EDGE('',*,*,#1558,.F.);
#2555=ORIENTED_EDGE('',*,*,#1561,.F.);
#2556=ORIENTED_EDGE('',*,*,#1564,.F.);
#2557=ORIENTED_EDGE('',*,*,#1567,.F.);
#2558=ORIENTED_EDGE('',*,*,#1570,.F.);
#2559=ORIENTED_EDGE('',*,*,#1573,.F.);
#2560=ORIENTED_EDGE('',*,*,#1576,.F.);
#2561=ORIENTED_EDGE('',*,*,#1579,.F.);
#2562=ORIENTED_EDGE('',*,*,#1582,.F.);
#2563=ORIENTED_EDGE('',*,*,#1585,.F.);
#2564=ORIENTED_EDGE('',*,*,#1834,.F.);
#2565=ORIENTED_EDGE('',*,*,#1591,.F.);
#2566=ORIENTED_EDGE('',*,*,#1798,.F.);
#2567=ORIENTED_EDGE('',*,*,#1627,.T.);
#2568=ORIENTED_EDGE('',*,*,#1824,.T.);
#2569=ORIENTED_EDGE('',*,*,#1625,.T.);
#2570=ORIENTED_EDGE('',*,*,#1622,.T.);
#2571=ORIENTED_EDGE('',*,*,#1619,.T.);
#2572=ORIENTED_EDGE('',*,*,#1616,.T.);
#2573=ORIENTED_EDGE('',*,*,#1613,.T.);
#2574=ORIENTED_EDGE('',*,*,#1610,.T.);
#2575=ORIENTED_EDGE('',*,*,#1607,.T.);
#2576=ORIENTED_EDGE('',*,*,#1604,.T.);
#2577=ORIENTED_EDGE('',*,*,#1601,.T.);
#2578=ORIENTED_EDGE('',*,*,#1598,.T.);
#2579=ORIENTED_EDGE('',*,*,#1595,.T.);
#2580=ORIENTED_EDGE('',*,*,#1835,.F.);
#2581=ORIENTED_EDGE('',*,*,#1836,.T.);
#2582=ORIENTED_EDGE('',*,*,#1837,.F.);
#2583=ORIENTED_EDGE('',*,*,#1836,.F.);
#2584=ORIENTED_EDGE('',*,*,#1838,.T.);
#2585=ORIENTED_EDGE('',*,*,#1839,.T.);
#2586=ORIENTED_EDGE('',*,*,#1840,.T.);
#2587=ORIENTED_EDGE('',*,*,#1516,.T.);
#2588=ORIENTED_EDGE('',*,*,#1841,.T.);
#2589=ORIENTED_EDGE('',*,*,#1842,.T.);
#2590=ORIENTED_EDGE('',*,*,#1843,.T.);
#2591=ORIENTED_EDGE('',*,*,#1477,.T.);
#2592=ORIENTED_EDGE('',*,*,#1833,.T.);
#2593=ORIENTED_EDGE('',*,*,#1827,.T.);
#2594=ORIENTED_EDGE('',*,*,#1832,.T.);
#2595=ORIENTED_EDGE('',*,*,#1594,.T.);
#2596=ORIENTED_EDGE('',*,*,#1829,.T.);
#2597=ORIENTED_EDGE('',*,*,#1825,.T.);
#2598=ORIENTED_EDGE('',*,*,#1831,.T.);
#2599=ORIENTED_EDGE('',*,*,#1555,.T.);
#2600=ORIENTED_EDGE('',*,*,#1587,.T.);
#2601=ORIENTED_EDGE('',*,*,#1834,.T.);
#2602=ORIENTED_EDGE('',*,*,#1584,.F.);
#2603=ORIENTED_EDGE('',*,*,#1830,.T.);
#2604=ORIENTED_EDGE('',*,*,#1548,.T.);
#2605=ORIENTED_EDGE('',*,*,#1844,.T.);
#2606=ORIENTED_EDGE('',*,*,#1545,.F.);
#2607=ORIENTED_EDGE('',*,*,#1845,.F.);
#2608=ORIENTED_EDGE('',*,*,#1842,.F.);
#2609=ORIENTED_EDGE('',*,*,#1846,.T.);
#2610=ORIENTED_EDGE('',*,*,#1839,.F.);
#2611=ORIENTED_EDGE('',*,*,#1847,.T.);
#2612=ORIENTED_EDGE('',*,*,#1841,.F.);
#2613=ORIENTED_EDGE('',*,*,#1515,.F.);
#2614=ORIENTED_EDGE('',*,*,#1519,.F.);
#2615=ORIENTED_EDGE('',*,*,#1522,.F.);
#2616=ORIENTED_EDGE('',*,*,#1525,.F.);
#2617=ORIENTED_EDGE('',*,*,#1528,.F.);
#2618=ORIENTED_EDGE('',*,*,#1531,.F.);
#2619=ORIENTED_EDGE('',*,*,#1534,.F.);
#2620=ORIENTED_EDGE('',*,*,#1537,.F.);
#2621=ORIENTED_EDGE('',*,*,#1540,.F.);
#2622=ORIENTED_EDGE('',*,*,#1543,.F.);
#2623=ORIENTED_EDGE('',*,*,#1546,.F.);
#2624=ORIENTED_EDGE('',*,*,#1844,.F.);
#2625=ORIENTED_EDGE('',*,*,#1552,.F.);
#2626=ORIENTED_EDGE('',*,*,#1797,.F.);
#2627=ORIENTED_EDGE('',*,*,#1510,.F.);
#2628=ORIENTED_EDGE('',*,*,#1848,.F.);
#2629=ORIENTED_EDGE('',*,*,#1508,.F.);
#2630=ORIENTED_EDGE('',*,*,#1505,.F.);
#2631=ORIENTED_EDGE('',*,*,#1502,.F.);
#2632=ORIENTED_EDGE('',*,*,#1499,.F.);
#2633=ORIENTED_EDGE('',*,*,#1496,.F.);
#2634=ORIENTED_EDGE('',*,*,#1493,.F.);
#2635=ORIENTED_EDGE('',*,*,#1490,.F.);
#2636=ORIENTED_EDGE('',*,*,#1487,.F.);
#2637=ORIENTED_EDGE('',*,*,#1484,.F.);
#2638=ORIENTED_EDGE('',*,*,#1481,.F.);
#2639=ORIENTED_EDGE('',*,*,#1478,.F.);
#2640=ORIENTED_EDGE('',*,*,#1843,.F.);
#2641=ORIENTED_EDGE('',*,*,#1846,.F.);
#2642=ORIENTED_EDGE('',*,*,#1840,.F.);
#2643=ORIENTED_EDGE('',*,*,#1847,.F.);
#2644=ORIENTED_EDGE('',*,*,#1838,.F.);
#2645=ORIENTED_EDGE('',*,*,#1476,.F.);
#2646=ORIENTED_EDGE('',*,*,#1480,.F.);
#2647=ORIENTED_EDGE('',*,*,#1483,.F.);
#2648=ORIENTED_EDGE('',*,*,#1486,.F.);
#2649=ORIENTED_EDGE('',*,*,#1489,.F.);
#2650=ORIENTED_EDGE('',*,*,#1492,.F.);
#2651=ORIENTED_EDGE('',*,*,#1495,.F.);
#2652=ORIENTED_EDGE('',*,*,#1498,.F.);
#2653=ORIENTED_EDGE('',*,*,#1501,.F.);
#2654=ORIENTED_EDGE('',*,*,#1504,.F.);
#2655=ORIENTED_EDGE('',*,*,#1507,.F.);
#2656=ORIENTED_EDGE('',*,*,#1849,.F.);
#2657=ORIENTED_EDGE('',*,*,#1513,.F.);
#2658=ORIENTED_EDGE('',*,*,#1796,.F.);
#2659=ORIENTED_EDGE('',*,*,#1549,.T.);
#2660=ORIENTED_EDGE('',*,*,#1845,.T.);
#2661=ORIENTED_EDGE('',*,*,#1547,.T.);
#2662=ORIENTED_EDGE('',*,*,#1544,.T.);
#2663=ORIENTED_EDGE('',*,*,#1541,.T.);
#2664=ORIENTED_EDGE('',*,*,#1538,.T.);
#2665=ORIENTED_EDGE('',*,*,#1535,.T.);
#2666=ORIENTED_EDGE('',*,*,#1532,.T.);
#2667=ORIENTED_EDGE('',*,*,#1529,.T.);
#2668=ORIENTED_EDGE('',*,*,#1526,.T.);
#2669=ORIENTED_EDGE('',*,*,#1523,.T.);
#2670=ORIENTED_EDGE('',*,*,#1520,.T.);
#2671=ORIENTED_EDGE('',*,*,#1517,.T.);
#2672=ORIENTED_EDGE('',*,*,#1509,.T.);
#2673=ORIENTED_EDGE('',*,*,#1849,.T.);
#2674=ORIENTED_EDGE('',*,*,#1506,.F.);
#2675=ORIENTED_EDGE('',*,*,#1848,.T.);
#2676=ORIENTED_EDGE('',*,*,#1470,.T.);
#2677=ORIENTED_EDGE('',*,*,#1850,.T.);
#2678=ORIENTED_EDGE('',*,*,#1467,.F.);
#2679=ORIENTED_EDGE('',*,*,#1851,.F.);
#2680=ORIENTED_EDGE('',*,*,#1815,.F.);
#2681=ORIENTED_EDGE('',*,*,#1852,.T.);
#2682=ORIENTED_EDGE('',*,*,#1821,.F.);
#2683=ORIENTED_EDGE('',*,*,#1853,.T.);
#2684=ORIENTED_EDGE('',*,*,#1814,.F.);
#2685=ORIENTED_EDGE('',*,*,#1436,.F.);
#2686=ORIENTED_EDGE('',*,*,#1441,.F.);
#2687=ORIENTED_EDGE('',*,*,#1444,.F.);
#2688=ORIENTED_EDGE('',*,*,#1447,.F.);
#2689=ORIENTED_EDGE('',*,*,#1450,.F.);
#2690=ORIENTED_EDGE('',*,*,#1453,.F.);
#2691=ORIENTED_EDGE('',*,*,#1456,.F.);
#2692=ORIENTED_EDGE('',*,*,#1459,.F.);
#2693=ORIENTED_EDGE('',*,*,#1462,.F.);
#2694=ORIENTED_EDGE('',*,*,#1465,.F.);
#2695=ORIENTED_EDGE('',*,*,#1468,.F.);
#2696=ORIENTED_EDGE('',*,*,#1850,.F.);
#2697=ORIENTED_EDGE('',*,*,#1474,.F.);
#2698=ORIENTED_EDGE('',*,*,#1789,.F.);
#2699=ORIENTED_EDGE('',*,*,#1431,.F.);
#2700=ORIENTED_EDGE('',*,*,#1854,.F.);
#2701=ORIENTED_EDGE('',*,*,#1429,.F.);
#2702=ORIENTED_EDGE('',*,*,#1426,.F.);
#2703=ORIENTED_EDGE('',*,*,#1423,.F.);
#2704=ORIENTED_EDGE('',*,*,#1420,.F.);
#2705=ORIENTED_EDGE('',*,*,#1417,.F.);
#2706=ORIENTED_EDGE('',*,*,#1414,.F.);
#2707=ORIENTED_EDGE('',*,*,#1411,.F.);
#2708=ORIENTED_EDGE('',*,*,#1408,.F.);
#2709=ORIENTED_EDGE('',*,*,#1405,.F.);
#2710=ORIENTED_EDGE('',*,*,#1402,.F.);
#2711=ORIENTED_EDGE('',*,*,#1399,.F.);
#2712=ORIENTED_EDGE('',*,*,#1816,.F.);
#2713=ORIENTED_EDGE('',*,*,#1852,.F.);
#2714=ORIENTED_EDGE('',*,*,#1822,.F.);
#2715=ORIENTED_EDGE('',*,*,#1853,.F.);
#2716=ORIENTED_EDGE('',*,*,#1820,.F.);
#2717=ORIENTED_EDGE('',*,*,#1396,.F.);
#2718=ORIENTED_EDGE('',*,*,#1401,.F.);
#2719=ORIENTED_EDGE('',*,*,#1404,.F.);
#2720=ORIENTED_EDGE('',*,*,#1407,.F.);
#2721=ORIENTED_EDGE('',*,*,#1410,.F.);
#2722=ORIENTED_EDGE('',*,*,#1413,.F.);
#2723=ORIENTED_EDGE('',*,*,#1416,.F.);
#2724=ORIENTED_EDGE('',*,*,#1419,.F.);
#2725=ORIENTED_EDGE('',*,*,#1422,.F.);
#2726=ORIENTED_EDGE('',*,*,#1425,.F.);
#2727=ORIENTED_EDGE('',*,*,#1428,.F.);
#2728=ORIENTED_EDGE('',*,*,#1855,.F.);
#2729=ORIENTED_EDGE('',*,*,#1434,.F.);
#2730=ORIENTED_EDGE('',*,*,#1788,.F.);
#2731=ORIENTED_EDGE('',*,*,#1471,.T.);
#2732=ORIENTED_EDGE('',*,*,#1851,.T.);
#2733=ORIENTED_EDGE('',*,*,#1469,.T.);
#2734=ORIENTED_EDGE('',*,*,#1466,.T.);
#2735=ORIENTED_EDGE('',*,*,#1463,.T.);
#2736=ORIENTED_EDGE('',*,*,#1460,.T.);
#2737=ORIENTED_EDGE('',*,*,#1457,.T.);
#2738=ORIENTED_EDGE('',*,*,#1454,.T.);
#2739=ORIENTED_EDGE('',*,*,#1451,.T.);
#2740=ORIENTED_EDGE('',*,*,#1448,.T.);
#2741=ORIENTED_EDGE('',*,*,#1445,.T.);
#2742=ORIENTED_EDGE('',*,*,#1442,.T.);
#2743=ORIENTED_EDGE('',*,*,#1439,.T.);
#2744=ORIENTED_EDGE('',*,*,#1430,.T.);
#2745=ORIENTED_EDGE('',*,*,#1855,.T.);
#2746=ORIENTED_EDGE('',*,*,#1427,.F.);
#2747=ORIENTED_EDGE('',*,*,#1854,.T.);
#2748=ORIENTED_EDGE('',*,*,#1738,.T.);
#2749=ORIENTED_EDGE('',*,*,#1856,.T.);
#2750=ORIENTED_EDGE('',*,*,#1857,.F.);
#2751=ORIENTED_EDGE('',*,*,#1745,.F.);
#2752=ORIENTED_EDGE('',*,*,#1737,.T.);
#2753=ORIENTED_EDGE('',*,*,#1744,.T.);
#2754=ORIENTED_EDGE('',*,*,#1858,.F.);
#2755=ORIENTED_EDGE('',*,*,#1856,.F.);
#2756=ORIENTED_EDGE('',*,*,#1734,.T.);
#2757=ORIENTED_EDGE('',*,*,#1859,.T.);
#2758=ORIENTED_EDGE('',*,*,#1860,.F.);
#2759=ORIENTED_EDGE('',*,*,#1750,.F.);
#2760=ORIENTED_EDGE('',*,*,#1733,.T.);
#2761=ORIENTED_EDGE('',*,*,#1749,.T.);
#2762=ORIENTED_EDGE('',*,*,#1861,.F.);
#2763=ORIENTED_EDGE('',*,*,#1859,.F.);
#2764=ORIENTED_EDGE('',*,*,#1730,.T.);
#2765=ORIENTED_EDGE('',*,*,#1862,.T.);
#2766=ORIENTED_EDGE('',*,*,#1863,.F.);
#2767=ORIENTED_EDGE('',*,*,#1755,.F.);
#2768=ORIENTED_EDGE('',*,*,#1729,.T.);
#2769=ORIENTED_EDGE('',*,*,#1754,.T.);
#2770=ORIENTED_EDGE('',*,*,#1864,.F.);
#2771=ORIENTED_EDGE('',*,*,#1862,.F.);
#2772=ORIENTED_EDGE('',*,*,#1726,.T.);
#2773=ORIENTED_EDGE('',*,*,#1865,.T.);
#2774=ORIENTED_EDGE('',*,*,#1866,.F.);
#2775=ORIENTED_EDGE('',*,*,#1760,.F.);
#2776=ORIENTED_EDGE('',*,*,#1725,.T.);
#2777=ORIENTED_EDGE('',*,*,#1759,.T.);
#2778=ORIENTED_EDGE('',*,*,#1867,.F.);
#2779=ORIENTED_EDGE('',*,*,#1865,.F.);
#2780=ORIENTED_EDGE('',*,*,#1868,.T.);
#2781=ORIENTED_EDGE('',*,*,#1785,.T.);
#2782=ORIENTED_EDGE('',*,*,#1869,.T.);
#2783=ORIENTED_EDGE('',*,*,#1794,.T.);
#2784=ORIENTED_EDGE('',*,*,#1812,.T.);
#2785=ORIENTED_EDGE('',*,*,#1835,.T.);
#2786=ORIENTED_EDGE('',*,*,#1870,.F.);
#2787=ORIENTED_EDGE('',*,*,#1871,.T.);
#2788=ORIENTED_EDGE('',*,*,#1741,.T.);
#2789=ORIENTED_EDGE('',*,*,#1871,.F.);
#2790=ORIENTED_EDGE('',*,*,#1872,.F.);
#2791=ORIENTED_EDGE('',*,*,#1873,.T.);
#2792=ORIENTED_EDGE('',*,*,#1874,.T.);
#2793=ORIENTED_EDGE('',*,*,#1873,.F.);
#2794=ORIENTED_EDGE('',*,*,#1874,.F.);
#2795=ORIENTED_EDGE('',*,*,#1870,.T.);
#2796=ORIENTED_EDGE('',*,*,#1795,.F.);
#2797=ORIENTED_EDGE('',*,*,#1869,.F.);
#2798=ORIENTED_EDGE('',*,*,#1784,.T.);
#2799=ORIENTED_EDGE('',*,*,#1716,.T.);
#2800=ORIENTED_EDGE('',*,*,#1712,.T.);
#2801=ORIENTED_EDGE('',*,*,#1783,.F.);
#2802=ORIENTED_EDGE('',*,*,#1875,.T.);
#2803=ORIENTED_EDGE('',*,*,#1774,.T.);
#2804=ORIENTED_EDGE('',*,*,#1793,.F.);
#2805=ORIENTED_EDGE('',*,*,#1876,.F.);
#2806=ORIENTED_EDGE('',*,*,#1786,.T.);
#2807=ORIENTED_EDGE('',*,*,#1868,.F.);
#2808=ORIENTED_EDGE('',*,*,#1787,.T.);
#2809=ORIENTED_EDGE('',*,*,#1876,.T.);
#2810=ORIENTED_EDGE('',*,*,#1792,.T.);
#2811=ORIENTED_EDGE('',*,*,#1772,.T.);
#2812=ORIENTED_EDGE('',*,*,#1775,.T.);
#2813=ORIENTED_EDGE('',*,*,#1875,.F.);
#2814=ORIENTED_EDGE('',*,*,#1770,.T.);
#2815=ORIENTED_EDGE('',*,*,#1782,.T.);
#2816=ORIENTED_EDGE('',*,*,#1780,.T.);
#2817=ORIENTED_EDGE('',*,*,#1778,.T.);
#2818=ORIENTED_EDGE('',*,*,#1776,.T.);
#2819=ORIENTED_EDGE('',*,*,#1763,.T.);
#2820=ORIENTED_EDGE('',*,*,#1766,.T.);
#2821=ORIENTED_EDGE('',*,*,#1768,.T.);
#2822=ORIENTED_EDGE('',*,*,#1867,.T.);
#2823=ORIENTED_EDGE('',*,*,#1758,.T.);
#2824=ORIENTED_EDGE('',*,*,#1761,.T.);
#2825=ORIENTED_EDGE('',*,*,#1866,.T.);
#2826=ORIENTED_EDGE('',*,*,#1864,.T.);
#2827=ORIENTED_EDGE('',*,*,#1753,.T.);
#2828=ORIENTED_EDGE('',*,*,#1756,.T.);
#2829=ORIENTED_EDGE('',*,*,#1863,.T.);
#2830=ORIENTED_EDGE('',*,*,#1861,.T.);
#2831=ORIENTED_EDGE('',*,*,#1748,.T.);
#2832=ORIENTED_EDGE('',*,*,#1751,.T.);
#2833=ORIENTED_EDGE('',*,*,#1860,.T.);
#2834=ORIENTED_EDGE('',*,*,#1858,.T.);
#2835=ORIENTED_EDGE('',*,*,#1743,.T.);
#2836=ORIENTED_EDGE('',*,*,#1746,.T.);
#2837=ORIENTED_EDGE('',*,*,#1857,.T.);
#2838=ORIENTED_EDGE('',*,*,#1872,.T.);
#2839=ORIENTED_EDGE('',*,*,#1837,.T.);
#2840=ORIENTED_EDGE('',*,*,#1819,.T.);
#2841=CYLINDRICAL_SURFACE('',#3137,1.2645);
#2842=CYLINDRICAL_SURFACE('',#3138,1.2645);
#2843=CYLINDRICAL_SURFACE('',#3139,1.2645);
#2844=CYLINDRICAL_SURFACE('',#3140,1.2645);
#2845=CYLINDRICAL_SURFACE('',#3141,1.2645);
#2846=CYLINDRICAL_SURFACE('',#3142,1.2645);
#2847=CYLINDRICAL_SURFACE('',#3143,1.2645);
#2848=CYLINDRICAL_SURFACE('',#3144,1.2645);
#2849=CYLINDRICAL_SURFACE('',#3145,1.2645);
#2850=CYLINDRICAL_SURFACE('',#3146,1.2645);
#2851=CYLINDRICAL_SURFACE('',#3147,1.2645);
#2852=CYLINDRICAL_SURFACE('',#3148,1.2645);
#2853=CYLINDRICAL_SURFACE('',#3149,1.543);
#2854=CYLINDRICAL_SURFACE('',#3150,1.543);
#2855=CYLINDRICAL_SURFACE('',#3151,1.543);
#2856=CYLINDRICAL_SURFACE('',#3152,1.543);
#2857=CYLINDRICAL_SURFACE('',#3153,1.543);
#2858=CYLINDRICAL_SURFACE('',#3154,1.543);
#2859=CYLINDRICAL_SURFACE('',#3155,1.543);
#2860=CYLINDRICAL_SURFACE('',#3156,1.543);
#2861=CYLINDRICAL_SURFACE('',#3157,1.543);
#2862=CYLINDRICAL_SURFACE('',#3158,1.543);
#2863=CYLINDRICAL_SURFACE('',#3159,1.543);
#2864=CYLINDRICAL_SURFACE('',#3160,1.543);
#2865=CYLINDRICAL_SURFACE('',#3161,1.2645);
#2866=CYLINDRICAL_SURFACE('',#3162,1.2645);
#2867=CYLINDRICAL_SURFACE('',#3163,1.2645);
#2868=CYLINDRICAL_SURFACE('',#3164,1.2645);
#2869=CYLINDRICAL_SURFACE('',#3165,1.2645);
#2870=CYLINDRICAL_SURFACE('',#3166,1.2645);
#2871=CYLINDRICAL_SURFACE('',#3167,1.2645);
#2872=CYLINDRICAL_SURFACE('',#3168,1.2645);
#2873=CYLINDRICAL_SURFACE('',#3169,1.2645);
#2874=CYLINDRICAL_SURFACE('',#3170,1.2645);
#2875=CYLINDRICAL_SURFACE('',#3171,1.2645);
#2876=CYLINDRICAL_SURFACE('',#3172,1.2645);
#2877=CYLINDRICAL_SURFACE('',#3173,1.543);
#2878=CYLINDRICAL_SURFACE('',#3174,1.543);
#2879=CYLINDRICAL_SURFACE('',#3175,1.543);
#2880=CYLINDRICAL_SURFACE('',#3176,1.543);
#2881=CYLINDRICAL_SURFACE('',#3177,1.543);
#2882=CYLINDRICAL_SURFACE('',#3178,1.543);
#2883=CYLINDRICAL_SURFACE('',#3179,1.543);
#2884=CYLINDRICAL_SURFACE('',#3180,1.543);
#2885=CYLINDRICAL_SURFACE('',#3181,1.543);
#2886=CYLINDRICAL_SURFACE('',#3182,1.543);
#2887=CYLINDRICAL_SURFACE('',#3183,1.543);
#2888=CYLINDRICAL_SURFACE('',#3184,1.543);
#2889=CYLINDRICAL_SURFACE('',#3185,1.2645);
#2890=CYLINDRICAL_SURFACE('',#3186,1.2645);
#2891=CYLINDRICAL_SURFACE('',#3187,1.2645);
#2892=CYLINDRICAL_SURFACE('',#3188,1.2645);
#2893=CYLINDRICAL_SURFACE('',#3189,1.2645);
#2894=CYLINDRICAL_SURFACE('',#3190,1.2645);
#2895=CYLINDRICAL_SURFACE('',#3191,1.2645);
#2896=CYLINDRICAL_SURFACE('',#3192,1.2645);
#2897=CYLINDRICAL_SURFACE('',#3193,1.2645);
#2898=CYLINDRICAL_SURFACE('',#3194,1.2645);
#2899=CYLINDRICAL_SURFACE('',#3195,1.2645);
#2900=CYLINDRICAL_SURFACE('',#3196,1.2645);
#2901=CYLINDRICAL_SURFACE('',#3197,1.543);
#2902=CYLINDRICAL_SURFACE('',#3198,1.543);
#2903=CYLINDRICAL_SURFACE('',#3199,1.543);
#2904=CYLINDRICAL_SURFACE('',#3200,1.543);
#2905=CYLINDRICAL_SURFACE('',#3201,1.543);
#2906=CYLINDRICAL_SURFACE('',#3202,1.543);
#2907=CYLINDRICAL_SURFACE('',#3203,1.543);
#2908=CYLINDRICAL_SURFACE('',#3204,1.543);
#2909=CYLINDRICAL_SURFACE('',#3205,1.543);
#2910=CYLINDRICAL_SURFACE('',#3206,1.543);
#2911=CYLINDRICAL_SURFACE('',#3207,1.543);
#2912=CYLINDRICAL_SURFACE('',#3208,1.543);
#2913=CYLINDRICAL_SURFACE('',#3209,1.2645);
#2914=CYLINDRICAL_SURFACE('',#3210,1.2645);
#2915=CYLINDRICAL_SURFACE('',#3211,1.2645);
#2916=CYLINDRICAL_SURFACE('',#3212,1.2645);
#2917=CYLINDRICAL_SURFACE('',#3213,1.2645);
#2918=CYLINDRICAL_SURFACE('',#3214,1.2645);
#2919=CYLINDRICAL_SURFACE('',#3215,1.2645);
#2920=CYLINDRICAL_SURFACE('',#3216,1.2645);
#2921=CYLINDRICAL_SURFACE('',#3217,1.2645);
#2922=CYLINDRICAL_SURFACE('',#3218,1.2645);
#2923=CYLINDRICAL_SURFACE('',#3219,1.2645);
#2924=CYLINDRICAL_SURFACE('',#3220,1.2645);
#2925=CYLINDRICAL_SURFACE('',#3221,1.543);
#2926=CYLINDRICAL_SURFACE('',#3222,1.543);
#2927=CYLINDRICAL_SURFACE('',#3223,1.543);
#2928=CYLINDRICAL_SURFACE('',#3224,1.543);
#2929=CYLINDRICAL_SURFACE('',#3225,1.543);
#2930=CYLINDRICAL_SURFACE('',#3226,1.543);
#2931=CYLINDRICAL_SURFACE('',#3227,1.543);
#2932=CYLINDRICAL_SURFACE('',#3228,1.543);
#2933=CYLINDRICAL_SURFACE('',#3229,1.543);
#2934=CYLINDRICAL_SURFACE('',#3230,1.543);
#2935=CYLINDRICAL_SURFACE('',#3231,1.543);
#2936=CYLINDRICAL_SURFACE('',#3232,1.543);
#2937=CYLINDRICAL_SURFACE('',#3250,1.6);
#2938=CYLINDRICAL_SURFACE('',#3253,1.6);
#2939=CYLINDRICAL_SURFACE('',#3256,1.6);
#2940=CYLINDRICAL_SURFACE('',#3259,1.6);
#2941=CYLINDRICAL_SURFACE('',#3262,5.00000000000004);
#2942=CYLINDRICAL_SURFACE('',#3265,5.00000000000004);
#2943=CYLINDRICAL_SURFACE('',#3269,38.2816451470539);
#2944=CYLINDRICAL_SURFACE('',#3272,5.00000000000004);
#2945=CYLINDRICAL_SURFACE('',#3275,5.00000000000004);
#2946=CYLINDRICAL_SURFACE('',#3277,21.6);
#2947=CYLINDRICAL_SURFACE('',#3280,21.6);
#2948=CYLINDRICAL_SURFACE('',#3283,1.543);
#2949=CYLINDRICAL_SURFACE('',#3286,15.6);
#2950=CYLINDRICAL_SURFACE('',#3289,1.2645);
#2951=CYLINDRICAL_SURFACE('',#3290,1.543);
#2952=CYLINDRICAL_SURFACE('',#3293,15.6);
#2953=CYLINDRICAL_SURFACE('',#3296,1.2645);
#2954=CYLINDRICAL_SURFACE('',#3297,1.543);
#2955=CYLINDRICAL_SURFACE('',#3300,1.2645);
#2956=CYLINDRICAL_SURFACE('',#3301,1.543);
#2957=CYLINDRICAL_SURFACE('',#3304,1.2645);
#2958=CYLINDRICAL_SURFACE('',#3305,1.6);
#2959=CYLINDRICAL_SURFACE('',#3308,1.6);
#2960=CYLINDRICAL_SURFACE('',#3311,1.6);
#2961=CYLINDRICAL_SURFACE('',#3314,1.6);
#2962=CYLINDRICAL_SURFACE('',#3318,7.);
#2963=CYLINDRICAL_SURFACE('',#3320,11.1);
#2964=ADVANCED_FACE('',(#114),#2841,.F.);
#2965=ADVANCED_FACE('',(#115),#2842,.F.);
#2966=ADVANCED_FACE('',(#116),#2843,.F.);
#2967=ADVANCED_FACE('',(#117),#2844,.F.);
#2968=ADVANCED_FACE('',(#118),#2845,.F.);
#2969=ADVANCED_FACE('',(#119),#2846,.F.);
#2970=ADVANCED_FACE('',(#120),#2847,.F.);
#2971=ADVANCED_FACE('',(#121),#2848,.F.);
#2972=ADVANCED_FACE('',(#122),#2849,.F.);
#2973=ADVANCED_FACE('',(#123),#2850,.F.);
#2974=ADVANCED_FACE('',(#124),#2851,.F.);
#2975=ADVANCED_FACE('',(#125),#2852,.F.);
#2976=ADVANCED_FACE('',(#126),#2853,.F.);
#2977=ADVANCED_FACE('',(#127),#2854,.F.);
#2978=ADVANCED_FACE('',(#128),#2855,.F.);
#2979=ADVANCED_FACE('',(#129),#2856,.F.);
#2980=ADVANCED_FACE('',(#130),#2857,.F.);
#2981=ADVANCED_FACE('',(#131),#2858,.F.);
#2982=ADVANCED_FACE('',(#132),#2859,.F.);
#2983=ADVANCED_FACE('',(#133),#2860,.F.);
#2984=ADVANCED_FACE('',(#134),#2861,.F.);
#2985=ADVANCED_FACE('',(#135),#2862,.F.);
#2986=ADVANCED_FACE('',(#136),#2863,.F.);
#2987=ADVANCED_FACE('',(#137),#2864,.F.);
#2988=ADVANCED_FACE('',(#138),#2865,.F.);
#2989=ADVANCED_FACE('',(#139),#2866,.F.);
#2990=ADVANCED_FACE('',(#140),#2867,.F.);
#2991=ADVANCED_FACE('',(#141),#2868,.F.);
#2992=ADVANCED_FACE('',(#142),#2869,.F.);
#2993=ADVANCED_FACE('',(#143),#2870,.F.);
#2994=ADVANCED_FACE('',(#144),#2871,.F.);
#2995=ADVANCED_FACE('',(#145),#2872,.F.);
#2996=ADVANCED_FACE('',(#146),#2873,.F.);
#2997=ADVANCED_FACE('',(#147),#2874,.F.);
#2998=ADVANCED_FACE('',(#148),#2875,.F.);
#2999=ADVANCED_FACE('',(#149),#2876,.F.);
#3000=ADVANCED_FACE('',(#150),#2877,.F.);
#3001=ADVANCED_FACE('',(#151),#2878,.F.);
#3002=ADVANCED_FACE('',(#152),#2879,.F.);
#3003=ADVANCED_FACE('',(#153),#2880,.F.);
#3004=ADVANCED_FACE('',(#154),#2881,.F.);
#3005=ADVANCED_FACE('',(#155),#2882,.F.);
#3006=ADVANCED_FACE('',(#156),#2883,.F.);
#3007=ADVANCED_FACE('',(#157),#2884,.F.);
#3008=ADVANCED_FACE('',(#158),#2885,.F.);
#3009=ADVANCED_FACE('',(#159),#2886,.F.);
#3010=ADVANCED_FACE('',(#160),#2887,.F.);
#3011=ADVANCED_FACE('',(#161),#2888,.F.);
#3012=ADVANCED_FACE('',(#162),#2889,.F.);
#3013=ADVANCED_FACE('',(#163),#2890,.F.);
#3014=ADVANCED_FACE('',(#164),#2891,.F.);
#3015=ADVANCED_FACE('',(#165),#2892,.F.);
#3016=ADVANCED_FACE('',(#166),#2893,.F.);
#3017=ADVANCED_FACE('',(#167),#2894,.F.);
#3018=ADVANCED_FACE('',(#168),#2895,.F.);
#3019=ADVANCED_FACE('',(#169),#2896,.F.);
#3020=ADVANCED_FACE('',(#170),#2897,.F.);
#3021=ADVANCED_FACE('',(#171),#2898,.F.);
#3022=ADVANCED_FACE('',(#172),#2899,.F.);
#3023=ADVANCED_FACE('',(#173),#2900,.F.);
#3024=ADVANCED_FACE('',(#174),#2901,.F.);
#3025=ADVANCED_FACE('',(#175),#2902,.F.);
#3026=ADVANCED_FACE('',(#176),#2903,.F.);
#3027=ADVANCED_FACE('',(#177),#2904,.F.);
#3028=ADVANCED_FACE('',(#178),#2905,.F.);
#3029=ADVANCED_FACE('',(#179),#2906,.F.);
#3030=ADVANCED_FACE('',(#180),#2907,.F.);
#3031=ADVANCED_FACE('',(#181),#2908,.F.);
#3032=ADVANCED_FACE('',(#182),#2909,.F.);
#3033=ADVANCED_FACE('',(#183),#2910,.F.);
#3034=ADVANCED_FACE('',(#184),#2911,.F.);
#3035=ADVANCED_FACE('',(#185),#2912,.F.);
#3036=ADVANCED_FACE('',(#186),#2913,.F.);
#3037=ADVANCED_FACE('',(#187),#2914,.F.);
#3038=ADVANCED_FACE('',(#188),#2915,.F.);
#3039=ADVANCED_FACE('',(#189),#2916,.F.);
#3040=ADVANCED_FACE('',(#190),#2917,.F.);
#3041=ADVANCED_FACE('',(#191),#2918,.F.);
#3042=ADVANCED_FACE('',(#192),#2919,.F.);
#3043=ADVANCED_FACE('',(#193),#2920,.F.);
#3044=ADVANCED_FACE('',(#194),#2921,.F.);
#3045=ADVANCED_FACE('',(#195),#2922,.F.);
#3046=ADVANCED_FACE('',(#196),#2923,.F.);
#3047=ADVANCED_FACE('',(#197),#2924,.F.);
#3048=ADVANCED_FACE('',(#198),#2925,.F.);
#3049=ADVANCED_FACE('',(#199),#2926,.F.);
#3050=ADVANCED_FACE('',(#200),#2927,.F.);
#3051=ADVANCED_FACE('',(#201),#2928,.F.);
#3052=ADVANCED_FACE('',(#202),#2929,.F.);
#3053=ADVANCED_FACE('',(#203),#2930,.F.);
#3054=ADVANCED_FACE('',(#204),#2931,.F.);
#3055=ADVANCED_FACE('',(#205),#2932,.F.);
#3056=ADVANCED_FACE('',(#206),#2933,.F.);
#3057=ADVANCED_FACE('',(#207),#2934,.F.);
#3058=ADVANCED_FACE('',(#208),#2935,.F.);
#3059=ADVANCED_FACE('',(#209),#2936,.F.);
#3060=ADVANCED_FACE('',(#210,#23,#24,#25,#26,#27,#28),#86,.F.);
#3061=ADVANCED_FACE('',(#211),#2937,.F.);
#3062=ADVANCED_FACE('',(#212),#87,.F.);
#3063=ADVANCED_FACE('',(#213),#2938,.F.);
#3064=ADVANCED_FACE('',(#214),#88,.F.);
#3065=ADVANCED_FACE('',(#215),#2939,.F.);
#3066=ADVANCED_FACE('',(#216),#89,.F.);
#3067=ADVANCED_FACE('',(#217),#2940,.F.);
#3068=ADVANCED_FACE('',(#218),#90,.F.);
#3069=ADVANCED_FACE('',(#219),#2941,.F.);
#3070=ADVANCED_FACE('',(#220),#91,.F.);
#3071=ADVANCED_FACE('',(#221),#2942,.F.);
#3072=ADVANCED_FACE('',(#222),#92,.F.);
#3073=ADVANCED_FACE('',(#223),#93,.T.);
#3074=ADVANCED_FACE('',(#224),#2943,.T.);
#3075=ADVANCED_FACE('',(#225),#94,.F.);
#3076=ADVANCED_FACE('',(#226),#2944,.F.);
#3077=ADVANCED_FACE('',(#227),#95,.F.);
#3078=ADVANCED_FACE('',(#228),#2945,.F.);
#3079=ADVANCED_FACE('',(#229,#29,#30),#2946,.T.);
#3080=ADVANCED_FACE('',(#230,#31,#32),#2947,.T.);
#3081=ADVANCED_FACE('',(#231),#2948,.F.);
#3082=ADVANCED_FACE('',(#232),#96,.F.);
#3083=ADVANCED_FACE('',(#233),#97,.F.);
#3084=ADVANCED_FACE('',(#234),#15,.F.);
#3085=ADVANCED_FACE('',(#235),#16,.F.);
#3086=ADVANCED_FACE('',(#236),#2949,.F.);
#3087=ADVANCED_FACE('',(#237),#2950,.F.);
#3088=ADVANCED_FACE('',(#238),#2951,.F.);
#3089=ADVANCED_FACE('',(#239),#98,.T.);
#3090=ADVANCED_FACE('',(#240),#99,.T.);
#3091=ADVANCED_FACE('',(#241),#17,.F.);
#3092=ADVANCED_FACE('',(#242),#18,.F.);
#3093=ADVANCED_FACE('',(#243,#33,#34),#2952,.F.);
#3094=ADVANCED_FACE('',(#244),#2953,.F.);
#3095=ADVANCED_FACE('',(#245),#2954,.F.);
#3096=ADVANCED_FACE('',(#246),#100,.T.);
#3097=ADVANCED_FACE('',(#247),#101,.T.);
#3098=ADVANCED_FACE('',(#248),#19,.F.);
#3099=ADVANCED_FACE('',(#249),#20,.F.);
#3100=ADVANCED_FACE('',(#250),#2955,.F.);
#3101=ADVANCED_FACE('',(#251),#2956,.F.);
#3102=ADVANCED_FACE('',(#252),#102,.F.);
#3103=ADVANCED_FACE('',(#253),#103,.F.);
#3104=ADVANCED_FACE('',(#254),#21,.F.);
#3105=ADVANCED_FACE('',(#255),#22,.F.);
#3106=ADVANCED_FACE('',(#256),#2957,.F.);
#3107=ADVANCED_FACE('',(#257),#2958,.F.);
#3108=ADVANCED_FACE('',(#258),#104,.F.);
#3109=ADVANCED_FACE('',(#259),#2959,.F.);
#3110=ADVANCED_FACE('',(#260),#105,.F.);
#3111=ADVANCED_FACE('',(#261),#2960,.F.);
#3112=ADVANCED_FACE('',(#262),#106,.F.);
#3113=ADVANCED_FACE('',(#263),#2961,.F.);
#3114=ADVANCED_FACE('',(#264),#107,.F.);
#3115=ADVANCED_FACE('',(#265,#35,#36),#108,.T.);
#3116=ADVANCED_FACE('',(#266),#2962,.F.);
#3117=ADVANCED_FACE('',(#267),#2963,.F.);
#3118=ADVANCED_FACE('',(#268,#37),#109,.T.);
#3119=ADVANCED_FACE('',(#269),#110,.T.);
#3120=ADVANCED_FACE('',(#270),#111,.T.);
#3121=ADVANCED_FACE('',(#271),#112,.T.);
#3122=ADVANCED_FACE('',(#272,#38,#39,#40,#41,#42,#43,#44,#45),#113,.T.);
#3123=CLOSED_SHELL('',(#2964,#2965,#2966,#2967,#2968,#2969,#2970,#2971,
#2972,#2973,#2974,#2975,#2976,#2977,#2978,#2979,#2980,#2981,#2982,#2983,
#2984,#2985,#2986,#2987,#2988,#2989,#2990,#2991,#2992,#2993,#2994,#2995,
#2996,#2997,#2998,#2999,#3000,#3001,#3002,#3003,#3004,#3005,#3006,#3007,
#3008,#3009,#3010,#3011,#3012,#3013,#3014,#3015,#3016,#3017,#3018,#3019,
#3020,#3021,#3022,#3023,#3024,#3025,#3026,#3027,#3028,#3029,#3030,#3031,
#3032,#3033,#3034,#3035,#3036,#3037,#3038,#3039,#3040,#3041,#3042,#3043,
#3044,#3045,#3046,#3047,#3048,#3049,#3050,#3051,#3052,#3053,#3054,#3055,
#3056,#3057,#3058,#3059,#3060,#3061,#3062,#3063,#3064,#3065,#3066,#3067,
#3068,#3069,#3070,#3071,#3072,#3073,#3074,#3075,#3076,#3077,#3078,#3079,
#3080,#3081,#3082,#3083,#3084,#3085,#3086,#3087,#3088,#3089,#3090,#3091,
#3092,#3093,#3094,#3095,#3096,#3097,#3098,#3099,#3100,#3101,#3102,#3103,
#3104,#3105,#3106,#3107,#3108,#3109,#3110,#3111,#3112,#3113,#3114,#3115,
#3116,#3117,#3118,#3119,#3120,#3121,#3122));
#3124=DERIVED_UNIT_ELEMENT(#3126,1.);
#3125=DERIVED_UNIT_ELEMENT(#11417,-3.);
#3126=(
MASS_UNIT()
NAMED_UNIT(*)
SI_UNIT(.KILO.,.GRAM.)
);
#3127=DERIVED_UNIT((#3124,#3125));
#3128=MEASURE_REPRESENTATION_ITEM('density measure',
POSITIVE_RATIO_MEASURE(7850.),#3127);
#3129=PROPERTY_DEFINITION_REPRESENTATION(#3134,#3131);
#3130=PROPERTY_DEFINITION_REPRESENTATION(#3135,#3132);
#3131=REPRESENTATION('material name',(#3133),#11414);
#3132=REPRESENTATION('density',(#3128),#11414);
#3133=DESCRIPTIVE_REPRESENTATION_ITEM('Steel','Steel');
#3134=PROPERTY_DEFINITION('material property','material name',#11424);
#3135=PROPERTY_DEFINITION('material property','density of part',#11424);
#3136=AXIS2_PLACEMENT_3D('',#3886,#3328,#3329);
#3137=AXIS2_PLACEMENT_3D('',#3887,#3330,#3331);
#3138=AXIS2_PLACEMENT_3D('',#3927,#3333,#3334);
#3139=AXIS2_PLACEMENT_3D('',#3978,#3336,#3337);
#3140=AXIS2_PLACEMENT_3D('',#4029,#3339,#3340);
#3141=AXIS2_PLACEMENT_3D('',#4077,#3342,#3343);
#3142=AXIS2_PLACEMENT_3D('',#4128,#3345,#3346);
#3143=AXIS2_PLACEMENT_3D('',#4176,#3348,#3349);
#3144=AXIS2_PLACEMENT_3D('',#4224,#3351,#3352);
#3145=AXIS2_PLACEMENT_3D('',#4278,#3354,#3355);
#3146=AXIS2_PLACEMENT_3D('',#4326,#3357,#3358);
#3147=AXIS2_PLACEMENT_3D('',#4374,#3360,#3361);
#3148=AXIS2_PLACEMENT_3D('',#4428,#3363,#3364);
#3149=AXIS2_PLACEMENT_3D('',#4483,#3366,#3367);
#3150=AXIS2_PLACEMENT_3D('',#4517,#3369,#3370);
#3151=AXIS2_PLACEMENT_3D('',#4541,#3372,#3373);
#3152=AXIS2_PLACEMENT_3D('',#4566,#3375,#3376);
#3153=AXIS2_PLACEMENT_3D('',#4591,#3378,#3379);
#3154=AXIS2_PLACEMENT_3D('',#4615,#3381,#3382);
#3155=AXIS2_PLACEMENT_3D('',#4640,#3384,#3385);
#3156=AXIS2_PLACEMENT_3D('',#4665,#3387,#3388);
#3157=AXIS2_PLACEMENT_3D('',#4690,#3390,#3391);
#3158=AXIS2_PLACEMENT_3D('',#4714,#3393,#3394);
#3159=AXIS2_PLACEMENT_3D('',#4739,#3396,#3397);
#3160=AXIS2_PLACEMENT_3D('',#4764,#3399,#3400);
#3161=AXIS2_PLACEMENT_3D('',#4790,#3402,#3403);
#3162=AXIS2_PLACEMENT_3D('',#4827,#3405,#3406);
#3163=AXIS2_PLACEMENT_3D('',#4878,#3408,#3409);
#3164=AXIS2_PLACEMENT_3D('',#4929,#3411,#3412);
#3165=AXIS2_PLACEMENT_3D('',#4977,#3414,#3415);
#3166=AXIS2_PLACEMENT_3D('',#5028,#3417,#3418);
#3167=AXIS2_PLACEMENT_3D('',#5076,#3420,#3421);
#3168=AXIS2_PLACEMENT_3D('',#5124,#3423,#3424);
#3169=AXIS2_PLACEMENT_3D('',#5178,#3426,#3427);
#3170=AXIS2_PLACEMENT_3D('',#5226,#3429,#3430);
#3171=AXIS2_PLACEMENT_3D('',#5274,#3432,#3433);
#3172=AXIS2_PLACEMENT_3D('',#5328,#3435,#3436);
#3173=AXIS2_PLACEMENT_3D('',#5383,#3438,#3439);
#3174=AXIS2_PLACEMENT_3D('',#5414,#3441,#3442);
#3175=AXIS2_PLACEMENT_3D('',#5438,#3444,#3445);
#3176=AXIS2_PLACEMENT_3D('',#5463,#3447,#3448);
#3177=AXIS2_PLACEMENT_3D('',#5488,#3450,#3451);
#3178=AXIS2_PLACEMENT_3D('',#5512,#3453,#3454);
#3179=AXIS2_PLACEMENT_3D('',#5537,#3456,#3457);
#3180=AXIS2_PLACEMENT_3D('',#5562,#3459,#3460);
#3181=AXIS2_PLACEMENT_3D('',#5587,#3462,#3463);
#3182=AXIS2_PLACEMENT_3D('',#5611,#3465,#3466);
#3183=AXIS2_PLACEMENT_3D('',#5636,#3468,#3469);
#3184=AXIS2_PLACEMENT_3D('',#5661,#3471,#3472);
#3185=AXIS2_PLACEMENT_3D('',#5687,#3474,#3475);
#3186=AXIS2_PLACEMENT_3D('',#5724,#3477,#3478);
#3187=AXIS2_PLACEMENT_3D('',#5775,#3480,#3481);
#3188=AXIS2_PLACEMENT_3D('',#5826,#3483,#3484);
#3189=AXIS2_PLACEMENT_3D('',#5874,#3486,#3487);
#3190=AXIS2_PLACEMENT_3D('',#5925,#3489,#3490);
#3191=AXIS2_PLACEMENT_3D('',#5973,#3492,#3493);
#3192=AXIS2_PLACEMENT_3D('',#6021,#3495,#3496);
#3193=AXIS2_PLACEMENT_3D('',#6075,#3498,#3499);
#3194=AXIS2_PLACEMENT_3D('',#6123,#3501,#3502);
#3195=AXIS2_PLACEMENT_3D('',#6171,#3504,#3505);
#3196=AXIS2_PLACEMENT_3D('',#6225,#3507,#3508);
#3197=AXIS2_PLACEMENT_3D('',#6280,#3510,#3511);
#3198=AXIS2_PLACEMENT_3D('',#6311,#3513,#3514);
#3199=AXIS2_PLACEMENT_3D('',#6335,#3516,#3517);
#3200=AXIS2_PLACEMENT_3D('',#6360,#3519,#3520);
#3201=AXIS2_PLACEMENT_3D('',#6385,#3522,#3523);
#3202=AXIS2_PLACEMENT_3D('',#6409,#3525,#3526);
#3203=AXIS2_PLACEMENT_3D('',#6434,#3528,#3529);
#3204=AXIS2_PLACEMENT_3D('',#6459,#3531,#3532);
#3205=AXIS2_PLACEMENT_3D('',#6484,#3534,#3535);
#3206=AXIS2_PLACEMENT_3D('',#6508,#3537,#3538);
#3207=AXIS2_PLACEMENT_3D('',#6533,#3540,#3541);
#3208=AXIS2_PLACEMENT_3D('',#6558,#3543,#3544);
#3209=AXIS2_PLACEMENT_3D('',#6584,#3546,#3547);
#3210=AXIS2_PLACEMENT_3D('',#6624,#3549,#3550);
#3211=AXIS2_PLACEMENT_3D('',#6675,#3552,#3553);
#3212=AXIS2_PLACEMENT_3D('',#6726,#3555,#3556);
#3213=AXIS2_PLACEMENT_3D('',#6774,#3558,#3559);
#3214=AXIS2_PLACEMENT_3D('',#6825,#3561,#3562);
#3215=AXIS2_PLACEMENT_3D('',#6873,#3564,#3565);
#3216=AXIS2_PLACEMENT_3D('',#6921,#3567,#3568);
#3217=AXIS2_PLACEMENT_3D('',#6975,#3570,#3571);
#3218=AXIS2_PLACEMENT_3D('',#7023,#3573,#3574);
#3219=AXIS2_PLACEMENT_3D('',#7071,#3576,#3577);
#3220=AXIS2_PLACEMENT_3D('',#7125,#3579,#3580);
#3221=AXIS2_PLACEMENT_3D('',#7180,#3582,#3583);
#3222=AXIS2_PLACEMENT_3D('',#7214,#3585,#3586);
#3223=AXIS2_PLACEMENT_3D('',#7238,#3588,#3589);
#3224=AXIS2_PLACEMENT_3D('',#7263,#3591,#3592);
#3225=AXIS2_PLACEMENT_3D('',#7288,#3594,#3595);
#3226=AXIS2_PLACEMENT_3D('',#7312,#3597,#3598);
#3227=AXIS2_PLACEMENT_3D('',#7337,#3600,#3601);
#3228=AXIS2_PLACEMENT_3D('',#7362,#3603,#3604);
#3229=AXIS2_PLACEMENT_3D('',#7387,#3606,#3607);
#3230=AXIS2_PLACEMENT_3D('',#7411,#3609,#3610);
#3231=AXIS2_PLACEMENT_3D('',#7436,#3612,#3613);
#3232=AXIS2_PLACEMENT_3D('',#7461,#3615,#3616);
#3233=AXIS2_PLACEMENT_3D('',#7487,#3618,#3619);
#3234=AXIS2_PLACEMENT_3D('',#7490,#3620,#3621);
#3235=AXIS2_PLACEMENT_3D('',#7494,#3623,#3624);
#3236=AXIS2_PLACEMENT_3D('',#7498,#3626,#3627);
#3237=AXIS2_PLACEMENT_3D('',#7504,#3630,#3631);
#3238=AXIS2_PLACEMENT_3D('',#7508,#3633,#3634);
#3239=AXIS2_PLACEMENT_3D('',#7512,#3636,#3637);
#3240=AXIS2_PLACEMENT_3D('',#7515,#3639,#3640);
#3241=AXIS2_PLACEMENT_3D('',#7520,#3642,#3643);
#3242=AXIS2_PLACEMENT_3D('',#7523,#3645,#3646);
#3243=AXIS2_PLACEMENT_3D('',#7528,#3648,#3649);
#3244=AXIS2_PLACEMENT_3D('',#7531,#3651,#3652);
#3245=AXIS2_PLACEMENT_3D('',#7536,#3654,#3655);
#3246=AXIS2_PLACEMENT_3D('',#7539,#3657,#3658);
#3247=AXIS2_PLACEMENT_3D('',#7544,#3660,#3661);
#3248=AXIS2_PLACEMENT_3D('',#7547,#3663,#3664);
#3249=AXIS2_PLACEMENT_3D('',#7549,#3665,#3666);
#3250=AXIS2_PLACEMENT_3D('',#7550,#3667,#3668);
#3251=AXIS2_PLACEMENT_3D('',#7554,#3670,#3671);
#3252=AXIS2_PLACEMENT_3D('',#7556,#3673,#3674);
#3253=AXIS2_PLACEMENT_3D('',#7560,#3677,#3678);
#3254=AXIS2_PLACEMENT_3D('',#7564,#3680,#3681);
#3255=AXIS2_PLACEMENT_3D('',#7566,#3683,#3684);
#3256=AXIS2_PLACEMENT_3D('',#7570,#3687,#3688);
#3257=AXIS2_PLACEMENT_3D('',#7574,#3690,#3691);
#3258=AXIS2_PLACEMENT_3D('',#7576,#3693,#3694);
#3259=AXIS2_PLACEMENT_3D('',#7580,#3697,#3698);
#3260=AXIS2_PLACEMENT_3D('',#7584,#3700,#3701);
#3261=AXIS2_PLACEMENT_3D('',#7586,#3703,#3704);
#3262=AXIS2_PLACEMENT_3D('',#7590,#3707,#3708);
#3263=AXIS2_PLACEMENT_3D('',#7594,#3710,#3711);
#3264=AXIS2_PLACEMENT_3D('',#7596,#3713,#3714);
#3265=AXIS2_PLACEMENT_3D('',#7600,#3717,#3718);
#3266=AXIS2_PLACEMENT_3D('',#7603,#3720,#3721);
#3267=AXIS2_PLACEMENT_3D('',#7604,#3722,#3723);
#3268=AXIS2_PLACEMENT_3D('',#7608,#3726,#3727);
#3269=AXIS2_PLACEMENT_3D('',#7614,#3731,#3732);
#3270=AXIS2_PLACEMENT_3D('',#7617,#3734,#3735);
#3271=AXIS2_PLACEMENT_3D('',#7618,#3736,#3737);
#3272=AXIS2_PLACEMENT_3D('',#7622,#3740,#3741);
#3273=AXIS2_PLACEMENT_3D('',#7624,#3742,#3743);
#3274=AXIS2_PLACEMENT_3D('',#7626,#3745,#3746);
#3275=AXIS2_PLACEMENT_3D('',#7630,#3749,#3750);
#3276=AXIS2_PLACEMENT_3D('',#7631,#3751,#3752);
#3277=AXIS2_PLACEMENT_3D('',#7632,#3753,#3754);
#3278=AXIS2_PLACEMENT_3D('',#7638,#3757,#3758);
#3279=AXIS2_PLACEMENT_3D('',#7641,#3760,#3761);
#3280=AXIS2_PLACEMENT_3D('',#7812,#3762,#3763);
#3281=AXIS2_PLACEMENT_3D('',#7814,#3764,#3765);
#3282=AXIS2_PLACEMENT_3D('',#7818,#3767,#3768);
#3283=AXIS2_PLACEMENT_3D('',#7990,#3770,#3771);
#3284=AXIS2_PLACEMENT_3D('',#8011,#3772,#3773);
#3285=AXIS2_PLACEMENT_3D('',#8025,#3775,#3776);
#3286=AXIS2_PLACEMENT_3D('',#8830,#3778,#3779);
#3287=AXIS2_PLACEMENT_3D('',#8832,#3780,#3781);
#3288=AXIS2_PLACEMENT_3D('',#8881,#3786,#3787);
#3289=AXIS2_PLACEMENT_3D('',#8913,#3789,#3790);
#3290=AXIS2_PLACEMENT_3D('',#8914,#3791,#3792);
#3291=AXIS2_PLACEMENT_3D('',#8935,#3793,#3794);
#3292=AXIS2_PLACEMENT_3D('',#8949,#3796,#3797);
#3293=AXIS2_PLACEMENT_3D('',#9754,#3799,#3800);
#3294=AXIS2_PLACEMENT_3D('',#9756,#3801,#3802);
#3295=AXIS2_PLACEMENT_3D('',#9759,#3804,#3805);
#3296=AXIS2_PLACEMENT_3D('',#9835,#3808,#3809);
#3297=AXIS2_PLACEMENT_3D('',#9836,#3810,#3811);
#3298=AXIS2_PLACEMENT_3D('',#9857,#3812,#3813);
#3299=AXIS2_PLACEMENT_3D('',#9868,#3814,#3815);
#3300=AXIS2_PLACEMENT_3D('',#10601,#3816,#3817);
#3301=AXIS2_PLACEMENT_3D('',#10602,#3818,#3819);
#3302=AXIS2_PLACEMENT_3D('',#10623,#3820,#3821);
#3303=AXIS2_PLACEMENT_3D('',#10634,#3822,#3823);
#3304=AXIS2_PLACEMENT_3D('',#11367,#3824,#3825);
#3305=AXIS2_PLACEMENT_3D('',#11368,#3826,#3827);
#3306=AXIS2_PLACEMENT_3D('',#11371,#3829,#3830);
#3307=AXIS2_PLACEMENT_3D('',#11372,#3831,#3832);
#3308=AXIS2_PLACEMENT_3D('',#11374,#3834,#3835);
#3309=AXIS2_PLACEMENT_3D('',#11377,#3837,#3838);
#3310=AXIS2_PLACEMENT_3D('',#11378,#3839,#3840);
#3311=AXIS2_PLACEMENT_3D('',#11380,#3842,#3843);
#3312=AXIS2_PLACEMENT_3D('',#11383,#3845,#3846);
#3313=AXIS2_PLACEMENT_3D('',#11384,#3847,#3848);
#3314=AXIS2_PLACEMENT_3D('',#11386,#3850,#3851);
#3315=AXIS2_PLACEMENT_3D('',#11389,#3853,#3854);
#3316=AXIS2_PLACEMENT_3D('',#11390,#3855,#3856);
#3317=AXIS2_PLACEMENT_3D('',#11392,#3858,#3859);
#3318=AXIS2_PLACEMENT_3D('',#11395,#3862,#3863);
#3319=AXIS2_PLACEMENT_3D('',#11397,#3864,#3865);
#3320=AXIS2_PLACEMENT_3D('',#11399,#3867,#3868);
#3321=AXIS2_PLACEMENT_3D('',#11401,#3869,#3870);
#3322=AXIS2_PLACEMENT_3D('',#11404,#3872,#3873);
#3323=AXIS2_PLACEMENT_3D('',#11405,#3874,#3875);
#3324=AXIS2_PLACEMENT_3D('',#11406,#3876,#3877);
#3325=AXIS2_PLACEMENT_3D('',#11407,#3878,#3879);
#3326=AXIS2_PLACEMENT_3D('',#11409,#3881,#3882);
#3327=AXIS2_PLACEMENT_3D('',#11411,#3884,#3885);
#3328=DIRECTION('axis',(0.,0.,1.));
#3329=DIRECTION('refdir',(1.,0.,0.));
#3330=DIRECTION('center_axis',(-8.31996135138104E-31,1.,-4.47845914444023E-17));
#3331=DIRECTION('ref_axis',(0.999401432158862,1.54929923381868E-18,0.034594470639332));
#3332=DIRECTION('',(-8.31996135138104E-31,1.,-4.47845914444023E-17));
#3333=DIRECTION('center_axis',(-8.31996135138104E-31,1.,-4.47845914444023E-17));
#3334=DIRECTION('ref_axis',(0.,-4.47845914444023E-17,-1.));
#3335=DIRECTION('',(-8.31996135138104E-31,1.,-4.47845914444023E-17));
#3336=DIRECTION('center_axis',(-8.31996135138104E-31,1.,-4.47845914444023E-17));
#3337=DIRECTION('ref_axis',(0.,-4.47845914444023E-17,-1.));
#3338=DIRECTION('',(-8.31996135138104E-31,1.,-4.47845914444023E-17));
#3339=DIRECTION('center_axis',(-8.31996135138104E-31,1.,-4.47845914444023E-17));
#3340=DIRECTION('ref_axis',(0.,-4.47845914444023E-17,-1.));
#3341=DIRECTION('',(-8.31996135138104E-31,1.,-4.47845914444023E-17));
#3342=DIRECTION('center_axis',(-8.31996135138104E-31,1.,-4.47845914444023E-17));
#3343=DIRECTION('ref_axis',(0.,-4.47845914444023E-17,-1.));
#3344=DIRECTION('',(-8.31996135138104E-31,1.,-4.47845914444023E-17));
#3345=DIRECTION('center_axis',(-8.31996135138104E-31,1.,-4.47845914444023E-17));
#3346=DIRECTION('ref_axis',(0.,-4.47845914444023E-17,-1.));
#3347=DIRECTION('',(-8.31996135138104E-31,1.,-4.47845914444023E-17));
#3348=DIRECTION('center_axis',(-8.31996135138104E-31,1.,-4.47845914444023E-17));
#3349=DIRECTION('ref_axis',(0.,-4.47845914444023E-17,-1.));
#3350=DIRECTION('',(-8.31996135138104E-31,1.,-4.47845914444023E-17));
#3351=DIRECTION('center_axis',(-8.31996135138104E-31,1.,-4.47845914444023E-17));
#3352=DIRECTION('ref_axis',(0.,-4.47845914444023E-17,-1.));
#3353=DIRECTION('',(-8.31996135138104E-31,1.,-4.47845914444023E-17));
#3354=DIRECTION('center_axis',(-8.31996135138104E-31,1.,-4.47845914444023E-17));
#3355=DIRECTION('ref_axis',(0.,-4.47845914444023E-17,-1.));
#3356=DIRECTION('',(-8.31996135138104E-31,1.,-4.47845914444023E-17));
#3357=DIRECTION('center_axis',(-8.31996135138104E-31,1.,-4.47845914444023E-17));
#3358=DIRECTION('ref_axis',(0.,-4.47845914444023E-17,-1.));
#3359=DIRECTION('',(-8.31996135138104E-31,1.,-4.47845914444023E-17));
#3360=DIRECTION('center_axis',(-8.31996135138104E-31,1.,-4.47845914444023E-17));
#3361=DIRECTION('ref_axis',(0.,-4.47845914444023E-17,-1.));
#3362=DIRECTION('',(-8.31996135138104E-31,1.,-4.47845914444023E-17));
#3363=DIRECTION('center_axis',(-8.31996135138104E-31,1.,-4.47845914444023E-17));
#3364=DIRECTION('ref_axis',(-0.43192762859266,-4.03915932970372E-17,-0.901908267873358));
#3365=DIRECTION('',(-8.31996135138104E-31,1.,-4.47845914444023E-17));
#3366=DIRECTION('center_axis',(-8.31996135138104E-31,1.,-4.47845914444023E-17));
#3367=DIRECTION('ref_axis',(0.542960528991228,7.1763627589515E-18,-0.83975821755882));
#3368=DIRECTION('',(-9.30613715816899E-30,1.,-1.67249271359138E-16));
#3369=DIRECTION('center_axis',(-8.31996135138104E-31,1.,-4.47845914444023E-17));
#3370=DIRECTION('ref_axis',(-6.90741480000099E-14,0.,-1.));
#3371=DIRECTION('',(-9.30613715816899E-30,1.,-1.67249271359138E-16));
#3372=DIRECTION('center_axis',(-8.31996135138104E-31,1.,-4.47845914444023E-17));
#3373=DIRECTION('ref_axis',(-6.90741480000099E-14,0.,-1.));
#3374=DIRECTION('',(-9.30613715816899E-30,1.,-1.67249271359138E-16));
#3375=DIRECTION('center_axis',(-8.31996135138104E-31,1.,-4.47845914444023E-17));
#3376=DIRECTION('ref_axis',(-6.90741480000099E-14,0.,-1.));
#3377=DIRECTION('',(-9.30613715816899E-30,1.,-1.67249271359138E-16));
#3378=DIRECTION('center_axis',(-8.31996135138104E-31,1.,-4.47845914444023E-17));
#3379=DIRECTION('ref_axis',(-6.90741480000099E-14,0.,-1.));
#3380=DIRECTION('',(-9.30613715816899E-30,1.,-1.67249271359138E-16));
#3381=DIRECTION('center_axis',(-8.31996135138104E-31,1.,-4.47845914444023E-17));
#3382=DIRECTION('ref_axis',(-6.90741480000099E-14,0.,-1.));
#3383=DIRECTION('',(-9.30613715816899E-30,1.,-1.67249271359138E-16));
#3384=DIRECTION('center_axis',(-8.31996135138104E-31,1.,-4.47845914444023E-17));
#3385=DIRECTION('ref_axis',(-6.90741480000099E-14,0.,-1.));
#3386=DIRECTION('',(-9.30613715816899E-30,1.,-1.67249271359138E-16));
#3387=DIRECTION('center_axis',(-8.31996135138104E-31,1.,-4.47845914444023E-17));
#3388=DIRECTION('ref_axis',(-6.90741480000099E-14,0.,-1.));
#3389=DIRECTION('',(-9.30613715816899E-30,1.,-1.67249271359138E-16));
#3390=DIRECTION('center_axis',(-8.31996135138104E-31,1.,-4.47845914444023E-17));
#3391=DIRECTION('ref_axis',(-6.90741480000099E-14,0.,-1.));
#3392=DIRECTION('',(-9.30613715816899E-30,1.,-1.67249271359138E-16));
#3393=DIRECTION('center_axis',(-8.31996135138104E-31,1.,-4.47845914444023E-17));
#3394=DIRECTION('ref_axis',(-6.90741480000099E-14,0.,-1.));
#3395=DIRECTION('',(-9.30613715816899E-30,1.,-1.67249271359138E-16));
#3396=DIRECTION('center_axis',(-8.31996135138104E-31,1.,-4.47845914444023E-17));
#3397=DIRECTION('ref_axis',(-6.90741480000099E-14,0.,-1.));
#3398=DIRECTION('',(-9.30613715816899E-30,1.,-1.67249271359138E-16));
#3399=DIRECTION('center_axis',(-8.31996135138104E-31,1.,-4.47845914444023E-17));
#3400=DIRECTION('ref_axis',(-6.90741480000099E-14,0.,-1.));
#3401=DIRECTION('',(-9.30613715816899E-30,1.,-1.67249271359138E-16));
#3402=DIRECTION('center_axis',(1.13755799811723E-30,-1.,6.12323399573676E-17));
#3403=DIRECTION('ref_axis',(0.999402362001197,-2.11665490776141E-18,-0.0345675979267859));
#3404=DIRECTION('',(1.13755799811723E-30,-1.,6.12323399573677E-17));
#3405=DIRECTION('center_axis',(1.13755799811723E-30,-1.,6.12323399573676E-17));
#3406=DIRECTION('ref_axis',(0.,6.12323399573677E-17,1.));
#3407=DIRECTION('',(1.13755799811723E-30,-1.,6.12323399573677E-17));
#3408=DIRECTION('center_axis',(1.13755799811723E-30,-1.,6.12323399573676E-17));
#3409=DIRECTION('ref_axis',(0.,6.12323399573677E-17,1.));
#3410=DIRECTION('',(1.13755799811723E-30,-1.,6.12323399573677E-17));
#3411=DIRECTION('center_axis',(1.13755799811723E-30,-1.,6.12323399573676E-17));
#3412=DIRECTION('ref_axis',(0.,6.12323399573677E-17,1.));
#3413=DIRECTION('',(1.13755799811723E-30,-1.,6.12323399573677E-17));
#3414=DIRECTION('center_axis',(1.13755799811723E-30,-1.,6.12323399573676E-17));
#3415=DIRECTION('ref_axis',(0.,6.12323399573677E-17,1.));
#3416=DIRECTION('',(1.13755799811723E-30,-1.,6.12323399573677E-17));
#3417=DIRECTION('center_axis',(1.13755799811723E-30,-1.,6.12323399573676E-17));
#3418=DIRECTION('ref_axis',(0.,6.12323399573677E-17,1.));
#3419=DIRECTION('',(1.13755799811723E-30,-1.,6.12323399573677E-17));
#3420=DIRECTION('center_axis',(1.13755799811723E-30,-1.,6.12323399573676E-17));
#3421=DIRECTION('ref_axis',(0.,6.12323399573677E-17,1.));
#3422=DIRECTION('',(1.13755799811723E-30,-1.,6.12323399573677E-17));
#3423=DIRECTION('center_axis',(1.13755799811723E-30,-1.,6.12323399573676E-17));
#3424=DIRECTION('ref_axis',(0.,6.12323399573677E-17,1.));
#3425=DIRECTION('',(1.13755799811723E-30,-1.,6.12323399573677E-17));
#3426=DIRECTION('center_axis',(1.13755799811723E-30,-1.,6.12323399573676E-17));
#3427=DIRECTION('ref_axis',(0.,6.12323399573677E-17,1.));
#3428=DIRECTION('',(1.13755799811723E-30,-1.,6.12323399573677E-17));
#3429=DIRECTION('center_axis',(1.13755799811723E-30,-1.,6.12323399573676E-17));
#3430=DIRECTION('ref_axis',(0.,6.12323399573677E-17,1.));
#3431=DIRECTION('',(1.13755799811723E-30,-1.,6.12323399573677E-17));
#3432=DIRECTION('center_axis',(1.13755799811723E-30,-1.,6.12323399573676E-17));
#3433=DIRECTION('ref_axis',(0.,6.12323399573677E-17,1.));
#3434=DIRECTION('',(1.13755799811723E-30,-1.,6.12323399573677E-17));
#3435=DIRECTION('center_axis',(1.13755799811723E-30,-1.,6.12323399573676E-17));
#3436=DIRECTION('ref_axis',(-0.431926343510272,5.5225991353012E-17,0.901908883303544));
#3437=DIRECTION('',(1.13755799811723E-30,-1.,6.12323399573677E-17));
#3438=DIRECTION('center_axis',(1.13755799811723E-30,-1.,6.12323399573676E-17));
#3439=DIRECTION('ref_axis',(0.542958866311979,-9.81191347106637E-18,0.839759292591163));
#3440=DIRECTION('',(-4.51686854984556E-30,-1.,1.83697019872103E-16));
#3441=DIRECTION('center_axis',(1.13755799811723E-30,-1.,6.12323399573676E-17));
#3442=DIRECTION('ref_axis',(-4.60494320000066E-14,0.,1.));
#3443=DIRECTION('',(-4.51686854984556E-30,-1.,1.83697019872103E-16));
#3444=DIRECTION('center_axis',(1.13755799811723E-30,-1.,6.12323399573676E-17));
#3445=DIRECTION('ref_axis',(-4.60494320000066E-14,0.,1.));
#3446=DIRECTION('',(-4.51686854984556E-30,-1.,1.83697019872103E-16));
#3447=DIRECTION('center_axis',(1.13755799811723E-30,-1.,6.12323399573676E-17));
#3448=DIRECTION('ref_axis',(-4.60494320000066E-14,0.,1.));
#3449=DIRECTION('',(-4.51686854984556E-30,-1.,1.83697019872103E-16));
#3450=DIRECTION('center_axis',(1.13755799811723E-30,-1.,6.12323399573676E-17));
#3451=DIRECTION('ref_axis',(-4.60494320000066E-14,0.,1.));
#3452=DIRECTION('',(-4.51686854984556E-30,-1.,1.83697019872103E-16));
#3453=DIRECTION('center_axis',(1.13755799811723E-30,-1.,6.12323399573676E-17));
#3454=DIRECTION('ref_axis',(-4.60494320000066E-14,0.,1.));
#3455=DIRECTION('',(-4.51686854984556E-30,-1.,1.83697019872103E-16));
#3456=DIRECTION('center_axis',(1.13755799811723E-30,-1.,6.12323399573676E-17));
#3457=DIRECTION('ref_axis',(-4.60494320000066E-14,0.,1.));
#3458=DIRECTION('',(-4.51686854984556E-30,-1.,1.83697019872103E-16));
#3459=DIRECTION('center_axis',(1.13755799811723E-30,-1.,6.12323399573676E-17));
#3460=DIRECTION('ref_axis',(-4.60494320000066E-14,0.,1.));
#3461=DIRECTION('',(-4.51686854984556E-30,-1.,1.83697019872103E-16));
#3462=DIRECTION('center_axis',(1.13755799811723E-30,-1.,6.12323399573676E-17));
#3463=DIRECTION('ref_axis',(-4.60494320000066E-14,0.,1.));
#3464=DIRECTION('',(-4.51686854984556E-30,-1.,1.83697019872103E-16));
#3465=DIRECTION('center_axis',(1.13755799811723E-30,-1.,6.12323399573676E-17));
#3466=DIRECTION('ref_axis',(-4.60494320000066E-14,0.,1.));
#3467=DIRECTION('',(-4.51686854984556E-30,-1.,1.83697019872103E-16));
#3468=DIRECTION('center_axis',(1.13755799811723E-30,-1.,6.12323399573676E-17));
#3469=DIRECTION('ref_axis',(-4.60494320000066E-14,0.,1.));
#3470=DIRECTION('',(-4.51686854984556E-30,-1.,1.83697019872103E-16));
#3471=DIRECTION('center_axis',(1.13755799811723E-30,-1.,6.12323399573676E-17));
#3472=DIRECTION('ref_axis',(-4.60494320000066E-14,0.,1.));
#3473=DIRECTION('',(-4.51686854984556E-30,-1.,1.83697019872103E-16));
#3474=DIRECTION('center_axis',(1.13755799811723E-30,-1.,6.12323399573676E-17));
#3475=DIRECTION('ref_axis',(0.999401737330034,-2.11776048717114E-18,-0.0345856534087501));
#3476=DIRECTION('',(1.13755799811723E-30,-1.,6.12323399573677E-17));
#3477=DIRECTION('center_axis',(1.13755799811723E-30,-1.,6.12323399573676E-17));
#3478=DIRECTION('ref_axis',(0.,6.12323399573677E-17,1.));
#3479=DIRECTION('',(1.13755799811723E-30,-1.,6.12323399573677E-17));
#3480=DIRECTION('center_axis',(1.13755799811723E-30,-1.,6.12323399573676E-17));
#3481=DIRECTION('ref_axis',(0.,6.12323399573677E-17,1.));
#3482=DIRECTION('',(1.13755799811723E-30,-1.,6.12323399573677E-17));
#3483=DIRECTION('center_axis',(1.13755799811723E-30,-1.,6.12323399573676E-17));
#3484=DIRECTION('ref_axis',(0.,6.12323399573677E-17,1.));
#3485=DIRECTION('',(1.13755799811723E-30,-1.,6.12323399573677E-17));
#3486=DIRECTION('center_axis',(1.13755799811723E-30,-1.,6.12323399573676E-17));
#3487=DIRECTION('ref_axis',(0.,6.12323399573677E-17,1.));
#3488=DIRECTION('',(1.13755799811723E-30,-1.,6.12323399573677E-17));
#3489=DIRECTION('center_axis',(1.13755799811723E-30,-1.,6.12323399573676E-17));
#3490=DIRECTION('ref_axis',(0.,6.12323399573677E-17,1.));
#3491=DIRECTION('',(1.13755799811723E-30,-1.,6.12323399573677E-17));
#3492=DIRECTION('center_axis',(1.13755799811723E-30,-1.,6.12323399573676E-17));
#3493=DIRECTION('ref_axis',(0.,6.12323399573677E-17,1.));
#3494=DIRECTION('',(1.13755799811723E-30,-1.,6.12323399573677E-17));
#3495=DIRECTION('center_axis',(1.13755799811723E-30,-1.,6.12323399573676E-17));
#3496=DIRECTION('ref_axis',(0.,6.12323399573677E-17,1.));
#3497=DIRECTION('',(1.13755799811723E-30,-1.,6.12323399573677E-17));
#3498=DIRECTION('center_axis',(1.13755799811723E-30,-1.,6.12323399573676E-17));
#3499=DIRECTION('ref_axis',(0.,6.12323399573677E-17,1.));
#3500=DIRECTION('',(1.13755799811723E-30,-1.,6.12323399573677E-17));
#3501=DIRECTION('center_axis',(1.13755799811723E-30,-1.,6.12323399573676E-17));
#3502=DIRECTION('ref_axis',(0.,6.12323399573677E-17,1.));
#3503=DIRECTION('',(1.13755799811723E-30,-1.,6.12323399573677E-17));
#3504=DIRECTION('center_axis',(1.13755799811723E-30,-1.,6.12323399573676E-17));
#3505=DIRECTION('ref_axis',(0.,6.12323399573677E-17,1.));
#3506=DIRECTION('',(1.13755799811723E-30,-1.,6.12323399573677E-17));
#3507=DIRECTION('center_axis',(1.13755799811723E-30,-1.,6.12323399573676E-17));
#3508=DIRECTION('ref_axis',(-0.431927146669016,5.52259678009046E-17,0.901908498668441));
#3509=DIRECTION('',(1.13755799811723E-30,-1.,6.12323399573677E-17));
#3510=DIRECTION('center_axis',(1.13755799811723E-30,-1.,6.12323399573676E-17));
#3511=DIRECTION('ref_axis',(0.542959930199412,-9.81195559115237E-18,0.839758604717957));
#3512=DIRECTION('',(-4.51686854984556E-30,-1.,1.83697019872103E-16));
#3513=DIRECTION('center_axis',(1.13755799811723E-30,-1.,6.12323399573676E-17));
#3514=DIRECTION('ref_axis',(-4.60494320000065E-14,0.,1.));
#3515=DIRECTION('',(-4.51686854984556E-30,-1.,1.83697019872103E-16));
#3516=DIRECTION('center_axis',(1.13755799811723E-30,-1.,6.12323399573676E-17));
#3517=DIRECTION('ref_axis',(-4.60494320000065E-14,0.,1.));
#3518=DIRECTION('',(-4.51686854984556E-30,-1.,1.83697019872103E-16));
#3519=DIRECTION('center_axis',(1.13755799811723E-30,-1.,6.12323399573676E-17));
#3520=DIRECTION('ref_axis',(-4.60494320000065E-14,0.,1.));
#3521=DIRECTION('',(-4.51686854984556E-30,-1.,1.83697019872103E-16));
#3522=DIRECTION('center_axis',(1.13755799811723E-30,-1.,6.12323399573676E-17));
#3523=DIRECTION('ref_axis',(-4.60494320000065E-14,0.,1.));
#3524=DIRECTION('',(-4.51686854984556E-30,-1.,1.83697019872103E-16));
#3525=DIRECTION('center_axis',(1.13755799811723E-30,-1.,6.12323399573676E-17));
#3526=DIRECTION('ref_axis',(-4.60494320000065E-14,0.,1.));
#3527=DIRECTION('',(-4.51686854984556E-30,-1.,1.83697019872103E-16));
#3528=DIRECTION('center_axis',(1.13755799811723E-30,-1.,6.12323399573676E-17));
#3529=DIRECTION('ref_axis',(-4.60494320000065E-14,0.,1.));
#3530=DIRECTION('',(-4.51686854984556E-30,-1.,1.83697019872103E-16));
#3531=DIRECTION('center_axis',(1.13755799811723E-30,-1.,6.12323399573676E-17));
#3532=DIRECTION('ref_axis',(-4.60494320000065E-14,0.,1.));
#3533=DIRECTION('',(-4.51686854984556E-30,-1.,1.83697019872103E-16));
#3534=DIRECTION('center_axis',(1.13755799811723E-30,-1.,6.12323399573676E-17));
#3535=DIRECTION('ref_axis',(-4.60494320000065E-14,0.,1.));
#3536=DIRECTION('',(-4.51686854984556E-30,-1.,1.83697019872103E-16));
#3537=DIRECTION('center_axis',(1.13755799811723E-30,-1.,6.12323399573676E-17));
#3538=DIRECTION('ref_axis',(-4.60494320000065E-14,0.,1.));
#3539=DIRECTION('',(-4.51686854984556E-30,-1.,1.83697019872103E-16));
#3540=DIRECTION('center_axis',(1.13755799811723E-30,-1.,6.12323399573676E-17));
#3541=DIRECTION('ref_axis',(-4.60494320000065E-14,0.,1.));
#3542=DIRECTION('',(-4.51686854984556E-30,-1.,1.83697019872103E-16));
#3543=DIRECTION('center_axis',(1.13755799811723E-30,-1.,6.12323399573676E-17));
#3544=DIRECTION('ref_axis',(-4.60494320000065E-14,0.,1.));
#3545=DIRECTION('',(-4.51686854984556E-30,-1.,1.83697019872103E-16));
#3546=DIRECTION('center_axis',(-8.31996135138104E-31,1.,-4.47845914444023E-17));
#3547=DIRECTION('ref_axis',(0.999400831421729,1.55007626303456E-18,0.0346118210089751));
#3548=DIRECTION('',(-8.31996135138104E-31,1.,-4.47845914444023E-17));
#3549=DIRECTION('center_axis',(-8.31996135138104E-31,1.,-4.47845914444023E-17));
#3550=DIRECTION('ref_axis',(0.,-4.47845914444023E-17,-1.));
#3551=DIRECTION('',(-8.31996135138104E-31,1.,-4.47845914444023E-17));
#3552=DIRECTION('center_axis',(-8.31996135138104E-31,1.,-4.47845914444023E-17));
#3553=DIRECTION('ref_axis',(0.,-4.47845914444023E-17,-1.));
#3554=DIRECTION('',(-8.31996135138104E-31,1.,-4.47845914444023E-17));
#3555=DIRECTION('center_axis',(-8.31996135138104E-31,1.,-4.47845914444023E-17));
#3556=DIRECTION('ref_axis',(0.,-4.47845914444023E-17,-1.));
#3557=DIRECTION('',(-8.31996135138104E-31,1.,-4.47845914444023E-17));
#3558=DIRECTION('center_axis',(-8.31996135138104E-31,1.,-4.47845914444023E-17));
#3559=DIRECTION('ref_axis',(0.,-4.47845914444023E-17,-1.));
#3560=DIRECTION('',(-8.31996135138104E-31,1.,-4.47845914444023E-17));
#3561=DIRECTION('center_axis',(-8.31996135138104E-31,1.,-4.47845914444023E-17));
#3562=DIRECTION('ref_axis',(0.,-4.47845914444023E-17,-1.));
#3563=DIRECTION('',(-8.31996135138104E-31,1.,-4.47845914444023E-17));
#3564=DIRECTION('center_axis',(-8.31996135138104E-31,1.,-4.47845914444023E-17));
#3565=DIRECTION('ref_axis',(0.,-4.47845914444023E-17,-1.));
#3566=DIRECTION('',(-8.31996135138104E-31,1.,-4.47845914444023E-17));
#3567=DIRECTION('center_axis',(-8.31996135138104E-31,1.,-4.47845914444023E-17));
#3568=DIRECTION('ref_axis',(0.,-4.47845914444023E-17,-1.));
#3569=DIRECTION('',(-8.31996135138104E-31,1.,-4.47845914444023E-17));
#3570=DIRECTION('center_axis',(-8.31996135138104E-31,1.,-4.47845914444023E-17));
#3571=DIRECTION('ref_axis',(0.,-4.47845914444023E-17,-1.));
#3572=DIRECTION('',(-8.31996135138104E-31,1.,-4.47845914444023E-17));
#3573=DIRECTION('center_axis',(-8.31996135138104E-31,1.,-4.47845914444023E-17));
#3574=DIRECTION('ref_axis',(0.,-4.47845914444023E-17,-1.));
#3575=DIRECTION('',(-8.31996135138104E-31,1.,-4.47845914444023E-17));
#3576=DIRECTION('center_axis',(-8.31996135138104E-31,1.,-4.47845914444023E-17));
#3577=DIRECTION('ref_axis',(0.,-4.47845914444023E-17,-1.));
#3578=DIRECTION('',(-8.31996135138104E-31,1.,-4.47845914444023E-17));
#3579=DIRECTION('center_axis',(-8.31996135138104E-31,1.,-4.47845914444023E-17));
#3580=DIRECTION('ref_axis',(-0.431928731576885,-4.03915696407156E-17,-0.901907739648786));
#3581=DIRECTION('',(-8.31996135138104E-31,1.,-4.47845914444023E-17));
#3582=DIRECTION('center_axis',(-8.31996135138104E-31,1.,-4.47845914444023E-17));
#3583=DIRECTION('ref_axis',(0.542961841646251,7.17640076860958E-18,-0.839757368837042));
#3584=DIRECTION('',(-6.48642268310089E-30,1.,-1.67249271359138E-16));
#3585=DIRECTION('center_axis',(-8.31996135138104E-31,1.,-4.47845914444023E-17));
#3586=DIRECTION('ref_axis',(-4.60494320000065E-14,0.,-1.));
#3587=DIRECTION('',(-6.48642268310089E-30,1.,-1.67249271359138E-16));
#3588=DIRECTION('center_axis',(-8.31996135138104E-31,1.,-4.47845914444023E-17));
#3589=DIRECTION('ref_axis',(-4.60494320000065E-14,0.,-1.));
#3590=DIRECTION('',(-6.48642268310089E-30,1.,-1.67249271359138E-16));
#3591=DIRECTION('center_axis',(-8.31996135138104E-31,1.,-4.47845914444023E-17));
#3592=DIRECTION('ref_axis',(-4.60494320000065E-14,0.,-1.));
#3593=DIRECTION('',(-6.48642268310089E-30,1.,-1.67249271359138E-16));
#3594=DIRECTION('center_axis',(-8.31996135138104E-31,1.,-4.47845914444023E-17));
#3595=DIRECTION('ref_axis',(-4.60494320000065E-14,0.,-1.));
#3596=DIRECTION('',(-6.48642268310089E-30,1.,-1.67249271359138E-16));
#3597=DIRECTION('center_axis',(-8.31996135138104E-31,1.,-4.47845914444023E-17));
#3598=DIRECTION('ref_axis',(-4.60494320000065E-14,0.,-1.));
#3599=DIRECTION('',(-6.48642268310089E-30,1.,-1.67249271359138E-16));
#3600=DIRECTION('center_axis',(-8.31996135138104E-31,1.,-4.47845914444023E-17));
#3601=DIRECTION('ref_axis',(-4.60494320000065E-14,0.,-1.));
#3602=DIRECTION('',(-6.48642268310089E-30,1.,-1.67249271359138E-16));
#3603=DIRECTION('center_axis',(-8.31996135138104E-31,1.,-4.47845914444023E-17));
#3604=DIRECTION('ref_axis',(-4.60494320000065E-14,0.,-1.));
#3605=DIRECTION('',(-6.48642268310089E-30,1.,-1.67249271359138E-16));
#3606=DIRECTION('center_axis',(-8.31996135138104E-31,1.,-4.47845914444023E-17));
#3607=DIRECTION('ref_axis',(-4.60494320000065E-14,0.,-1.));
#3608=DIRECTION('',(-6.48642268310089E-30,1.,-1.67249271359138E-16));
#3609=DIRECTION('center_axis',(-8.31996135138104E-31,1.,-4.47845914444023E-17));
#3610=DIRECTION('ref_axis',(-4.60494320000065E-14,0.,-1.));
#3611=DIRECTION('',(-6.48642268310089E-30,1.,-1.67249271359138E-16));
#3612=DIRECTION('center_axis',(-8.31996135138104E-31,1.,-4.47845914444023E-17));
#3613=DIRECTION('ref_axis',(-4.60494320000065E-14,0.,-1.));
#3614=DIRECTION('',(-6.48642268310089E-30,1.,-1.67249271359138E-16));
#3615=DIRECTION('center_axis',(-8.31996135138104E-31,1.,-4.47845914444023E-17));
#3616=DIRECTION('ref_axis',(-4.60494320000065E-14,0.,-1.));
#3617=DIRECTION('',(-6.48642268310089E-30,1.,-1.67249271359138E-16));
#3618=DIRECTION('center_axis',(1.,-5.3811445610925E-29,-1.86101134502792E-14));
#3619=DIRECTION('ref_axis',(5.3811445610925E-29,1.,-1.54074395663623E-33));
#3620=DIRECTION('center_axis',(-1.,5.3811445610925E-29,1.86101134502792E-14));
#3621=DIRECTION('ref_axis',(1.85777319453943E-14,2.05596856412066E-16,1.));
#3622=DIRECTION('',(-1.86101134502792E-14,-1.54074395563479E-33,-1.));
#3623=DIRECTION('center_axis',(1.,-5.3811445610925E-29,-1.86101134502792E-14));
#3624=DIRECTION('ref_axis',(2.30077048684415E-15,0.992301499374906,0.12384560685916));
#3625=DIRECTION('',(1.86101134502792E-14,1.54074395563479E-33,1.));
#3626=DIRECTION('center_axis',(-1.,5.3811445610925E-29,1.86101134502792E-14));
#3627=DIRECTION('ref_axis',(-1.85777319453943E-14,-1.54074395563479E-33,
-1.));
#3628=DIRECTION('',(5.130703634506E-29,1.,-1.34572487833352E-16));
#3629=DIRECTION('',(-1.86101134502792E-14,-5.19029264012262E-16,-1.));
#3630=DIRECTION('center_axis',(-1.,5.3811445610925E-29,1.86101134502792E-14));
#3631=DIRECTION('ref_axis',(0.,1.,1.38777878078145E-17));
#3632=DIRECTION('',(5.40697128164673E-29,1.,1.38777878078145E-17));
#3633=DIRECTION('center_axis',(-1.,5.3811445610925E-29,1.86101134502792E-14));
#3634=DIRECTION('ref_axis',(0.,-1.79023462720805E-15,1.));
#3635=DIRECTION('',(1.86101134502792E-14,-9.02056207507941E-16,1.));
#3636=DIRECTION('center_axis',(-1.,5.3811445610925E-29,1.86101134502792E-14));
#3637=DIRECTION('ref_axis',(0.,-1.,-1.38777878078145E-17));
#3638=DIRECTION('',(-5.40697128164673E-29,-1.,-1.38777878078145E-17));
#3639=DIRECTION('center_axis',(-1.,5.3811445610925E-29,1.86101134502792E-14));
#3640=DIRECTION('ref_axis',(0.,-8.74300631892304E-16,-1.));
#3641=DIRECTION('',(-1.86101134502792E-14,1.38777878078145E-17,-1.));
#3642=DIRECTION('center_axis',(-1.,5.3811445610925E-29,1.86101134502792E-14));
#3643=DIRECTION('ref_axis',(-2.58844984524568E-31,-1.,-1.38777878078145E-17));
#3644=DIRECTION('',(1.86101134502792E-14,-1.38777878078145E-17,1.));
#3645=DIRECTION('center_axis',(-1.,5.3811445610925E-29,1.86101134502792E-14));
#3646=DIRECTION('ref_axis',(2.58844984525645E-31,1.,1.38777878078145E-17));
#3647=DIRECTION('',(-1.86101134502792E-14,1.38777878078145E-17,-1.));
#3648=DIRECTION('center_axis',(-1.,5.3811445610925E-29,1.86101134502792E-14));
#3649=DIRECTION('ref_axis',(-2.58844984524568E-31,-1.,-1.38777878078145E-17));
#3650=DIRECTION('',(1.86101134502792E-14,-1.38777878078145E-17,1.));
#3651=DIRECTION('center_axis',(-1.,5.3811445610925E-29,1.86101134502792E-14));
#3652=DIRECTION('ref_axis',(2.58844984525645E-31,1.,1.38777878078145E-17));
#3653=DIRECTION('',(-1.86101134502792E-14,1.38777878078145E-17,-1.));
#3654=DIRECTION('center_axis',(-1.,5.3811445610925E-29,1.86101134502792E-14));
#3655=DIRECTION('ref_axis',(-2.46519032877979E-31,-1.,-1.38777878078145E-17));
#3656=DIRECTION('',(1.86101134502792E-14,-1.38777878078145E-17,1.));
#3657=DIRECTION('center_axis',(-1.,5.3811445610925E-29,1.86101134502792E-14));
#3658=DIRECTION('ref_axis',(2.46519032881569E-31,1.,1.38777878078145E-17));
#3659=DIRECTION('',(-1.86101134502792E-14,1.38777878078145E-17,-1.));
#3660=DIRECTION('center_axis',(-1.,5.3811445610925E-29,1.86101134502792E-14));
#3661=DIRECTION('ref_axis',(-2.46519032877979E-31,-1.,-1.38777878078145E-17));
#3662=DIRECTION('',(1.86101134502792E-14,-1.38777878078145E-17,1.));
#3663=DIRECTION('center_axis',(-1.,5.3811445610925E-29,1.86101134502792E-14));
#3664=DIRECTION('ref_axis',(2.46519032881569E-31,1.,1.38777878078145E-17));
#3665=DIRECTION('center_axis',(-1.,5.3811445610925E-29,1.86101134502792E-14));
#3666=DIRECTION('ref_axis',(0.,1.,-3.99317513640161E-42));
#3667=DIRECTION('center_axis',(1.,0.,-1.77635683940025E-14));
#3668=DIRECTION('ref_axis',(2.46519032881569E-31,1.,1.38777878078145E-17));
#3669=DIRECTION('',(1.,0.,-1.77635683940025E-14));
#3670=DIRECTION('center_axis',(-1.,5.3811445610925E-29,1.86101134502792E-14));
#3671=DIRECTION('ref_axis',(2.46519032881569E-31,1.,1.38777878078145E-17));
#3672=DIRECTION('',(1.,0.,-1.77635683940025E-14));
#3673=DIRECTION('center_axis',(-2.46519032881566E-31,-1.,-1.38777878078145E-17));
#3674=DIRECTION('ref_axis',(-1.86101134502792E-14,1.38777878078145E-17,
-1.));
#3675=DIRECTION('',(1.,0.,-1.77635683940025E-14));
#3676=DIRECTION('',(1.86101134502792E-14,-1.38777878078145E-17,1.));
#3677=DIRECTION('center_axis',(1.,0.,-1.77635683940025E-14));
#3678=DIRECTION('ref_axis',(2.46519032881569E-31,1.,1.38777878078145E-17));
#3679=DIRECTION('',(1.,0.,-1.77635683940025E-14));
#3680=DIRECTION('center_axis',(-1.,5.3811445610925E-29,1.86101134502792E-14));
#3681=DIRECTION('ref_axis',(2.46519032881569E-31,1.,1.38777878078145E-17));
#3682=DIRECTION('',(1.,0.,-1.77635683940025E-14));
#3683=DIRECTION('center_axis',(-2.46519032881566E-31,-1.,-1.38777878078145E-17));
#3684=DIRECTION('ref_axis',(-1.86101134502792E-14,1.38777878078145E-17,
-1.));
#3685=DIRECTION('',(1.,0.,-1.77635683940025E-14));
#3686=DIRECTION('',(1.86101134502792E-14,-1.38777878078145E-17,1.));
#3687=DIRECTION('center_axis',(1.,0.,-1.86517468137026E-14));
#3688=DIRECTION('ref_axis',(2.58844984525645E-31,1.,1.38777878078145E-17));
#3689=DIRECTION('',(1.,0.,-1.86517468137026E-14));
#3690=DIRECTION('center_axis',(-1.,5.3811445610925E-29,1.86101134502792E-14));
#3691=DIRECTION('ref_axis',(2.58844984525645E-31,1.,1.38777878078145E-17));
#3692=DIRECTION('',(1.,0.,-1.86517468137026E-14));
#3693=DIRECTION('center_axis',(-2.58844984525645E-31,-1.,-1.38777878078145E-17));
#3694=DIRECTION('ref_axis',(-1.86101134502792E-14,1.38777878078145E-17,
-1.));
#3695=DIRECTION('',(1.,0.,-1.86517468137026E-14));
#3696=DIRECTION('',(1.86101134502792E-14,-1.38777878078145E-17,1.));
#3697=DIRECTION('center_axis',(1.,0.,-1.86517468137026E-14));
#3698=DIRECTION('ref_axis',(2.58844984525645E-31,1.,1.38777878078145E-17));
#3699=DIRECTION('',(1.,0.,-1.86517468137026E-14));
#3700=DIRECTION('center_axis',(-1.,5.3811445610925E-29,1.86101134502792E-14));
#3701=DIRECTION('ref_axis',(2.58844984525645E-31,1.,1.38777878078145E-17));
#3702=DIRECTION('',(1.,0.,-1.86517468137026E-14));
#3703=DIRECTION('center_axis',(-2.58844984525645E-31,-1.,-1.38777878078145E-17));
#3704=DIRECTION('ref_axis',(-1.86101134502792E-14,1.38777878078145E-17,
-1.));
#3705=DIRECTION('',(1.,0.,-1.86517468137026E-14));
#3706=DIRECTION('',(1.86101134502792E-14,-1.38777878078145E-17,1.));
#3707=DIRECTION('center_axis',(-1.,0.,0.));
#3708=DIRECTION('ref_axis',(0.,-1.79023462720805E-15,1.));
#3709=DIRECTION('',(-1.,0.,0.));
#3710=DIRECTION('center_axis',(-1.,5.3811445610925E-29,1.86101134502792E-14));
#3711=DIRECTION('ref_axis',(0.,-1.79023462720805E-15,1.));
#3712=DIRECTION('',(-1.,0.,0.));
#3713=DIRECTION('center_axis',(0.,-1.38777878078145E-17,1.));
#3714=DIRECTION('ref_axis',(-1.11022302462516E-16,1.,1.38777878078145E-17));
#3715=DIRECTION('',(-1.,0.,0.));
#3716=DIRECTION('',(5.40697128164673E-29,1.,1.38777878078145E-17));
#3717=DIRECTION('center_axis',(-1.,0.,0.));
#3718=DIRECTION('ref_axis',(0.,1.,1.38777878078145E-17));
#3719=DIRECTION('',(-1.,0.,0.));
#3720=DIRECTION('center_axis',(-1.,5.3811445610925E-29,1.86101134502792E-14));
#3721=DIRECTION('ref_axis',(0.,1.,1.38777878078145E-17));
#3722=DIRECTION('center_axis',(0.,1.,-5.19029264012262E-16));
#3723=DIRECTION('ref_axis',(-9.16385777684664E-17,-5.19029264012262E-16,
-1.));
#3724=DIRECTION('',(-1.,0.,0.));
#3725=DIRECTION('',(-1.86101134502792E-14,-5.19029264012262E-16,-1.));
#3726=DIRECTION('center_axis',(-2.86235282042697E-47,1.,-1.54074395563479E-33));
#3727=DIRECTION('ref_axis',(-1.86101134502792E-14,-1.54074395563479E-33,
-1.));
#3728=DIRECTION('',(-1.,0.,1.77635683940023E-14));
#3729=DIRECTION('',(1.86101134502792E-14,1.54074395563479E-33,1.));
#3730=DIRECTION('',(-1.,0.,1.85777319453943E-14));
#3731=DIRECTION('center_axis',(-1.,0.,1.85777319453943E-14));
#3732=DIRECTION('ref_axis',(2.30077048684415E-15,0.992301499374906,0.12384560685916));
#3733=DIRECTION('',(-1.,0.,1.85777319453943E-14));
#3734=DIRECTION('center_axis',(1.,-5.3811445610925E-29,-1.86101134502792E-14));
#3735=DIRECTION('ref_axis',(2.30478079396769E-15,0.992301499374906,0.12384560685916));
#3736=DIRECTION('center_axis',(0.,-1.,-9.02056207507941E-16));
#3737=DIRECTION('ref_axis',(9.16385777684666E-17,-9.02056207507941E-16,
1.));
#3738=DIRECTION('',(1.86101134502792E-14,-9.02056207507941E-16,1.));
#3739=DIRECTION('',(-1.,0.,0.));
#3740=DIRECTION('center_axis',(-1.,0.,0.));
#3741=DIRECTION('ref_axis',(0.,-1.,-1.38777878078145E-17));
#3742=DIRECTION('center_axis',(-1.,5.3811445610925E-29,1.86101134502792E-14));
#3743=DIRECTION('ref_axis',(0.,-1.,-1.38777878078145E-17));
#3744=DIRECTION('',(-1.,0.,0.));
#3745=DIRECTION('center_axis',(0.,1.38777878078145E-17,-1.));
#3746=DIRECTION('ref_axis',(1.11022302462516E-16,-1.,-1.38777878078145E-17));
#3747=DIRECTION('',(-5.40697128164673E-29,-1.,-1.38777878078145E-17));
#3748=DIRECTION('',(-1.,0.,0.));
#3749=DIRECTION('center_axis',(-1.,0.,0.));
#3750=DIRECTION('ref_axis',(0.,-8.74300631892304E-16,-1.));
#3751=DIRECTION('center_axis',(-1.,5.3811445610925E-29,1.86101134502792E-14));
#3752=DIRECTION('ref_axis',(0.,-8.74300631892304E-16,-1.));
#3753=DIRECTION('center_axis',(-1.,0.,1.85777319453943E-14));
#3754=DIRECTION('ref_axis',(1.85777319453943E-14,2.05596856412066E-16,1.));
#3755=DIRECTION('',(-1.,0.,1.85777319453943E-14));
#3756=DIRECTION('',(1.,0.,-1.77635683940025E-14));
#3757=DIRECTION('center_axis',(-1.,6.75616223584785E-31,-5.79182291653884E-61));
#3758=DIRECTION('ref_axis',(5.7918229164848E-61,-7.99892356737298E-42,-1.));
#3759=DIRECTION('',(-1.,0.,1.85777319453943E-14));
#3760=DIRECTION('center_axis',(1.,-5.3811445610925E-29,-1.86101134502792E-14));
#3761=DIRECTION('ref_axis',(1.86101134502792E-14,2.05596856412066E-16,1.));
#3762=DIRECTION('center_axis',(-1.,0.,1.85777319453943E-14));
#3763=DIRECTION('ref_axis',(-1.85777319453943E-14,-1.54074395563479E-33,
-1.));
#3764=DIRECTION('center_axis',(1.,-5.3811445610925E-29,-1.86101134502792E-14));
#3765=DIRECTION('ref_axis',(-1.86101134502792E-14,-1.54074395563479E-33,
-1.));
#3766=DIRECTION('',(-1.,0.,1.85777319453943E-14));
#3767=DIRECTION('center_axis',(-1.,6.75616223584793E-31,3.28954970259305E-15));
#3768=DIRECTION('ref_axis',(3.28954970259305E-15,7.99670109422562E-42,1.));
#3769=DIRECTION('',(1.,0.,-1.77635683940025E-14));
#3770=DIRECTION('center_axis',(-8.31996135138104E-31,1.,-4.47845914444023E-17));
#3771=DIRECTION('ref_axis',(-4.60494320000065E-14,0.,-1.));
#3772=DIRECTION('center_axis',(0.,1.,0.));
#3773=DIRECTION('ref_axis',(0.,0.,1.));
#3774=DIRECTION('',(1.,0.,-1.85777319453943E-14));
#3775=DIRECTION('center_axis',(0.,1.,0.));
#3776=DIRECTION('ref_axis',(0.,0.,1.));
#3777=DIRECTION('',(-1.,0.,1.85777319453943E-14));
#3778=DIRECTION('center_axis',(-1.,0.,1.85777319453943E-14));
#3779=DIRECTION('ref_axis',(0.,1.,-1.54074395563654E-33));
#3780=DIRECTION('center_axis',(1.,-6.75616223584795E-31,-3.71804384222673E-72));
#3781=DIRECTION('ref_axis',(-6.75616223584795E-31,-1.,7.99892356737298E-42));
#3782=DIRECTION('',(1.,0.,-1.85777319453943E-14));
#3783=DIRECTION('',(1.,0.,-1.85777319453943E-14));
#3784=DIRECTION('',(1.,0.,-1.85777319453943E-14));
#3785=DIRECTION('',(1.,0.,-1.85777319453943E-14));
#3786=DIRECTION('center_axis',(-1.,5.3811445610925E-29,1.86101134502792E-14));
#3787=DIRECTION('ref_axis',(5.3811445610925E-29,1.,-1.54074395663623E-33));
#3788=DIRECTION('',(-1.,0.,1.85777319453943E-14));
#3789=DIRECTION('center_axis',(-8.31996135138104E-31,1.,-4.47845914444023E-17));
#3790=DIRECTION('ref_axis',(0.,-4.47845914444023E-17,-1.));
#3791=DIRECTION('center_axis',(1.13755799811723E-30,-1.,6.12323399573676E-17));
#3792=DIRECTION('ref_axis',(-4.60494320000065E-14,0.,1.));
#3793=DIRECTION('center_axis',(0.,1.,0.));
#3794=DIRECTION('ref_axis',(0.,0.,1.));
#3795=DIRECTION('',(1.,0.,-1.85777319453943E-14));
#3796=DIRECTION('center_axis',(0.,1.,0.));
#3797=DIRECTION('ref_axis',(0.,0.,1.));
#3798=DIRECTION('',(-1.,0.,1.85777319453943E-14));
#3799=DIRECTION('center_axis',(-1.,0.,1.85777319453943E-14));
#3800=DIRECTION('ref_axis',(0.,1.,-1.54074395563654E-33));
#3801=DIRECTION('center_axis',(1.,-6.75616223584795E-31,-3.71804384222673E-72));
#3802=DIRECTION('ref_axis',(-6.75616223584795E-31,-1.,7.99892356737298E-42));
#3803=DIRECTION('',(1.,0.,-1.85777319453943E-14));
#3804=DIRECTION('center_axis',(-1.,5.3811445610925E-29,1.86101134502792E-14));
#3805=DIRECTION('ref_axis',(5.3811445610925E-29,1.,-1.54074395663623E-33));
#3806=DIRECTION('',(-1.,0.,1.85777319453943E-14));
#3807=DIRECTION('',(1.,0.,-1.85777319453943E-14));
#3808=DIRECTION('center_axis',(1.13755799811723E-30,-1.,6.12323399573676E-17));
#3809=DIRECTION('ref_axis',(0.,6.12323399573677E-17,1.));
#3810=DIRECTION('center_axis',(1.13755799811723E-30,-1.,6.12323399573676E-17));
#3811=DIRECTION('ref_axis',(-4.60494320000066E-14,0.,1.));
#3812=DIRECTION('center_axis',(0.,1.,0.));
#3813=DIRECTION('ref_axis',(0.,0.,1.));
#3814=DIRECTION('center_axis',(0.,1.,0.));
#3815=DIRECTION('ref_axis',(0.,0.,1.));
#3816=DIRECTION('center_axis',(1.13755799811723E-30,-1.,6.12323399573676E-17));
#3817=DIRECTION('ref_axis',(0.,6.12323399573677E-17,1.));
#3818=DIRECTION('center_axis',(-8.31996135138104E-31,1.,-4.47845914444023E-17));
#3819=DIRECTION('ref_axis',(-6.90741480000099E-14,0.,-1.));
#3820=DIRECTION('center_axis',(0.,1.,0.));
#3821=DIRECTION('ref_axis',(0.,0.,1.));
#3822=DIRECTION('center_axis',(0.,1.,0.));
#3823=DIRECTION('ref_axis',(0.,0.,1.));
#3824=DIRECTION('center_axis',(-8.31996135138104E-31,1.,-4.47845914444023E-17));
#3825=DIRECTION('ref_axis',(0.,-4.47845914444023E-17,-1.));
#3826=DIRECTION('center_axis',(1.,0.,-1.77635683940025E-14));
#3827=DIRECTION('ref_axis',(-2.46519032877979E-31,-1.,-1.38777878078145E-17));
#3828=DIRECTION('',(1.,0.,-1.77635683940025E-14));
#3829=DIRECTION('center_axis',(-1.,5.3811445610925E-29,1.86101134502792E-14));
#3830=DIRECTION('ref_axis',(-2.46519032877979E-31,-1.,-1.38777878078145E-17));
#3831=DIRECTION('center_axis',(2.46519032881566E-31,1.,1.38777878078145E-17));
#3832=DIRECTION('ref_axis',(1.86101134503003E-14,-1.38777878078145E-17,
1.));
#3833=DIRECTION('',(-1.86101134502792E-14,1.38777878078145E-17,-1.));
#3834=DIRECTION('center_axis',(1.,0.,-1.77635683940025E-14));
#3835=DIRECTION('ref_axis',(-2.46519032877979E-31,-1.,-1.38777878078145E-17));
#3836=DIRECTION('',(1.,0.,-1.77635683940025E-14));
#3837=DIRECTION('center_axis',(-1.,5.3811445610925E-29,1.86101134502792E-14));
#3838=DIRECTION('ref_axis',(-2.46519032877979E-31,-1.,-1.38777878078145E-17));
#3839=DIRECTION('center_axis',(2.46519032881566E-31,1.,1.38777878078145E-17));
#3840=DIRECTION('ref_axis',(1.86101134503003E-14,-1.38777878078145E-17,
1.));
#3841=DIRECTION('',(-1.86101134502792E-14,1.38777878078145E-17,-1.));
#3842=DIRECTION('center_axis',(1.,0.,-1.86517468137026E-14));
#3843=DIRECTION('ref_axis',(-2.58844984524568E-31,-1.,-1.38777878078145E-17));
#3844=DIRECTION('',(1.,0.,-1.86517468137026E-14));
#3845=DIRECTION('center_axis',(-1.,5.3811445610925E-29,1.86101134502792E-14));
#3846=DIRECTION('ref_axis',(-2.58844984524568E-31,-1.,-1.38777878078145E-17));
#3847=DIRECTION('center_axis',(2.58844984525645E-31,1.,1.38777878078145E-17));
#3848=DIRECTION('ref_axis',(1.86101134503003E-14,-1.38777878078145E-17,
1.));
#3849=DIRECTION('',(-1.86101134502792E-14,1.38777878078145E-17,-1.));
#3850=DIRECTION('center_axis',(1.,0.,-1.86517468137026E-14));
#3851=DIRECTION('ref_axis',(-2.58844984524568E-31,-1.,-1.38777878078145E-17));
#3852=DIRECTION('',(1.,0.,-1.86517468137026E-14));
#3853=DIRECTION('center_axis',(-1.,5.3811445610925E-29,1.86101134502792E-14));
#3854=DIRECTION('ref_axis',(-2.58844984524568E-31,-1.,-1.38777878078145E-17));
#3855=DIRECTION('center_axis',(2.58844984525645E-31,1.,1.38777878078145E-17));
#3856=DIRECTION('ref_axis',(1.86101134503003E-14,-1.38777878078145E-17,
1.));
#3857=DIRECTION('',(-1.86101134502792E-14,1.38777878078145E-17,-1.));
#3858=DIRECTION('center_axis',(-1.,6.7718207769654E-31,3.70551869486922E-72));
#3859=DIRECTION('ref_axis',(-6.7718207769654E-31,-1.,7.99892356737298E-42));
#3860=DIRECTION('',(-6.75616223584795E-31,-1.,2.69144975666705E-16));
#3861=DIRECTION('',(2.15315980533364E-15,1.,-1.34572487833352E-16));
#3862=DIRECTION('center_axis',(-1.,0.,0.));
#3863=DIRECTION('ref_axis',(0.,1.,-3.99317513640161E-42));
#3864=DIRECTION('center_axis',(-1.,4.03987617680931E-114,0.));
#3865=DIRECTION('ref_axis',(0.,1.,-3.99317513640161E-42));
#3866=DIRECTION('',(-1.,0.,0.));
#3867=DIRECTION('center_axis',(-1.,0.,0.));
#3868=DIRECTION('ref_axis',(0.,1.,-3.99317513640161E-42));
#3869=DIRECTION('center_axis',(-1.,5.3811445610925E-29,1.86101134502792E-14));
#3870=DIRECTION('ref_axis',(0.,1.,-3.99317513640161E-42));
#3871=DIRECTION('',(-1.,0.,0.));
#3872=DIRECTION('center_axis',(-1.,4.03987617680931E-114,0.));
#3873=DIRECTION('ref_axis',(0.,1.,-3.99317513640161E-42));
#3874=DIRECTION('center_axis',(1.,-4.03987617680931E-114,0.));
#3875=DIRECTION('ref_axis',(0.,1.,-3.99317513640161E-42));
#3876=DIRECTION('center_axis',(0.,1.34572487833352E-16,1.));
#3877=DIRECTION('ref_axis',(2.15315980533364E-15,1.,-1.34572487833352E-16));
#3878=DIRECTION('center_axis',(2.86235282042697E-47,-1.,1.54074395563479E-33));
#3879=DIRECTION('ref_axis',(1.86101134502792E-14,1.54074395563479E-33,1.));
#3880=DIRECTION('',(1.86101134502792E-14,1.54074395563479E-33,1.));
#3881=DIRECTION('center_axis',(-1.85777319453943E-14,-6.72862439166762E-17,
-1.));
#3882=DIRECTION('ref_axis',(-5.25592409779925E-29,-1.,6.72862439166762E-17));
#3883=DIRECTION('',(5.25592409779925E-29,1.,-6.72862439166762E-17));
#3884=DIRECTION('center_axis',(1.,-5.3811445610925E-29,-1.86101134502792E-14));
#3885=DIRECTION('ref_axis',(5.3811445610925E-29,1.,-1.54074395663623E-33));
#3886=CARTESIAN_POINT('',(0.,0.,0.));
#3887=CARTESIAN_POINT('Origin',(312.512359619141,-53.2139896755336,10.2079116500317));
#3888=CARTESIAN_POINT('',(312.512041071047,-54.907409349153,11.4705712544508));
#3889=CARTESIAN_POINT('',(312.511697042472,-54.7705700019142,11.473963355115));
#3890=CARTESIAN_POINT('',(312.512359619141,-53.2139896755336,11.4724116500317));
#3891=CARTESIAN_POINT('',(313.531275238984,-54.6960058733933,10.9567582362159));
#3892=CARTESIAN_POINT('Ctrl Pts',(312.511697042472,-54.7705700019142,11.473963355115));
#3893=CARTESIAN_POINT('Ctrl Pts',(312.90425800075,-54.7457152924072,11.4723313856395));
#3894=CARTESIAN_POINT('Ctrl Pts',(313.297385370365,-54.7208605829002,11.2749997089761));
#3895=CARTESIAN_POINT('Ctrl Pts',(313.531275238984,-54.6960058733932,10.9567582362159));
#3896=CARTESIAN_POINT('',(313.776859619141,-54.7139896755336,10.2079116500317));
#3897=CARTESIAN_POINT('Ctrl Pts',(313.776859619141,-54.7139896755336,10.2079116500317));
#3898=CARTESIAN_POINT('Ctrl Pts',(313.776859619141,-54.7139896755336,10.3667597602173));
#3899=CARTESIAN_POINT('Ctrl Pts',(313.745099526439,-54.7113146426281,10.5361484439643));
#3900=CARTESIAN_POINT('Ctrl Pts',(313.641438685288,-54.7035482643815,10.786349270882));
#3901=CARTESIAN_POINT('Ctrl Pts',(313.590605828189,-54.6998855294857,10.8760302671089));
#3902=CARTESIAN_POINT('Ctrl Pts',(313.531275238984,-54.6960058733932,10.9567582362159));
#3903=CARTESIAN_POINT('',(312.599023268684,-54.6629009709216,8.94839145103723));
#3904=CARTESIAN_POINT('Ctrl Pts',(312.599553207454,-54.6629009709216,8.94642144865993));
#3905=CARTESIAN_POINT('Ctrl Pts',(312.732134849499,-54.6636444486413,8.95558542718456));
#3906=CARTESIAN_POINT('Ctrl Pts',(312.868801732776,-54.6662189528893,8.98685750333729));
#3907=CARTESIAN_POINT('Ctrl Pts',(313.152122533485,-54.6750339111259,9.10424030067226));
#3908=CARTESIAN_POINT('Ctrl Pts',(313.294265843319,-54.6819009987745,9.20154482458895));
#3909=CARTESIAN_POINT('Ctrl Pts',(313.518726280204,-54.6947874573598,9.42600526147408));
#3910=CARTESIAN_POINT('Ctrl Pts',(313.616030931488,-54.7016446889888,9.56814864400855));
#3911=CARTESIAN_POINT('Ctrl Pts',(313.745099526439,-54.7113146426281,9.87967485609896));
#3912=CARTESIAN_POINT('Ctrl Pts',(313.776859619141,-54.7139896755336,10.049063539846));
#3913=CARTESIAN_POINT('Ctrl Pts',(313.776859619141,-54.7139896755336,10.2079116500317));
#3914=CARTESIAN_POINT('Ctrl Pts',(312.598990643524,-54.6629009709216,8.94851273229698));
#3915=CARTESIAN_POINT('Ctrl Pts',(312.832003916355,-54.6775500140828,8.96513247024023));
#3916=CARTESIAN_POINT('Ctrl Pts',(313.061219644803,-54.692199057244,9.04307574866453));
#3917=CARTESIAN_POINT('Ctrl Pts',(313.249732335819,-54.7068481004052,9.17788857457101));
#3918=CARTESIAN_POINT('Ctrl Pts',(313.586853357222,-54.7330452777222,9.41897705154645));
#3919=CARTESIAN_POINT('Ctrl Pts',(313.793802461376,-54.7592424550392,9.84193937617373));
#3920=CARTESIAN_POINT('Ctrl Pts',(313.777962498427,-54.7854396323562,10.2561964839459));
#3921=CARTESIAN_POINT('Ctrl Pts',(313.762122535479,-54.8116368096732,10.670453591718));
#3922=CARTESIAN_POINT('Ctrl Pts',(313.523493505428,-54.8378339869902,11.076005482635));
#3923=CARTESIAN_POINT('Ctrl Pts',(313.169106823627,-54.8640311643073,11.2908824329259));
#3924=CARTESIAN_POINT('Ctrl Pts',(312.973504948865,-54.8784905592559,11.4094826413377));
#3925=CARTESIAN_POINT('Ctrl Pts',(312.742638312724,-54.8929499542044,11.4699950587426));
#3926=CARTESIAN_POINT('Ctrl Pts',(312.512041071047,-54.907409349153,11.4705712544508));
#3927=CARTESIAN_POINT('Origin',(312.512359619141,-53.2139896755336,10.2079116500317));
#3928=CARTESIAN_POINT('',(312.511761300747,-55.407409349153,11.4740998727093));
#3929=CARTESIAN_POINT('',(312.513494238083,-55.2705700019142,11.4721483604282));
#3930=CARTESIAN_POINT('',(312.512359619141,-53.2139896755336,11.4724116500317));
#3931=CARTESIAN_POINT('Ctrl Pts',(312.513494238083,-55.2705700019142,11.4721483604282));
#3932=CARTESIAN_POINT('Ctrl Pts',(312.622652834106,-55.2637035855082,11.4731109746325));
#3933=CARTESIAN_POINT('Ctrl Pts',(312.73158571865,-55.2568371691022,11.460139769374));
#3934=CARTESIAN_POINT('Ctrl Pts',(312.836589804062,-55.2499707526962,11.4323351449503));
#3935=CARTESIAN_POINT('Ctrl Pts',(313.239992685998,-55.2235914727294,11.3255158190198));
#3936=CARTESIAN_POINT('Ctrl Pts',(313.585409264334,-55.1972121927626,10.9997656905054));
#3937=CARTESIAN_POINT('Ctrl Pts',(313.715684854073,-55.1708329127958,10.6033027266665));
#3938=CARTESIAN_POINT('Ctrl Pts',(313.845960443812,-55.144453632829,10.2068397628275));
#3939=CARTESIAN_POINT('Ctrl Pts',(313.761095044954,-55.1180743528622,9.73966396366387));
#3940=CARTESIAN_POINT('Ctrl Pts',(313.499644620909,-55.0916950728954,9.41440285815579));
#3941=CARTESIAN_POINT('Ctrl Pts',(313.238194196864,-55.0653157929286,9.0891417526477));
#3942=CARTESIAN_POINT('Ctrl Pts',(312.800158747632,-55.0389365129618,8.90579534079513));
#3943=CARTESIAN_POINT('Ctrl Pts',(312.385001333916,-55.012557232995,8.94772070513595));
#3944=CARTESIAN_POINT('Ctrl Pts',(311.9698439202,-54.9861779530281,8.98964606947676));
#3945=CARTESIAN_POINT('Ctrl Pts',(311.577564542,-54.9597986730613,9.25684321001098));
#3946=CARTESIAN_POINT('Ctrl Pts',(311.386389997956,-54.9334193930945,9.62788032704353));
#3947=CARTESIAN_POINT('Ctrl Pts',(311.195215453913,-54.9070401131277,9.99891744407609));
#3948=CARTESIAN_POINT('Ctrl Pts',(311.205145744025,-54.8806608331609,10.473794537607));
#3949=CARTESIAN_POINT('Ctrl Pts',(311.412235279606,-54.8542815531941,10.8360626878185));
#3950=CARTESIAN_POINT('Ctrl Pts',(311.619324815187,-54.8279022732273,11.19833083803));
#3951=CARTESIAN_POINT('Ctrl Pts',(312.023573596236,-54.8015229932605,11.4479900449222));
#3952=CARTESIAN_POINT('Ctrl Pts',(312.43950207488,-54.7751437132937,11.4720374398775));
#3953=CARTESIAN_POINT('Ctrl Pts',(312.463540345551,-54.7736191428338,11.4734272408133));
#3954=CARTESIAN_POINT('Ctrl Pts',(312.487617628448,-54.772094572374,11.4740634589787));
#3955=CARTESIAN_POINT('Ctrl Pts',(312.511697042472,-54.7705700019142,11.473963355115));
#3956=CARTESIAN_POINT('Ctrl Pts',(312.512041071047,-54.907409349153,11.4705712544508));
#3957=CARTESIAN_POINT('Ctrl Pts',(312.324847883006,-54.9191471315214,11.4710389960021));
#3958=CARTESIAN_POINT('Ctrl Pts',(312.137832220378,-54.9308849138899,11.4320099997179));
#3959=CARTESIAN_POINT('Ctrl Pts',(311.970002843739,-54.9426226962583,11.3524954598821));
#3960=CARTESIAN_POINT('Ctrl Pts',(311.595429879202,-54.9688198735754,11.1750295268828));
#3961=CARTESIAN_POINT('Ctrl Pts',(311.31642828368,-54.9950170508924,10.7958956512195));
#3962=CARTESIAN_POINT('Ctrl Pts',(311.258316075972,-55.0212142282094,10.3855000408586));
#3963=CARTESIAN_POINT('Ctrl Pts',(311.200203868264,-55.0474114055264,9.97510443049773));
#3964=CARTESIAN_POINT('Ctrl Pts',(311.36298104837,-55.0736085828434,9.53344708543921));
#3965=CARTESIAN_POINT('Ctrl Pts',(311.673529051169,-55.0998057601605,9.25894423781803));
#3966=CARTESIAN_POINT('Ctrl Pts',(311.984077053968,-55.1260029374775,8.98444139019686));
#3967=CARTESIAN_POINT('Ctrl Pts',(312.44239587946,-55.1522001147945,8.87709304001303));
#3968=CARTESIAN_POINT('Ctrl Pts',(312.842547302912,-55.1783972921115,8.98514484194719));
#3969=CARTESIAN_POINT('Ctrl Pts',(313.242698726363,-55.2045944694285,9.09319664388136));
#3970=CARTESIAN_POINT('Ctrl Pts',(313.584682747773,-55.2307916467456,9.41664859793352));
#3971=CARTESIAN_POINT('Ctrl Pts',(313.71484556216,-55.2569888240626,9.81016331748217));
#3972=CARTESIAN_POINT('Ctrl Pts',(313.845008376546,-55.2831860013796,10.2036780370308));
#3973=CARTESIAN_POINT('Ctrl Pts',(313.763349983909,-55.3093831786966,10.667255522076));
#3974=CARTESIAN_POINT('Ctrl Pts',(313.506558570646,-55.3355803560137,10.9926067861291));
#3975=CARTESIAN_POINT('Ctrl Pts',(313.271863200756,-55.3595233537268,11.2899626606539));
#3976=CARTESIAN_POINT('Ctrl Pts',(312.890877343397,-55.3834663514399,11.4718566926451));
#3977=CARTESIAN_POINT('Ctrl Pts',(312.511761300747,-55.407409349153,11.4740998727093));
#3978=CARTESIAN_POINT('Origin',(312.512359619141,-53.2139896755336,10.2079116500317));
#3979=CARTESIAN_POINT('',(312.513431334644,-55.907409349153,11.4719758269406));
#3980=CARTESIAN_POINT('',(312.511844192313,-55.7705700019142,11.4706518413601));
#3981=CARTESIAN_POINT('',(312.512359619141,-53.2139896755336,11.4724116500317));
#3982=CARTESIAN_POINT('Ctrl Pts',(312.511844192313,-55.7705700019142,11.4706518413601));
#3983=CARTESIAN_POINT('Ctrl Pts',(312.75512536561,-55.7553125986424,11.4697532553627));
#3984=CARTESIAN_POINT('Ctrl Pts',(312.998869408322,-55.7400551953706,11.4020250900235));
#3985=CARTESIAN_POINT('Ctrl Pts',(313.201397361056,-55.7247977920988,11.270722954404));
#3986=CARTESIAN_POINT('Ctrl Pts',(313.551557966441,-55.6984185121319,11.0437081908796));
#3987=CARTESIAN_POINT('Ctrl Pts',(313.778512698053,-55.6720392321651,10.6266538927559));
#3988=CARTESIAN_POINT('Ctrl Pts',(313.778984505229,-55.6456599521983,10.20934342816));
#3989=CARTESIAN_POINT('Ctrl Pts',(313.779456312405,-55.6192806722315,9.79203296356408));
#3990=CARTESIAN_POINT('Ctrl Pts',(313.553445195145,-55.5929013922647,9.37446633249598));
#3991=CARTESIAN_POINT('Ctrl Pts',(313.203798435276,-55.5665221122979,9.14666063716987));
#3992=CARTESIAN_POINT('Ctrl Pts',(312.854151675407,-55.5401428323311,8.91885494184376));
#3993=CARTESIAN_POINT('Ctrl Pts',(312.38086927293,-55.5137635523643,8.88081018225964));
#3994=CARTESIAN_POINT('Ctrl Pts',(311.999323275547,-55.4873842723975,9.04983804897519));
#3995=CARTESIAN_POINT('Ctrl Pts',(311.617777278164,-55.4610049924307,9.21886591569074));
#3996=CARTESIAN_POINT('Ctrl Pts',(311.327967685875,-55.4346257124639,9.59496640870596));
#3997=CARTESIAN_POINT('Ctrl Pts',(311.261771299308,-55.4082464324971,10.006994091189));
#3998=CARTESIAN_POINT('Ctrl Pts',(311.195574912742,-55.3818671525302,10.4190217736721));
#3999=CARTESIAN_POINT('Ctrl Pts',(311.352991731899,-55.3554878725634,10.8669766456231));
#4000=CARTESIAN_POINT('Ctrl Pts',(311.662394734245,-55.3291085925966,11.1470098199252));
#4001=CARTESIAN_POINT('Ctrl Pts',(311.891261427259,-55.3095957290358,11.354151528476));
#4002=CARTESIAN_POINT('Ctrl Pts',(312.203289225051,-55.290082865475,11.4694128200067));
#4003=CARTESIAN_POINT('Ctrl Pts',(312.513494238083,-55.2705700019142,11.4721483604282));
#4004=CARTESIAN_POINT('Ctrl Pts',(312.511761300747,-55.407409349153,11.4740998727093));
#4005=CARTESIAN_POINT('Ctrl Pts',(312.476068374528,-55.4096635287569,11.4743110630878));
#4006=CARTESIAN_POINT('Ctrl Pts',(312.440392021973,-55.4119177083608,11.4729298641147));
#4007=CARTESIAN_POINT('Ctrl Pts',(312.40485588389,-55.4141718879647,11.4699027096134));
#4008=CARTESIAN_POINT('Ctrl Pts',(311.991869044285,-55.4403690652817,11.4347223259834));
#4009=CARTESIAN_POINT('Ctrl Pts',(311.597819798963,-55.4665662425987,11.1772365156623));
#4010=CARTESIAN_POINT('Ctrl Pts',(311.399759478566,-55.4927634199158,10.8131378531244));
#4011=CARTESIAN_POINT('Ctrl Pts',(311.201699158169,-55.5189605972328,10.4490391905865));
#4012=CARTESIAN_POINT('Ctrl Pts',(311.199627762697,-55.5451577745498,9.97832767583179));
#4013=CARTESIAN_POINT('Ctrl Pts',(311.394476217064,-55.5713549518668,9.61250022477201));
#4014=CARTESIAN_POINT('Ctrl Pts',(311.589324671432,-55.5975521291838,9.24667277371223));
#4015=CARTESIAN_POINT('Ctrl Pts',(311.981092975639,-55.6237493065008,8.98572938634737));
#4016=CARTESIAN_POINT('Ctrl Pts',(312.393754093005,-55.6499464838179,8.9469156868207));
#4017=CARTESIAN_POINT('Ctrl Pts',(312.80641521037,-55.6761436611349,8.90810198729403));
#4018=CARTESIAN_POINT('Ctrl Pts',(313.239969140893,-55.7023408384519,9.09141797560553));
#4019=CARTESIAN_POINT('Ctrl Pts',(313.499614138377,-55.728538015769,9.41449716887613));
#4020=CARTESIAN_POINT('Ctrl Pts',(313.759259135861,-55.754735193086,9.73757636214674));
#4021=CARTESIAN_POINT('Ctrl Pts',(313.844995200305,-55.780932370403,10.2004187603765));
#4022=CARTESIAN_POINT('Ctrl Pts',(313.718299905583,-55.80712954772,10.5950628851797));
#4023=CARTESIAN_POINT('Ctrl Pts',(313.59160461086,-55.833326725037,10.9897070099829));
#4024=CARTESIAN_POINT('Ctrl Pts',(313.252477956972,-55.8595239023541,11.3161528613595));
#4025=CARTESIAN_POINT('Ctrl Pts',(312.853294264611,-55.8857210796711,11.4277237751352));
#4026=CARTESIAN_POINT('Ctrl Pts',(312.743134769335,-55.8929505028317,11.4585130979062));
#4027=CARTESIAN_POINT('Ctrl Pts',(312.628401631658,-55.9001799259924,11.4729386246862));
#4028=CARTESIAN_POINT('Ctrl Pts',(312.513431334644,-55.907409349153,11.4719758269406));
#4029=CARTESIAN_POINT('Origin',(312.512359619141,-53.2139896755336,10.2079116500317));
#4030=CARTESIAN_POINT('',(312.511550336009,-56.407409349153,11.4711060594355));
#4031=CARTESIAN_POINT('',(312.511633895909,-56.2705700019142,11.4739991699287));
#4032=CARTESIAN_POINT('',(312.512359619141,-53.2139896755336,11.4724116500317));
#4033=CARTESIAN_POINT('Ctrl Pts',(312.511633895909,-56.2705700019142,11.4739991699287));
#4034=CARTESIAN_POINT('Ctrl Pts',(312.886165700465,-56.2469216117765,11.4714281233723));
#4035=CARTESIAN_POINT('Ctrl Pts',(313.262806429772,-56.2232732216389,11.2947087737489));
#4036=CARTESIAN_POINT('Ctrl Pts',(313.49783201058,-56.1996248315013,11.0036408992685));
#4037=CARTESIAN_POINT('Ctrl Pts',(313.75999808444,-56.1732455515345,10.6789608299032));
#4038=CARTESIAN_POINT('Ctrl Pts',(313.845953398706,-56.1468662715677,10.2119976740374));
#4039=CARTESIAN_POINT('Ctrl Pts',(313.716583372983,-56.1204869916009,9.81524637300312));
#4040=CARTESIAN_POINT('Ctrl Pts',(313.587213347261,-56.0941077116341,9.4184950719688));
#4041=CARTESIAN_POINT('Ctrl Pts',(313.242517981549,-56.0677284316672,9.09195562576592));
#4042=CARTESIAN_POINT('Ctrl Pts',(312.839353373905,-56.0413491517004,8.98422216308107));
#4043=CARTESIAN_POINT('Ctrl Pts',(312.43618876626,-56.0149698717336,8.87648870039623));
#4044=CARTESIAN_POINT('Ctrl Pts',(311.974554916683,-55.9885905917668,8.98756122122941));
#4045=CARTESIAN_POINT('Ctrl Pts',(311.664521646164,-55.9622113118,9.26689536634662));
#4046=CARTESIAN_POINT('Ctrl Pts',(311.354488375646,-55.9358320318332,9.54622951146383));
#4047=CARTESIAN_POINT('Ctrl Pts',(311.196055684187,-55.9094527518664,9.99382528086506));
#4048=CARTESIAN_POINT('Ctrl Pts',(311.261319472561,-55.8830734718996,10.4060010198178));
#4049=CARTESIAN_POINT('Ctrl Pts',(311.326583260936,-55.8566941919328,10.8181767587705));
#4050=CARTESIAN_POINT('Ctrl Pts',(311.615543529145,-55.830314911966,11.1949324672747));
#4051=CARTESIAN_POINT('Ctrl Pts',(311.996706902829,-55.8039356319992,11.3648227070642));
#4052=CARTESIAN_POINT('Ctrl Pts',(312.157410760102,-55.7928137553042,11.4364508296286));
#4053=CARTESIAN_POINT('Ctrl Pts',(312.33450449935,-55.7816918786092,11.471306865186));
#4054=CARTESIAN_POINT('Ctrl Pts',(312.511844192313,-55.7705700019142,11.4706518413601));
#4055=CARTESIAN_POINT('Ctrl Pts',(312.513431334644,-55.907409349153,11.4719758269406));
#4056=CARTESIAN_POINT('Ctrl Pts',(312.21178509253,-55.9263771033094,11.4694497456012));
#4057=CARTESIAN_POINT('Ctrl Pts',(311.908506306921,-55.9453448574657,11.360994421307));
#4058=CARTESIAN_POINT('Ctrl Pts',(311.68191529765,-55.9643126116221,11.1642276415747));
#4059=CARTESIAN_POINT('Ctrl Pts',(311.368960753883,-55.9905097889391,10.892464618064));
#4060=CARTESIAN_POINT('Ctrl Pts',(311.202292397183,-56.0167069662562,10.4522425948681));
#4061=CARTESIAN_POINT('Ctrl Pts',(311.25679663459,-56.0429041435732,10.0413594302047));
#4062=CARTESIAN_POINT('Ctrl Pts',(311.311300871997,-56.0691013208902,9.63047626554138));
#4063=CARTESIAN_POINT('Ctrl Pts',(311.586977703512,-56.0952984982072,9.24893195941062));
#4064=CARTESIAN_POINT('Ctrl Pts',(311.95996170354,-56.1214956755243,9.06815966270733));
#4065=CARTESIAN_POINT('Ctrl Pts',(312.332945703568,-56.1476928528413,8.88738736600405));
#4066=CARTESIAN_POINT('Ctrl Pts',(312.803236872108,-56.1738900301583,8.90738707872824));
#4067=CARTESIAN_POINT('Ctrl Pts',(313.159526864057,-56.2000872074753,9.11917265178348));
#4068=CARTESIAN_POINT('Ctrl Pts',(313.515816856006,-56.2262843847924,9.33095822483872));
#4069=CARTESIAN_POINT('Ctrl Pts',(313.758105671363,-56.2524815621094,9.734529658225));
#4070=CARTESIAN_POINT('Ctrl Pts',(313.77752958423,-56.2786787394264,10.1485567091486));
#4071=CARTESIAN_POINT('Ctrl Pts',(313.796953497097,-56.3048759167434,10.5625837600721));
#4072=CARTESIAN_POINT('Ctrl Pts',(313.593512507474,-56.3310730940604,10.987066428533));
#4073=CARTESIAN_POINT('Ctrl Pts',(313.258615474145,-56.3572702713774,11.2312787632304));
#4074=CARTESIAN_POINT('Ctrl Pts',(313.044961051282,-56.3739832973026,11.387079024902));
#4075=CARTESIAN_POINT('Ctrl Pts',(312.777803185193,-56.3906963232278,11.4695081178083));
#4076=CARTESIAN_POINT('Ctrl Pts',(312.511550336009,-56.407409349153,11.4711060594355));
#4077=CARTESIAN_POINT('Origin',(312.512359619141,-53.2139896755336,10.2079116500317));
#4078=CARTESIAN_POINT('',(312.512359463709,-56.907409349153,11.4744731564145));
#4079=CARTESIAN_POINT('',(312.513481569588,-56.7705700019142,11.4727221589032));
#4080=CARTESIAN_POINT('',(312.512359619141,-53.2139896755336,11.4724116500317));
#4081=CARTESIAN_POINT('Ctrl Pts',(312.513481569588,-56.7705700019142,11.4727221589032));
#4082=CARTESIAN_POINT('Ctrl Pts',(312.603358720806,-56.7649099048775,11.4735438070236));
#4083=CARTESIAN_POINT('Ctrl Pts',(312.693076749079,-56.7592498078409,11.464772710709));
#4084=CARTESIAN_POINT('Ctrl Pts',(312.780586709191,-56.7535897108043,11.4458111209324));
#4085=CARTESIAN_POINT('Ctrl Pts',(313.188433027506,-56.7272104308374,11.3574392993722));
#4086=CARTESIAN_POINT('Ctrl Pts',(313.548318084496,-56.7008311508707,11.0477206331751));
#4087=CARTESIAN_POINT('Ctrl Pts',(313.696473595896,-56.6744518709039,10.6575948295633));
#4088=CARTESIAN_POINT('Ctrl Pts',(313.844629107295,-56.648072590937,10.2674690259515));
#4089=CARTESIAN_POINT('Ctrl Pts',(313.781055073105,-56.6216933109702,9.7969360849249));
#4090=CARTESIAN_POINT('Ctrl Pts',(313.534681314986,-56.5953140310034,9.46011540635091));
#4091=CARTESIAN_POINT('Ctrl Pts',(313.288307556866,-56.5689347510366,9.12329472777691));
#4092=CARTESIAN_POINT('Ctrl Pts',(312.859134074817,-56.5425554710698,8.92018631165552));
#4093=CARTESIAN_POINT('Ctrl Pts',(312.442459349288,-56.516176191103,8.94321610398283));
#4094=CARTESIAN_POINT('Ctrl Pts',(312.025784623759,-56.4897969111362,8.96624589631015));
#4095=CARTESIAN_POINT('Ctrl Pts',(311.62160865475,-56.4634176311694,9.21541389708616));
#4096=CARTESIAN_POINT('Ctrl Pts',(311.413854624842,-56.4370383512026,9.57733441490229));
#4097=CARTESIAN_POINT('Ctrl Pts',(311.206100594934,-56.4106590712358,9.93925493271843));
#4098=CARTESIAN_POINT('Ctrl Pts',(311.194768504127,-56.384279791269,10.4139279675747));
#4099=CARTESIAN_POINT('Ctrl Pts',(311.385015101472,-56.3579005113022,10.7853501403249));
#4100=CARTESIAN_POINT('Ctrl Pts',(311.575261698817,-56.3315212313353,11.1567723130751));
#4101=CARTESIAN_POINT('Ctrl Pts',(311.967086984313,-56.3051419513685,11.4249436237193));
#4102=CARTESIAN_POINT('Ctrl Pts',(312.382188043789,-56.2787626714017,11.467830787609));
#4103=CARTESIAN_POINT('Ctrl Pts',(312.425160985538,-56.2760317815725,11.4722706403956));
#4104=CARTESIAN_POINT('Ctrl Pts',(312.468383379073,-56.2733008917433,11.4742960715296));
#4105=CARTESIAN_POINT('Ctrl Pts',(312.511633895909,-56.2705700019142,11.4739991699287));
#4106=CARTESIAN_POINT('Ctrl Pts',(312.511550336009,-56.407409349153,11.4711060594355));
#4107=CARTESIAN_POINT('Ctrl Pts',(312.360459663292,-56.4168935005448,11.4720128443812));
#4108=CARTESIAN_POINT('Ctrl Pts',(312.209660426761,-56.4263776519367,11.4468901460712));
#4109=CARTESIAN_POINT('Ctrl Pts',(312.069095149491,-56.4358618033285,11.3943747381227));
#4110=CARTESIAN_POINT('Ctrl Pts',(311.680824935202,-56.4620589806455,11.2493163773835));
#4111=CARTESIAN_POINT('Ctrl Pts',(311.370637583659,-56.4882561579625,10.8952576549711));
#4112=CARTESIAN_POINT('Ctrl Pts',(311.277904574689,-56.5144533352796,10.4912820661397));
#4113=CARTESIAN_POINT('Ctrl Pts',(311.18517156572,-56.5406505125966,10.0873064773083));
#4114=CARTESIAN_POINT('Ctrl Pts',(311.309892899324,-56.5668476899136,9.63341402205808));
#4115=CARTESIAN_POINT('Ctrl Pts',(311.596029550234,-56.5930448672306,9.33354487670188));
#4116=CARTESIAN_POINT('Ctrl Pts',(311.882166201143,-56.6192420445477,9.03367573134568));
#4117=CARTESIAN_POINT('Ctrl Pts',(312.329718169358,-56.6454392218647,8.88782989588356));
#4118=CARTESIAN_POINT('Ctrl Pts',(312.737594147365,-56.6716363991817,8.9615379272751));
#4119=CARTESIAN_POINT('Ctrl Pts',(313.145470125373,-56.6978335764987,9.03524595866664));
#4120=CARTESIAN_POINT('Ctrl Pts',(313.513670113173,-56.7240307538157,9.32850785691184));
#4121=CARTESIAN_POINT('Ctrl Pts',(313.676756748773,-56.7502279311327,9.70955698316214));
#4122=CARTESIAN_POINT('Ctrl Pts',(313.839843384373,-56.7764251084498,10.0906061094124));
#4123=CARTESIAN_POINT('Ctrl Pts',(313.797816667773,-56.8026222857668,10.5594424636678));
#4124=CARTESIAN_POINT('Ctrl Pts',(313.569559785714,-56.8288194630838,10.9054113685144));
#4125=CARTESIAN_POINT('Ctrl Pts',(313.341307683863,-56.8550160917735,11.2513730280009));
#4126=CARTESIAN_POINT('Ctrl Pts',(312.926833216621,-56.8812127204633,11.4744723842612));
#4127=CARTESIAN_POINT('Ctrl Pts',(312.512359463709,-56.907409349153,11.4744731564023));
#4128=CARTESIAN_POINT('Origin',(312.512359619141,-53.2139896755336,10.2079116500317));
#4129=CARTESIAN_POINT('',(312.513169090164,-57.407409349153,11.4711064076723));
#4130=CARTESIAN_POINT('',(312.512138391711,-57.2705700019142,11.4704823606282));
#4131=CARTESIAN_POINT('',(312.512359619141,-53.2139896755336,11.4724116500317));
#4132=CARTESIAN_POINT('Ctrl Pts',(312.512138391711,-57.2705700019142,11.4704823606282));
#4133=CARTESIAN_POINT('Ctrl Pts',(312.73625983862,-57.2565189180117,11.4701299385925));
#4134=CARTESIAN_POINT('Ctrl Pts',(312.960548324194,-57.2424678341093,11.4132653404225));
#4135=CARTESIAN_POINT('Ctrl Pts',(313.15236792669,-57.2284167502068,11.3009488123268));
#4136=CARTESIAN_POINT('Ctrl Pts',(313.51248697747,-57.20203747024,11.0900875606181));
#4137=CARTESIAN_POINT('Ctrl Pts',(313.758167155994,-57.1756581902732,10.6837820643422));
#4138=CARTESIAN_POINT('Ctrl Pts',(313.77760992957,-57.1492789103064,10.266924562596));
#4139=CARTESIAN_POINT('Ctrl Pts',(313.797052703146,-57.1228996303395,9.8500670608499));
#4140=CARTESIAN_POINT('Ctrl Pts',(313.590258071773,-57.0965203503728,9.42265755363351));
#4141=CARTESIAN_POINT('Ctrl Pts',(313.251329420166,-57.070141070406,9.1791918120469));
#4142=CARTESIAN_POINT('Ctrl Pts',(312.912400768559,-57.0437617904392,8.93572607046029));
#4143=CARTESIAN_POINT('Ctrl Pts',(312.441338096719,-57.0173825104723,8.87620409450345));
#4144=CARTESIAN_POINT('Ctrl Pts',(312.052501862353,-56.9910032305055,9.02771178754522));
#4145=CARTESIAN_POINT('Ctrl Pts',(311.663665627987,-56.9646239505387,9.179219480587));
#4146=CARTESIAN_POINT('Ctrl Pts',(311.357055831095,-56.9382446705719,9.54175684262738));
#4147=CARTESIAN_POINT('Ctrl Pts',(311.272197465548,-56.9118653906051,9.95034863892614));
#4148=CARTESIAN_POINT('Ctrl Pts',(311.187339100001,-56.8854861106383,10.3589404352249));
#4149=CARTESIAN_POINT('Ctrl Pts',(311.324232165798,-56.8591068306715,10.8135866657821));
#4150=CARTESIAN_POINT('Ctrl Pts',(311.620582488517,-56.8327275507047,11.107397292599));
#4151=CARTESIAN_POINT('Ctrl Pts',(311.853346102822,-56.8120083677745,11.338166143436));
#4152=CARTESIAN_POINT('Ctrl Pts',(312.184479942008,-56.7912891848443,11.4697144582224));
#4153=CARTESIAN_POINT('Ctrl Pts',(312.513481569588,-56.7705700019142,11.4727221589032));
#4154=CARTESIAN_POINT('Ctrl Pts',(312.512359463709,-56.907409349153,11.4744731564023));
#4155=CARTESIAN_POINT('Ctrl Pts',(312.097868350425,-56.9336070750973,11.4744739285757));
#4156=CARTESIAN_POINT('Ctrl Pts',(311.683377951618,-56.9598048010416,11.2513532283529));
#4157=CARTESIAN_POINT('Ctrl Pts',(311.455130601031,-56.9860025269859,10.9053676362795));
#4158=CARTESIAN_POINT('Ctrl Pts',(311.226888030352,-57.0121997043029,10.5593892897639));
#4159=CARTESIAN_POINT('Ctrl Pts',(311.18488070745,-57.03839688162,10.0905511974533));
#4160=CARTESIAN_POINT('Ctrl Pts',(311.347983105206,-57.064594058937,9.70950881769246));
#4161=CARTESIAN_POINT('Ctrl Pts',(311.511085502963,-57.090791236254,9.32846643793159));
#4162=CARTESIAN_POINT('Ctrl Pts',(311.879297621378,-57.116988413571,9.03521977072035));
#4163=CARTESIAN_POINT('Ctrl Pts',(312.287176648009,-57.143185590888,8.96152861139632));
#4164=CARTESIAN_POINT('Ctrl Pts',(312.69505567464,-57.1693827682051,8.88783745207228));
#4165=CARTESIAN_POINT('Ctrl Pts',(313.142601609486,-57.1955799455221,9.03370180063546));
#4166=CARTESIAN_POINT('Ctrl Pts',(313.428725855904,-57.2217771228391,9.33358278192485));
#4167=CARTESIAN_POINT('Ctrl Pts',(313.714850102323,-57.2479743001561,9.63346376321424));
#4168=CARTESIAN_POINT('Ctrl Pts',(313.839552660315,-57.2741714774732,10.0873613772299));
#4169=CARTESIAN_POINT('Ctrl Pts',(313.746802940767,-57.3003686547902,10.4913331297715));
#4170=CARTESIAN_POINT('Ctrl Pts',(313.654053221219,-57.3265658321072,10.8953048823131));
#4171=CARTESIAN_POINT('Ctrl Pts',(313.343851224132,-57.3527630094242,11.2493507733808));
#4172=CARTESIAN_POINT('Ctrl Pts',(312.955575009752,-57.3789601867412,11.394393072984));
#4173=CARTESIAN_POINT('Ctrl Pts',(312.81502382301,-57.3884432408785,11.4468965913091));
#4174=CARTESIAN_POINT('Ctrl Pts',(312.664242177733,-57.3979262950158,11.4720133147297));
#4175=CARTESIAN_POINT('Ctrl Pts',(312.513169090164,-57.407409349153,11.4711064076723));
#4176=CARTESIAN_POINT('Origin',(312.512359619141,-53.2139896755336,10.2079116500317));
#4177=CARTESIAN_POINT('',(312.511287962498,-57.907409349153,11.4719753418247));
#4178=CARTESIAN_POINT('',(312.511409187637,-57.7705700019142,11.4735195236371));
#4179=CARTESIAN_POINT('',(312.512359619141,-53.2139896755336,11.4724116500317));
#4180=CARTESIAN_POINT('Ctrl Pts',(312.511409187637,-57.7705700019142,11.4735195236371));
#4181=CARTESIAN_POINT('Ctrl Pts',(312.867188552383,-57.7481279311459,11.4705379402972));
#4182=CARTESIAN_POINT('Ctrl Pts',(313.225274514686,-57.7256858603776,11.3134143826168));
#4183=CARTESIAN_POINT('Ctrl Pts',(313.460638081066,-57.7032437896094,11.0476192363614));
#4184=CARTESIAN_POINT('Ctrl Pts',(313.737293541056,-57.6768645096425,10.7351933176799));
#4185=CARTESIAN_POINT('Ctrl Pts',(313.84438883052,-57.6504852296757,10.2726206148554));
#4186=CARTESIAN_POINT('Ctrl Pts',(313.73318946753,-57.6241059497089,9.87039816411846));
#4187=CARTESIAN_POINT('Ctrl Pts',(313.621990104539,-57.5977266697421,9.46817571338148));
#4188=CARTESIAN_POINT('Ctrl Pts',(313.292496089094,-57.5713473897753,9.12630351473199));
#4189=CARTESIAN_POINT('Ctrl Pts',(312.894646043346,-57.5449681098085,9.00035297164003));
#4190=CARTESIAN_POINT('Ctrl Pts',(312.496795997599,-57.5185888298417,8.87440242854806));
#4191=CARTESIAN_POINT('Ctrl Pts',(312.030589921549,-57.4922095498749,8.96437354101361));
#4192=CARTESIAN_POINT('Ctrl Pts',(311.708178244053,-57.4658302699081,9.22932430704496));
#4193=CARTESIAN_POINT('Ctrl Pts',(311.385766566557,-57.4394509899412,9.49427507307631));
#4194=CARTESIAN_POINT('Ctrl Pts',(311.207149287615,-57.4130717099745,9.93420549267346));
#4195=CARTESIAN_POINT('Ctrl Pts',(311.253607485005,-57.3866924300077,10.3489220634801));
#4196=CARTESIAN_POINT('Ctrl Pts',(311.300065682396,-57.3603131500409,10.7636386342867));
#4197=CARTESIAN_POINT('Ctrl Pts',(311.571599356119,-57.333933870074,11.1531413563028));
#4198=CARTESIAN_POINT('Ctrl Pts',(311.944645154498,-57.3075545901072,11.34018421374));
#4199=CARTESIAN_POINT('Ctrl Pts',(312.118985839656,-57.2952263940429,11.4275975556442));
#4200=CARTESIAN_POINT('Ctrl Pts',(312.315497822279,-57.2828981979785,11.4707915700803));
#4201=CARTESIAN_POINT('Ctrl Pts',(312.512138391711,-57.2705700019142,11.4704823606282));
#4202=CARTESIAN_POINT('Ctrl Pts',(312.513169090164,-57.407409349153,11.4711064076723));
#4203=CARTESIAN_POINT('Ctrl Pts',(312.246898945731,-57.4241234723328,11.4695079610062));
#4204=CARTESIAN_POINT('Ctrl Pts',(311.979723437111,-57.4408375955125,11.3870672218022));
#4205=CARTESIAN_POINT('Ctrl Pts',(311.766061432643,-57.4575517186923,11.2312478930705));
#4206=CARTESIAN_POINT('Ctrl Pts',(311.431174501589,-57.4837488960093,10.9870217054148));
#4207=CARTESIAN_POINT('Ctrl Pts',(311.227751071155,-57.5099460733264,10.5625306219644));
#4208=CARTESIAN_POINT('Ctrl Pts',(311.247192110414,-57.5361432506434,10.1485043748251));
#4209=CARTESIAN_POINT('Ctrl Pts',(311.266633149673,-57.5623404279604,9.73447812768576));
#4210=CARTESIAN_POINT('Ctrl Pts',(311.508938658626,-57.5885376052774,9.3309167168575));
#4211=CARTESIAN_POINT('Ctrl Pts',(311.865237410969,-57.6147347825944,9.11914588221172));
#4212=CARTESIAN_POINT('Ctrl Pts',(312.221536163312,-57.6409319599114,8.90737504756594));
#4213=CARTESIAN_POINT('Ctrl Pts',(312.691828159045,-57.6671291372285,8.88739478910265));
#4214=CARTESIAN_POINT('Ctrl Pts',(313.064804680848,-57.6933263145455,9.06818251410477));
#4215=CARTESIAN_POINT('Ctrl Pts',(313.437781202651,-57.7195234918625,9.2489702391069));
#4216=CARTESIAN_POINT('Ctrl Pts',(313.713442250524,-57.7457206691796,9.63052594757444));
#4217=CARTESIAN_POINT('Ctrl Pts',(313.767929491837,-57.7719178464966,10.0414113669579));
#4218=CARTESIAN_POINT('Ctrl Pts',(313.822416733149,-57.7981150238136,10.4522967863413));
#4219=CARTESIAN_POINT('Ctrl Pts',(313.655730167901,-57.8243122011306,10.8925119166406));
#4220=CARTESIAN_POINT('Ctrl Pts',(313.342764382044,-57.8505093784476,11.1642619933854));
#4221=CARTESIAN_POINT('Ctrl Pts',(313.116178341475,-57.8694760353494,11.3610080170613));
#4222=CARTESIAN_POINT('Ctrl Pts',(312.812917048454,-57.8884426922512,11.4694496291));
#4223=CARTESIAN_POINT('Ctrl Pts',(312.511287962498,-57.907409349153,11.4719753418247));
#4224=CARTESIAN_POINT('Origin',(312.512359619141,-53.2139896755336,10.2079116500317));
#4225=CARTESIAN_POINT('',(312.512957606996,-58.407409349153,11.4741001021316));
#4226=CARTESIAN_POINT('',(312.51338088655,-58.2705700019142,11.4732892341366));
#4227=CARTESIAN_POINT('',(312.512359619141,-53.2139896755336,11.4724116500317));
#4228=CARTESIAN_POINT('Ctrl Pts',(312.51338088655,-58.2705700019142,11.4732892341366));
#4229=CARTESIAN_POINT('Ctrl Pts',(312.584021048691,-58.2661162242469,11.4739089694021));
#4230=CARTESIAN_POINT('Ctrl Pts',(312.654566292015,-58.2616624465796,11.4684997447136));
#4231=CARTESIAN_POINT('Ctrl Pts',(312.724032626799,-58.2572086689123,11.4567252509025));
#4232=CARTESIAN_POINT('Ctrl Pts',(313.13547478454,-58.2308293889455,11.3869861009238));
#4233=CARTESIAN_POINT('Ctrl Pts',(313.509068026888,-58.2044501089787,11.0939485680112));
#4234=CARTESIAN_POINT('Ctrl Pts',(313.674806061233,-58.1780708290119,10.7109614896679));
#4235=CARTESIAN_POINT('Ctrl Pts',(313.840544095578,-58.1516915490451,10.3279744113246));
#4236=CARTESIAN_POINT('Ctrl Pts',(313.798426921919,-58.1253122690783,9.8550377875506));
#4237=CARTESIAN_POINT('Ctrl Pts',(313.567620263126,-58.0989329891115,9.50736483136398));
#4238=CARTESIAN_POINT('Ctrl Pts',(313.336813604334,-58.0725537091447,9.15969187517736));
#4239=CARTESIAN_POINT('Ctrl Pts',(312.917317460409,-58.0461744291779,8.93728258657811));
#4240=CARTESIAN_POINT('Ctrl Pts',(312.500026569555,-58.0197951492111,8.94134591238564));
#4241=CARTESIAN_POINT('Ctrl Pts',(312.082735678701,-57.9934158692443,8.94540923819317));
#4242=CARTESIAN_POINT('Ctrl Pts',(311.667650040918,-57.9670365892774,9.17594517840748));
#4243=CARTESIAN_POINT('Ctrl Pts',(311.443657361862,-57.9406573093106,9.5280466949275));
#4244=CARTESIAN_POINT('Ctrl Pts',(311.219664682806,-57.9142780293438,9.88014821144753));
#4245=CARTESIAN_POINT('Ctrl Pts',(311.186764962477,-57.887898749377,10.3538153042733));
#4246=CARTESIAN_POINT('Ctrl Pts',(311.359929455294,-57.8615194694102,10.7335023551896));
#4247=CARTESIAN_POINT('Ctrl Pts',(311.533093948112,-57.8351401894434,11.1131894061059));
#4248=CARTESIAN_POINT('Ctrl Pts',(311.912322654077,-57.8087609094766,11.3988964151128));
#4249=CARTESIAN_POINT('Ctrl Pts',(312.325044822318,-57.7823816295098,11.460610352347));
#4250=CARTESIAN_POINT('Ctrl Pts',(312.386645196524,-57.7784444203112,11.4698213953195));
#4251=CARTESIAN_POINT('Ctrl Pts',(312.448991694974,-57.7745072111127,11.4740426089386));
#4252=CARTESIAN_POINT('Ctrl Pts',(312.511409187637,-57.7705700019142,11.4735195236371));
#4253=CARTESIAN_POINT('Ctrl Pts',(312.511287962498,-57.907409349153,11.4719753418247));
#4254=CARTESIAN_POINT('Ctrl Pts',(312.396300103798,-57.9146398695682,11.4729382008838));
#4255=CARTESIAN_POINT('Ctrl Pts',(312.281549454986,-57.9218703899834,11.458508222065));
#4256=CARTESIAN_POINT('Ctrl Pts',(312.171374514452,-57.9291009103986,11.4277096693227));
#4257=CARTESIAN_POINT('Ctrl Pts',(311.772195439182,-57.9552980877157,11.3161222453249));
#4258=CARTESIAN_POINT('Ctrl Pts',(311.433082295108,-57.9814952650327,10.989662374139));
#4259=CARTESIAN_POINT('Ctrl Pts',(311.306403321856,-58.0076924423497,10.5950130043642));
#4260=CARTESIAN_POINT('Ctrl Pts',(311.179724348605,-58.0338896196668,10.2003636345894));
#4261=CARTESIAN_POINT('Ctrl Pts',(311.265479546176,-58.0600867969838,9.73752476622565));
#4262=CARTESIAN_POINT('Ctrl Pts',(311.525137914751,-58.0862839743008,9.41445632308001));
#4263=CARTESIAN_POINT('Ctrl Pts',(311.784796283327,-58.1124811516178,9.09138787993438));
#4264=CARTESIAN_POINT('Ctrl Pts',(312.218357822906,-58.1386783289348,8.90808986200686));
#4265=CARTESIAN_POINT('Ctrl Pts',(312.631017319625,-58.1648755062519,8.94692061136356));
#4266=CARTESIAN_POINT('Ctrl Pts',(313.043676816343,-58.1910726835689,8.98575136072026));
#4267=CARTESIAN_POINT('Ctrl Pts',(313.435434270202,-58.2172698608859,9.24671087736117));
#4268=CARTESIAN_POINT('Ctrl Pts',(313.630267622932,-58.2434670382029,9.61254643056985));
#4269=CARTESIAN_POINT('Ctrl Pts',(313.825100975663,-58.2696642155199,9.97838198377853));
#4270=CARTESIAN_POINT('Ctrl Pts',(313.823010227266,-58.295861392837,10.449093573555));
#4271=CARTESIAN_POINT('Ctrl Pts',(313.624934779998,-58.322058570154,10.8131839531552));
#4272=CARTESIAN_POINT('Ctrl Pts',(313.426859332731,-58.348255747471,11.1772743327554));
#4273=CARTESIAN_POINT('Ctrl Pts',(313.032799186593,-58.374452924788,11.4347435021794));
#4274=CARTESIAN_POINT('Ctrl Pts',(312.619811031433,-58.400650102105,11.4699069921317));
#4275=CARTESIAN_POINT('Ctrl Pts',(312.584292077936,-58.4029031844544,11.4729312201847));
#4276=CARTESIAN_POINT('Ctrl Pts',(312.548633117337,-58.4051562668037,11.4743110928351));
#4277=CARTESIAN_POINT('Ctrl Pts',(312.512957606996,-58.407409349153,11.4741001021316));
#4278=CARTESIAN_POINT('Origin',(312.512359619141,-53.2139896755336,10.2079116500317));
#4279=CARTESIAN_POINT('',(312.512695973937,-58.907409349153,11.4705948000414));
#4280=CARTESIAN_POINT('',(312.512448648005,-58.7705700019142,11.4704520690236));
#4281=CARTESIAN_POINT('',(312.512359619141,-53.2139896755336,11.4724116500317));
#4282=CARTESIAN_POINT('Ctrl Pts',(312.512448648005,-58.7705700019142,11.4704520690236));
#4283=CARTESIAN_POINT('Ctrl Pts',(312.717341006221,-58.7577252373811,11.470581542435));
#4284=CARTESIAN_POINT('Ctrl Pts',(312.922177274791,-58.744880472848,11.4235104369368));
#4285=CARTESIAN_POINT('Ctrl Pts',(313.102015113704,-58.7320357083149,11.3289144464684));
#4286=CARTESIAN_POINT('Ctrl Pts',(313.471347902102,-58.705656428348,11.13464275625));
#4287=CARTESIAN_POINT('Ctrl Pts',(313.735245325023,-58.6792771483812,10.7399263307));
#4288=CARTESIAN_POINT('Ctrl Pts',(313.773618961649,-58.6528978684144,10.3243837189043));
#4289=CARTESIAN_POINT('Ctrl Pts',(313.811992598275,-58.6265185884476,9.90884110710849));
#4290=CARTESIAN_POINT('Ctrl Pts',(313.624842448607,-58.6001393084808,9.47247230906696));
#4291=CARTESIAN_POINT('Ctrl Pts',(313.297332534637,-58.573760028514,9.21385008562606));
#4292=CARTESIAN_POINT('Ctrl Pts',(312.969822620666,-58.5473807485472,8.95522786218515));
#4293=CARTESIAN_POINT('Ctrl Pts',(312.501952942392,-58.5210014685804,8.87435221334487));
#4294=CARTESIAN_POINT('Ctrl Pts',(312.106630962831,-58.4946221886136,9.00802618493944));
#4295=CARTESIAN_POINT('Ctrl Pts',(311.711308983269,-58.4682429086468,9.14170015653402));
#4296=CARTESIAN_POINT('Ctrl Pts',(311.38853470242,-58.44186362868,9.48992374856344));
#4297=CARTESIAN_POINT('Ctrl Pts',(311.285188878865,-58.4154843487132,9.89423531030776));
#4298=CARTESIAN_POINT('Ctrl Pts',(311.18184305531,-58.3891050687463,10.2985468720521));
#4299=CARTESIAN_POINT('Ctrl Pts',(311.29792568905,-58.3627257887795,10.7589464035113));
#4300=CARTESIAN_POINT('Ctrl Pts',(311.580612542487,-58.3363465088127,11.0659257857186));
#4301=CARTESIAN_POINT('Ctrl Pts',(311.81557161881,-58.3144210065132,11.3210759323095));
#4302=CARTESIAN_POINT('Ctrl Pts',(312.165626428833,-58.2924955042137,11.4702383393669));
#4303=CARTESIAN_POINT('Ctrl Pts',(312.51338088655,-58.2705700019142,11.4732892341366));
#4304=CARTESIAN_POINT('Ctrl Pts',(312.512957606996,-58.407409349153,11.4741001021316));
#4305=CARTESIAN_POINT('Ctrl Pts',(312.133824634825,-58.4313534441207,11.4718578487824));
#4306=CARTESIAN_POINT('Ctrl Pts',(311.752822556449,-58.4552975390884,11.2899455821452));
#4307=CARTESIAN_POINT('Ctrl Pts',(311.518128462765,-58.4792416340561,10.9925660052593));
#4308=CARTESIAN_POINT('Ctrl Pts',(311.261350213438,-58.5054388113731,10.6672037179544));
#4309=CARTESIAN_POINT('Ctrl Pts',(311.179709878967,-58.5316359886902,10.203621332864));
#4310=CARTESIAN_POINT('Ctrl Pts',(311.309889594095,-58.5578331660072,9.81011284617488));
#4311=CARTESIAN_POINT('Ctrl Pts',(311.440069309223,-58.5840303433242,9.41660435948576));
#4312=CARTESIAN_POINT('Ctrl Pts',(311.782069073951,-58.6102275206412,9.09316977119789));
#4313=CARTESIAN_POINT('Ctrl Pts',(312.182223649959,-58.6364246979582,8.98513272833783));
#4314=CARTESIAN_POINT('Ctrl Pts',(312.582378225967,-58.6626218752753,8.87709568547778));
#4315=CARTESIAN_POINT('Ctrl Pts',(313.040687613256,-58.6888190525923,8.98445618804555));
#4316=CARTESIAN_POINT('Ctrl Pts',(313.351227046675,-58.7150162299093,9.25897567299337));
#4317=CARTESIAN_POINT('Ctrl Pts',(313.661766480094,-58.7412134072263,9.53349515794119));
#4318=CARTESIAN_POINT('Ctrl Pts',(313.824535959643,-58.7674105845433,9.97517362526908));
#4319=CARTESIAN_POINT('Ctrl Pts',(313.766400900355,-58.7936077618604,10.3855588128748));
#4320=CARTESIAN_POINT('Ctrl Pts',(313.708265841067,-58.8198049391774,10.7959440004806));
#4321=CARTESIAN_POINT('Ctrl Pts',(313.429226242944,-58.8460021164944,11.1750359083642));
#4322=CARTESIAN_POINT('Ctrl Pts',(313.054658468011,-58.8721992938114,11.3525032837682));
#4323=CARTESIAN_POINT('Ctrl Pts',(312.886847105168,-58.8839359789253,11.432011036756));
#4324=CARTESIAN_POINT('Ctrl Pts',(312.699861712625,-58.8956726640392,11.4710495281786));
#4325=CARTESIAN_POINT('Ctrl Pts',(312.512695973937,-58.907409349153,11.4705948000414));
#4326=CARTESIAN_POINT('Origin',(312.512359619141,-53.2139896755336,10.2079116500317));
#4327=CARTESIAN_POINT('',(312.5113188633,-59.407409349153,11.4730114754756));
#4328=CARTESIAN_POINT('',(312.511269464719,-59.2705700019142,11.4729680685807));
#4329=CARTESIAN_POINT('',(312.512359619141,-53.2139896755336,11.4724116500317));
#4330=CARTESIAN_POINT('Ctrl Pts',(312.511269464719,-59.2705700019142,11.4729680685807));
#4331=CARTESIAN_POINT('Ctrl Pts',(312.848305077616,-59.2493342505152,11.4699097286591));
#4332=CARTESIAN_POINT('Ctrl Pts',(313.187567456203,-59.2280984991163,11.3309843173558));
#4333=CARTESIAN_POINT('Ctrl Pts',(313.421483286116,-59.2068627477174,11.0898612119311));
#4334=CARTESIAN_POINT('Ctrl Pts',(313.712056058891,-59.1804834677506,10.7903354835978));
#4335=CARTESIAN_POINT('Ctrl Pts',(313.840069868288,-59.1541041877838,10.3331097506109));
#4336=CARTESIAN_POINT('Ctrl Pts',(313.747271109079,-59.127724907817,9.92624787177654));
#4337=CARTESIAN_POINT('Ctrl Pts',(313.65447234987,-59.1013456278502,9.51938599294222));
#4338=CARTESIAN_POINT('Ctrl Pts',(313.340861022056,-59.0749663478834,9.16288796826055));
#4339=CARTESIAN_POINT('Ctrl Pts',(312.949148216669,-59.0485870679166,9.01898078871513));
#4340=CARTESIAN_POINT('Ctrl Pts',(312.557435411281,-59.0222077879498,8.87507360916972));
#4341=CARTESIAN_POINT('Ctrl Pts',(312.087621128319,-58.995828507983,8.94375727476057));
#4342=CARTESIAN_POINT('Ctrl Pts',(311.753497737083,-58.9694492280162,9.19377678926651));
#4343=CARTESIAN_POINT('Ctrl Pts',(311.419374345847,-58.9430699480493,9.44379630377245));
#4344=CARTESIAN_POINT('Ctrl Pts',(311.220941846336,-58.9166906680825,9.87515166719348));
#4345=CARTESIAN_POINT('Ctrl Pts',(311.248498375035,-58.8903113881157,10.2915515182116));
#4346=CARTESIAN_POINT('Ctrl Pts',(311.276054903735,-58.8639321081489,10.7079513692298));
#4347=CARTESIAN_POINT('Ctrl Pts',(311.529600460645,-58.8375528281821,11.109395707845));
#4348=CARTESIAN_POINT('Ctrl Pts',(311.893757316038,-58.8111735482153,11.3132043997093));
#4349=CARTESIAN_POINT('Ctrl Pts',(312.080596630296,-58.7976390327816,11.4177732844185));
#4350=CARTESIAN_POINT('Ctrl Pts',(312.296553776801,-58.7841045173479,11.4703156430206));
#4351=CARTESIAN_POINT('Ctrl Pts',(312.512448648005,-58.7705700019142,11.4704520690236));
#4352=CARTESIAN_POINT('Ctrl Pts',(312.512695973937,-58.907409349153,11.4705948000414));
#4353=CARTESIAN_POINT('Ctrl Pts',(312.28209349302,-58.9218698413562,11.470034540256));
#4354=CARTESIAN_POINT('Ctrl Pts',(312.051217244465,-58.9363303335593,11.4095230936485));
#4355=CARTESIAN_POINT('Ctrl Pts',(311.855591245024,-58.9507908257625,11.2908859582825));
#4356=CARTESIAN_POINT('Ctrl Pts',(311.501187748713,-58.9769880030795,11.0759584144686));
#4357=CARTESIAN_POINT('Ctrl Pts',(311.262476707832,-59.0031851803965,10.6702604839163));
#4358=CARTESIAN_POINT('Ctrl Pts',(311.246714303889,-59.0293823577136,10.2560778745047));
#4359=CARTESIAN_POINT('Ctrl Pts',(311.230951899945,-59.0555795350306,9.84189526509301));
#4360=CARTESIAN_POINT('Ctrl Pts',(311.438138132938,-59.0817767123476,9.41922797682197));
#4361=CARTESIAN_POINT('Ctrl Pts',(311.775181355323,-59.1079738896646,9.17798628520003));
#4362=CARTESIAN_POINT('Ctrl Pts',(312.112224577707,-59.1341710669816,8.9367445935781));
#4363=CARTESIAN_POINT('Ctrl Pts',(312.579124789484,-59.1603682442986,8.87692849860527));
#4364=CARTESIAN_POINT('Ctrl Pts',(312.96609724698,-59.1865654216157,9.02541420175249));
#4365=CARTESIAN_POINT('Ctrl Pts',(313.353069704475,-59.2127625989327,9.17389990489971));
#4366=CARTESIAN_POINT('Ctrl Pts',(313.660114407689,-59.2389597762497,9.53068740616698));
#4367=CARTESIAN_POINT('Ctrl Pts',(313.749271916398,-59.2651569535667,9.93546713151497));
#4368=CARTESIAN_POINT('Ctrl Pts',(313.838429425107,-59.2913541308837,10.340246856863));
#4369=CARTESIAN_POINT('Ctrl Pts',(313.709699739312,-59.3175513082008,10.7930188062917));
#4370=CARTESIAN_POINT('Ctrl Pts',(313.420922883862,-59.3437484855178,11.0903462634901));
#4371=CARTESIAN_POINT('Ctrl Pts',(313.187007300855,-59.3649687733962,11.3311880213465));
#4372=CARTESIAN_POINT('Ctrl Pts',(312.848079086327,-59.3861890612746,11.4700371277886));
#4373=CARTESIAN_POINT('Ctrl Pts',(312.5113188633,-59.407409349153,11.4730114754756));
#4374=CARTESIAN_POINT('Origin',(312.512359619141,-53.2139896755336,10.2079116500317));
#4375=CARTESIAN_POINT('',(312.513354012294,-59.907409349153,11.473225099333));
#4376=CARTESIAN_POINT('',(312.513191182806,-59.7705700019142,11.4738058741326));
#4377=CARTESIAN_POINT('',(312.512359619141,-53.2139896755336,11.4724116500317));
#4378=CARTESIAN_POINT('Ctrl Pts',(312.513191182806,-59.7705700019142,11.4738058741326));
#4379=CARTESIAN_POINT('Ctrl Pts',(312.564643490782,-59.7673225436162,11.4741979313231));
#4380=CARTESIAN_POINT('Ctrl Pts',(312.616051758561,-59.7640750853183,11.4713308594376));
#4381=CARTESIAN_POINT('Ctrl Pts',(312.667040858812,-59.7608276270204,11.4650570798915));
#4382=CARTESIAN_POINT('Ctrl Pts',(313.081228086908,-59.7344483470536,11.4140948282123));
#4383=CARTESIAN_POINT('Ctrl Pts',(313.467756960398,-59.7080690670868,11.138344342352));
#4384=CARTESIAN_POINT('Ctrl Pts',(313.650734793425,-59.68168978712,10.7632879272955));
#4385=CARTESIAN_POINT('Ctrl Pts',(313.833712626452,-59.6553105071531,10.3882315122391));
#4386=CARTESIAN_POINT('Ctrl Pts',(313.813139419016,-59.6289312271863,9.91386916798665));
#4387=CARTESIAN_POINT('Ctrl Pts',(313.598377129358,-59.6025519472195,9.5560628622884));
#4388=CARTESIAN_POINT('Ctrl Pts',(313.383614839699,-59.5761726672527,9.19825655659014));
#4389=CARTESIAN_POINT('Ctrl Pts',(312.974663467819,-59.5497933872859,8.9570062894461));
#4390=CARTESIAN_POINT('Ctrl Pts',(312.557619290702,-59.5234141073191,8.94209474452815));
#4391=CARTESIAN_POINT('Ctrl Pts',(312.140575113585,-59.4970348273523,8.92718319961021));
#4392=CARTESIAN_POINT('Ctrl Pts',(311.715438131231,-59.4706555473855,9.13861037691836));
#4393=CARTESIAN_POINT('Ctrl Pts',(311.475669979725,-59.4442762674187,9.48016481174772));
#4394=CARTESIAN_POINT('Ctrl Pts',(311.23590182822,-59.4178969874519,9.82171924657708));
#4395=CARTESIAN_POINT('Ctrl Pts',(311.181502507563,-59.3915177074851,10.2934009389277));
#4396=CARTESIAN_POINT('Ctrl Pts',(311.337226822922,-59.3651384275183,10.6805677444938));
#4397=CARTESIAN_POINT('Ctrl Pts',(311.492951138282,-59.3387591475514,11.0677345500599));
#4398=CARTESIAN_POINT('Ctrl Pts',(311.858799089658,-59.3123798675846,11.3703864688417));
#4399=CARTESIAN_POINT('Ctrl Pts',(312.268288933423,-59.2860005876178,11.4507995663928));
#4400=CARTESIAN_POINT('Ctrl Pts',(312.348132762076,-59.2808570590499,11.4664788065012));
#4401=CARTESIAN_POINT('Ctrl Pts',(312.429635795594,-59.2757135304821,11.4737088315733));
#4402=CARTESIAN_POINT('Ctrl Pts',(312.511269464719,-59.2705700019142,11.4729680685807));
#4403=CARTESIAN_POINT('Ctrl Pts',(312.5113188633,-59.407409349153,11.4730114754756));
#4404=CARTESIAN_POINT('Ctrl Pts',(312.432336975451,-59.4123862385916,11.4737090625995));
#4405=CARTESIAN_POINT('Ctrl Pts',(312.353474341071,-59.4173631280302,11.4669326645946));
#4406=CARTESIAN_POINT('Ctrl Pts',(312.276113687155,-59.4223400174689,11.4522451716249));
#4407=CARTESIAN_POINT('Ctrl Pts',(311.868905371002,-59.4485371947859,11.3749336575929));
#4408=CARTESIAN_POINT('Ctrl Pts',(311.503312763799,-59.4747343721029,11.0784276645607));
#4409=CARTESIAN_POINT('Ctrl Pts',(311.343601656616,-59.5009315494199,10.6959514534245));
#4410=CARTESIAN_POINT('Ctrl Pts',(311.183890549433,-59.5271287267369,10.3134752422882));
#4411=CARTESIAN_POINT('Ctrl Pts',(311.230060942271,-59.5533259040539,9.84502881304792));
#4412=CARTESIAN_POINT('Ctrl Pts',(311.461367918892,-59.579523081371,9.501091633286));
#4413=CARTESIAN_POINT('Ctrl Pts',(311.692674895513,-59.605720258688,9.15715445352409));
#4414=CARTESIAN_POINT('Ctrl Pts',(312.109118455917,-59.631917436005,8.93772652324053));
#4415=CARTESIAN_POINT('Ctrl Pts',(312.523584558967,-59.658114613322,8.94139987879023));
#4416=CARTESIAN_POINT('Ctrl Pts',(312.938050662017,-59.684311790639,8.94507323433992));
#4417=CARTESIAN_POINT('Ctrl Pts',(313.350539307712,-59.7105089679561,9.17184787572286));
#4418=CARTESIAN_POINT('Ctrl Pts',(313.575713990996,-59.7367061452731,9.51983076120121));
#4419=CARTESIAN_POINT('Ctrl Pts',(313.800888674279,-59.7629033225901,9.86781364667956));
#4420=CARTESIAN_POINT('Ctrl Pts',(313.838749395151,-59.7891004999071,10.3370047762533));
#4421=CARTESIAN_POINT('Ctrl Pts',(313.672284034261,-59.8152976772241,10.7165901720514));
#4422=CARTESIAN_POINT('Ctrl Pts',(313.505818673371,-59.8414948545412,11.0961755678495));
#4423=CARTESIAN_POINT('Ctrl Pts',(313.13502723072,-59.8676920318582,11.3861552298719));
#4424=CARTESIAN_POINT('Ctrl Pts',(312.726513077694,-59.8938892091752,11.4562370515112));
#4425=CARTESIAN_POINT('Ctrl Pts',(312.6562361866,-59.8983959225011,11.4682932618298));
#4426=CARTESIAN_POINT('Ctrl Pts',(312.584842911114,-59.9029026358271,11.4738417076044));
#4427=CARTESIAN_POINT('Ctrl Pts',(312.513354012294,-59.907409349153,11.473225099333));
#4428=CARTESIAN_POINT('Origin',(312.512359619141,-53.2139896755336,10.2079116500317));
#4429=CARTESIAN_POINT('',(312.51221601871,-60.407409349153,11.470536360366));
#4430=CARTESIAN_POINT('',(312.512750329469,-60.2705700019142,11.4705603918044));
#4431=CARTESIAN_POINT('',(312.512359619141,-53.2139896755336,11.4724116500317));
#4432=CARTESIAN_POINT('',(312.863544086964,-60.6798045286858,8.99315664610722));
#4433=CARTESIAN_POINT('Ctrl Pts',(312.51221601871,-60.407409349153,11.470536360366));
#4434=CARTESIAN_POINT('Ctrl Pts',(312.317563427808,-60.4196162103795,11.4708447917794));
#4435=CARTESIAN_POINT('Ctrl Pts',(312.123021483993,-60.4318230716061,11.4284731241977));
#4436=CARTESIAN_POINT('Ctrl Pts',(311.949936407644,-60.4440299328326,11.3427077570105));
#4437=CARTESIAN_POINT('Ctrl Pts',(311.57847806533,-60.4702271101496,11.1586464745757));
#4438=CARTESIAN_POINT('Ctrl Pts',(311.305844832306,-60.4964242874667,10.7747243730823));
#4439=CARTESIAN_POINT('Ctrl Pts',(311.255181474854,-60.5226214647837,10.363376027986));
#4440=CARTESIAN_POINT('Ctrl Pts',(311.204518117403,-60.5488186421007,9.95202768288976));
#4441=CARTESIAN_POINT('Ctrl Pts',(311.375824635523,-60.5750158194177,9.51325309419063));
#4442=CARTESIAN_POINT('Ctrl Pts',(311.69060574664,-60.6012129967348,9.24463255134334));
#4443=CARTESIAN_POINT('Ctrl Pts',(312.005386857756,-60.6274101740518,8.9760120084961));
#4444=CARTESIAN_POINT('Ctrl Pts',(312.463642561868,-60.6536073513688,8.87754551150062));
#4445=CARTESIAN_POINT('Ctrl Pts',(312.863544086964,-60.6798045286858,8.99315664610725));
#4446=CARTESIAN_POINT('',(313.776859619141,-60.7139896755336,10.2079116500317));
#4447=CARTESIAN_POINT('Ctrl Pts',(313.776859619141,-60.7139896755336,10.2079116500317));
#4448=CARTESIAN_POINT('Ctrl Pts',(313.776859619141,-60.7139896755336,10.0490992901927));
#4449=CARTESIAN_POINT('Ctrl Pts',(313.745113501881,-60.7120583407656,9.87972605387728));
#4450=CARTESIAN_POINT('Ctrl Pts',(313.616055328893,-60.7050765438179,9.56819006998707));
#4451=CARTESIAN_POINT('Ctrl Pts',(313.518745281817,-60.7001258191519,9.42602426308712));
#4452=CARTESIAN_POINT('Ctrl Pts',(313.294246961486,-60.690824691701,9.20152594275635));
#4453=CARTESIAN_POINT('Ctrl Pts',(313.152081174683,-60.6858702604675,9.10421592953486));
#4454=CARTESIAN_POINT('Ctrl Pts',(312.952918386621,-60.6814014260526,9.02170993778059));
#4455=CARTESIAN_POINT('Ctrl Pts',(312.908503074924,-60.6805366548943,9.00615424497254));
#4456=CARTESIAN_POINT('Ctrl Pts',(312.863544086964,-60.6798045286858,8.99315664610723));
#4457=CARTESIAN_POINT('',(313.498456349976,-60.6994543563379,11.0018260354023));
#4458=CARTESIAN_POINT('Ctrl Pts',(313.497877623162,-60.6994543563379,11.0001960142284));
#4459=CARTESIAN_POINT('Ctrl Pts',(313.571495101912,-60.7028154769713,10.9086236520841));
#4460=CARTESIAN_POINT('Ctrl Pts',(313.634296063823,-60.7060633322135,10.8036015723234));
#4461=CARTESIAN_POINT('Ctrl Pts',(313.745113501881,-60.7120583407656,10.5360972461861));
#4462=CARTESIAN_POINT('Ctrl Pts',(313.776859619141,-60.7139896755336,10.3667240098706));
#4463=CARTESIAN_POINT('Ctrl Pts',(313.776859619141,-60.7139896755336,10.2079116500317));
#4464=CARTESIAN_POINT('Ctrl Pts',(313.498456349976,-60.6994543563379,11.0018260354023));
#4465=CARTESIAN_POINT('Ctrl Pts',(313.721655733724,-60.6767508595336,10.7195897999198));
#4466=CARTESIAN_POINT('Ctrl Pts',(313.822676438508,-60.6540473627293,10.3361141508734));
#4467=CARTESIAN_POINT('Ctrl Pts',(313.758748865731,-60.631343865925,9.9826167999763));
#4468=CARTESIAN_POINT('Ctrl Pts',(313.684471173867,-60.6049645859582,9.57188687289835));
#4469=CARTESIAN_POINT('Ctrl Pts',(313.387509922905,-60.5785853059914,9.20162826341362));
#4470=CARTESIAN_POINT('Ctrl Pts',(313.002775350438,-60.5522060260246,9.04009584224849));
#4471=CARTESIAN_POINT('Ctrl Pts',(312.618040777972,-60.5258267460578,8.87856342108335));
#4472=CARTESIAN_POINT('Ctrl Pts',(312.145532884,-60.499447466091,8.92575718823782));
#4473=CARTESIAN_POINT('Ctrl Pts',(311.800373657328,-60.4730681861242,9.16031255319983));
#4474=CARTESIAN_POINT('Ctrl Pts',(311.455214430655,-60.4466889061574,9.39486791816185));
#4475=CARTESIAN_POINT('Ctrl Pts',(311.237403871282,-60.4203096261906,9.81678488093143));
#4476=CARTESIAN_POINT('Ctrl Pts',(311.246008812671,-60.3939303462237,10.2340145131024));
#4477=CARTESIAN_POINT('Ctrl Pts',(311.25461375406,-60.3675510662569,10.6512441452734));
#4478=CARTESIAN_POINT('Ctrl Pts',(311.489634196213,-60.3411717862901,11.0637864468458));
#4479=CARTESIAN_POINT('Ctrl Pts',(311.844145750125,-60.3147925063233,11.2839359680556));
#4480=CARTESIAN_POINT('Ctrl Pts',(312.042248058398,-60.3000516715203,11.4069562979588));
#4481=CARTESIAN_POINT('Ctrl Pts',(312.277662826937,-60.2853108367172,11.4698997914591));
#4482=CARTESIAN_POINT('Ctrl Pts',(312.512750329469,-60.2705700019142,11.4705603918044));
#4483=CARTESIAN_POINT('Origin',(312.512359619141,-61.8182013991223,10.2079116500317));
#4484=CARTESIAN_POINT('',(312.513744132409,-55.1097779519449,11.7505903721684));
#4485=CARTESIAN_POINT('',(312.511970912372,-55.0682013991223,11.7486659162386));
#4486=CARTESIAN_POINT('',(312.512359619141,-61.8182013991223,11.7509116500317));
#4487=CARTESIAN_POINT('',(311.005493765631,-54.7104570864723,9.875941320746));
#4488=CARTESIAN_POINT('Ctrl Pts',(312.511970912372,-55.0682013991223,11.7486659162386));
#4489=CARTESIAN_POINT('Ctrl Pts',(312.793356079559,-55.0537420041737,11.7479628162167));
#4490=CARTESIAN_POINT('Ctrl Pts',(313.585472302248,-55.0130854319082,11.5403413586443));
#4491=CARTESIAN_POINT('Ctrl Pts',(314.328562682232,-54.9462316823255,10.2774534834339));
#4492=CARTESIAN_POINT('Ctrl Pts',(313.570976756467,-54.8676401503745,8.72910029980424));
#4493=CARTESIAN_POINT('Ctrl Pts',(311.860340921739,-54.7890486184234,8.51233120598144));
#4494=CARTESIAN_POINT('Ctrl Pts',(311.114779539749,-54.7366542637894,9.37987589933387));
#4495=CARTESIAN_POINT('Ctrl Pts',(311.005493765631,-54.7104570864723,9.87594132074611));
#4496=CARTESIAN_POINT('',(310.969359619141,-54.7139896755336,10.2079116500317));
#4497=CARTESIAN_POINT('Ctrl Pts',(310.969359619141,-54.7139896755336,10.2079116500317));
#4498=CARTESIAN_POINT('Ctrl Pts',(310.969359619141,-54.7139896755336,10.0995773072357));
#4499=CARTESIAN_POINT('Ctrl Pts',(310.980998185501,-54.712823747607,9.98713063498144));
#4500=CARTESIAN_POINT('Ctrl Pts',(311.005493765631,-54.7104570864723,9.87594132074599));
#4501=CARTESIAN_POINT('',(311.103424917904,-54.7011483732288,10.8423568154113));
#4502=CARTESIAN_POINT('Ctrl Pts',(311.105105105154,-54.7011483732289,10.8407494909224));
#4503=CARTESIAN_POINT('Ctrl Pts',(311.098824490131,-54.7017154056183,10.8267831582059));
#4504=CARTESIAN_POINT('Ctrl Pts',(311.092750034603,-54.7022675880424,10.8127192778661));
#4505=CARTESIAN_POINT('Ctrl Pts',(311.008132180268,-54.7100052187432,10.6085049777622));
#4506=CARTESIAN_POINT('Ctrl Pts',(310.969359619141,-54.7139896755336,10.4017899476246));
#4507=CARTESIAN_POINT('Ctrl Pts',(310.969359619141,-54.7139896755336,10.2079116500317));
#4508=CARTESIAN_POINT('Ctrl Pts',(312.513744132409,-55.1097779519448,11.7505903721684));
#4509=CARTESIAN_POINT('Ctrl Pts',(312.646944380463,-55.1029115355389,11.7517649974884));
#4510=CARTESIAN_POINT('Ctrl Pts',(313.290537501179,-55.0696658391661,11.675129016474));
#4511=CARTESIAN_POINT('Ctrl Pts',(314.243236157618,-55.0100408628265,10.7766726908805));
#4512=CARTESIAN_POINT('Ctrl Pts',(313.932566381966,-54.930903022926,9.06646567282728));
#4513=CARTESIAN_POINT('Ctrl Pts',(312.329034476472,-54.8517651830256,8.39528295992449));
#4514=CARTESIAN_POINT('Ctrl Pts',(310.939329259012,-54.7751802997932,9.34186664728261));
#4515=CARTESIAN_POINT('Ctrl Pts',(310.917191232307,-54.7249746965277,10.4213805319811));
#4516=CARTESIAN_POINT('Ctrl Pts',(311.103334528567,-54.7011483732289,10.8424432849372));
#4517=CARTESIAN_POINT('Origin',(312.512359619141,-61.8182013991223,10.2079116500317));
#4518=CARTESIAN_POINT('',(312.511730672051,-55.6097779519448,11.7487642520244));
#4519=CARTESIAN_POINT('',(312.511629524019,-55.5682013991223,11.7529716955766));
#4520=CARTESIAN_POINT('',(312.512359619141,-61.8182013991223,11.7509116500317));
#4521=CARTESIAN_POINT('Ctrl Pts',(312.511629524019,-55.5682013991223,11.7529716955766));
#4522=CARTESIAN_POINT('Ctrl Pts',(312.974244038696,-55.5442584014092,11.7502344659687));
#4523=CARTESIAN_POINT('Ctrl Pts',(313.947805263637,-55.494118226379,11.2854272476055));
#4524=CARTESIAN_POINT('Ctrl Pts',(314.238161068343,-55.4177808740319,9.63706742362995));
#4525=CARTESIAN_POINT('Ctrl Pts',(312.986248031484,-55.3391893420809,8.45299538305466));
#4526=CARTESIAN_POINT('Ctrl Pts',(311.308464051093,-55.2605978101298,8.8459692960645));
#4527=CARTESIAN_POINT('Ctrl Pts',(310.712579854406,-55.1820062781787,10.4627600040723));
#4528=CARTESIAN_POINT('Ctrl Pts',(311.546021104059,-55.1178741411762,11.5953191585346));
#4529=CARTESIAN_POINT('Ctrl Pts',(312.283549331394,-55.0799391814908,11.7492366756009));
#4530=CARTESIAN_POINT('Ctrl Pts',(312.511970912372,-55.0682013991223,11.7486659162386));
#4531=CARTESIAN_POINT('Ctrl Pts',(312.511730672051,-55.6097779519448,11.7487642520244));
#4532=CARTESIAN_POINT('Ctrl Pts',(312.808593345358,-55.594520548673,11.7476677568136));
#4533=CARTESIAN_POINT('Ctrl Pts',(313.620257942644,-55.5528838654344,11.5221338178784));
#4534=CARTESIAN_POINT('Ctrl Pts',(314.3343171926,-55.484867902229,10.2099713562544));
#4535=CARTESIAN_POINT('Ctrl Pts',(313.506950279356,-55.4057300623286,8.6813703794143));
#4536=CARTESIAN_POINT('Ctrl Pts',(311.77438860196,-55.3265922224282,8.5420985786117));
#4537=CARTESIAN_POINT('Ctrl Pts',(310.713472348337,-55.2474543825277,9.91890299313718));
#4538=CARTESIAN_POINT('Ctrl Pts',(311.239734208783,-55.1751829590333,11.4164657413366));
#4539=CARTESIAN_POINT('Ctrl Pts',(312.135217967832,-55.1292908155057,11.7472523422194));
#4540=CARTESIAN_POINT('Ctrl Pts',(312.513744132409,-55.1097779519448,11.7505903721684));
#4541=CARTESIAN_POINT('Origin',(312.512359619141,-61.8182013991223,10.2079116500317));
#4542=CARTESIAN_POINT('',(312.511474058882,-56.1097779519449,11.7528488134964));
#4543=CARTESIAN_POINT('',(312.513667374792,-56.0682013991223,11.7503798390158));
#4544=CARTESIAN_POINT('',(312.512359619141,-61.8182013991223,11.7509116500317));
#4545=CARTESIAN_POINT('Ctrl Pts',(312.513667374792,-56.0682013991223,11.7503798390158));
#4546=CARTESIAN_POINT('Ctrl Pts',(312.65395932283,-56.0609719759616,11.7515546883013));
#4547=CARTESIAN_POINT('Ctrl Pts',(313.301287523807,-56.027545375484,11.6701653836265));
#4548=CARTESIAN_POINT('Ctrl Pts',(314.243120749369,-55.9679215976893,10.7635496822424));
#4549=CARTESIAN_POINT('Ctrl Pts',(313.929263697323,-55.8893300657382,9.06920609868737));
#4550=CARTESIAN_POINT('Ctrl Pts',(312.342137446321,-55.8107385337872,8.39813475832044));
#4551=CARTESIAN_POINT('Ctrl Pts',(310.90797731965,-55.7321470018361,9.35337947173436));
#4552=CARTESIAN_POINT('Ctrl Pts',(310.915560150523,-55.653555469885,11.0765298092587));
#4553=CARTESIAN_POINT('Ctrl Pts',(311.918607906797,-55.5989069356471,11.7319569351341));
#4554=CARTESIAN_POINT('Ctrl Pts',(312.46807540369,-55.5704555787262,11.753229399613));
#4555=CARTESIAN_POINT('Ctrl Pts',(312.511629524019,-55.5682013991223,11.7529716955766));
#4556=CARTESIAN_POINT('Ctrl Pts',(312.511474058882,-56.1097779519449,11.7528488134964));
#4557=CARTESIAN_POINT('Ctrl Pts',(312.968494679231,-56.0861295618072,11.7497115063895));
#4558=CARTESIAN_POINT('Ctrl Pts',(313.940756137996,-56.0361018917028,11.2935276704744));
#4559=CARTESIAN_POINT('Ctrl Pts',(314.24455752486,-55.9596949416316,9.6430880719692));
#4560=CARTESIAN_POINT('Ctrl Pts',(312.982718973751,-55.8805571017311,8.44771353936888));
#4561=CARTESIAN_POINT('Ctrl Pts',(311.292799567112,-55.8014192618307,8.8543206559658));
#4562=CARTESIAN_POINT('Ctrl Pts',(310.712819394106,-55.7222814219303,10.4928503645924));
#4563=CARTESIAN_POINT('Ctrl Pts',(311.566686263397,-55.6584009853017,11.6061495018812));
#4564=CARTESIAN_POINT('Ctrl Pts',(312.295332770713,-55.6208998286398,11.7495635416751));
#4565=CARTESIAN_POINT('Ctrl Pts',(312.511730672051,-55.6097779519448,11.7487642520244));
#4566=CARTESIAN_POINT('Origin',(312.512359619141,-61.8182013991223,10.2079116500317));
#4567=CARTESIAN_POINT('',(312.51372867374,-56.6097779519448,11.7512905469781));
#4568=CARTESIAN_POINT('',(312.511372095319,-56.5682013991223,11.7493185094307));
#4569=CARTESIAN_POINT('',(312.512359619141,-61.8182013991223,11.7509116500317));
#4570=CARTESIAN_POINT('Ctrl Pts',(312.511372095319,-56.5682013991223,11.7493185094307));
#4571=CARTESIAN_POINT('Ctrl Pts',(312.836265844857,-56.5514883731971,11.7473686289003));
#4572=CARTESIAN_POINT('Ctrl Pts',(313.673256372386,-56.5085781699549,11.4891229295868));
#4573=CARTESIAN_POINT('Ctrl Pts',(314.328126958543,-56.4394707893957,10.1227256542684));
#4574=CARTESIAN_POINT('Ctrl Pts',(313.44117169853,-56.3608792574446,8.64535739397174));
#4575=CARTESIAN_POINT('Ctrl Pts',(311.719560137301,-56.2822877254936,8.5721437362412));
#4576=CARTESIAN_POINT('Ctrl Pts',(310.710380182311,-56.2036961935425,9.96887651052293));
#4577=CARTESIAN_POINT('Ctrl Pts',(311.264384846852,-56.1323340847521,11.4321719981103));
#4578=CARTESIAN_POINT('Ctrl Pts',(312.145585008971,-56.0871691532787,11.7472974004973));
#4579=CARTESIAN_POINT('Ctrl Pts',(312.513667374792,-56.0682013991223,11.7503798390158));
#4580=CARTESIAN_POINT('Ctrl Pts',(312.51372867374,-56.6097779519448,11.7512905469781));
#4581=CARTESIAN_POINT('Ctrl Pts',(312.623400832165,-56.6041178549082,11.752293159117));
#4582=CARTESIAN_POINT('Ctrl Pts',(313.243108684166,-56.5720784779048,11.6917087106911));
#4583=CARTESIAN_POINT('Ctrl Pts',(314.215630916079,-56.5136598209345,10.8547517916278));
#4584=CARTESIAN_POINT('Ctrl Pts',(313.98290319424,-56.4345219810341,9.13225516528371));
#4585=CARTESIAN_POINT('Ctrl Pts',(312.411812606335,-56.3553841411336,8.38872898242413));
#4586=CARTESIAN_POINT('Ctrl Pts',(310.932231301041,-56.2762463012333,9.30086712049628));
#4587=CARTESIAN_POINT('Ctrl Pts',(310.890747514293,-56.1971084613328,11.0385195351658));
#4588=CARTESIAN_POINT('Ctrl Pts',(311.896490546138,-56.14161901157,11.7268656858733));
#4589=CARTESIAN_POINT('Ctrl Pts',(312.458697825211,-56.1125088417741,11.7532111062368));
#4590=CARTESIAN_POINT('Ctrl Pts',(312.511474058882,-56.1097779519449,11.7528488134964));
#4591=CARTESIAN_POINT('Origin',(312.512359619141,-61.8182013991223,10.2079116500317));
#4592=CARTESIAN_POINT('',(312.512089667442,-57.1097779519448,11.7485574439822));
#4593=CARTESIAN_POINT('',(312.512359429476,-57.0682013991223,11.7534271932098));
#4594=CARTESIAN_POINT('',(312.512359619141,-61.8182013991223,11.7509116500317));
#4595=CARTESIAN_POINT('Ctrl Pts',(312.512359429476,-57.0682013991223,11.7534271931949));
#4596=CARTESIAN_POINT('Ctrl Pts',(313.018119018834,-57.0420047704326,11.7534262509935));
#4597=CARTESIAN_POINT('Ctrl Pts',(314.029650532838,-56.9896109644259,11.2089487319965));
#4598=CARTESIAN_POINT('Ctrl Pts',(314.183498150946,-56.911019981102,9.49267484197192));
#4599=CARTESIAN_POINT('Ctrl Pts',(312.83561539608,-56.832428449151,8.41912060948711));
#4600=CARTESIAN_POINT('Ctrl Pts',(311.197246032011,-56.7538369171999,8.95302363230575));
#4601=CARTESIAN_POINT('Ctrl Pts',(310.740674222399,-56.6752453852489,10.6146038421543));
#4602=CARTESIAN_POINT('Ctrl Pts',(311.634713290319,-56.613366879223,11.6350913913726));
#4603=CARTESIAN_POINT('Ctrl Pts',(312.327004433792,-56.5776855505141,11.7504250093685));
#4604=CARTESIAN_POINT('Ctrl Pts',(312.511372095319,-56.5682013991223,11.7493185094307));
#4605=CARTESIAN_POINT('Ctrl Pts',(312.512089667442,-57.1097779519448,11.7485574439822));
#4606=CARTESIAN_POINT('Ctrl Pts',(312.78557277743,-57.0957268680424,11.7481274027001));
#4607=CARTESIAN_POINT('Ctrl Pts',(313.573075191542,-57.0552965041731,11.5484693229653));
#4608=CARTESIAN_POINT('Ctrl Pts',(314.332340279345,-56.988486860337,10.292797904304));
#4609=CARTESIAN_POINT('Ctrl Pts',(313.575319837569,-56.9093490204367,8.72816476163526));
#4610=CARTESIAN_POINT('Ctrl Pts',(311.850884006846,-56.8302111805362,8.51027055309103));
#4611=CARTESIAN_POINT('Ctrl Pts',(310.728466648356,-56.7510733406358,9.83742393299211));
#4612=CARTESIAN_POINT('Ctrl Pts',(311.19375417697,-56.677595597772,11.3827266097782));
#4613=CARTESIAN_POINT('Ctrl Pts',(312.112266031307,-56.630497134875,11.7476204147911));
#4614=CARTESIAN_POINT('Ctrl Pts',(312.51372867374,-56.6097779519448,11.7512905469781));
#4615=CARTESIAN_POINT('Origin',(312.512359619141,-61.8182013991223,10.2079116500317));
#4616=CARTESIAN_POINT('',(312.511199859702,-57.6097779519448,11.7522635274324));
#4617=CARTESIAN_POINT('',(312.513347372236,-57.5682013991223,11.749318934365));
#4618=CARTESIAN_POINT('',(312.512359619141,-61.8182013991223,11.7509116500317));
#4619=CARTESIAN_POINT('Ctrl Pts',(312.513347372236,-57.5682013991223,11.749318934365));
#4620=CARTESIAN_POINT('Ctrl Pts',(312.697693575573,-57.558718344985,11.7504255833089));
#4621=CARTESIAN_POINT('Ctrl Pts',(313.389962765409,-57.5230381135308,11.6351095994454));
#4622=CARTESIAN_POINT('Ctrl Pts',(314.284028191314,-57.4611607047595,10.6146771284761));
#4623=CARTESIAN_POINT('Ctrl Pts',(313.827525114253,-57.3825691728084,8.95307803375221));
#4624=CARTESIAN_POINT('Ctrl Pts',(312.189177836751,-57.3039776408573,8.41910723936791));
#4625=CARTESIAN_POINT('Ctrl Pts',(310.841250674912,-57.2253861089063,9.49260571506647));
#4626=CARTESIAN_POINT('Ctrl Pts',(310.9950283718,-57.1467945769552,11.2088979486017));
#4627=CARTESIAN_POINT('Ctrl Pts',(312.006568064272,-57.0943996736939,11.7534224338902));
#4628=CARTESIAN_POINT('Ctrl Pts',(312.512348837521,-57.0682019477496,11.7534271932146));
#4629=CARTESIAN_POINT('Ctrl Pts',(312.512359429476,-57.0682013991223,11.7534271931949));
#4630=CARTESIAN_POINT('Ctrl Pts',(312.511199859702,-57.6097779519448,11.7522635274324));
#4631=CARTESIAN_POINT('Ctrl Pts',(312.945337906205,-57.5873358811766,11.748625264804));
#4632=CARTESIAN_POINT('Ctrl Pts',(313.89590166378,-57.5385145304415,11.3315299996566));
#4633=CARTESIAN_POINT('Ctrl Pts',(314.268444320447,-57.4633138997396,9.72242035091335));
#4634=CARTESIAN_POINT('Ctrl Pts',(313.062253891427,-57.3841760598392,8.47091666760101));
#4635=CARTESIAN_POINT('Ctrl Pts',(311.355596773171,-57.3050382199388,8.80027711014989));
#4636=CARTESIAN_POINT('Ctrl Pts',(310.701726164849,-57.2259003800384,10.4107460008697));
#4637=CARTESIAN_POINT('Ctrl Pts',(311.519250100768,-57.1608136240403,11.5834469553687));
#4638=CARTESIAN_POINT('Ctrl Pts',(312.272139965082,-57.1221061480092,11.7489347553183));
#4639=CARTESIAN_POINT('Ctrl Pts',(312.512089667442,-57.1097779519448,11.7485574439822));
#4640=CARTESIAN_POINT('Origin',(312.512359619141,-61.8182013991223,10.2079116500317));
#4641=CARTESIAN_POINT('',(312.51360581575,-58.1097779519449,11.7519825177848));
#4642=CARTESIAN_POINT('',(312.511051935313,-58.0682013991223,11.7503792470555));
#4643=CARTESIAN_POINT('',(312.512359619141,-61.8182013991223,11.7509116500317));
#4644=CARTESIAN_POINT('Ctrl Pts',(312.511051935313,-58.0682013991223,11.7503792470555));
#4645=CARTESIAN_POINT('Ctrl Pts',(312.879113366417,-58.0492347422205,11.7472972583373));
#4646=CARTESIAN_POINT('Ctrl Pts',(313.760292270272,-58.0040709080017,11.4322011249773));
#4647=CARTESIAN_POINT('Ctrl Pts',(314.314348940685,-57.9327098964659,9.96895104842939));
#4648=CARTESIAN_POINT('Ctrl Pts',(313.305226765434,-57.8541183645148,8.57217653320894));
#4649=CARTESIAN_POINT('Ctrl Pts',(311.583612176073,-57.7755268325637,8.64531897403659));
#4650=CARTESIAN_POINT('Ctrl Pts',(310.69659580522,-57.6969353006127,10.1226505443996));
#4651=CARTESIAN_POINT('Ctrl Pts',(311.351420265696,-57.6278268227988,11.4890966027681));
#4652=CARTESIAN_POINT('Ctrl Pts',(312.188432518254,-57.584915522302,11.7473684375633));
#4653=CARTESIAN_POINT('Ctrl Pts',(312.513347372236,-57.5682013991223,11.749318934365));
#4654=CARTESIAN_POINT('Ctrl Pts',(312.513605815749,-58.1097779519449,11.7519825177848));
#4655=CARTESIAN_POINT('Ctrl Pts',(312.599804131435,-58.1053241742776,11.7527387467407));
#4656=CARTESIAN_POINT('Ctrl Pts',(313.195744615831,-58.0744911166435,11.7070435895734));
#4657=CARTESIAN_POINT('Ctrl Pts',(314.184463570187,-58.0172787790426,10.9315162772822));
#4658=CARTESIAN_POINT('Ctrl Pts',(314.030283738738,-57.9381409391421,9.20022040424948));
#4659=CARTESIAN_POINT('Ctrl Pts',(312.494619325744,-57.8590030992418,8.38603883293598));
#4660=CARTESIAN_POINT('Ctrl Pts',(310.975100609021,-57.7798652593413,9.22996992605744));
#4661=CARTESIAN_POINT('Ctrl Pts',(310.854663435905,-57.7007274194409,10.9639398530565));
#4662=CARTESIAN_POINT('Ctrl Pts',(311.849234937133,-57.6440316503087,11.7132397989452));
#4663=CARTESIAN_POINT('Ctrl Pts',(312.435035216618,-57.6137151611434,11.7529018197377));
#4664=CARTESIAN_POINT('Ctrl Pts',(312.511199859702,-57.6097779519448,11.7522635274324));
#4665=CARTESIAN_POINT('Origin',(312.512359619141,-61.8182013991223,10.2079116500317));
#4666=CARTESIAN_POINT('',(312.512468256182,-58.6097779519448,11.7485204807984));
#4667=CARTESIAN_POINT('',(312.513089310924,-58.5682013991223,11.752971975528));
#4668=CARTESIAN_POINT('',(312.512359619141,-61.8182013991223,11.7509116500317));
#4669=CARTESIAN_POINT('Ctrl Pts',(312.513089310924,-58.5682013991223,11.752971975528));
#4670=CARTESIAN_POINT('Ctrl Pts',(312.556622179613,-58.565948316773,11.753229435912));
#4671=CARTESIAN_POINT('Ctrl Pts',(313.106068085524,-58.5374980571067,11.7319678689525));
#4672=CARTESIAN_POINT('Ctrl Pts',(314.109123449556,-58.4828506201233,11.0765962613575));
#4673=CARTESIAN_POINT('Ctrl Pts',(314.116777126369,-58.4042590881722,9.3534456491984));
#4674=CARTESIAN_POINT('Ctrl Pts',(312.682656719956,-58.3256675562212,8.39814189077153));
#4675=CARTESIAN_POINT('Ctrl Pts',(311.095502614212,-58.2470760242701,9.06914744631638));
#4676=CARTESIAN_POINT('Ctrl Pts',(310.78157552085,-58.1684844923191,10.7634781079659));
#4677=CARTESIAN_POINT('Ctrl Pts',(311.723388558367,-58.1088596172698,11.6701494307436));
#4678=CARTESIAN_POINT('Ctrl Pts',(312.370738557714,-58.0754319195376,11.7515541711584));
#4679=CARTESIAN_POINT('Ctrl Pts',(312.511051935313,-58.0682013991223,11.7503792470555));
#4680=CARTESIAN_POINT('Ctrl Pts',(312.512468256181,-58.6097779519448,11.7485204807984));
#4681=CARTESIAN_POINT('Ctrl Pts',(312.762487163835,-58.5969331874118,11.7486784701014));
#4682=CARTESIAN_POINT('Ctrl Pts',(313.525760645288,-58.5577091429118,11.5732792264986));
#4683=CARTESIAN_POINT('Ctrl Pts',(314.326599530365,-58.4921058184452,10.3754491807929));
#4684=CARTESIAN_POINT('Ctrl Pts',(313.641492339528,-58.4129679785446,8.77801844442737));
#4685=CARTESIAN_POINT('Ctrl Pts',(311.928745213606,-58.3338301386443,8.48195408817458));
#4686=CARTESIAN_POINT('Ctrl Pts',(310.74715395536,-58.2546922987438,9.75670854250768));
#4687=CARTESIAN_POINT('Ctrl Pts',(311.148186243738,-58.1800082365107,11.3472572035876));
#4688=CARTESIAN_POINT('Ctrl Pts',(312.089260123178,-58.1317034542444,11.7482596782201));
#4689=CARTESIAN_POINT('Ctrl Pts',(312.513605815749,-58.1097779519449,11.7519825177848));
#4690=CARTESIAN_POINT('Origin',(312.512359619141,-61.8182013991223,10.2079116500317));
#4691=CARTESIAN_POINT('',(312.511029363489,-59.1097779519449,11.7515906170709));
#4692=CARTESIAN_POINT('',(312.512770054452,-59.0682013991223,11.7486946476315));
#4693=CARTESIAN_POINT('',(312.512359619141,-61.8182013991223,11.7509116500317));
#4694=CARTESIAN_POINT('Ctrl Pts',(312.512770054452,-59.0682013991223,11.7486946476315));
#4695=CARTESIAN_POINT('Ctrl Pts',(312.74115814049,-59.0564647140085,11.7492495274383));
#4696=CARTESIAN_POINT('Ctrl Pts',(313.478614601148,-59.0185308515776,11.5952846250339));
#4697=CARTESIAN_POINT('Ctrl Pts',(314.312155111698,-58.9543998118297,10.4628702130038));
#4698=CARTESIAN_POINT('Ctrl Pts',(313.716299104714,-58.8758082798786,8.84600218195533));
#4699=CARTESIAN_POINT('Ctrl Pts',(312.038549675088,-58.7972167479276,8.45298378228259));
#4700=CARTESIAN_POINT('Ctrl Pts',(310.786579006111,-58.7186252159765,9.63699225138859));
#4701=CARTESIAN_POINT('Ctrl Pts',(311.076874773299,-58.6422867663747,11.2853931920131));
#4702=CARTESIAN_POINT('Ctrl Pts',(312.050454138082,-58.59214549409,11.7502358767397));
#4703=CARTESIAN_POINT('Ctrl Pts',(312.513089310924,-58.5682013991223,11.752971975528));
#4704=CARTESIAN_POINT('Ctrl Pts',(312.511029363489,-59.1097779519449,11.7515906170709));
#4705=CARTESIAN_POINT('Ctrl Pts',(312.922295437589,-59.0885422005459,11.7478586925956));
#4706=CARTESIAN_POINT('Ctrl Pts',(313.850533210443,-59.0409271691802,11.3677522542743));
#4707=CARTESIAN_POINT('Ctrl Pts',(314.288699850325,-58.9669328578477,9.80275653986544));
#4708=CARTESIAN_POINT('Ctrl Pts',(313.140651739253,-58.8877950179472,8.49771157644));
#4709=CARTESIAN_POINT('Ctrl Pts',(311.420785929978,-58.8086571780469,8.74914430717946));
#4710=CARTESIAN_POINT('Ctrl Pts',(310.694377040901,-58.7295193381464,10.3282221856104));
#4711=CARTESIAN_POINT('Ctrl Pts',(311.471891235315,-58.6632262627791,11.5592777613573));
#4712=CARTESIAN_POINT('Ctrl Pts',(312.249023585348,-58.6233124673785,11.7483540076291));
#4713=CARTESIAN_POINT('Ctrl Pts',(312.512468256181,-58.6097779519448,11.7485204807984));
#4714=CARTESIAN_POINT('Origin',(312.512359619141,-61.8182013991223,10.2079116500317));
#4715=CARTESIAN_POINT('',(312.513374330675,-59.6097779519448,11.7526129452375));
#4716=CARTESIAN_POINT('',(312.511089641867,-59.5682013991223,11.7516435841242));
#4717=CARTESIAN_POINT('',(312.512359619141,-61.8182013991223,11.7509116500317));
#4718=CARTESIAN_POINT('Ctrl Pts',(312.511089641867,-59.5682013991223,11.7516435841242));
#4719=CARTESIAN_POINT('Ctrl Pts',(312.922019672813,-59.5469811112439,11.7480141507663));
#4720=CARTESIAN_POINT('Ctrl Pts',(313.846168419605,-59.4995636460484,11.3694170844509));
#4721=CARTESIAN_POINT('Ctrl Pts',(314.287571652188,-59.4259490035361,9.81690026701245));
#4722=CARTESIAN_POINT('Ctrl Pts',(313.163562216699,-59.347357471585,8.5107956063828));
#4723=CARTESIAN_POINT('Ctrl Pts',(311.454364051166,-59.2687659396339,8.72976650684084));
#4724=CARTESIAN_POINT('Ctrl Pts',(310.695910059452,-59.1901744076829,10.2770396404167));
#4725=CARTESIAN_POINT('Ctrl Pts',(311.439268021369,-59.1233195608457,11.5404030177349));
#4726=CARTESIAN_POINT('Ctrl Pts',(312.231378494108,-59.0826618913255,11.7480109933422));
#4727=CARTESIAN_POINT('Ctrl Pts',(312.512770054452,-59.0682013991223,11.7486946476315));
#4728=CARTESIAN_POINT('Ctrl Pts',(312.513374330675,-59.6097779519448,11.7526129452375));
#4729=CARTESIAN_POINT('Ctrl Pts',(312.576158760258,-59.6065304936469,11.7530913511251));
#4730=CARTESIAN_POINT('Ctrl Pts',(313.148454246684,-59.5769037553822,11.7211740668008));
#4731=CARTESIAN_POINT('Ctrl Pts',(314.149838582649,-59.5208977371506,11.006784441307));
#4732=CARTESIAN_POINT('Ctrl Pts',(314.074525512485,-59.4417598972502,9.27026938275049));
#4733=CARTESIAN_POINT('Ctrl Pts',(312.577462720523,-59.3626220573498,8.38711597301561));
#4734=CARTESIAN_POINT('Ctrl Pts',(311.021148690223,-59.2834842174493,9.16109494000607));
#4735=CARTESIAN_POINT('Ctrl Pts',(310.822007167627,-59.204346377549,10.8877968410664));
#4736=CARTESIAN_POINT('Ctrl Pts',(311.801900971553,-59.1464442890475,11.698425242414));
#4737=CARTESIAN_POINT('Ctrl Pts',(312.411416274157,-59.1149214805128,11.7524945295245));
#4738=CARTESIAN_POINT('Ctrl Pts',(312.511029363489,-59.1097779519449,11.7515906170709));
#4739=CARTESIAN_POINT('Origin',(312.512359619141,-61.8182013991223,10.2079116500317));
#4740=CARTESIAN_POINT('',(312.512836381527,-60.1097779519448,11.748652661147));
#4741=CARTESIAN_POINT('',(312.513573022569,-60.0682013991223,11.7519042576014));
#4742=CARTESIAN_POINT('',(312.512359619141,-61.8182013991223,11.7509116500317));
#4743=CARTESIAN_POINT('Ctrl Pts',(312.513573022569,-60.0682013991223,11.7519042576014));
#4744=CARTESIAN_POINT('Ctrl Pts',(312.600807005075,-60.0636946857964,11.7526566708579));
#4745=CARTESIAN_POINT('Ctrl Pts',(313.194330447946,-60.0329907951534,11.7065300207457));
#4746=CARTESIAN_POINT('Ctrl Pts',(314.177079679789,-59.9760897271935,10.9379651151897));
#4747=CARTESIAN_POINT('Ctrl Pts',(314.038481596028,-59.8974981952424,9.22038050562312));
#4748=CARTESIAN_POINT('Ctrl Pts',(312.528469780351,-59.8189066632913,8.39021853254155));
#4749=CARTESIAN_POINT('Ctrl Pts',(311.003980068123,-59.7403151313403,9.19348613972427));
#4750=CARTESIAN_POINT('Ctrl Pts',(310.834962473466,-59.6617235993892,10.9083445983666));
#4751=CARTESIAN_POINT('Ctrl Pts',(311.811939306205,-59.6043523553166,11.7007005712549));
#4752=CARTESIAN_POINT('Ctrl Pts',(312.414712375793,-59.5731782885609,11.7524948114332));
#4753=CARTESIAN_POINT('Ctrl Pts',(312.511089641867,-59.5682013991223,11.7516435841242));
#4754=CARTESIAN_POINT('Ctrl Pts',(312.512836381527,-60.1097779519448,11.748652661147));
#4755=CARTESIAN_POINT('Ctrl Pts',(312.739326636207,-60.0981395067811,11.7492891030626));
#4756=CARTESIAN_POINT('Ctrl Pts',(313.478358355122,-60.0601217816505,11.5966101900536));
#4757=CARTESIAN_POINT('Ctrl Pts',(314.31710391921,-59.9957247765532,10.4577504544404));
#4758=CARTESIAN_POINT('Ctrl Pts',(313.705331586193,-59.9165869366528,8.83083057146724));
#4759=CARTESIAN_POINT('Ctrl Pts',(312.007812478274,-59.8374490967523,8.45720578812101));
#4760=CARTESIAN_POINT('Ctrl Pts',(310.769491738416,-59.7583112568519,9.67692653516269));
#4761=CARTESIAN_POINT('Ctrl Pts',(311.103103120014,-59.6824208752494,11.310020646092));
#4762=CARTESIAN_POINT('Ctrl Pts',(312.066157431966,-59.6329097736137,11.7492052341408));
#4763=CARTESIAN_POINT('Ctrl Pts',(312.513374330675,-59.6097779519448,11.7526129452375));
#4764=CARTESIAN_POINT('Origin',(312.512359619141,-61.8182013991223,10.2079116500317));
#4765=CARTESIAN_POINT('',(312.510880773504,-60.6097779519448,11.7503668004912));
#4766=CARTESIAN_POINT('',(312.512184391411,-60.5682013991223,11.7486233369007));
#4767=CARTESIAN_POINT('',(312.512359619141,-61.8182013991223,11.7509116500317));
#4768=CARTESIAN_POINT('',(311.056120006302,-60.707965335657,10.7180245689023));
#4769=CARTESIAN_POINT('Ctrl Pts',(311.056120006302,-60.707965335657,10.7180245689024));
#4770=CARTESIAN_POINT('Ctrl Pts',(311.22521826037,-60.6815860556902,11.2007560719214));
#4771=CARTESIAN_POINT('Ctrl Pts',(311.755023832125,-60.6488569277861,11.6819440561168));
#4772=CARTESIAN_POINT('Ctrl Pts',(312.387816175545,-60.6161277998821,11.7514598124783));
#4773=CARTESIAN_POINT('Ctrl Pts',(312.510880773504,-60.6097779519449,11.7503668004912));
#4774=CARTESIAN_POINT('',(310.969359619141,-60.7139896755336,10.2079116500317));
#4775=CARTESIAN_POINT('Ctrl Pts',(310.969359619141,-60.7139896755336,10.2079116500317));
#4776=CARTESIAN_POINT('Ctrl Pts',(310.969359619141,-60.7139896755336,10.37466950565));
#4777=CARTESIAN_POINT('Ctrl Pts',(310.997646379974,-60.711908639674,10.5510975850629));
#4778=CARTESIAN_POINT('Ctrl Pts',(311.056120006302,-60.707965335657,10.7180245689023));
#4779=CARTESIAN_POINT('',(311.008718400695,-60.7112137544242,9.8616284044208));
#4780=CARTESIAN_POINT('Ctrl Pts',(311.008718400695,-60.7112137544241,9.86162840442079));
#4781=CARTESIAN_POINT('Ctrl Pts',(310.982037462181,-60.7130713338404,9.97748315455608));
#4782=CARTESIAN_POINT('Ctrl Pts',(310.969359619141,-60.7139896755336,10.0949406597096));
#4783=CARTESIAN_POINT('Ctrl Pts',(310.969359619141,-60.7139896755336,10.2079116500317));
#4784=CARTESIAN_POINT('Ctrl Pts',(311.010123453928,-60.7112137544241,9.86306379622819));
#4785=CARTESIAN_POINT('Ctrl Pts',(310.968448777704,-60.7019470078671,10.0383214411313));
#4786=CARTESIAN_POINT('Ctrl Pts',(310.922436875241,-60.666483083993,10.7338466829538));
#4787=CARTESIAN_POINT('Ctrl Pts',(311.527810772415,-60.6188122988924,11.5863341666493));
#4788=CARTESIAN_POINT('Ctrl Pts',(312.274660510223,-60.5804082603488,11.7489996988389));
#4789=CARTESIAN_POINT('Ctrl Pts',(312.512184391411,-60.5682013991223,11.7486233369007));
#4790=CARTESIAN_POINT('Origin',(312.843856811523,7.98601032446641,10.2079116500317));
#4791=CARTESIAN_POINT('',(312.843538929436,9.67942999808582,8.94525987477105));
#4792=CARTESIAN_POINT('',(312.843229649276,9.54259065084699,8.9418417643749));
#4793=CARTESIAN_POINT('',(312.843856811523,7.98601032446641,8.9434116500317));
#4794=CARTESIAN_POINT('',(313.862772431367,9.46802652232607,9.45906506384772));
#4795=CARTESIAN_POINT('Ctrl Pts',(312.843229649276,9.54259065084699,8.9418417643749));
#4796=CARTESIAN_POINT('Ctrl Pts',(313.235783260262,9.51773594134001,8.94347662434836));
#4797=CARTESIAN_POINT('Ctrl Pts',(313.628882562748,9.49288123183304,9.14082359108739));
#4798=CARTESIAN_POINT('Ctrl Pts',(313.862772431367,9.46802652232606,9.4590650638477));
#4799=CARTESIAN_POINT('',(312.930492123799,9.43492161985436,11.4674400719207));
#4800=CARTESIAN_POINT('Ctrl Pts',(312.931050399837,9.43492161985436,11.4694018514035));
#4801=CARTESIAN_POINT('Ctrl Pts',(313.063632041882,9.4356650975741,11.4602378728789));
#4802=CARTESIAN_POINT('Ctrl Pts',(313.200298925158,9.43823960182212,11.4289657967261));
#4803=CARTESIAN_POINT('Ctrl Pts',(313.483619725868,9.44705456005871,11.3115829993911));
#4804=CARTESIAN_POINT('Ctrl Pts',(313.625763035702,9.45392164770733,11.2142784754744));
#4805=CARTESIAN_POINT('Ctrl Pts',(313.850223472587,9.46680810629257,10.9898180385893));
#4806=CARTESIAN_POINT('Ctrl Pts',(313.947528123871,9.47366533792158,10.8476746560548));
#4807=CARTESIAN_POINT('Ctrl Pts',(314.076596718822,9.48333529156094,10.5361484439643));
#4808=CARTESIAN_POINT('Ctrl Pts',(314.108356811523,9.48601032446641,10.3667597602173));
#4809=CARTESIAN_POINT('Ctrl Pts',(314.108356811523,9.48601032446641,10.049063539846));
#4810=CARTESIAN_POINT('Ctrl Pts',(314.076596718822,9.48333529156094,9.87967485609895));
#4811=CARTESIAN_POINT('Ctrl Pts',(313.972935877671,9.47556891331435,9.62947402918146));
#4812=CARTESIAN_POINT('Ctrl Pts',(313.922103020572,9.47190617841855,9.53979303295469));
#4813=CARTESIAN_POINT('Ctrl Pts',(313.862772431367,9.46802652232606,9.45906506384773));
#4814=CARTESIAN_POINT('Ctrl Pts',(312.930455167244,9.43492161985436,11.4673102067517));
#4815=CARTESIAN_POINT('Ctrl Pts',(313.163475339192,9.44957066301556,11.450689040698));
#4816=CARTESIAN_POINT('Ctrl Pts',(313.392700875807,9.46421970617676,11.3727441666359));
#4817=CARTESIAN_POINT('Ctrl Pts',(313.581218158022,9.47886874933796,11.2379307873075));
#4818=CARTESIAN_POINT('Ctrl Pts',(313.918347389956,9.50506592665498,10.9968413206365));
#4819=CARTESIAN_POINT('Ctrl Pts',(314.125288020317,9.53126310397201,10.5738813394125));
#4820=CARTESIAN_POINT('Ctrl Pts',(314.109447182808,9.55746028128903,10.1596269241836));
#4821=CARTESIAN_POINT('Ctrl Pts',(314.093606345299,9.58365745860605,9.74537250895468));
#4822=CARTESIAN_POINT('Ctrl Pts',(313.854984039919,9.60985463592307,9.33982365972096));
#4823=CARTESIAN_POINT('Ctrl Pts',(313.500600920151,9.63605181324008,9.12494799550897));
#4824=CARTESIAN_POINT('Ctrl Pts',(313.305001011435,9.65051120818866,9.00634849694159));
#4825=CARTESIAN_POINT('Ctrl Pts',(313.074135377864,9.66497060313724,8.94583625454858));
#4826=CARTESIAN_POINT('Ctrl Pts',(312.843538929436,9.67942999808582,8.94525987477105));
#4827=CARTESIAN_POINT('Origin',(312.843856811523,7.98601032446641,10.2079116500317));
#4828=CARTESIAN_POINT('',(312.843258488965,10.1794299980858,8.94173119412283));
#4829=CARTESIAN_POINT('',(312.844991672925,10.042590650847,8.94368295811525));
#4830=CARTESIAN_POINT('',(312.843856811523,7.98601032446641,8.9434116500317));
#4831=CARTESIAN_POINT('Ctrl Pts',(312.844991672925,10.042590650847,8.94368295811525));
#4832=CARTESIAN_POINT('Ctrl Pts',(312.954149593093,10.035724234441,8.94272035341887));
#4833=CARTESIAN_POINT('Ctrl Pts',(313.063081779246,10.028857818035,8.95569148026278));
#4834=CARTESIAN_POINT('Ctrl Pts',(313.168085151458,10.021991401629,8.98349593245926));
#4835=CARTESIAN_POINT('Ctrl Pts',(313.571485293437,9.99561212166221,9.09031459673008));
#4836=CARTESIAN_POINT('Ctrl Pts',(313.91689891325,9.9692328416954,9.4160626789759));
#4837=CARTESIAN_POINT('Ctrl Pts',(314.047174021789,9.9428535617286,9.81252306674648));
#4838=CARTESIAN_POINT('Ctrl Pts',(314.177449130329,9.91647428176179,10.2089834545171));
#4839=CARTESIAN_POINT('Ctrl Pts',(314.092585727595,9.89009500179499,10.6761561478124));
#4840=CARTESIAN_POINT('Ctrl Pts',(313.831136370133,9.86371572182818,11.0014153494772));
#4841=CARTESIAN_POINT('Ctrl Pts',(313.569687012671,9.83733644186137,11.3266745511419));
#4842=CARTESIAN_POINT('Ctrl Pts',(313.131651700482,9.81095716189456,11.510020261176));
#4843=CARTESIAN_POINT('Ctrl Pts',(312.716498217371,9.78457788192775,11.4680945518762));
#4844=CARTESIAN_POINT('Ctrl Pts',(312.30134473426,9.75819860196094,11.4261688425763));
#4845=CARTESIAN_POINT('Ctrl Pts',(311.909073080227,9.73181932199413,11.1589717139424));
#4846=CARTESIAN_POINT('Ctrl Pts',(311.717898855955,9.70544004202733,10.7879375247003));
#4847=CARTESIAN_POINT('Ctrl Pts',(311.526724631683,9.67906076206052,10.4169033354582));
#4848=CARTESIAN_POINT('Ctrl Pts',(311.536647837171,9.65268148209372,9.94203208560782));
#4849=CARTESIAN_POINT('Ctrl Pts',(311.743744733073,9.62630220212691,9.57975958830806));
#4850=CARTESIAN_POINT('Ctrl Pts',(311.950841628974,9.5999229221601,9.21748709100831));
#4851=CARTESIAN_POINT('Ctrl Pts',(312.355112215289,9.57354364219329,8.96781334625915));
#4852=CARTESIAN_POINT('Ctrl Pts',(312.771035788582,9.54716436222648,8.94376729406012));
#4853=CARTESIAN_POINT('Ctrl Pts',(312.795073775752,9.54563979176665,8.94237757072785));
#4854=CARTESIAN_POINT('Ctrl Pts',(312.819150685929,9.54411522130682,8.94174148321005));
#4855=CARTESIAN_POINT('Ctrl Pts',(312.843229649276,9.54259065084699,8.9418417643749));
#4856=CARTESIAN_POINT('Ctrl Pts',(312.843538929436,9.67942999808582,8.94525987477105));
#4857=CARTESIAN_POINT('Ctrl Pts',(312.656346385335,9.69116778045426,8.94479198379676));
#4858=CARTESIAN_POINT('Ctrl Pts',(312.469331228708,9.70290556282271,8.9838205940307));
#4859=CARTESIAN_POINT('Ctrl Pts',(312.301502623561,9.71464334519115,9.0633346052061));
#4860=CARTESIAN_POINT('Ctrl Pts',(311.926931380892,9.74084052250817,9.24079935830546));
#4861=CARTESIAN_POINT('Ctrl Pts',(311.64793282971,9.76703769982519,9.61993134369444));
#4862=CARTESIAN_POINT('Ctrl Pts',(311.5898213052,9.79323487714221,10.0303245135776));
#4863=CARTESIAN_POINT('Ctrl Pts',(311.531709780689,9.81943205445923,10.4407176834607));
#4864=CARTESIAN_POINT('Ctrl Pts',(311.69448528285,9.84562923177625,10.882372037838));
#4865=CARTESIAN_POINT('Ctrl Pts',(312.005031214027,9.87182640909327,11.156873143736));
#4866=CARTESIAN_POINT('Ctrl Pts',(312.315577145204,9.89802358641029,11.4313742496339));
#4867=CARTESIAN_POINT('Ctrl Pts',(312.773893505397,9.92422076372731,11.5387221070526));
#4868=CARTESIAN_POINT('Ctrl Pts',(313.174042558067,9.95041794104433,11.4306710040765));
#4869=CARTESIAN_POINT('Ctrl Pts',(313.574191610737,9.97661511836135,11.3226199011004));
#4870=CARTESIAN_POINT('Ctrl Pts',(313.916173355883,10.0028122956784,10.9991698377295));
#4871=CARTESIAN_POINT('Ctrl Pts',(314.046335327588,10.0290094729954,10.6056575126657));
#4872=CARTESIAN_POINT('Ctrl Pts',(314.176497299293,10.0552066503124,10.2121451876019));
#4873=CARTESIAN_POINT('Ctrl Pts',(314.094839497558,10.0814038276294,9.7485706008451));
#4874=CARTESIAN_POINT('Ctrl Pts',(313.838049682848,10.1076010049465,9.4232213460115));
#4875=CARTESIAN_POINT('Ctrl Pts',(313.603355773961,10.1315440026596,9.12586730781953));
#4876=CARTESIAN_POINT('Ctrl Pts',(313.222372219307,10.1554870003727,8.94397436951255));
#4877=CARTESIAN_POINT('Ctrl Pts',(312.843258488965,10.1794299980858,8.94173119412283));
#4878=CARTESIAN_POINT('Origin',(312.843856811523,7.98601032446641,10.2079116500317));
#4879=CARTESIAN_POINT('',(312.844928520233,10.6794299980858,8.94385523251822));
#4880=CARTESIAN_POINT('',(312.843341390094,10.542590650847,8.94517946560703));
#4881=CARTESIAN_POINT('',(312.843856811523,7.98601032446641,8.9434116500317));
#4882=CARTESIAN_POINT('Ctrl Pts',(312.843341390094,10.542590650847,8.94517946560703));
#4883=CARTESIAN_POINT('Ctrl Pts',(313.086621022878,10.5273332475752,8.94607804637013));
#4884=CARTESIAN_POINT('Ctrl Pts',(313.330363521674,10.5120758443034,9.01380578266062));
#4885=CARTESIAN_POINT('Ctrl Pts',(313.532890188206,10.4968184410316,9.14510708537926));
#4886=CARTESIAN_POINT('Ctrl Pts',(313.883048569815,10.4704391610648,9.37212040886017));
#4887=CARTESIAN_POINT('Ctrl Pts',(314.110001848033,10.4440598810979,9.78917205971863));
#4888=CARTESIAN_POINT('Ctrl Pts',(314.110473659194,10.4176806011311,10.2064798793803));
#4889=CARTESIAN_POINT('Ctrl Pts',(314.110945470355,10.3913013211643,10.623787699042));
#4890=CARTESIAN_POINT('Ctrl Pts',(313.884935814458,10.3649220411975,11.041351687507));
#4891=CARTESIAN_POINT('Ctrl Pts',(313.535291257936,10.3385427612307,11.2691559367937));
#4892=CARTESIAN_POINT('Ctrl Pts',(313.185646701415,10.3121634812639,11.4969601860804));
#4893=CARTESIAN_POINT('Ctrl Pts',(312.712367244268,10.2857842012971,11.5350046961888));
#4894=CARTESIAN_POINT('Ctrl Pts',(312.330823692518,10.2594049213303,11.3659779033363));
#4895=CARTESIAN_POINT('Ctrl Pts',(311.949280140767,10.2330256413635,11.1969511104838));
#4896=CARTESIAN_POINT('Ctrl Pts',(311.659472494413,10.2066463613967,10.8208530146703));
#4897=CARTESIAN_POINT('Ctrl Pts',(311.593276476759,10.1802670814299,10.4088279428869));
#4898=CARTESIAN_POINT('Ctrl Pts',(311.527080459104,10.1538878014631,9.99680287110356));
#4899=CARTESIAN_POINT('Ctrl Pts',(311.684496070149,10.1275085214963,9.5488508233502));
#4900=CARTESIAN_POINT('Ctrl Pts',(311.993897207743,10.1011292415294,9.26881942262143));
#4901=CARTESIAN_POINT('Ctrl Pts',(312.222762521392,10.0816163779686,9.06167902599039));
#4902=CARTESIAN_POINT('Ctrl Pts',(312.53478858053,10.0621035144078,8.94641847151743));
#4903=CARTESIAN_POINT('Ctrl Pts',(312.844991672925,10.042590650847,8.94368295811525));
#4904=CARTESIAN_POINT('Ctrl Pts',(312.843258488965,10.1794299980858,8.94173119412283));
#4905=CARTESIAN_POINT('Ctrl Pts',(312.807565780444,10.1816841776897,8.94152000418445));
#4906=CARTESIAN_POINT('Ctrl Pts',(312.771889645673,10.1839383572936,8.94290119394487));
#4907=CARTESIAN_POINT('Ctrl Pts',(312.736353724764,10.1861925368975,8.94592832929167));
#4908=CARTESIAN_POINT('Ctrl Pts',(312.323369409073,10.2123897142145,8.98110849031589));
#4909=CARTESIAN_POINT('Ctrl Pts',(311.929322605375,10.2385868915316,9.23859273527477));
#4910=CARTESIAN_POINT('Ctrl Pts',(311.731263506458,10.2647840688486,9.60268916636091));
#4911=CARTESIAN_POINT('Ctrl Pts',(311.533204407541,10.2909812461656,9.96678559744705));
#4912=CARTESIAN_POINT('Ctrl Pts',(311.531133013405,10.3171784234826,10.4374942146604));
#4913=CARTESIAN_POINT('Ctrl Pts',(311.72598026883,10.3433756007996,10.8033194181343));
#4914=CARTESIAN_POINT('Ctrl Pts',(311.920827524255,10.3695727781167,11.1691446216081));
#4915=CARTESIAN_POINT('Ctrl Pts',(312.31259342924,10.3957699554337,11.4300864113425));
#4916=CARTESIAN_POINT('Ctrl Pts',(312.725252014874,10.4219671327507,11.4688998736195));
#4917=CARTESIAN_POINT('Ctrl Pts',(313.137910600507,10.4481643100677,11.5077133358965));
#4918=CARTESIAN_POINT('Ctrl Pts',(313.571461866788,10.4743614873847,11.3243984707161));
#4919=CARTESIAN_POINT('Ctrl Pts',(313.831105269705,10.5005586647018,11.0013212601692));
#4920=CARTESIAN_POINT('Ctrl Pts',(314.090748672622,10.5267558420188,10.6782440496223));
#4921=CARTESIAN_POINT('Ctrl Pts',(314.176484212175,10.5529530193358,10.2154044937089));
#4922=CARTESIAN_POINT('Ctrl Pts',(314.049789695538,10.5791501966528,9.82076279173766));
#4923=CARTESIAN_POINT('Ctrl Pts',(313.923095178901,10.6053473739698,9.42612108976644));
#4924=CARTESIAN_POINT('Ctrl Pts',(313.583970606075,10.6315445512869,9.09967724173746));
#4925=CARTESIAN_POINT('Ctrl Pts',(313.184789363963,10.6577417286039,8.98810701270987));
#4926=CARTESIAN_POINT('Ctrl Pts',(313.074630544863,10.6649711517645,8.9573178789032));
#4927=CARTESIAN_POINT('Ctrl Pts',(312.959898111477,10.6722005749252,8.94289244066966));
#4928=CARTESIAN_POINT('Ctrl Pts',(312.844928520233,10.6794299980858,8.94385523251822));
#4929=CARTESIAN_POINT('Origin',(312.843856811523,7.98601032446641,10.2079116500317));
#4930=CARTESIAN_POINT('',(312.843047533359,11.1794299980858,8.94472499486162));
#4931=CARTESIAN_POINT('',(312.843131092876,11.042590650847,8.94183215785919));
#4932=CARTESIAN_POINT('',(312.843856811523,7.98601032446641,8.9434116500317));
#4933=CARTESIAN_POINT('Ctrl Pts',(312.843131092876,11.042590650847,8.94183215785919));
#4934=CARTESIAN_POINT('Ctrl Pts',(313.217660522723,11.0189422607094,8.94440318812561));
#4935=CARTESIAN_POINT('Ctrl Pts',(313.594298863994,10.9952938705717,9.12112141727274));
#4936=CARTESIAN_POINT('Ctrl Pts',(313.829322954552,10.9716454804341,9.41218744619896));
#4937=CARTESIAN_POINT('Ctrl Pts',(314.09148736607,10.9452662004673,9.73686545688748));
#4938=CARTESIAN_POINT('Ctrl Pts',(314.177442135101,10.9188869205005,10.2038256518669));
#4939=CARTESIAN_POINT('Ctrl Pts',(314.048072929774,10.8925076405337,10.6005744372993));
#4940=CARTESIAN_POINT('Ctrl Pts',(313.918703724448,10.8661283605669,10.9973232227317));
#4941=CARTESIAN_POINT('Ctrl Pts',(313.574010544762,10.8397490806001,11.323860598617));
#4942=CARTESIAN_POINT('Ctrl Pts',(313.170848493186,10.8133698006333,11.4315933781489));
#4943=CARTESIAN_POINT('Ctrl Pts',(312.767686441609,10.7869905206664,11.5393261576808));
#4944=CARTESIAN_POINT('Ctrl Pts',(312.306055518142,10.7606112406996,11.4282543408594));
#4945=CARTESIAN_POINT('Ctrl Pts',(311.996024213872,10.7342319607328,11.1489219669948));
#4946=CARTESIAN_POINT('Ctrl Pts',(311.685992909603,10.707852680766,10.8695895931302));
#4947=CARTESIAN_POINT('Ctrl Pts',(311.527561224532,10.6814734007992,10.4219966622226));
#4948=CARTESIAN_POINT('Ctrl Pts',(311.592824598187,10.6550941208324,10.0098235364982));
#4949=CARTESIAN_POINT('Ctrl Pts',(311.658087971841,10.6287148408656,9.5976504107738));
#4950=CARTESIAN_POINT('Ctrl Pts',(311.94704640422,10.6023355608988,9.22089709023274));
#4951=CARTESIAN_POINT('Ctrl Pts',(312.328207362909,10.575956280932,9.05100792801388));
#4952=CARTESIAN_POINT('Ctrl Pts',(312.488910201987,10.564834404237,8.97938025976849));
#4953=CARTESIAN_POINT('Ctrl Pts',(312.666002820087,10.553712527542,8.94452444559677));
#4954=CARTESIAN_POINT('Ctrl Pts',(312.843341390094,10.542590650847,8.94517946560703));
#4955=CARTESIAN_POINT('Ctrl Pts',(312.844928520233,10.6794299980858,8.94385523251822));
#4956=CARTESIAN_POINT('Ctrl Pts',(312.543284129841,10.6983977522422,8.94638129838562));
#4957=CARTESIAN_POINT('Ctrl Pts',(312.240007206134,10.7173655063986,9.05483595708299));
#4958=CARTESIAN_POINT('Ctrl Pts',(312.013417587877,10.7363332605549,9.25160152899602));
#4959=CARTESIAN_POINT('Ctrl Pts',(311.700464965298,10.762530437872,9.52336288433596));
#4960=CARTESIAN_POINT('Ctrl Pts',(311.533797631535,10.788727615189,9.96358220504204));
#4961=CARTESIAN_POINT('Ctrl Pts',(311.588301534319,10.814924792506,10.3744628474251));
#4962=CARTESIAN_POINT('Ctrl Pts',(311.642805437104,10.841121969823,10.7853434898081));
#4963=CARTESIAN_POINT('Ctrl Pts',(311.918480576436,10.86731914714,11.1668854538681));
#4964=CARTESIAN_POINT('Ctrl Pts',(312.291462286888,10.8935163244571,11.3476566409025));
#4965=CARTESIAN_POINT('Ctrl Pts',(312.664443997341,10.9197135017741,11.528427827937));
#4966=CARTESIAN_POINT('Ctrl Pts',(313.134732278914,10.9459106790911,11.5084282379459));
#4967=CARTESIAN_POINT('Ctrl Pts',(313.491020083734,10.9721078564081,11.2966439649466));
#4968=CARTESIAN_POINT('Ctrl Pts',(313.847307888553,10.9983050337251,11.0848596919473));
#4969=CARTESIAN_POINT('Ctrl Pts',(314.089595216619,11.0245022110422,10.6812907359399));
#4970=CARTESIAN_POINT('Ctrl Pts',(314.109019010256,11.0506993883592,10.267266226564));
#4971=CARTESIAN_POINT('Ctrl Pts',(314.128442803893,11.0768965656762,9.85324171718814));
#4972=CARTESIAN_POINT('Ctrl Pts',(313.925003063101,11.1030937429932,9.42876165444377));
#4973=CARTESIAN_POINT('Ctrl Pts',(313.590108085566,11.1292909203103,9.18455081886372));
#4974=CARTESIAN_POINT('Ctrl Pts',(313.376454974239,11.1460039462354,9.02875151358474));
#4975=CARTESIAN_POINT('Ctrl Pts',(313.109298748124,11.1627169721606,8.94632292667819));
#4976=CARTESIAN_POINT('Ctrl Pts',(312.843047533359,11.1794299980858,8.94472499486162));
#4977=CARTESIAN_POINT('Origin',(312.843856811523,7.98601032446641,10.2079116500317));
#4978=CARTESIAN_POINT('',(312.843856656093,11.6794299980858,8.94135791855244));
#4979=CARTESIAN_POINT('',(312.844978754857,11.542590650847,8.94310916079333));
#4980=CARTESIAN_POINT('',(312.843856811523,7.98601032446641,8.9434116500317));
#4981=CARTESIAN_POINT('Ctrl Pts',(312.844978754857,11.542590650847,8.94310916079333));
#4982=CARTESIAN_POINT('Ctrl Pts',(312.934855336201,11.5369305538103,8.94228751788266));
#4983=CARTESIAN_POINT('Ctrl Pts',(313.02457279561,11.5312704567737,8.95105855858337));
#4984=CARTESIAN_POINT('Ctrl Pts',(313.112082200859,11.5256103597371,8.97002002813265));
#4985=CARTESIAN_POINT('Ctrl Pts',(313.519925933191,11.4992310797703,9.05839128936445));
#4986=CARTESIAN_POINT('Ctrl Pts',(313.879808708302,11.4728517998035,9.36810799176598));
#4987=CARTESIAN_POINT('Ctrl Pts',(314.027963280309,11.4464725198366,9.75823132175336));
#4988=CARTESIAN_POINT('Ctrl Pts',(314.176117852316,11.4200932398698,10.1483546517407));
#4989=CARTESIAN_POINT('Ctrl Pts',(314.112544221219,11.393713959903,10.6188846093139));
#4990=CARTESIAN_POINT('Ctrl Pts',(313.866172025253,11.3673346799362,10.9557031522497));
#4991=CARTESIAN_POINT('Ctrl Pts',(313.619799829288,11.3409553999694,11.2925216951855));
#4992=CARTESIAN_POINT('Ctrl Pts',(313.190629068455,11.3145761200026,11.4956288234837));
#4993=CARTESIAN_POINT('Ctrl Pts',(312.773956984882,11.2881968400358,11.4725991771774));
#4994=CARTESIAN_POINT('Ctrl Pts',(312.357284901309,11.261817560069,11.449569530871));
#4995=CARTESIAN_POINT('Ctrl Pts',(311.953111494997,11.2354382801022,11.20040310996));
#4996=CARTESIAN_POINT('Ctrl Pts',(311.745358782377,11.2090590001354,10.8384848869324));
#4997=CARTESIAN_POINT('Ctrl Pts',(311.537606069758,11.1826797201686,10.4765666639048));
#4998=CARTESIAN_POINT('Ctrl Pts',(311.526274050831,11.1563004402018,10.0018966387605));
#4999=CARTESIAN_POINT('Ctrl Pts',(311.716519441888,11.1299211602349,9.63047682103824));
#5000=CARTESIAN_POINT('Ctrl Pts',(311.906764832945,11.1035418802681,9.25905700331594));
#5001=CARTESIAN_POINT('Ctrl Pts',(312.298587633985,11.0771626003013,8.99088739301561));
#5002=CARTESIAN_POINT('Ctrl Pts',(312.713686061507,11.0507833203345,8.94800050106424));
#5003=CARTESIAN_POINT('Ctrl Pts',(312.756658730786,11.0480524305053,8.94356067642981));
#5004=CARTESIAN_POINT('Ctrl Pts',(312.79988085027,11.0453215406762,8.94153525813941));
#5005=CARTESIAN_POINT('Ctrl Pts',(312.843131092876,11.042590650847,8.94183215785919));
#5006=CARTESIAN_POINT('Ctrl Pts',(312.843047533359,11.1794299980858,8.94472499486162));
#5007=CARTESIAN_POINT('Ctrl Pts',(312.691957788127,11.1889141494777,8.94381821548306));
#5008=CARTESIAN_POINT('Ctrl Pts',(312.541159477292,11.1983983008695,8.96894075957596));
#5009=CARTESIAN_POINT('Ctrl Pts',(312.400595062895,11.2078824522613,9.02145584515414));
#5010=CARTESIAN_POINT('Ctrl Pts',(312.012327232039,11.2340796295783,9.16651331544035));
#5011=CARTESIAN_POINT('Ctrl Pts',(311.702141784607,11.2602768068953,9.52056986442851));
#5012=CARTESIAN_POINT('Ctrl Pts',(311.609409344887,11.2864739842124,9.92454297341809));
#5013=CARTESIAN_POINT('Ctrl Pts',(311.516676905167,11.3126711615294,10.3285160824077));
#5014=CARTESIAN_POINT('Ctrl Pts',(311.641397473159,11.3388683388464,10.7824057513986));
#5015=CARTESIAN_POINT('Ctrl Pts',(311.927532367593,11.3650655161634,11.082273055981));
#5016=CARTESIAN_POINT('Ctrl Pts',(312.213667262026,11.3912626934805,11.3821403605633));
#5017=CARTESIAN_POINT('Ctrl Pts',(312.661216482901,11.4174598707975,11.5279853007369));
#5018=CARTESIAN_POINT('Ctrl Pts',(313.069089957125,11.4436570481145,11.4542777218089));
#5019=CARTESIAN_POINT('Ctrl Pts',(313.476963431348,11.4698542254315,11.3805701428808));
#5020=CARTESIAN_POINT('Ctrl Pts',(313.845161158919,11.4960514027485,11.087310044851));
#5021=CARTESIAN_POINT('Ctrl Pts',(314.008246793397,11.5222485800656,10.7062632577058));
#5022=CARTESIAN_POINT('Ctrl Pts',(314.171332427875,11.5484457573826,10.3252164705607));
#5023=CARTESIAN_POINT('Ctrl Pts',(314.12930596926,11.5746429346996,9.85638299430004));
#5024=CARTESIAN_POINT('Ctrl Pts',(313.901050488377,11.6008401120166,9.51041621321521));
#5025=CARTESIAN_POINT('Ctrl Pts',(313.672799787672,11.6270367407064,9.1644566774459));
#5026=CARTESIAN_POINT('Ctrl Pts',(313.25832786472,11.6532333693961,8.94135869070135));
#5027=CARTESIAN_POINT('Ctrl Pts',(312.843856656093,11.6794299980858,8.94135791856504));
#5028=CARTESIAN_POINT('Origin',(312.843856811523,7.98601032446641,10.2079116500317));
#5029=CARTESIAN_POINT('',(312.844666277578,12.1794299980858,8.94472464662794));
#5030=CARTESIAN_POINT('',(312.843635585497,12.042590650847,8.94534894486685));
#5031=CARTESIAN_POINT('',(312.843856811523,7.98601032446641,8.9434116500317));
#5032=CARTESIAN_POINT('Ctrl Pts',(312.843635585497,12.042590650847,8.94534894486685));
#5033=CARTESIAN_POINT('Ctrl Pts',(313.067755611346,12.0285395669445,8.94570136466804));
#5034=CARTESIAN_POINT('Ctrl Pts',(313.292042674801,12.0144884830421,9.00256560228349));
#5035=CARTESIAN_POINT('Ctrl Pts',(313.483861061049,12.0004373991396,9.1148814182273));
#5036=CARTESIAN_POINT('Ctrl Pts',(313.843977828465,11.9740581191728,9.32574133295341));
#5037=CARTESIAN_POINT('Ctrl Pts',(314.089656449234,11.947678839206,9.73204425301655));
#5038=CARTESIAN_POINT('Ctrl Pts',(314.109099099531,11.9212995592392,10.148899111644));
#5039=CARTESIAN_POINT('Ctrl Pts',(314.128541749828,11.8949202792724,10.5657539702714));
#5040=CARTESIAN_POINT('Ctrl Pts',(313.921748429653,11.8685409993056,10.9931607674632));
#5041=CARTESIAN_POINT('Ctrl Pts',(313.58282192705,11.8421617193388,11.2366249653355));
#5042=CARTESIAN_POINT('Ctrl Pts',(313.243895424448,11.815782439372,11.4800891632077));
#5043=CARTESIAN_POINT('Ctrl Pts',(312.772835739419,11.7894031594051,11.5396107617605));
#5044=CARTESIAN_POINT('Ctrl Pts',(312.3840019705,11.7630238794383,11.3881040293654));
#5045=CARTESIAN_POINT('Ctrl Pts',(311.995168201582,11.7366445994715,11.2365972969702));
#5046=CARTESIAN_POINT('Ctrl Pts',(311.688560348775,11.7102653195047,10.8740622336271));
#5047=CARTESIAN_POINT('Ctrl Pts',(311.60370252128,11.6838860395379,10.4654730280377));
#5048=CARTESIAN_POINT('Ctrl Pts',(311.518844693784,11.6575067595711,10.0568838224482));
#5049=CARTESIAN_POINT('Ctrl Pts',(311.6557368916,11.6311274796043,9.60224047461247));
#5050=CARTESIAN_POINT('Ctrl Pts',(311.952085335285,11.6047481996375,9.30843171072562));
#5051=CARTESIAN_POINT('Ctrl Pts',(312.184847473733,11.5840290167073,9.07766432309726));
#5052=CARTESIAN_POINT('Ctrl Pts',(312.515979213338,11.5633098337772,8.94611684240357));
#5053=CARTESIAN_POINT('Ctrl Pts',(312.844978754857,11.542590650847,8.94310916079333));
#5054=CARTESIAN_POINT('Ctrl Pts',(312.843856656093,11.6794299980858,8.94135791856504));
#5055=CARTESIAN_POINT('Ctrl Pts',(312.429368087201,11.7056277240301,8.9413571463964));
#5056=CARTESIAN_POINT('Ctrl Pts',(312.014880232781,11.7318254499744,9.16447647697215));
#5057=CARTESIAN_POINT('Ctrl Pts',(311.786634283311,11.7580231759187,9.51045994518114));
#5058=CARTESIAN_POINT('Ctrl Pts',(311.558393113721,11.7842203532358,9.85643616787687));
#5059=CARTESIAN_POINT('Ctrl Pts',(311.516386048684,11.8104175305528,10.3252713821818));
#5060=CARTESIAN_POINT('Ctrl Pts',(311.679487445221,11.8366147078698,10.7063114228791));
#5061=CARTESIAN_POINT('Ctrl Pts',(311.842588841758,11.8628118851868,11.0873514635765));
#5062=CARTESIAN_POINT('Ctrl Pts',(312.21079869987,11.8890090625038,11.3805963306663));
#5063=CARTESIAN_POINT('Ctrl Pts',(312.618675222698,11.9152062398209,11.4542870376305));
#5064=CARTESIAN_POINT('Ctrl Pts',(313.026551745526,11.9414034171379,11.5279777445947));
#5065=CARTESIAN_POINT('Ctrl Pts',(313.47409493307,11.9676005944549,11.3821142914333));
#5066=CARTESIAN_POINT('Ctrl Pts',(313.760217423089,11.9937977717719,11.0822351509909));
#5067=CARTESIAN_POINT('Ctrl Pts',(314.046339913108,12.0199949490889,10.7823560105485));
#5068=CARTESIAN_POINT('Ctrl Pts',(314.171041705601,12.046192126406,10.328461182825));
#5069=CARTESIAN_POINT('Ctrl Pts',(314.078292555406,12.072389303723,9.92449191010103));
#5070=CARTESIAN_POINT('Ctrl Pts',(313.985543405211,12.09858648104,9.52052263737701));
#5071=CARTESIAN_POINT('Ctrl Pts',(313.675343312328,12.124783658357,9.16647891965243));
#5072=CARTESIAN_POINT('Ctrl Pts',(313.287069481417,12.150980835674,9.02143751040448));
#5073=CARTESIAN_POINT('Ctrl Pts',(313.146519157462,12.1604638898113,8.96893431437698));
#5074=CARTESIAN_POINT('Ctrl Pts',(312.995738437771,12.1699469439486,8.94381774513767));
#5075=CARTESIAN_POINT('Ctrl Pts',(312.844666277578,12.1794299980858,8.94472464662794));
#5076=CARTESIAN_POINT('Origin',(312.843856811523,7.98601032446641,10.2079116500317));
#5077=CARTESIAN_POINT('',(312.842785161459,12.6794299980858,8.94385571780958));
#5078=CARTESIAN_POINT('',(312.842906386046,12.542590650847,8.94231180111529));
#5079=CARTESIAN_POINT('',(312.843856811523,7.98601032446641,8.9434116500317));
#5080=CARTESIAN_POINT('Ctrl Pts',(312.842906386046,12.542590650847,8.94231180111529));
#5081=CARTESIAN_POINT('Ctrl Pts',(313.198683494944,12.5201485800787,8.94529336555027));
#5082=CARTESIAN_POINT('Ctrl Pts',(313.556767186774,12.4977065093104,9.10241592697623));
#5083=CARTESIAN_POINT('Ctrl Pts',(313.792129260813,12.4752644385421,9.3682093879363));
#5084=CARTESIAN_POINT('Ctrl Pts',(314.068782966647,12.4488851585753,9.68063332565607));
#5085=CARTESIAN_POINT('Ctrl Pts',(314.175877577064,12.4225058786085,10.143203095501));
#5086=CARTESIAN_POINT('Ctrl Pts',(314.064678919142,12.3961265986417,10.5454229959139));
#5087=CARTESIAN_POINT('Ctrl Pts',(313.95348026122,12.3697473186749,10.9476428963269));
#5088=CARTESIAN_POINT('Ctrl Pts',(313.623988334958,12.3433680387081,11.2895129273079));
#5089=CARTESIAN_POINT('Ctrl Pts',(313.226140811811,12.3169887587413,11.4154626718001));
#5090=CARTESIAN_POINT('Ctrl Pts',(312.828293288664,12.2906094787745,11.5414124162923));
#5091=CARTESIAN_POINT('Ctrl Pts',(312.362090168632,12.2642301988077,11.4514418742957));
#5092=CARTESIAN_POINT('Ctrl Pts',(312.039680535413,12.2378509188409,11.1864927882059));
#5093=CARTESIAN_POINT('Ctrl Pts',(311.717270902194,12.2114716388741,10.9215437021162));
#5094=CARTESIAN_POINT('Ctrl Pts',(311.538654755789,12.1850923589073,10.4816160719334));
#5095=CARTESIAN_POINT('Ctrl Pts',(311.585112658608,12.1587130789405,10.0669021306707));
#5096=CARTESIAN_POINT('Ctrl Pts',(311.631570561427,12.1323337989736,9.65218818940807));
#5097=CARTESIAN_POINT('Ctrl Pts',(311.903102513469,12.1059545190068,9.26268793706557));
#5098=CARTESIAN_POINT('Ctrl Pts',(312.276145946521,12.07957523904,9.07564626558885));
#5099=CARTESIAN_POINT('Ctrl Pts',(312.450485526258,12.0672470429757,8.98823347793622));
#5100=CARTESIAN_POINT('Ctrl Pts',(312.64699626288,12.0549188469113,8.94503973737536));
#5101=CARTESIAN_POINT('Ctrl Pts',(312.843635585497,12.042590650847,8.94534894486685));
#5102=CARTESIAN_POINT('Ctrl Pts',(312.844666277578,12.1794299980858,8.94472464662794));
#5103=CARTESIAN_POINT('Ctrl Pts',(312.578397767669,12.1961441212656,8.94632308348181));
#5104=CARTESIAN_POINT('Ctrl Pts',(312.31122389913,12.2128582444453,9.02876331661571));
#5105=CARTESIAN_POINT('Ctrl Pts',(312.097563206247,12.2295723676251,9.18458168883602));
#5106=CARTESIAN_POINT('Ctrl Pts',(311.762678330927,12.2557695449421,9.4288063772868));
#5107=CARTESIAN_POINT('Ctrl Pts',(311.559256149225,12.2819667222591,9.85329485495966));
#5108=CARTESIAN_POINT('Ctrl Pts',(311.578697069143,12.3081638995762,10.2673185605609));
#5109=CARTESIAN_POINT('Ctrl Pts',(311.598137989062,12.3343610768932,10.6813422661621));
#5110=CARTESIAN_POINT('Ctrl Pts',(311.8404420106,12.3605582542102,11.0849011996918));
#5111=CARTESIAN_POINT('Ctrl Pts',(312.19673857577,12.3867554315272,11.296670734363));
#5112=CARTESIAN_POINT('Ctrl Pts',(312.553035140941,12.4129526088442,11.5084402690342));
#5113=CARTESIAN_POINT('Ctrl Pts',(313.023324249743,12.4391497861613,11.528420404847));
#5114=CARTESIAN_POINT('Ctrl Pts',(313.396298481996,12.4653469634783,11.347633789627));
#5115=CARTESIAN_POINT('Ctrl Pts',(313.769272714248,12.4915441407953,11.166847174407));
#5116=CARTESIAN_POINT('Ctrl Pts',(314.044932069951,12.5177413181123,10.7852938081543));
#5117=CARTESIAN_POINT('Ctrl Pts',(314.099418976789,12.5439384954294,10.3744109110287));
#5118=CARTESIAN_POINT('Ctrl Pts',(314.153905883626,12.5701356727464,9.9635280139031));
#5119=CARTESIAN_POINT('Ctrl Pts',(313.987220341599,12.5963328500634,9.52331558590467));
#5120=CARTESIAN_POINT('Ctrl Pts',(313.674256476911,12.6225300273804,9.25156717732252));
#5121=CARTESIAN_POINT('Ctrl Pts',(313.447671827262,12.6414966842822,9.05482236139));
#5122=CARTESIAN_POINT('Ctrl Pts',(313.144412395838,12.660463341184,8.94638141502995));
#5123=CARTESIAN_POINT('Ctrl Pts',(312.842785161459,12.6794299980858,8.94385571780958));
#5124=CARTESIAN_POINT('Origin',(312.843856811523,7.98601032446641,10.2079116500317));
#5125=CARTESIAN_POINT('',(312.844454795708,13.1794299980858,8.94173097054576));
#5126=CARTESIAN_POINT('',(312.844878072457,13.042590650847,8.94254208915571));
#5127=CARTESIAN_POINT('',(312.843856811523,7.98601032446641,8.9434116500317));
#5128=CARTESIAN_POINT('Ctrl Pts',(312.844878072457,13.042590650847,8.94254208915571));
#5129=CARTESIAN_POINT('Ctrl Pts',(312.915517786699,13.0381368731797,8.94192235781962));
#5130=CARTESIAN_POINT('Ctrl Pts',(312.986062582726,13.0336830955124,8.94733154821059));
#5131=CARTESIAN_POINT('Ctrl Pts',(313.055528477053,13.0292293178451,8.95910596736461));
#5132=CARTESIAN_POINT('Ctrl Pts',(313.466968026011,13.0028500378783,9.02884467515675));
#5133=CARTESIAN_POINT('Ctrl Pts',(313.840558899561,12.9764707579115,9.32188035004138));
#5134=CARTESIAN_POINT('Ctrl Pts',(314.00629588303,12.9500914779447,9.70486500002422));
#5135=CARTESIAN_POINT('Ctrl Pts',(314.172032866499,12.9237121979779,10.0878496500071));
#5136=CARTESIAN_POINT('Ctrl Pts',(314.129915959888,12.8973329180111,10.5607832750882));
#5137=CARTESIAN_POINT('Ctrl Pts',(313.899110764544,12.8709536380443,10.9084540268262));
#5138=CARTESIAN_POINT('Ctrl Pts',(313.668305569199,12.8445743580775,11.2561247785642));
#5139=CARTESIAN_POINT('Ctrl Pts',(313.248812085123,12.8181950781106,11.4785326569592));
#5140=CARTESIAN_POINT('Ctrl Pts',(312.831523840136,12.7918157981438,11.4744693569153));
#5141=CARTESIAN_POINT('Ctrl Pts',(312.414235595148,12.765436518177,11.4704060568714));
#5142=CARTESIAN_POINT('Ctrl Pts',(311.99915258925,12.7390572382102,11.2398715783887));
#5143=CARTESIAN_POINT('Ctrl Pts',(311.775161330438,12.7126779582434,10.8877722943967));
#5144=CARTESIAN_POINT('Ctrl Pts',(311.551170071626,12.6862986782766,10.5356730104047));
#5145=CARTESIAN_POINT('Ctrl Pts',(311.518270559899,12.6599193983098,10.0620089209034));
#5146=CARTESIAN_POINT('Ctrl Pts',(311.691433954754,12.633540118343,9.68232427742365));
#5147=CARTESIAN_POINT('Ctrl Pts',(311.864597349609,12.6071608383762,9.30263963394387));
#5148=CARTESIAN_POINT('Ctrl Pts',(312.243823651044,12.5807815584094,9.01693443648555));
#5149=CARTESIAN_POINT('Ctrl Pts',(312.656543202386,12.5544022784426,8.95522089055371));
#5150=CARTESIAN_POINT('Ctrl Pts',(312.71814318601,12.550465069244,8.94600990598468));
#5151=CARTESIAN_POINT('Ctrl Pts',(312.780489289146,12.5465278600455,8.94178871913054));
#5152=CARTESIAN_POINT('Ctrl Pts',(312.842906386046,12.542590650847,8.94231180111529));
#5153=CARTESIAN_POINT('Ctrl Pts',(312.842785161459,12.6794299980858,8.94385571780958));
#5154=CARTESIAN_POINT('Ctrl Pts',(312.727798008623,12.686660518501,8.94289286466107));
#5155=CARTESIAN_POINT('Ctrl Pts',(312.613048064219,12.6938910389163,8.95732275490006));
#5156=CARTESIAN_POINT('Ctrl Pts',(312.502873800004,12.7011215593315,8.98812111858257));
#5157=CARTESIAN_POINT('Ctrl Pts',(312.103697175131,12.7273187366485,9.09970785759059));
#5158=CARTESIAN_POINT('Ctrl Pts',(311.764586112734,12.7535159139655,9.42616572477249));
#5159=CARTESIAN_POINT('Ctrl Pts',(311.637907917113,12.7797130912825,9.82081267195591));
#5160=CARTESIAN_POINT('Ctrl Pts',(311.511229721491,12.8059102685996,10.2154596191393));
#5161=CARTESIAN_POINT('Ctrl Pts',(311.596984392646,12.8321074459166,10.6782956463243));
#5162=CARTESIAN_POINT('Ctrl Pts',(311.856641167285,12.8583046232336,11.0013621062848));
#5163=CARTESIAN_POINT('Ctrl Pts',(312.116297941923,12.8845018005506,11.3244285662452));
#5164=CARTESIAN_POINT('Ctrl Pts',(312.549856820045,12.9106989778676,11.5077254589812));
#5165=CARTESIAN_POINT('Ctrl Pts',(312.962513783616,12.9368961551847,11.4688949479908));
#5166=CARTESIAN_POINT('Ctrl Pts',(313.375170747187,12.9630933325017,11.4300644370004));
#5167=CARTESIAN_POINT('Ctrl Pts',(313.766925796206,12.9892905098187,11.1691065222835));
#5168=CARTESIAN_POINT('Ctrl Pts',(313.961757952934,13.0154876871357,10.80327321479));
#5169=CARTESIAN_POINT('Ctrl Pts',(314.156590109662,13.0416848644527,10.4374399072964));
#5170=CARTESIAN_POINT('Ctrl Pts',(314.154499374099,13.0678820417698,9.96673120702622));
#5171=CARTESIAN_POINT('Ctrl Pts',(313.956425142736,13.0940792190868,9.6026430624281));
#5172=CARTESIAN_POINT('Ctrl Pts',(313.758350911373,13.1202763964038,9.23855491782999));
#5173=CARTESIAN_POINT('Ctrl Pts',(313.36429318421,13.1464735737208,8.98108732890398));
#5174=CARTESIAN_POINT('Ctrl Pts',(312.951307564216,13.1726707510378,8.94592405480591));
#5175=CARTESIAN_POINT('Ctrl Pts',(312.915788828755,13.1749238333872,8.94289984531737));
#5176=CARTESIAN_POINT('Ctrl Pts',(312.880130087052,13.1771769157365,8.94151998113737));
#5177=CARTESIAN_POINT('Ctrl Pts',(312.844454795708,13.1794299980858,8.94173097054576));
#5178=CARTESIAN_POINT('Origin',(312.843856811523,7.98601032446641,10.2079116500317));
#5179=CARTESIAN_POINT('',(312.844193164251,13.6794299980858,8.94523625111677));
#5180=CARTESIAN_POINT('',(312.843945839824,13.542590650847,8.94537923627922));
#5181=CARTESIAN_POINT('',(312.843856811523,7.98601032446641,8.9434116500317));
#5182=CARTESIAN_POINT('Ctrl Pts',(312.843945839824,13.542590650847,8.94537923627922));
#5183=CARTESIAN_POINT('Ctrl Pts',(313.048836898903,13.5297458863139,8.9452497636889));
#5184=CARTESIAN_POINT('Ctrl Pts',(313.253671868692,13.5169011217808,8.99232057072921));
#5185=CARTESIAN_POINT('Ctrl Pts',(313.433508567329,13.5040563572477,9.08691596140431));
#5186=CARTESIAN_POINT('Ctrl Pts',(313.802839013942,13.4776770772808,9.28118641982766));
#5187=CARTESIAN_POINT('Ctrl Pts',(314.0667347636,13.451297797314,9.67590034264612));
#5188=CARTESIAN_POINT('Ctrl Pts',(314.105108156915,13.4249185173472,10.0914403196603));
#5189=CARTESIAN_POINT('Ctrl Pts',(314.14348155023,13.3985392373804,10.5069802966745));
#5190=CARTESIAN_POINT('Ctrl Pts',(313.956332587203,13.3721599574136,10.9433463278844));
#5191=CARTESIAN_POINT('Ctrl Pts',(313.628824749835,13.3457806774468,11.2019669115101));
#5192=CARTESIAN_POINT('Ctrl Pts',(313.301316912467,13.31940139748,11.4605874951357));
#5193=CARTESIAN_POINT('Ctrl Pts',(312.833450200759,13.2930221175132,11.5414626311771));
#5194=CARTESIAN_POINT('Ctrl Pts',(312.438130727768,13.2666428375464,11.4077895071529));
#5195=CARTESIAN_POINT('Ctrl Pts',(312.042811254778,13.2402635575796,11.2741163831288));
#5196=CARTESIAN_POINT('Ctrl Pts',(311.720039020505,13.2138842776128,10.9258949990391));
#5197=CARTESIAN_POINT('Ctrl Pts',(311.616693852223,13.187504997646,10.5215860008648));
#5198=CARTESIAN_POINT('Ctrl Pts',(311.513348683941,13.1611257176791,10.1172770026906));
#5199=CARTESIAN_POINT('Ctrl Pts',(311.62943058165,13.1347464377123,9.65688039043189));
#5200=CARTESIAN_POINT('Ctrl Pts',(311.912115642688,13.1083671577455,9.34990295465236));
#5201=CARTESIAN_POINT('Ctrl Pts',(312.147073229234,13.086441655446,9.09475442586188));
#5202=CARTESIAN_POINT('Ctrl Pts',(312.497125819706,13.0645161531465,8.94559296458093));
#5203=CARTESIAN_POINT('Ctrl Pts',(312.844878072457,13.042590650847,8.94254208915571));
#5204=CARTESIAN_POINT('Ctrl Pts',(312.844454795708,13.1794299980858,8.94173097054576));
#5205=CARTESIAN_POINT('Ctrl Pts',(312.46532415088,13.2033740930535,8.94397321013062));
#5206=CARTESIAN_POINT('Ctrl Pts',(312.08432441132,13.2273181880212,9.1258843600825));
#5207=CARTESIAN_POINT('Ctrl Pts',(311.849631758326,13.2512622829889,9.42326211147636));
#5208=CARTESIAN_POINT('Ctrl Pts',(311.592855085257,13.2774594603059,9.74862240151503));
#5209=CARTESIAN_POINT('Ctrl Pts',(311.511215251943,13.3036566376229,10.2122019408625));
#5210=CARTESIAN_POINT('Ctrl Pts',(311.641394167951,13.32985381494,10.6057080119637));
#5211=CARTESIAN_POINT('Ctrl Pts',(311.771573083958,13.356050992257,10.9992140830649));
#5212=CARTESIAN_POINT('Ctrl Pts',(312.113570749288,13.382248169574,11.3226466859198));
#5213=CARTESIAN_POINT('Ctrl Pts',(312.513722868911,13.408445346891,11.4306830655848));
#5214=CARTESIAN_POINT('Ctrl Pts',(312.913874988534,13.434642524208,11.5387194452499));
#5215=CARTESIAN_POINT('Ctrl Pts',(313.372181562451,13.4608397015251,11.431359601725));
#5216=CARTESIAN_POINT('Ctrl Pts',(313.682719089594,13.4870368788421,11.1568418019401));
#5217=CARTESIAN_POINT('Ctrl Pts',(313.993256616737,13.5132340561591,10.8823240021552));
#5218=CARTESIAN_POINT('Ctrl Pts',(314.156025097108,13.5394312334761,10.4406482461101));
#5219=CARTESIAN_POINT('Ctrl Pts',(314.097890394689,13.5656284107931,10.030265577692));
#5220=CARTESIAN_POINT('Ctrl Pts',(314.039755692271,13.5918255881102,9.61988290927385));
#5221=CARTESIAN_POINT('Ctrl Pts',(313.760717807063,13.6180227654272,9.24079332848268));
#5222=CARTESIAN_POINT('Ctrl Pts',(313.386152331446,13.6442199427442,9.06332704247717));
#5223=CARTESIAN_POINT('Ctrl Pts',(313.218341998727,13.6559566278581,8.98381977755433));
#5224=CARTESIAN_POINT('Ctrl Pts',(313.031357754008,13.667693312972,8.94478152577185));
#5225=CARTESIAN_POINT('Ctrl Pts',(312.844193164251,13.6794299980858,8.94523625111677));
#5226=CARTESIAN_POINT('Origin',(312.843856811523,7.98601032446641,10.2079116500317));
#5227=CARTESIAN_POINT('',(312.842816061539,14.1794299980858,8.94281959030021));
#5228=CARTESIAN_POINT('',(312.842766664045,14.042590650847,8.94286325265368));
#5229=CARTESIAN_POINT('',(312.843856811523,7.98601032446641,8.9434116500317));
#5230=CARTESIAN_POINT('Ctrl Pts',(312.842766664045,14.042590650847,8.94286325265368));
#5231=CARTESIAN_POINT('Ctrl Pts',(313.179800139941,14.0213548994481,8.94592157318369));
#5232=CARTESIAN_POINT('Ctrl Pts',(313.519060367374,14.0001191480491,9.08484610364261));
#5233=CARTESIAN_POINT('Ctrl Pts',(313.752974714116,13.9788833966502,9.32596768021386));
#5234=CARTESIAN_POINT('Ctrl Pts',(314.043545644478,13.9525041166834,9.62549150938856));
#5235=CARTESIAN_POINT('Ctrl Pts',(314.171558642216,13.9261248367166,10.0827143432819));
#5236=CARTESIAN_POINT('Ctrl Pts',(314.078760471411,13.8997455567498,10.4895736423713));
#5237=CARTESIAN_POINT('Ctrl Pts',(313.985962300607,13.873366276783,10.8964329414607));
#5238=CARTESIAN_POINT('Ctrl Pts',(313.672352961259,13.8469869968162,11.2529287057462));
#5239=CARTESIAN_POINT('Ctrl Pts',(313.280642639554,13.8206077168493,11.3968349728384));
#5240=CARTESIAN_POINT('Ctrl Pts',(312.88893231785,13.7942284368825,11.5407412399306));
#5241=CARTESIAN_POINT('Ctrl Pts',(312.41912101379,13.7678491569157,11.4720580098296));
#5242=CARTESIAN_POINT('Ctrl Pts',(312.084999741092,13.7414698769489,11.2220400805913));
#5243=CARTESIAN_POINT('Ctrl Pts',(311.750878468393,13.7150905969821,10.9720221513531));
#5244=CARTESIAN_POINT('Ctrl Pts',(311.552447227057,13.6887113170153,10.5406695229776));
#5245=CARTESIAN_POINT('Ctrl Pts',(311.580003581032,13.6623320370485,10.124272312177));
#5246=CARTESIAN_POINT('Ctrl Pts',(311.607559935007,13.6359527570817,9.70787510137629));
#5247=CARTESIAN_POINT('Ctrl Pts',(311.861103884293,13.6095734771149,9.30643330815039));
#5248=CARTESIAN_POINT('Ctrl Pts',(312.22525843072,13.5831941971481,9.10262590855156));
#5249=CARTESIAN_POINT('Ctrl Pts',(312.412096560308,13.5696596817144,8.99805768686992));
#5250=CARTESIAN_POINT('Ctrl Pts',(312.628052337519,13.5561251662807,8.94551566141707));
#5251=CARTESIAN_POINT('Ctrl Pts',(312.843945839824,13.542590650847,8.94537923627922));
#5252=CARTESIAN_POINT('Ctrl Pts',(312.844193164251,13.6794299980858,8.94523625111677));
#5253=CARTESIAN_POINT('Ctrl Pts',(312.613592098905,13.693890490289,8.94579650746181));
#5254=CARTESIAN_POINT('Ctrl Pts',(312.382717267603,13.7083509824921,9.00630758261337));
#5255=CARTESIAN_POINT('Ctrl Pts',(312.187092469034,13.7228114746953,9.12494398971553));
#5256=CARTESIAN_POINT('Ctrl Pts',(311.832691148267,13.7490086520123,9.33987021417925));
#5257=CARTESIAN_POINT('Ctrl Pts',(311.593981572763,13.7752058293293,9.74556565432654));
#5258=CARTESIAN_POINT('Ctrl Pts',(311.578219265564,13.8014030066463,10.1597457212354));
#5259=CARTESIAN_POINT('Ctrl Pts',(311.562456958366,13.8276001839634,10.5739257881443));
#5260=CARTESIAN_POINT('Ctrl Pts',(311.769641919475,13.8537973612804,10.9965904818148));
#5261=CARTESIAN_POINT('Ctrl Pts',(312.106683072915,13.8799945385974,11.2378306925626));
#5262=CARTESIAN_POINT('Ctrl Pts',(312.443724226355,13.9061917159144,11.4790709033105));
#5263=CARTESIAN_POINT('Ctrl Pts',(312.910621572128,13.9323888932314,11.5388866311356));
#5264=CARTESIAN_POINT('Ctrl Pts',(313.297591654105,13.9585860705485,11.390401839461));
#5265=CARTESIAN_POINT('Ctrl Pts',(313.684561736081,13.9847832478655,11.2419170477864));
#5266=CARTESIAN_POINT('Ctrl Pts',(313.991604554263,14.0109804251825,10.8851317366121));
#5267=CARTESIAN_POINT('Ctrl Pts',(314.080761515775,14.0371776024995,10.4803544960842));
#5268=CARTESIAN_POINT('Ctrl Pts',(314.169918477288,14.0633747798165,10.0755772555563));
#5269=CARTESIAN_POINT('Ctrl Pts',(314.041189582132,14.0895719571336,9.62280808567482));
#5270=CARTESIAN_POINT('Ctrl Pts',(313.752414499158,14.1157691344506,9.3254824535602));
#5271=CARTESIAN_POINT('Ctrl Pts',(313.518500351895,14.136989422329,9.08464217406165));
#5272=CARTESIAN_POINT('Ctrl Pts',(313.17957421733,14.1582097102074,8.94579391972017));
#5273=CARTESIAN_POINT('Ctrl Pts',(312.842816061539,14.1794299980858,8.94281959030021));
#5274=CARTESIAN_POINT('Origin',(312.843856811523,7.98601032446641,10.2079116500317));
#5275=CARTESIAN_POINT('',(312.844851190317,14.6794299980858,8.94260596521061));
#5276=CARTESIAN_POINT('',(312.844688370747,14.542590650847,8.9420254518811));
#5277=CARTESIAN_POINT('',(312.843856811523,7.98601032446641,8.9434116500317));
#5278=CARTESIAN_POINT('Ctrl Pts',(312.844688370747,14.542590650847,8.9420254518811));
#5279=CARTESIAN_POINT('Ctrl Pts',(312.896140352805,14.539343192549,8.94163339699869));
#5280=CARTESIAN_POINT('Ctrl Pts',(312.947548294899,14.5360957342511,8.94450045055474));
#5281=CARTESIAN_POINT('Ctrl Pts',(312.998537072049,14.5328482759531,8.9507741902133));
#5282=CARTESIAN_POINT('Ctrl Pts',(313.412721675573,14.5064689959863,9.00173611788351));
#5283=CARTESIAN_POINT('Ctrl Pts',(313.799248095011,14.4800897160195,9.27748485724281));
#5284=CARTESIAN_POINT('Ctrl Pts',(313.982224767041,14.4537104360527,9.65253889468641));
#5285=CARTESIAN_POINT('Ctrl Pts',(314.165201439072,14.4273311560859,10.02759293213));
#5286=CARTESIAN_POINT('Ctrl Pts',(314.144628363695,14.4009518761191,10.5019522676579));
#5287=CARTESIAN_POINT('Ctrl Pts',(313.929867436159,14.3745725961523,10.8597563044151));
#5288=CARTESIAN_POINT('Ctrl Pts',(313.715106508624,14.3481933161855,11.2175603411723));
#5289=CARTESIAN_POINT('Ctrl Pts',(313.306157728929,14.3218140362187,11.4588090791589));
#5290=CARTESIAN_POINT('Ctrl Pts',(312.889116195912,14.2954347562519,11.4737205296534));
#5291=CARTESIAN_POINT('Ctrl Pts',(312.472074662895,14.2690554762851,11.4886319801479));
#5292=CARTESIAN_POINT('Ctrl Pts',(312.046940376556,14.2426761963183,11.2772061431503));
#5293=CARTESIAN_POINT('Ctrl Pts',(311.807173745421,14.2162969163514,10.9356538739103));
#5294=CARTESIAN_POINT('Ctrl Pts',(311.567407114285,14.1899176363846,10.5941016046703));
#5295=CARTESIAN_POINT('Ctrl Pts',(311.513008138354,14.1635383564178,10.1224229031879));
#5296=CARTESIAN_POINT('Ctrl Pts',(311.668731466281,14.137159076451,9.73525855251695));
#5297=CARTESIAN_POINT('Ctrl Pts',(311.824454794208,14.1107797964842,9.348094201846));
#5298=CARTESIAN_POINT('Ctrl Pts',(312.190300425994,14.0844005165174,9.04544420198654));
#5299=CARTESIAN_POINT('Ctrl Pts',(312.59978767338,14.0580212365506,8.96503161428482));
#5300=CARTESIAN_POINT('Ctrl Pts',(312.679630995781,14.0528777079827,8.94935247358876));
#5301=CARTESIAN_POINT('Ctrl Pts',(312.761133512525,14.0477341794149,8.94212249435791));
#5302=CARTESIAN_POINT('Ctrl Pts',(312.842766664045,14.042590650847,8.94286325265368));
#5303=CARTESIAN_POINT('Ctrl Pts',(312.842816061539,14.1794299980858,8.94281959030021));
#5304=CARTESIAN_POINT('Ctrl Pts',(312.763834658529,14.1844068875244,8.94212200746053));
#5305=CARTESIAN_POINT('Ctrl Pts',(312.684972508287,14.189383776963,8.94889836388349));
#5306=CARTESIAN_POINT('Ctrl Pts',(312.607612329335,14.1943606664016,8.963585766727));
#5307=CARTESIAN_POINT('Ctrl Pts',(312.200406513276,14.2205578437187,9.04089680635617));
#5308=CARTESIAN_POINT('Ctrl Pts',(311.83481615195,14.2467550210357,9.33740097996229));
#5309=CARTESIAN_POINT('Ctrl Pts',(311.675106024364,14.2729521983527,9.71987484285976));
#5310=CARTESIAN_POINT('Ctrl Pts',(311.515395896779,14.2991493756697,10.1023487057572));
#5311=CARTESIAN_POINT('Ctrl Pts',(311.561566002934,14.3253465529867,10.5707922579461));
#5312=CARTESIAN_POINT('Ctrl Pts',(311.792871561226,14.3515437303038,10.9147273271874));
#5313=CARTESIAN_POINT('Ctrl Pts',(312.024177119518,14.3777409076208,11.2586623964287));
#5314=CARTESIAN_POINT('Ctrl Pts',(312.440618129947,14.4039380849378,11.4780889827225));
#5315=CARTESIAN_POINT('Ctrl Pts',(312.85508168571,14.4301352622548,11.4744156481386));
#5316=CARTESIAN_POINT('Ctrl Pts',(313.269545241474,14.4563324395718,11.4707423135548));
#5317=CARTESIAN_POINT('Ctrl Pts',(313.682031342573,14.4825296168889,11.2439690580933));
#5318=CARTESIAN_POINT('Ctrl Pts',(313.907204649474,14.5087267942059,10.8959883119981));
#5319=CARTESIAN_POINT('Ctrl Pts',(314.132377956374,14.5349239715229,10.548007565903));
#5320=CARTESIAN_POINT('Ctrl Pts',(314.170238469077,14.5611211488399,10.0788193291743));
#5321=CARTESIAN_POINT('Ctrl Pts',(314.003774118837,14.5873183261569,9.69923625679659));
#5322=CARTESIAN_POINT('Ctrl Pts',(313.837309768598,14.613515503474,9.31965318441892));
#5323=CARTESIAN_POINT('Ctrl Pts',(313.466520555417,14.639712680791,9.02967527639229));
#5324=CARTESIAN_POINT('Ctrl Pts',(313.058008931269,14.665909858108,8.95959389872593));
#5325=CARTESIAN_POINT('Ctrl Pts',(312.987732475219,14.670416571434,8.94753776478419));
#5326=CARTESIAN_POINT('Ctrl Pts',(312.916339643637,14.6749232847599,8.941989356617));
#5327=CARTESIAN_POINT('Ctrl Pts',(312.844851190317,14.6794299980858,8.94260596521061));
#5328=CARTESIAN_POINT('Origin',(312.843856811523,7.98601032446641,10.2079116500317));
#5329=CARTESIAN_POINT('',(312.843714513896,15.1794299980858,8.94529746649588));
#5330=CARTESIAN_POINT('',(312.84424739975,15.042590650847,8.94527094318022));
#5331=CARTESIAN_POINT('',(312.843856811523,7.98601032446641,8.9434116500317));
#5332=CARTESIAN_POINT('',(313.195041279347,15.4518251776186,11.4226666539563));
#5333=CARTESIAN_POINT('Ctrl Pts',(312.843714513896,15.1794299980858,8.94529746649588));
#5334=CARTESIAN_POINT('Ctrl Pts',(312.649063833148,15.1916368593124,8.94499004910773));
#5335=CARTESIAN_POINT('Ctrl Pts',(312.454523651758,15.2038437205389,8.98736217223927));
#5336=CARTESIAN_POINT('Ctrl Pts',(312.28143948273,15.2160505817654,9.07312658187517));
#5337=CARTESIAN_POINT('Ctrl Pts',(311.909983087622,15.2422477590825,9.2571858093068));
#5338=CARTESIAN_POINT('Ctrl Pts',(311.637347863408,15.2684449363995,9.64109934739717));
#5339=CARTESIAN_POINT('Ctrl Pts',(311.586687560445,15.2946421137165,10.0524553777019));
#5340=CARTESIAN_POINT('Ctrl Pts',(311.536027257482,15.3208392910335,10.4638114080066));
#5341=CARTESIAN_POINT('Ctrl Pts',(311.70734187577,15.3470364683505,10.9026099305256));
#5342=CARTESIAN_POINT('Ctrl Pts',(312.022119999962,15.3732336456676,11.1712265256647));
#5343=CARTESIAN_POINT('Ctrl Pts',(312.336898124154,15.3994308229846,11.4398431208037));
#5344=CARTESIAN_POINT('Ctrl Pts',(312.79513975425,15.4256280003016,11.5382777885628));
#5345=CARTESIAN_POINT('Ctrl Pts',(313.195041279347,15.4518251776186,11.4226666539563));
#5346=CARTESIAN_POINT('',(314.108356811523,15.4860103244664,10.2079116500317));
#5347=CARTESIAN_POINT('Ctrl Pts',(314.108356811523,15.4860103244664,10.2079116500317));
#5348=CARTESIAN_POINT('Ctrl Pts',(314.108356811523,15.4860103244664,10.3667240098706));
#5349=CARTESIAN_POINT('Ctrl Pts',(314.076610694264,15.4840789896984,10.5360972461861));
#5350=CARTESIAN_POINT('Ctrl Pts',(313.947552521276,15.4770971927507,10.8476332300763));
#5351=CARTESIAN_POINT('Ctrl Pts',(313.8502424742,15.4721464680847,10.9897990369762));
#5352=CARTESIAN_POINT('Ctrl Pts',(313.625744153869,15.4628453406338,11.214297357307));
#5353=CARTESIAN_POINT('Ctrl Pts',(313.483578367066,15.4578909094003,11.3116073705285));
#5354=CARTESIAN_POINT('Ctrl Pts',(313.284415579003,15.4534220749854,11.3941133622828));
#5355=CARTESIAN_POINT('Ctrl Pts',(313.240000267307,15.4525573038271,11.4096690550909));
#5356=CARTESIAN_POINT('Ctrl Pts',(313.195041279347,15.4518251776186,11.4226666539563));
#5357=CARTESIAN_POINT('',(313.829944080529,15.4714750052707,9.41400040489687));
#5358=CARTESIAN_POINT('Ctrl Pts',(313.829374815545,15.4714750052707,9.4156272858352));
#5359=CARTESIAN_POINT('Ctrl Pts',(313.902992294295,15.4748361259041,9.50719964797947));
#5360=CARTESIAN_POINT('Ctrl Pts',(313.965793256206,15.4780839811463,9.61222172774008));
#5361=CARTESIAN_POINT('Ctrl Pts',(314.076610694264,15.4840789896984,9.87972605387727));
#5362=CARTESIAN_POINT('Ctrl Pts',(314.108356811523,15.4860103244664,10.0490992901927));
#5363=CARTESIAN_POINT('Ctrl Pts',(314.108356811523,15.4860103244664,10.2079116500317));
#5364=CARTESIAN_POINT('Ctrl Pts',(313.829944080529,15.4714750052707,9.41400040489687));
#5365=CARTESIAN_POINT('Ctrl Pts',(314.053147001408,15.4487715084664,9.69623714380609));
#5366=CARTESIAN_POINT('Ctrl Pts',(314.154161355714,15.4260680116621,10.0797098416885));
#5367=CARTESIAN_POINT('Ctrl Pts',(314.090233309021,15.4033645148578,10.4332047024759));
#5368=CARTESIAN_POINT('Ctrl Pts',(314.01595506651,15.376985234891,10.8439317362858));
#5369=CARTESIAN_POINT('Ctrl Pts',(313.71900119838,15.3506059549242,11.2141880749354));
#5370=CARTESIAN_POINT('Ctrl Pts',(313.334270485501,15.3242266749574,11.3757196761995));
#5371=CARTESIAN_POINT('Ctrl Pts',(312.949539772621,15.2978473949906,11.5372512774635));
#5372=CARTESIAN_POINT('Ctrl Pts',(312.477032214993,15.2714681150238,11.490058141342));
#5373=CARTESIAN_POINT('Ctrl Pts',(312.13187456516,15.245088835057,11.2555042849547));
#5374=CARTESIAN_POINT('Ctrl Pts',(311.786716915327,15.2187095550902,11.0209504285674));
#5375=CARTESIAN_POINT('Ctrl Pts',(311.568909173287,15.1923302751233,10.5990358519143));
#5376=CARTESIAN_POINT('Ctrl Pts',(311.577514408071,15.1659509951565,10.1818088238942));
#5377=CARTESIAN_POINT('Ctrl Pts',(311.586119642854,15.1395717151897,9.76458179587412));
#5378=CARTESIAN_POINT('Ctrl Pts',(311.82113785446,15.1131924352229,9.35204231648697));
#5379=CARTESIAN_POINT('Ctrl Pts',(312.175646981807,15.0868131552561,9.13189422948213));
#5380=CARTESIAN_POINT('Ctrl Pts',(312.373747934107,15.0720723204531,9.00887470101785));
#5381=CARTESIAN_POINT('Ctrl Pts',(312.609161285464,15.05733148565,8.94593157554367));
#5382=CARTESIAN_POINT('Ctrl Pts',(312.84424739975,15.042590650847,8.94527094318022));
#5383=CARTESIAN_POINT('Origin',(312.843856811523,16.5902220480551,10.2079116500317));
#5384=CARTESIAN_POINT('',(312.845241620652,9.88179860087768,8.6652427124065));
#5385=CARTESIAN_POINT('',(312.843468917446,9.84022204805513,8.66716693731745));
#5386=CARTESIAN_POINT('',(312.843856811523,16.5902220480551,8.6649116500317));
#5387=CARTESIAN_POINT('',(311.336990958014,9.48247773540515,10.5398819793171));
#5388=CARTESIAN_POINT('Ctrl Pts',(312.843468917446,9.84022204805513,8.66716693731745));
#5389=CARTESIAN_POINT('Ctrl Pts',(313.124853116675,9.82576265310655,8.6678702619491));
#5390=CARTESIAN_POINT('Ctrl Pts',(313.916965899489,9.78510608084095,8.87549111904602));
#5391=CARTESIAN_POINT('Ctrl Pts',(314.660035338859,9.71825233125834,10.1383695224602));
#5392=CARTESIAN_POINT('Ctrl Pts',(313.902480433409,9.63966079930727,11.6867141275105));
#5393=CARTESIAN_POINT('Ctrl Pts',(312.191753465195,9.56106926735622,11.9034990459395));
#5394=CARTESIAN_POINT('Ctrl Pts',(311.446276732132,9.50867491272217,11.0359474007293));
#5395=CARTESIAN_POINT('Ctrl Pts',(311.336990958014,9.48247773540515,10.539881979317));
#5396=CARTESIAN_POINT('',(311.434934564898,9.47316902216157,9.57346671662828));
#5397=CARTESIAN_POINT('Ctrl Pts',(311.436602297537,9.47316902216158,9.57507380913894));
#5398=CARTESIAN_POINT('Ctrl Pts',(311.430321682514,9.47373605455108,9.58904014185613));
#5399=CARTESIAN_POINT('Ctrl Pts',(311.424247226986,9.47428823697521,9.60310402219666));
#5400=CARTESIAN_POINT('Ctrl Pts',(311.339629372651,9.48202586767599,9.80731832230129));
#5401=CARTESIAN_POINT('Ctrl Pts',(311.300856811523,9.48601032446641,10.0140333524389));
#5402=CARTESIAN_POINT('Ctrl Pts',(311.300856811523,9.48601032446641,10.3162459928276));
#5403=CARTESIAN_POINT('Ctrl Pts',(311.312495377884,9.48484439653983,10.4286926650817));
#5404=CARTESIAN_POINT('Ctrl Pts',(311.336990958014,9.48247773540515,10.539881979317));
#5405=CARTESIAN_POINT('Ctrl Pts',(312.845241620652,9.88179860087768,8.6652427124065));
#5406=CARTESIAN_POINT('Ctrl Pts',(312.978441043996,9.87493218447169,8.66406809868842));
#5407=CARTESIAN_POINT('Ctrl Pts',(313.622030038505,9.84168648809889,8.74070361641674));
#5408=CARTESIAN_POINT('Ctrl Pts',(314.574720535,9.78206151175929,9.63915429816631));
#5409=CARTESIAN_POINT('Ctrl Pts',(314.264058066627,9.70292367185887,11.3493499464575));
#5410=CARTESIAN_POINT('Ctrl Pts',(312.660526662813,9.62378583195844,12.0205300901886));
#5411=CARTESIAN_POINT('Ctrl Pts',(311.270848809307,9.54720094872601,11.0739464449887));
#5412=CARTESIAN_POINT('Ctrl Pts',(311.2486959935,9.49699534546039,9.99444547625954));
#5413=CARTESIAN_POINT('Ctrl Pts',(311.434844545958,9.47316902216158,9.57337997085112));
#5414=CARTESIAN_POINT('Origin',(312.843856811523,16.5902220480551,10.2079116500317));
#5415=CARTESIAN_POINT('',(312.843227871021,10.3817986008777,8.66706881842454));
#5416=CARTESIAN_POINT('',(312.843126711319,10.3402220480551,8.66286108184871));
#5417=CARTESIAN_POINT('',(312.843856811523,16.5902220480551,8.6649116500317));
#5418=CARTESIAN_POINT('Ctrl Pts',(312.843126711319,10.3402220480551,8.66286108184871));
#5419=CARTESIAN_POINT('Ctrl Pts',(313.305738404414,10.316279050342,8.66559830575248));
#5420=CARTESIAN_POINT('Ctrl Pts',(314.279293745084,10.2661388753119,9.13040272934401));
#5421=CARTESIAN_POINT('Ctrl Pts',(314.569647448698,10.1898015229647,10.7787522477671));
#5422=CARTESIAN_POINT('Ctrl Pts',(313.31774274464,10.1112099910136,11.9628173670584));
#5423=CARTESIAN_POINT('Ctrl Pts',(311.639967789057,10.0326184590626,11.5698452579314));
#5424=CARTESIAN_POINT('Ctrl Pts',(311.044089734883,9.95402692711152,9.95306549801651));
#5425=CARTESIAN_POINT('Ctrl Pts',(311.877521890398,9.88989479010904,8.8205119902338));
#5426=CARTESIAN_POINT('Ctrl Pts',(312.615048122232,9.85195983042357,8.66659599562244));
#5427=CARTESIAN_POINT('Ctrl Pts',(312.843468917446,9.84022204805513,8.66716693731745));
#5428=CARTESIAN_POINT('Ctrl Pts',(312.843227871021,10.3817986008777,8.66706881842454));
#5429=CARTESIAN_POINT('Ctrl Pts',(313.140088664525,10.3665411976059,8.66816530724816));
#5430=CARTESIAN_POINT('Ctrl Pts',(313.951748120586,10.3249045143673,8.89369781745645));
#5431=CARTESIAN_POINT('Ctrl Pts',(314.665802797783,10.2568885511618,10.2058519500883));
#5432=CARTESIAN_POINT('Ctrl Pts',(313.838441234204,10.1777507112614,11.7344432530572));
#5433=CARTESIAN_POINT('Ctrl Pts',(312.105890338884,10.098612871361,11.8737141405953));
#5434=CARTESIAN_POINT('Ctrl Pts',(311.044981208815,10.0194750314606,10.4969185015914));
#5435=CARTESIAN_POINT('Ctrl Pts',(311.57123903041,9.94720360796613,8.99936519499747));
#5436=CARTESIAN_POINT('Ctrl Pts',(312.466717799723,9.9013114644385,8.66858070938517));
#5437=CARTESIAN_POINT('Ctrl Pts',(312.845241620652,9.88179860087768,8.6652427124065));
#5438=CARTESIAN_POINT('Origin',(312.843856811523,16.5902220480551,10.2079116500317));
#5439=CARTESIAN_POINT('',(312.842971256859,10.8817986008777,8.66298428235896));
#5440=CARTESIAN_POINT('',(312.845164558885,10.8402220480551,8.66545292941225));
#5441=CARTESIAN_POINT('',(312.843856811523,16.5902220480551,8.6649116500317));
#5442=CARTESIAN_POINT('Ctrl Pts',(312.845164558885,10.8402220480551,8.66545292941225));
#5443=CARTESIAN_POINT('Ctrl Pts',(312.98545564571,10.8329926248945,8.66427808732263));
#5444=CARTESIAN_POINT('Ctrl Pts',(313.632779873054,10.7995660244168,8.74566689241534));
#5445=CARTESIAN_POINT('Ctrl Pts',(314.574607319025,10.7399422466221,9.65227703003917));
#5446=CARTESIAN_POINT('Ctrl Pts',(314.260752188466,10.6613507146711,11.3466102086262));
#5447=CARTESIAN_POINT('Ctrl Pts',(312.673635690551,10.58275918272,12.017677437507));
#5448=CARTESIAN_POINT('Ctrl Pts',(311.239484346795,10.5041676507689,11.0624385725959));
#5449=CARTESIAN_POINT('Ctrl Pts',(311.247067172779,10.4255761188179,9.3392988422038));
#5450=CARTESIAN_POINT('Ctrl Pts',(312.250108713927,10.3709275845799,8.68387570093977));
#5451=CARTESIAN_POINT('Ctrl Pts',(312.799572856635,10.342476227659,8.66260337834938));
#5452=CARTESIAN_POINT('Ctrl Pts',(312.843126711319,10.3402220480551,8.66286108184871));
#5453=CARTESIAN_POINT('Ctrl Pts',(312.842971256859,10.8817986008777,8.66298428235897));
#5454=CARTESIAN_POINT('Ctrl Pts',(313.29998897948,10.85815021074,8.66612156958801));
#5455=CARTESIAN_POINT('Ctrl Pts',(314.272244273763,10.8081225406356,9.1223025131024));
#5456=CARTESIAN_POINT('Ctrl Pts',(314.576043733545,10.7317155905644,10.7727316466194));
#5457=CARTESIAN_POINT('Ctrl Pts',(313.314213184899,10.6525777506639,11.9680986003346));
#5458=CARTESIAN_POINT('Ctrl Pts',(311.624304489975,10.5734399107635,11.5614940609385));
#5459=CARTESIAN_POINT('Ctrl Pts',(311.044328001091,10.4943020708631,9.92297474328589));
#5460=CARTESIAN_POINT('Ctrl Pts',(311.898189445573,10.4304216342345,8.80968266233968));
#5461=CARTESIAN_POINT('Ctrl Pts',(312.626831339965,10.3929204775727,8.66626953342981));
#5462=CARTESIAN_POINT('Ctrl Pts',(312.843227871021,10.3817986008777,8.66706881842454));
#5463=CARTESIAN_POINT('Origin',(312.843856811523,16.5902220480551,10.2079116500317));
#5464=CARTESIAN_POINT('',(312.845225857442,11.3817986008777,8.66454253900378));
#5465=CARTESIAN_POINT('',(312.842869293763,11.3402220480551,8.66651425269882));
#5466=CARTESIAN_POINT('',(312.843856811523,16.5902220480551,8.6649116500317));
#5467=CARTESIAN_POINT('Ctrl Pts',(312.842869293763,11.3402220480551,8.66651425269882));
#5468=CARTESIAN_POINT('Ctrl Pts',(313.167761048909,11.3235090221299,8.66846412125791));
#5469=CARTESIAN_POINT('Ctrl Pts',(314.00474643849,11.2805988188877,8.9267082353025));
#5470=CARTESIAN_POINT('Ctrl Pts',(314.659613004696,11.2114914383285,10.293097122896));
#5471=CARTESIAN_POINT('Ctrl Pts',(313.772663189264,11.1328999063774,11.770456314164));
#5472=CARTESIAN_POINT('Ctrl Pts',(312.051062196457,11.0543083744264,11.8436695226012));
#5473=CARTESIAN_POINT('Ctrl Pts',(311.041888436103,10.9757168424753,10.446945322021));
#5474=CARTESIAN_POINT('Ctrl Pts',(311.595889700404,10.9043547336849,8.98365881749467));
#5475=CARTESIAN_POINT('Ctrl Pts',(312.477084452617,10.8591898022115,8.66853534905116));
#5476=CARTESIAN_POINT('Ctrl Pts',(312.845164558885,10.8402220480551,8.66545292941225));
#5477=CARTESIAN_POINT('Ctrl Pts',(312.845225857442,11.3817986008777,8.66454253900378));
#5478=CARTESIAN_POINT('Ctrl Pts',(312.954897320482,11.376138503841,8.66353993322193));
#5479=CARTESIAN_POINT('Ctrl Pts',(313.574601243175,11.3440991268376,8.72412399750744));
#5480=CARTESIAN_POINT('Ctrl Pts',(314.547117308737,11.2856804698673,9.56107560977987));
#5481=CARTESIAN_POINT('Ctrl Pts',(314.314391062514,11.2065426299669,11.2835613144904));
#5482=CARTESIAN_POINT('Ctrl Pts',(312.74331043626,11.1274047900665,12.0270827829702));
#5483=CARTESIAN_POINT('Ctrl Pts',(311.263738512322,11.0482669501661,11.114950428366));
#5484=CARTESIAN_POINT('Ctrl Pts',(311.222254988706,10.9691291102656,9.37730903145597));
#5485=CARTESIAN_POINT('Ctrl Pts',(312.227991643413,10.9136396605028,8.68896724521677));
#5486=CARTESIAN_POINT('Ctrl Pts',(312.790195357815,10.8845294907069,8.66262199191403));
#5487=CARTESIAN_POINT('Ctrl Pts',(312.842971256859,10.8817986008777,8.66298428235897));
#5488=CARTESIAN_POINT('Origin',(312.843856811523,16.5902220480551,10.2079116500317));
#5489=CARTESIAN_POINT('',(312.843586861536,11.8817986008777,8.6672756246704));
#5490=CARTESIAN_POINT('',(312.84385662186,11.8402220480551,8.66240559414204));
#5491=CARTESIAN_POINT('',(312.843856811523,16.5902220480551,8.6649116500317));
#5492=CARTESIAN_POINT('Ctrl Pts',(312.84385662186,11.8402220480551,8.6624055941574));
#5493=CARTESIAN_POINT('Ctrl Pts',(313.349613106566,11.8140254193654,8.66240653635298));
#5494=CARTESIAN_POINT('Ctrl Pts',(314.361138411192,11.7616316133586,9.20688071302489));
#5495=CARTESIAN_POINT('Ctrl Pts',(314.514985084892,11.6830406300349,10.9231440675456));
#5496=CARTESIAN_POINT('Ctrl Pts',(313.167110604126,11.6044490980838,11.9966917099179));
#5497=CARTESIAN_POINT('Ctrl Pts',(311.52875129734,11.5258575661327,11.4627919645135));
#5498=CARTESIAN_POINT('Ctrl Pts',(311.072182290432,11.4472660341817,9.80122195442317));
#5499=CARTESIAN_POINT('Ctrl Pts',(311.966215870219,11.3853875281558,8.78074066956815));
#5500=CARTESIAN_POINT('Ctrl Pts',(312.658502763994,11.349706199447,8.66540775955441));
#5501=CARTESIAN_POINT('Ctrl Pts',(312.842869293763,11.3402220480551,8.66651425269882));
#5502=CARTESIAN_POINT('Ctrl Pts',(312.843586861536,11.8817986008777,8.6672756246704));
#5503=CARTESIAN_POINT('Ctrl Pts',(313.117068237483,11.8677475169752,8.66770566322577));
#5504=CARTESIAN_POINT('Ctrl Pts',(313.904565658372,11.827317153106,8.8673624770126));
#5505=CARTESIAN_POINT('Ctrl Pts',(314.663825931994,11.7605075092699,10.1230259339883));
#5506=CARTESIAN_POINT('Ctrl Pts',(313.906810290166,11.6813696693695,11.6876491559737));
#5507=CARTESIAN_POINT('Ctrl Pts',(312.182385393368,11.602231829469,11.9055419829416));
#5508=CARTESIAN_POINT('Ctrl Pts',(311.059975151656,11.5230939895686,10.5783970179631));
#5509=CARTESIAN_POINT('Ctrl Pts',(311.525259730079,11.4496162467048,9.03310413929454));
#5510=CARTESIAN_POINT('Ctrl Pts',(312.443765760515,11.4025177838078,8.66821264792003));
#5511=CARTESIAN_POINT('Ctrl Pts',(312.845225857442,11.3817986008777,8.66454253900378));
#5512=CARTESIAN_POINT('Origin',(312.843856811523,16.5902220480551,10.2079116500317));
#5513=CARTESIAN_POINT('',(312.842697059438,12.3817986008777,8.66356956471892));
#5514=CARTESIAN_POINT('',(312.844844558555,12.3402220480551,8.66651382776836));
#5515=CARTESIAN_POINT('',(312.843856811523,16.5902220480551,8.6649116500317));
#5516=CARTESIAN_POINT('Ctrl Pts',(312.844844558555,12.3402220480551,8.66651382776836));
#5517=CARTESIAN_POINT('Ctrl Pts',(313.029189630266,12.3307389939179,8.66540718561772));
#5518=CARTESIAN_POINT('Ctrl Pts',(313.721454570544,12.2950587624636,8.78072246160363));
#5519=CARTESIAN_POINT('Ctrl Pts',(314.615514508146,12.2331813536923,9.80114866855511));
#5520=CARTESIAN_POINT('Ctrl Pts',(314.159014233371,12.1545898217412,11.4627375634004));
#5521=CARTESIAN_POINT('Ctrl Pts',(312.520677013015,12.0759982897902,11.9967050799555));
#5522=CARTESIAN_POINT('Ctrl Pts',(311.17275812555,11.9974067578391,10.9232131940254));
#5523=CARTESIAN_POINT('Ctrl Pts',(311.326534878461,11.918815225888,9.20693149610733));
#5524=CARTESIAN_POINT('Ctrl Pts',(312.338068361503,11.8664203226267,8.66241035343281));
#5525=CARTESIAN_POINT('Ctrl Pts',(312.84384602997,11.8402225966824,8.66240559413767));
#5526=CARTESIAN_POINT('Ctrl Pts',(312.84385662186,11.8402220480551,8.6624055941574));
#5527=CARTESIAN_POINT('Ctrl Pts',(312.842697059438,12.3817986008777,8.66356956471892));
#5528=CARTESIAN_POINT('Ctrl Pts',(313.276832353254,12.3593565301094,8.66720780427858));
#5529=CARTESIAN_POINT('Ctrl Pts',(314.227390083703,12.3105351793743,9.08430042480019));
#5530=CARTESIAN_POINT('Ctrl Pts',(314.599930378233,12.2353345486724,10.693399870854));
#5531=CARTESIAN_POINT('Ctrl Pts',(313.393747597159,12.156196708772,11.9448956189055));
#5532=CARTESIAN_POINT('Ctrl Pts',(311.687101300102,12.0770588688716,11.6155372646924));
#5533=CARTESIAN_POINT('Ctrl Pts',(311.033234837699,11.9979210289712,10.0050785852806));
#5534=CARTESIAN_POINT('Ctrl Pts',(311.850753590043,11.9328342729732,8.83238506638726));
#5535=CARTESIAN_POINT('Ctrl Pts',(312.603638680597,11.894126796942,8.66689831572665));
#5536=CARTESIAN_POINT('Ctrl Pts',(312.843586861536,11.8817986008777,8.6672756246704));
#5537=CARTESIAN_POINT('Origin',(312.843856811523,16.5902220480551,10.2079116500317));
#5538=CARTESIAN_POINT('',(312.845103000231,12.8817986008777,8.66385057258477));
#5539=CARTESIAN_POINT('',(312.842549135723,12.8402220480551,8.66545352158668));
#5540=CARTESIAN_POINT('',(312.843856811523,16.5902220480551,8.6649116500317));
#5541=CARTESIAN_POINT('Ctrl Pts',(312.842549135723,12.8402220480551,8.66545352158668));
#5542=CARTESIAN_POINT('Ctrl Pts',(313.210608307449,12.8212553911533,8.66853549138585));
#5543=CARTESIAN_POINT('Ctrl Pts',(314.091781802106,12.7760915569345,8.98362969049958));
#5544=CARTESIAN_POINT('Ctrl Pts',(314.645835071392,12.7047305453987,10.4468707847531));
#5545=CARTESIAN_POINT('Ctrl Pts',(313.636719090729,12.6261390134476,11.8436367257448));
#5546=CARTESIAN_POINT('Ctrl Pts',(311.915115069656,12.5475474814965,11.7704947339081));
#5547=CARTESIAN_POINT('Ctrl Pts',(311.028104143835,12.4689559495455,10.2931722322801));
#5548=CARTESIAN_POINT('Ctrl Pts',(311.682924584612,12.3998474717317,8.92673456196639));
#5549=CARTESIAN_POINT('Ctrl Pts',(312.519931699093,12.3569361712349,8.66846431259676));
#5550=CARTESIAN_POINT('Ctrl Pts',(312.844844558555,12.3402220480551,8.66651382776836));
#5551=CARTESIAN_POINT('Ctrl Pts',(312.845103000231,12.8817986008777,8.66385057258477));
#5552=CARTESIAN_POINT('Ctrl Pts',(312.931300769369,12.8773448232104,8.66309434842377));
#5553=CARTESIAN_POINT('Ctrl Pts',(313.527237475156,12.8465117655763,8.70878921585739));
#5554=CARTESIAN_POINT('Ctrl Pts',(314.51595016046,12.7892994279754,9.48431161085567));
#5555=CARTESIAN_POINT('Ctrl Pts',(314.3617713066,12.710161588075,11.2155965064668));
#5556=CARTESIAN_POINT('Ctrl Pts',(312.826116630609,12.6310237481745,12.0297729153955));
#5557=CARTESIAN_POINT('Ctrl Pts',(311.306607548519,12.5518859082741,11.1858471732867));
#5558=CARTESIAN_POINT('Ctrl Pts',(311.186171139045,12.4727480683737,9.4518882406641));
#5559=CARTESIAN_POINT('Ctrl Pts',(312.180736334112,12.4160522992415,8.70259304577293));
#5560=CARTESIAN_POINT('Ctrl Pts',(312.766532899283,12.3857358100762,8.66293127646074));
#5561=CARTESIAN_POINT('Ctrl Pts',(312.842697059438,12.3817986008777,8.66356956471892));
#5562=CARTESIAN_POINT('Origin',(312.843856811523,16.5902220480551,10.2079116500317));
#5563=CARTESIAN_POINT('',(312.843965447876,13.3817986008777,8.66731258761963));
#5564=CARTESIAN_POINT('',(312.844586498828,13.3402220480551,8.66286080902988));
#5565=CARTESIAN_POINT('',(312.843856811523,16.5902220480551,8.6649116500317));
#5566=CARTESIAN_POINT('Ctrl Pts',(312.844586498828,13.3402220480551,8.66286080902988));
#5567=CARTESIAN_POINT('Ctrl Pts',(312.888119100286,13.3379689657058,8.66260335022629));
#5568=CARTESIAN_POINT('Ctrl Pts',(313.437561633373,13.3095187060395,8.68386478666984));
#5569=CARTESIAN_POINT('Ctrl Pts',(314.440610840058,13.2548712690561,9.33923237120656));
#5570=CARTESIAN_POINT('Ctrl Pts',(314.448264469887,13.176279737105,11.0623724056477));
#5571=CARTESIAN_POINT('Ctrl Pts',(313.014152866954,13.097688205154,12.0176702998543));
#5572=CARTESIAN_POINT('Ctrl Pts',(311.427008504101,13.0190966732029,11.346668863338));
#5573=CARTESIAN_POINT('Ctrl Pts',(311.113083337809,12.9405051412518,9.6523486024925));
#5574=CARTESIAN_POINT('Ctrl Pts',(312.054890593922,12.8808802662026,8.74568284540034));
#5575=CARTESIAN_POINT('Ctrl Pts',(312.702236619451,12.8474525684704,8.66427860469609));
#5576=CARTESIAN_POINT('Ctrl Pts',(312.842549135723,12.8402220480551,8.66545352158668));
#5577=CARTESIAN_POINT('Ctrl Pts',(312.843965447876,13.3817986008777,8.66731258761963));
#5578=CARTESIAN_POINT('Ctrl Pts',(313.093982770264,13.3689538363446,8.66715459931844));
#5579=CARTESIAN_POINT('Ctrl Pts',(313.85725141212,13.3297297918446,8.84255273078899));
#5580=CARTESIAN_POINT('Ctrl Pts',(314.658085219413,13.2641264673779,10.0403751815564));
#5581=CARTESIAN_POINT('Ctrl Pts',(313.972982372552,13.1849886274775,11.6377957892833));
#5582=CARTESIAN_POINT('Ctrl Pts',(312.260246106442,13.1058507875771,11.933858268315));
#5583=CARTESIAN_POINT('Ctrl Pts',(311.078662340171,13.0267129476766,10.6591118966651));
#5584=CARTESIAN_POINT('Ctrl Pts',(311.479692085773,12.9520288854435,9.068573320588));
#5585=CARTESIAN_POINT('Ctrl Pts',(312.420759998258,12.9037241031772,8.66757338854453));
#5586=CARTESIAN_POINT('Ctrl Pts',(312.845103000231,12.8817986008777,8.66385057258477));
#5587=CARTESIAN_POINT('Origin',(312.843856811523,16.5902220480551,10.2079116500317));
#5588=CARTESIAN_POINT('',(312.842526564344,13.8817986008777,8.66424247078752));
#5589=CARTESIAN_POINT('',(312.84426724431,13.8402220480551,8.66713811066774));
#5590=CARTESIAN_POINT('',(312.843856811523,16.5902220480551,8.6649116500317));
#5591=CARTESIAN_POINT('Ctrl Pts',(312.84426724431,13.8402220480551,8.66713811066774));
#5592=CARTESIAN_POINT('Ctrl Pts',(313.072653928371,13.8284853629413,8.6665832342682));
#5593=CARTESIAN_POINT('Ctrl Pts',(313.810105862098,13.7905515005104,8.82054719154967));
#5594=CARTESIAN_POINT('Ctrl Pts',(314.643641255863,13.7264204607625,9.95295465214434));
#5595=CARTESIAN_POINT('Ctrl Pts',(314.047788906608,13.6478289288114,11.5698127579036));
#5596=CARTESIAN_POINT('Ctrl Pts',(312.370049775994,13.5692373968603,11.9628287449944));
#5597=CARTESIAN_POINT('Ctrl Pts',(311.118086792357,13.4906458649093,10.7788275440334));
#5598=CARTESIAN_POINT('Ctrl Pts',(311.408380777537,13.4143074153075,9.13043672226905));
#5599=CARTESIAN_POINT('Ctrl Pts',(312.381954165914,13.3641661430228,8.66559689102233));
#5600=CARTESIAN_POINT('Ctrl Pts',(312.844586498828,13.3402220480551,8.66286080902988));
#5601=CARTESIAN_POINT('Ctrl Pts',(312.842526564344,13.8817986008777,8.66424247078752));
#5602=CARTESIAN_POINT('Ctrl Pts',(313.253790030779,13.8605628494787,8.66797437160035));
#5603=CARTESIAN_POINT('Ctrl Pts',(314.182021917975,13.812947818113,9.04807839988992));
#5604=CARTESIAN_POINT('Ctrl Pts',(314.620185779708,13.7389535067805,10.6130641912595));
#5605=CARTESIAN_POINT('Ctrl Pts',(313.472144947883,13.65981566688,11.9181008799722));
#5606=CARTESIAN_POINT('Ctrl Pts',(311.752290043578,13.5806778269796,11.6666697434459));
#5607=CARTESIAN_POINT('Ctrl Pts',(311.025885760346,13.5015399870792,10.0876018772933));
#5608=CARTESIAN_POINT('Ctrl Pts',(311.803395024873,13.4352469117119,8.85655410715134));
#5609=CARTESIAN_POINT('Ctrl Pts',(312.580522447435,13.3953331163114,8.66747905973326));
#5610=CARTESIAN_POINT('Ctrl Pts',(312.843965447876,13.3817986008777,8.66731258761963));
#5611=CARTESIAN_POINT('Origin',(312.843856811523,16.5902220480551,10.2079116500317));
#5612=CARTESIAN_POINT('',(312.844871517639,14.3817986008777,8.66322014845293));
#5613=CARTESIAN_POINT('',(312.842586841396,14.3402220480551,8.66418919201218));
#5614=CARTESIAN_POINT('',(312.843856811523,16.5902220480551,8.6649116500317));
#5615=CARTESIAN_POINT('Ctrl Pts',(312.842586841396,14.3402220480551,8.66418919201218));
#5616=CARTESIAN_POINT('Ctrl Pts',(313.253514349806,14.3190017601767,8.66781860307979));
#5617=CARTESIAN_POINT('Ctrl Pts',(314.177657425207,14.2715842949813,9.04641334598942));
#5618=CARTESIAN_POINT('Ctrl Pts',(314.619057946756,14.1979696524688,10.5989206325952));
#5619=CARTESIAN_POINT('Ctrl Pts',(313.49505541187,14.1193781205178,11.905017275874));
#5620=CARTESIAN_POINT('Ctrl Pts',(311.785867738023,14.0407865885667,11.6860477194464));
#5621=CARTESIAN_POINT('Ctrl Pts',(311.02741840234,13.9621950566156,10.1387840840168));
#5622=CARTESIAN_POINT('Ctrl Pts',(311.770771801007,13.8953402097785,8.87542846194288));
#5623=CARTESIAN_POINT('Ctrl Pts',(312.56287741131,13.8546825402583,8.667821760759));
#5624=CARTESIAN_POINT('Ctrl Pts',(312.84426724431,13.8402220480551,8.66713811066774));
#5625=CARTESIAN_POINT('Ctrl Pts',(312.844871517639,14.3817986008777,8.66322014845293));
#5626=CARTESIAN_POINT('Ctrl Pts',(312.907655549521,14.3785511425797,8.6627417453817));
#5627=CARTESIAN_POINT('Ctrl Pts',(313.479947410295,14.348924404315,8.69465882565576));
#5628=CARTESIAN_POINT('Ctrl Pts',(314.481325388521,14.2929183860834,9.40904392647153));
#5629=CARTESIAN_POINT('Ctrl Pts',(314.406012801792,14.213780546183,11.1455479708832));
#5630=CARTESIAN_POINT('Ctrl Pts',(312.908959499138,14.1346427062826,12.0286957827771));
#5631=CARTESIAN_POINT('Ctrl Pts',(311.352655338232,14.0555048663822,11.2547217223091));
#5632=CARTESIAN_POINT('Ctrl Pts',(311.153515077588,13.9763670264817,9.52803077002588));
#5633=CARTESIAN_POINT('Ctrl Pts',(312.133402668679,13.9184649379802,8.71740750835474));
#5634=CARTESIAN_POINT('Ctrl Pts',(312.742914106617,13.8869421294456,8.66333856406518));
#5635=CARTESIAN_POINT('Ctrl Pts',(312.842526564344,13.8817986008777,8.66424247078752));
#5636=CARTESIAN_POINT('Origin',(312.843856811523,16.5902220480551,10.2079116500317));
#5637=CARTESIAN_POINT('',(312.844333424915,14.8817986008777,8.66718044349013));
#5638=CARTESIAN_POINT('',(312.84507019743,14.8402220480551,8.66392851703136));
#5639=CARTESIAN_POINT('',(312.843856811523,16.5902220480551,8.6649116500317));
#5640=CARTESIAN_POINT('Ctrl Pts',(312.84507019743,14.8402220480551,8.66392851703136));
#5641=CARTESIAN_POINT('Ctrl Pts',(312.932303636317,14.8357153347292,8.66317610338173));
#5642=CARTESIAN_POINT('Ctrl Pts',(313.525823388813,14.8050114440862,8.70930244084679));
#5643=CARTESIAN_POINT('Ctrl Pts',(314.508566711645,14.7481103761262,9.47786269759561));
#5644=CARTESIAN_POINT('Ctrl Pts',(314.369969389938,14.6695188441752,11.1954367172218));
#5645=CARTESIAN_POINT('Ctrl Pts',(312.859966889354,14.5909273122241,12.0255936168116));
#5646=CARTESIAN_POINT('Ctrl Pts',(311.335486511915,14.5123357802731,11.2223309296198));
#5647=CARTESIAN_POINT('Ctrl Pts',(311.166469966724,14.433744248322,9.50748300310177));
#5648=CARTESIAN_POINT('Ctrl Pts',(312.143440797785,14.3763730042494,8.71513189228456));
#5649=CARTESIAN_POINT('Ctrl Pts',(312.746210166944,14.3451989374937,8.66333796993102));
#5650=CARTESIAN_POINT('Ctrl Pts',(312.842586841396,14.3402220480551,8.66418919201218));
#5651=CARTESIAN_POINT('Ctrl Pts',(312.844333424915,14.8817986008777,8.66718044349012));
#5652=CARTESIAN_POINT('Ctrl Pts',(313.070822342119,14.8701601557139,8.66654397072729));
#5653=CARTESIAN_POINT('Ctrl Pts',(313.809849763979,14.8321424305833,8.81922178895929));
#5654=CARTESIAN_POINT('Ctrl Pts',(314.648589425766,14.767745425486,9.95807453237873));
#5655=CARTESIAN_POINT('Ctrl Pts',(314.036821337723,14.6886075855855,11.5849839399047));
#5656=CARTESIAN_POINT('Ctrl Pts',(312.33931280742,14.6094697456851,11.9586064426205));
#5657=CARTESIAN_POINT('Ctrl Pts',(311.101000013012,14.5303319057847,10.7388933814434));
#5658=CARTESIAN_POINT('Ctrl Pts',(311.434609234062,14.4544415241822,9.10580964976621));
#5659=CARTESIAN_POINT('Ctrl Pts',(312.397657451772,14.4049304225465,8.66662783948823));
#5660=CARTESIAN_POINT('Ctrl Pts',(312.844871517639,14.3817986008777,8.66322014845293));
#5661=CARTESIAN_POINT('Origin',(312.843856811523,16.5902220480551,10.2079116500317));
#5662=CARTESIAN_POINT('',(312.842329847166,15.3817986008777,8.66544934869768));
#5663=CARTESIAN_POINT('',(312.843683173533,15.3402220480551,8.66721280843758));
#5664=CARTESIAN_POINT('',(312.843856811523,16.5902220480551,8.6649116500317));
#5665=CARTESIAN_POINT('',(311.387617198685,15.4799859845898,9.69779873116002));
#5666=CARTESIAN_POINT('Ctrl Pts',(311.387617198685,15.4799859845898,9.69779873116004));
#5667=CARTESIAN_POINT('Ctrl Pts',(311.556715452753,15.453606704623,9.21506722814107));
#5668=CARTESIAN_POINT('Ctrl Pts',(312.086467624765,15.4208775767189,8.73386831033474));
#5669=CARTESIAN_POINT('Ctrl Pts',(312.719263273196,15.3881484488149,8.66435546925068));
#5670=CARTESIAN_POINT('Ctrl Pts',(312.842329847166,15.3817986008777,8.66544934869768));
#5671=CARTESIAN_POINT('',(311.300856811523,15.4860103244664,10.2079116500317));
#5672=CARTESIAN_POINT('Ctrl Pts',(311.300856811523,15.4860103244664,10.2079116500317));
#5673=CARTESIAN_POINT('Ctrl Pts',(311.300856811523,15.4860103244664,10.0411537944131));
#5674=CARTESIAN_POINT('Ctrl Pts',(311.329143572357,15.4839292886068,9.86472571499977));
#5675=CARTESIAN_POINT('Ctrl Pts',(311.387617198685,15.4799859845898,9.69779873116002));
#5676=CARTESIAN_POINT('',(311.340215593078,15.483234403357,10.5541948956423));
#5677=CARTESIAN_POINT('Ctrl Pts',(311.340215593078,15.483234403357,10.5541948956423));
#5678=CARTESIAN_POINT('Ctrl Pts',(311.313534654564,15.4850919827732,10.4383401455071));
#5679=CARTESIAN_POINT('Ctrl Pts',(311.300856811523,15.4860103244664,10.3208826403538));
#5680=CARTESIAN_POINT('Ctrl Pts',(311.300856811523,15.4860103244664,10.2079116500317));
#5681=CARTESIAN_POINT('Ctrl Pts',(311.341636893372,15.4832344033569,10.5527844056465));
#5682=CARTESIAN_POINT('Ctrl Pts',(311.299960229242,15.4739676567999,10.3775208651386));
#5683=CARTESIAN_POINT('Ctrl Pts',(311.253940332818,15.4385037329258,9.68197343382842));
#5684=CARTESIAN_POINT('Ctrl Pts',(311.85931865137,15.3908329478252,8.8295049649121));
#5685=CARTESIAN_POINT('Ctrl Pts',(312.606161623202,15.3524289092817,8.66683768385876));
#5686=CARTESIAN_POINT('Ctrl Pts',(312.843683173533,15.3402220480551,8.66721280843758));
#5687=CARTESIAN_POINT('Origin',(342.669143676758,7.98601032446641,10.2079116500311));
#5688=CARTESIAN_POINT('',(342.668825330559,9.67942999808583,8.94525462140531));
#5689=CARTESIAN_POINT('',(342.668492728283,9.54259065084697,8.94185399732496));
#5690=CARTESIAN_POINT('',(342.669143676758,7.98601032446641,8.94341165003114));
#5691=CARTESIAN_POINT('',(343.688059296601,9.46802652232607,9.45906506384715));
#5692=CARTESIAN_POINT('Ctrl Pts',(342.668492728283,9.54259065084697,8.94185399732496));
#5693=CARTESIAN_POINT('Ctrl Pts',(343.061051239466,9.51773594134001,8.94348693000077));
#5694=CARTESIAN_POINT('Ctrl Pts',(343.454169427982,9.49288123183304,9.14082359108667));
#5695=CARTESIAN_POINT('Ctrl Pts',(343.688059296601,9.46802652232608,9.45906506384679));
#5696=CARTESIAN_POINT('',(342.755798014107,9.43492161985437,11.4674345676942));
#5697=CARTESIAN_POINT('Ctrl Pts',(342.756337265071,9.43492161985436,11.4694018514029));
#5698=CARTESIAN_POINT('Ctrl Pts',(342.888918907116,9.4356650975741,11.4602378728783));
#5699=CARTESIAN_POINT('Ctrl Pts',(343.025585790393,9.43823960182212,11.4289657967256));
#5700=CARTESIAN_POINT('Ctrl Pts',(343.308906591102,9.44705456005871,11.3115829993906));
#5701=CARTESIAN_POINT('Ctrl Pts',(343.451049900936,9.45392164770733,11.2142784754739));
#5702=CARTESIAN_POINT('Ctrl Pts',(343.675510337821,9.46680810629257,10.9898180385887));
#5703=CARTESIAN_POINT('Ctrl Pts',(343.772814989105,9.47366533792158,10.8476746560543));
#5704=CARTESIAN_POINT('Ctrl Pts',(343.901883584056,9.48333529156093,10.5361484439639));
#5705=CARTESIAN_POINT('Ctrl Pts',(343.933643676758,9.48601032446641,10.3667597602168));
#5706=CARTESIAN_POINT('Ctrl Pts',(343.933643676758,9.48601032446641,10.0490635398455));
#5707=CARTESIAN_POINT('Ctrl Pts',(343.901883584056,9.48333529156094,9.87967485609841));
#5708=CARTESIAN_POINT('Ctrl Pts',(343.798222742905,9.47556891331435,9.6294740291809));
#5709=CARTESIAN_POINT('Ctrl Pts',(343.747389885806,9.47190617841855,9.53979303295413));
#5710=CARTESIAN_POINT('Ctrl Pts',(343.688059296601,9.46802652232606,9.45906506384717));
#5711=CARTESIAN_POINT('Ctrl Pts',(342.755763990111,9.43492161985437,11.4673104420879));
#5712=CARTESIAN_POINT('Ctrl Pts',(342.988779452302,9.44957066301557,11.4506902477746));
#5713=CARTESIAN_POINT('Ctrl Pts',(343.217998315675,9.46421970617677,11.3727464604158));
#5714=CARTESIAN_POINT('Ctrl Pts',(343.406512488574,9.47886874933797,11.2379334596138));
#5715=CARTESIAN_POINT('Ctrl Pts',(343.743636160055,9.50506592665499,10.9968446698693));
#5716=CARTESIAN_POINT('Ctrl Pts',(343.950582627711,9.53126310397201,10.5738831007591));
#5717=CARTESIAN_POINT('Ctrl Pts',(343.934742424327,9.55746028128903,10.1596268675013));
#5718=CARTESIAN_POINT('Ctrl Pts',(343.918902220943,9.58365745860605,9.7453706342434));
#5719=CARTESIAN_POINT('Ctrl Pts',(343.680275346519,9.60985463592307,9.33981973683785));
#5720=CARTESIAN_POINT('Ctrl Pts',(343.325889828273,9.6360518132401,9.12494320916535));
#5721=CARTESIAN_POINT('Ctrl Pts',(343.13028859573,9.65051120818867,9.00634323401546));
#5722=CARTESIAN_POINT('Ctrl Pts',(342.899422299579,9.66497060313725,8.94583087595398));
#5723=CARTESIAN_POINT('Ctrl Pts',(342.668825330559,9.67942999808583,8.94525462140531));
#5724=CARTESIAN_POINT('Origin',(342.669143676758,7.98601032446641,10.2079116500311));
#5725=CARTESIAN_POINT('',(342.668545357159,10.1794299980858,8.94172598153395));
#5726=CARTESIAN_POINT('',(342.670278372299,10.042590650847,8.94367760541247));
#5727=CARTESIAN_POINT('',(342.669143676758,7.98601032446641,8.94341165003114));
#5728=CARTESIAN_POINT('Ctrl Pts',(342.670278372299,10.042590650847,8.94367760541247));
#5729=CARTESIAN_POINT('Ctrl Pts',(342.779436743352,10.035724234441,8.94271499432923));
#5730=CARTESIAN_POINT('Ctrl Pts',(342.888369395819,10.028857818035,8.95568617344682));
#5731=CARTESIAN_POINT('Ctrl Pts',(342.993373244877,10.021991401629,8.98349074049493));
#5732=CARTESIAN_POINT('Ctrl Pts',(343.396775218792,9.9956121216622,9.09030984600074));
#5733=CARTESIAN_POINT('Ctrl Pts',(343.742190825971,9.96923284169539,9.41605929308792));
#5734=CARTESIAN_POINT('Ctrl Pts',(343.872466251166,9.94285356172859,9.81252140155418));
#5735=CARTESIAN_POINT('Ctrl Pts',(344.002741676361,9.91647428176178,10.2089835100205));
#5736=CARTESIAN_POINT('Ctrl Pts',(343.917876919572,9.89009500179498,10.6761582798658));
#5737=CARTESIAN_POINT('Ctrl Pts',(343.656426859885,9.86371572182817,11.0014187485041));
#5738=CARTESIAN_POINT('Ctrl Pts',(343.394976800199,9.83733644186136,11.3266792171423));
#5739=CARTESIAN_POINT('Ctrl Pts',(342.956941437614,9.81095716189455,11.5100253845735));
#5740=CARTESIAN_POINT('Ctrl Pts',(342.541785322779,9.78457788192774,11.4680999087078));
#5741=CARTESIAN_POINT('Ctrl Pts',(342.126629207944,9.75819860196093,11.426174432842));
#5742=CARTESIAN_POINT('Ctrl Pts',(341.734352340859,9.73181932199412,11.1589773136794));
#5743=CARTESIAN_POINT('Ctrl Pts',(341.543177943504,9.70544004202732,10.7879411395333));
#5744=CARTESIAN_POINT('Ctrl Pts',(341.35200354615,9.67906076206051,10.4169049653872));
#5745=CARTESIAN_POINT('Ctrl Pts',(341.361931618527,9.6526814820937,9.94202973625769));
#5746=CARTESIAN_POINT('Ctrl Pts',(341.569023559371,9.6263022021269,9.57976017366018));
#5747=CARTESIAN_POINT('Ctrl Pts',(341.776115500215,9.59992292216009,9.21749061106267));
#5748=CARTESIAN_POINT('Ctrl Pts',(342.180371309526,9.57354364219328,8.96782671499719));
#5749=CARTESIAN_POINT('Ctrl Pts',(342.596298131318,9.54716436222647,8.94377978278443));
#5750=CARTESIAN_POINT('Ctrl Pts',(342.620336306232,9.54563979176664,8.94239000859244));
#5751=CARTESIAN_POINT('Ctrl Pts',(342.644413464362,9.54411522130681,8.94175383437919));
#5752=CARTESIAN_POINT('Ctrl Pts',(342.668492728283,9.54259065084697,8.94185399732496));
#5753=CARTESIAN_POINT('Ctrl Pts',(342.668825330559,9.67942999808583,8.94525462140531));
#5754=CARTESIAN_POINT('Ctrl Pts',(342.481632363855,9.69116778045427,8.94478683208874));
#5755=CARTESIAN_POINT('Ctrl Pts',(342.294616878192,9.70290556282271,8.98381570272679));
#5756=CARTESIAN_POINT('Ctrl Pts',(342.1267877598,9.71464334519115,9.06333006885058));
#5757=CARTESIAN_POINT('Ctrl Pts',(341.752215371638,9.74084052250817,9.24079561414776));
#5758=CARTESIAN_POINT('Ctrl Pts',(341.473214757379,9.76703769982519,9.6199288626816));
#5759=CARTESIAN_POINT('Ctrl Pts',(341.415102769996,9.79323487714222,10.0303236695921));
#5760=CARTESIAN_POINT('Ctrl Pts',(341.356990782613,9.81943205445924,10.4407184765025));
#5761=CARTESIAN_POINT('Ctrl Pts',(341.519767422105,9.84562923177626,10.8823748417896));
#5762=CARTESIAN_POINT('Ctrl Pts',(341.830314746295,9.87182640909328,11.1568771173269));
#5763=CARTESIAN_POINT('Ctrl Pts',(342.140862070485,9.89802358641029,11.4313793928642));
#5764=CARTESIAN_POINT('Ctrl Pts',(342.599180079373,9.92422076372732,11.5387275786516));
#5765=CARTESIAN_POINT('Ctrl Pts',(342.999330721822,9.95041794104434,11.430676006095));
#5766=CARTESIAN_POINT('Ctrl Pts',(343.399481364271,9.97661511836136,11.3226244335383));
#5767=CARTESIAN_POINT('Ctrl Pts',(343.74146464028,10.0028122956784,10.9991731026376));
#5768=CARTESIAN_POINT('Ctrl Pts',(343.871627178299,10.0290094729954,10.605659170804));
#5769=CARTESIAN_POINT('Ctrl Pts',(344.001789716317,10.0552066503124,10.2121452389704));
#5770=CARTESIAN_POINT('Ctrl Pts',(343.920131516346,10.0814038276294,9.74856870620383));
#5771=CARTESIAN_POINT('Ctrl Pts',(343.663340628369,10.1076010049465,9.4232181026989));
#5772=CARTESIAN_POINT('Ctrl Pts',(343.428645738565,10.1315440026596,9.12586283188426));
#5773=CARTESIAN_POINT('Ctrl Pts',(343.047660639133,10.1554870003727,8.94396915991782));
#5774=CARTESIAN_POINT('Ctrl Pts',(342.668545357159,10.1794299980858,8.94172598153395));
#5775=CARTESIAN_POINT('Origin',(342.669143676758,7.98601032446641,10.2079116500311));
#5776=CARTESIAN_POINT('',(342.670215390032,10.6794299980858,8.94385002477898));
#5777=CARTESIAN_POINT('',(342.668628251683,10.542590650847,8.94517412043115));
#5778=CARTESIAN_POINT('',(342.669143676758,7.98601032446641,8.94341165003114));
#5779=CARTESIAN_POINT('Ctrl Pts',(342.668628251683,10.542590650847,8.94517412043115));
#5780=CARTESIAN_POINT('Ctrl Pts',(342.911908912827,10.5273332475752,8.94607270468232));
#5781=CARTESIAN_POINT('Ctrl Pts',(343.155652442262,10.5120758443034,9.01380072738752));
#5782=CARTESIAN_POINT('Ctrl Pts',(343.358179967464,10.4968184410316,9.14510258613006));
#5783=CARTESIAN_POINT('Ctrl Pts',(343.708339833668,10.4704391610647,9.37211687094819));
#5784=CARTESIAN_POINT('Ctrl Pts',(343.935294082413,10.4440598810979,9.78917028907754));
#5785=CARTESIAN_POINT('Ctrl Pts',(343.935765890784,10.4176806011311,10.2064798744091));
#5786=CARTESIAN_POINT('Ctrl Pts',(343.936237699155,10.3913013211643,10.6237894597406));
#5787=CARTESIAN_POINT('Ctrl Pts',(343.710227067151,10.3649220411975,11.0413552122743));
#5788=CARTESIAN_POINT('Ctrl Pts',(343.360581039985,10.3385427612307,11.2691604269043));
#5789=CARTESIAN_POINT('Ctrl Pts',(343.010935012819,10.3121634812639,11.4969656415344));
#5790=CARTESIAN_POINT('Ctrl Pts',(342.53765359049,10.2857842012971,11.5350103182609));
#5791=CARTESIAN_POINT('Ctrl Pts',(342.156108405652,10.2594049213303,11.3659828085261));
#5792=CARTESIAN_POINT('Ctrl Pts',(341.774563220813,10.2330256413635,11.1969552987913));
#5793=CARTESIAN_POINT('Ctrl Pts',(341.484754273466,10.2066463613967,10.8208556025953));
#5794=CARTESIAN_POINT('Ctrl Pts',(341.418558010382,10.1802670814299,10.4088287879542));
#5795=CARTESIAN_POINT('Ctrl Pts',(341.352361747299,10.153887801463,9.99680197331301));
#5796=CARTESIAN_POINT('Ctrl Pts',(341.50977816848,10.1275085214962,9.54884804022667));
#5797=CARTESIAN_POINT('Ctrl Pts',(341.819180549396,10.1011292415294,9.2688154556457));
#5798=CARTESIAN_POINT('Ctrl Pts',(342.048046782735,10.0816163779686,9.06167418331423));
#5799=CARTESIAN_POINT('Ctrl Pts',(342.360073998587,10.0621035144078,8.94641313696468));
#5800=CARTESIAN_POINT('Ctrl Pts',(342.670278372299,10.042590650847,8.94367760541247));
#5801=CARTESIAN_POINT('Ctrl Pts',(342.668545357159,10.1794299980858,8.94172598153395));
#5802=CARTESIAN_POINT('Ctrl Pts',(342.632852502555,10.1816841776897,8.94151479131368));
#5803=CARTESIAN_POINT('Ctrl Pts',(342.59717622164,10.1839383572936,8.94289598726868));
#5804=CARTESIAN_POINT('Ctrl Pts',(342.561640154993,10.1861925368975,8.94592313547988));
#5805=CARTESIAN_POINT('Ctrl Pts',(342.148654145576,10.2123897142145,8.98110344600912));
#5806=CARTESIAN_POINT('Ctrl Pts',(341.754605702726,10.2385868915316,9.23858874131093));
#5807=CARTESIAN_POINT('Ctrl Pts',(341.5565457839,10.2647840688486,9.60268666998495));
#5808=CARTESIAN_POINT('Ctrl Pts',(341.358485865075,10.2909812461656,9.96678459865898));
#5809=CARTESIAN_POINT('Ctrl Pts',(341.356414470274,10.3171784234826,10.4374951607052));
#5810=CARTESIAN_POINT('Ctrl Pts',(341.55126253043,10.3433756007996,10.8033218726854));
#5811=CARTESIAN_POINT('Ctrl Pts',(341.746110590585,10.3695727781167,11.1691485846655));
#5812=CARTESIAN_POINT('Ctrl Pts',(342.137878105696,10.3957699554337,11.4300914465796));
#5813=CARTESIAN_POINT('Ctrl Pts',(342.55053839048,10.4219671327507,11.46890506807));
#5814=CARTESIAN_POINT('Ctrl Pts',(342.963198675264,10.4481643100677,11.5077186895604));
#5815=CARTESIAN_POINT('Ctrl Pts',(343.39675172972,10.4743614873847,11.3244030706272));
#5816=CARTESIAN_POINT('Ctrl Pts',(343.656396202851,10.5005586647018,11.0013245293787));
#5817=CARTESIAN_POINT('Ctrl Pts',(343.916040675981,10.5267558420188,10.6782459881301));
#5818=CARTESIAN_POINT('Ctrl Pts',(344.001776567785,10.5529530193358,10.2154045245661));
#5819=CARTESIAN_POINT('Ctrl Pts',(343.875081528926,10.5791501966528,9.82076119649865));
#5820=CARTESIAN_POINT('Ctrl Pts',(343.748386490068,10.6053473739698,9.42611786843121));
#5821=CARTESIAN_POINT('Ctrl Pts',(343.409260520546,10.6315445512869,9.09967267586032));
#5822=CARTESIAN_POINT('Ctrl Pts',(343.010077633946,10.6577417286039,8.98810198726456));
#5823=CARTESIAN_POINT('Ctrl Pts',(342.899918361029,10.6649711517645,8.95731272663459));
#5824=CARTESIAN_POINT('Ctrl Pts',(342.785185454956,10.6722005749252,8.94288722897289));
#5825=CARTESIAN_POINT('Ctrl Pts',(342.670215390032,10.6794299980858,8.94385002477898));
#5826=CARTESIAN_POINT('Origin',(342.669143676758,7.98601032446641,10.2079116500311));
#5827=CARTESIAN_POINT('',(342.66833439526,11.1794299980858,8.94471979058315));
#5828=CARTESIAN_POINT('',(342.66841795505,11.042590650847,8.94182679878852));
#5829=CARTESIAN_POINT('',(342.669143676758,7.98601032446641,8.94341165003114));
#5830=CARTESIAN_POINT('Ctrl Pts',(342.66841795505,11.042590650847,8.94182679878852));
#5831=CARTESIAN_POINT('Ctrl Pts',(343.042948970182,11.0189422607093,8.94439783992944));
#5832=CARTESIAN_POINT('Ctrl Pts',(343.419588905632,10.9952938705717,9.12111681707282));
#5833=CARTESIAN_POINT('Ctrl Pts',(343.654613991038,10.9716454804341,9.41218407803644));
#5834=CARTESIAN_POINT('Ctrl Pts',(343.916779512288,10.9452662004673,9.73686346303671));
#5835=CARTESIAN_POINT('Ctrl Pts',(344.002734645307,10.9188869205005,10.2038256346171));
#5836=CARTESIAN_POINT('Ctrl Pts',(343.873364892306,10.8925076405337,10.60057609939));
#5837=CARTESIAN_POINT('Ctrl Pts',(343.743995139304,10.8661283605669,10.9973265641629));
#5838=CARTESIAN_POINT('Ctrl Pts',(343.399300500282,10.8397490806001,11.3238653221285));
#5839=CARTESIAN_POINT('Ctrl Pts',(342.996136742356,10.8133698006332,11.4315985577138));
#5840=CARTESIAN_POINT('Ctrl Pts',(342.592972984429,10.7869905206664,11.5393317932991));
#5841=CARTESIAN_POINT('Ctrl Pts',(342.131340107598,10.7606112406996,11.4282595065043));
#5842=CARTESIAN_POINT('Ctrl Pts',(341.82130749071,10.7342319607328,11.1489259502025));
#5843=CARTESIAN_POINT('Ctrl Pts',(341.511274873822,10.707852680766,10.8695923939007));
#5844=CARTESIAN_POINT('Ctrl Pts',(341.352842516876,10.6814734007992,10.4219975680919));
#5845=CARTESIAN_POINT('Ctrl Pts',(341.418106167404,10.6550941208324,10.0098226978567));
#5846=CARTESIAN_POINT('Ctrl Pts',(341.483369817932,10.6287148408656,9.59764782762146));
#5847=CARTESIAN_POINT('Ctrl Pts',(341.772329475933,10.6023355608988,9.2208929129598));
#5848=CARTESIAN_POINT('Ctrl Pts',(342.153492046765,10.575956280932,9.05100303138241));
#5849=CARTESIAN_POINT('Ctrl Pts',(342.314195565545,10.564834404237,8.97937505984532));
#5850=CARTESIAN_POINT('Ctrl Pts',(342.491288932055,10.553712527542,8.94451909787826));
#5851=CARTESIAN_POINT('Ctrl Pts',(342.668628251683,10.542590650847,8.94517412043115));
#5852=CARTESIAN_POINT('Ctrl Pts',(342.670215390032,10.6794299980858,8.94385002477898));
#5853=CARTESIAN_POINT('Ctrl Pts',(342.36856975685,10.6983977522422,8.94637610102971));
#5854=CARTESIAN_POINT('Ctrl Pts',(342.065291583517,10.7173655063986,9.05483120644109));
#5855=CARTESIAN_POINT('Ctrl Pts',(341.838701031676,10.7363332605549,9.25159758898465));
#5856=CARTESIAN_POINT('Ctrl Pts',(341.525747119684,10.762530437872,9.52336006392109));
#5857=CARTESIAN_POINT('Ctrl Pts',(341.359079099377,10.788727615189,9.9635811984146));
#5858=CARTESIAN_POINT('Ctrl Pts',(341.413583226745,10.814924792506,10.3744635336346));
#5859=CARTESIAN_POINT('Ctrl Pts',(341.468087354113,10.841121969823,10.7853458688546));
#5860=CARTESIAN_POINT('Ctrl Pts',(341.743763629157,10.8673191471401,11.1668894048011));
#5861=CARTESIAN_POINT('Ctrl Pts',(342.116746876265,10.8935163244571,11.3476613365929));
#5862=CARTESIAN_POINT('Ctrl Pts',(342.489730123373,10.9197135017741,11.5284332683847));
#5863=CARTESIAN_POINT('Ctrl Pts',(342.960020342544,10.9459106790911,11.5084335960218));
#5864=CARTESIAN_POINT('Ctrl Pts',(343.316309615262,10.9721078564081,11.2966484504862));
#5865=CARTESIAN_POINT('Ctrl Pts',(343.672598887981,10.9983050337251,11.0848633049506));
#5866=CARTESIAN_POINT('Ctrl Pts',(343.914887214246,11.0245022110422,10.6812926862423));
#5867=CARTESIAN_POINT('Ctrl Pts',(343.934311087904,11.0506993883592,10.2672664710987));
#5868=CARTESIAN_POINT('Ctrl Pts',(343.953734961563,11.0768965656762,9.85324025595517));
#5869=CARTESIAN_POINT('Ctrl Pts',(343.750294382615,11.1030937429932,9.42875844437633));
#5870=CARTESIAN_POINT('Ctrl Pts',(343.415398025327,11.1292909203103,9.184546602659));
#5871=CARTESIAN_POINT('Ctrl Pts',(343.201744033759,11.1460039462354,9.02874665549412));
#5872=CARTESIAN_POINT('Ctrl Pts',(342.93458670697,11.1627169721606,8.94631772898416));
#5873=CARTESIAN_POINT('Ctrl Pts',(342.66833439526,11.1794299980858,8.94471979058315));
#5874=CARTESIAN_POINT('Origin',(342.669143676758,7.98601032446641,10.2079116500311));
#5875=CARTESIAN_POINT('',(342.669143521327,11.6794299980858,8.94135270040138));
#5876=CARTESIAN_POINT('',(342.670265624841,11.542590650847,8.94310380712411));
#5877=CARTESIAN_POINT('',(342.669143676758,7.98601032446641,8.94341165003114));
#5878=CARTESIAN_POINT('Ctrl Pts',(342.670265624841,11.542590650847,8.94310380712411));
#5879=CARTESIAN_POINT('Ctrl Pts',(342.760142586615,11.5369305538103,8.94228216073559));
#5880=CARTESIAN_POINT('Ctrl Pts',(342.849860425781,11.5312704567737,8.95105323856244));
#5881=CARTESIAN_POINT('Ctrl Pts',(342.93737020144,11.5256103597371,8.97001478837199));
#5882=CARTESIAN_POINT('Ctrl Pts',(343.345215660098,11.4992310797702,9.05838642366244));
#5883=CARTESIAN_POINT('Ctrl Pts',(343.705099958523,11.4728517998034,9.36810443703554));
#5884=CARTESIAN_POINT('Ctrl Pts',(343.853255157641,11.4464725198366,9.7582294183411));
#5885=CARTESIAN_POINT('Ctrl Pts',(344.001410356758,11.4200932398698,10.1483543996467));
#5886=CARTESIAN_POINT('Ctrl Pts',(343.937836456568,11.393713959903,10.6188863488847));
#5887=CARTESIAN_POINT('Ctrl Pts',(343.691463217755,11.3673346799362,10.955706317509));
#5888=CARTESIAN_POINT('Ctrl Pts',(343.445089978942,11.3409553999694,11.2925262861333));
#5889=CARTESIAN_POINT('Ctrl Pts',(343.015917401506,11.3145761200026,11.4956342741439));
#5890=CARTESIAN_POINT('Ctrl Pts',(342.599243554241,11.2881968400358,11.4726045303582));
#5891=CARTESIAN_POINT('Ctrl Pts',(342.182569706977,11.261817560069,11.4495747865725));
#5892=CARTESIAN_POINT('Ctrl Pts',(341.778394589885,11.2354382801022,11.2004073109906));
#5893=CARTESIAN_POINT('Ctrl Pts',(341.570640997883,11.2090590001354,10.8384875560303));
#5894=CARTESIAN_POINT('Ctrl Pts',(341.362887405881,11.1826797201686,10.47656780107));
#5895=CARTESIAN_POINT('Ctrl Pts',(341.351555338968,11.1563004402018,10.0018957667313));
#5896=CARTESIAN_POINT('Ctrl Pts',(341.541801535308,11.1299211602349,9.6304743768625));
#5897=CARTESIAN_POINT('Ctrl Pts',(341.732047731647,11.1035418802681,9.25905298699367));
#5898=CARTESIAN_POINT('Ctrl Pts',(342.123872191238,11.0771626003013,8.99088224159472));
#5899=CARTESIAN_POINT('Ctrl Pts',(342.538972375773,11.0507833203345,8.94799516810535));
#5900=CARTESIAN_POINT('Ctrl Pts',(342.581945226945,11.0480524305053,8.94355532467738));
#5901=CARTESIAN_POINT('Ctrl Pts',(342.625167529377,11.0453215406762,8.94152989781296));
#5902=CARTESIAN_POINT('Ctrl Pts',(342.66841795505,11.042590650847,8.94182679878852));
#5903=CARTESIAN_POINT('Ctrl Pts',(342.66833439526,11.1794299980858,8.94471979058315));
#5904=CARTESIAN_POINT('Ctrl Pts',(342.517244027543,11.1889141494777,8.94381300746813));
#5905=CARTESIAN_POINT('Ctrl Pts',(342.366445095424,11.1983983008695,8.96893565506429));
#5906=CARTESIAN_POINT('Ctrl Pts',(342.225880101908,11.2078824522613,9.02145095700224));
#5907=CARTESIAN_POINT('Ctrl Pts',(341.837610671403,11.2340796295783,9.16650902491863));
#5908=CARTESIAN_POINT('Ctrl Pts',(341.527423946021,11.2602768068954,9.52056703260724));
#5909=CARTESIAN_POINT('Ctrl Pts',(341.434691124248,11.2864739842124,9.92454180595029));
#5910=CARTESIAN_POINT('Ctrl Pts',(341.341958302474,11.3126711615294,10.3285165792933));
#5911=CARTESIAN_POINT('Ctrl Pts',(341.466679384309,11.3388683388464,10.7824081182908));
#5912=CARTESIAN_POINT('Ctrl Pts',(341.752815457606,11.3650655161634,11.0822766583143));
#5913=CARTESIAN_POINT('Ctrl Pts',(342.038951530904,11.3912626934805,11.3821451983377));
#5914=CARTESIAN_POINT('Ctrl Pts',(342.486502595665,11.4174598707975,11.5279907393871));
#5915=CARTESIAN_POINT('Ctrl Pts',(342.894377750311,11.4436570481145,11.4542828567869));
#5916=CARTESIAN_POINT('Ctrl Pts',(343.302252904957,11.4698542254315,11.3805749741866));
#5917=CARTESIAN_POINT('Ctrl Pts',(343.670452149487,11.4960514027485,11.0873136679367));
#5918=CARTESIAN_POINT('Ctrl Pts',(343.833538455872,11.5222485800656,10.706265310894));
#5919=CARTESIAN_POINT('Ctrl Pts',(343.996624762256,11.5484457573826,10.3252169538512));
#5920=CARTESIAN_POINT('Ctrl Pts',(343.954598130493,11.5746429346996,9.85638154601546));
#5921=CARTESIAN_POINT('Ctrl Pts',(343.726341709207,11.6008401120166,9.51041333956132));
#5922=CARTESIAN_POINT('Ctrl Pts',(343.498090068118,11.6270367407064,9.16445237845256));
#5923=CARTESIAN_POINT('Ctrl Pts',(343.083616437558,11.6532333693961,8.94135347255316));
#5924=CARTESIAN_POINT('Ctrl Pts',(342.669143521327,11.6794299980858,8.94135270041366));
#5925=CARTESIAN_POINT('Origin',(342.669143676758,7.98601032446641,10.2079116500311));
#5926=CARTESIAN_POINT('',(342.669953146147,12.1794299980858,8.94471944234736));
#5927=CARTESIAN_POINT('',(342.668922449795,12.042590650847,8.94534360067808));
#5928=CARTESIAN_POINT('',(342.669143676758,7.98601032446641,8.94341165003114));
#5929=CARTESIAN_POINT('Ctrl Pts',(342.668922449795,12.042590650847,8.94534360067808));
#5930=CARTESIAN_POINT('Ctrl Pts',(342.893043424301,12.0285395669445,8.945696021971));
#5931=CARTESIAN_POINT('Ctrl Pts',(343.117331437121,12.0144884830421,9.00256050028196));
#5932=CARTESIAN_POINT('Ctrl Pts',(343.3091506353,12.0004373991396,9.11487679163728));
#5933=CARTESIAN_POINT('Ctrl Pts',(343.669268927021,11.9740581191728,9.32573759889335));
#5934=CARTESIAN_POINT('Ctrl Pts',(343.914948587702,11.947678839206,9.73204223875958));
#5935=CARTESIAN_POINT('Ctrl Pts',(343.934391320296,11.9212995592392,10.1488988618545));
#5936=CARTESIAN_POINT('Ctrl Pts',(343.95383405289,11.8949202792724,10.5657554849494));
#5937=CARTESIAN_POINT('Ctrl Pts',(343.747039857398,11.8685409993056,10.993164091273));
#5938=CARTESIAN_POINT('Ctrl Pts',(343.408111920184,11.8421617193388,11.236629319683));
#5939=CARTESIAN_POINT('Ctrl Pts',(343.06918398297,11.8157824393719,11.480094548093));
#5940=CARTESIAN_POINT('Ctrl Pts',(342.598122304034,11.7894031594051,11.5396163985895));
#5941=CARTESIAN_POINT('Ctrl Pts',(342.209286889257,11.7630238794383,11.3881090248951));
#5942=CARTESIAN_POINT('Ctrl Pts',(341.820451474479,11.7366445994715,11.2366016512007));
#5943=CARTESIAN_POINT('Ctrl Pts',(341.513842323859,11.7102653195047,10.8740650533156));
#5944=CARTESIAN_POINT('Ctrl Pts',(341.428984137176,11.6838860395379,10.4654741182456));
#5945=CARTESIAN_POINT('Ctrl Pts',(341.344125950494,11.6575067595711,10.0568831831756));
#5946=CARTESIAN_POINT('Ctrl Pts',(341.481018727748,11.6311274796043,9.60223791092076));
#5947=CARTESIAN_POINT('Ctrl Pts',(341.77736842582,11.6047481996375,9.30842790339725));
#5948=CARTESIAN_POINT('Ctrl Pts',(342.010131549506,11.5840290167073,9.07765953897438));
#5949=CARTESIAN_POINT('Ctrl Pts',(342.341264690729,11.5633098337771,8.94611150146531));
#5950=CARTESIAN_POINT('Ctrl Pts',(342.670265624841,11.542590650847,8.94310380712411));
#5951=CARTESIAN_POINT('Ctrl Pts',(342.669143521327,11.6794299980858,8.94135270041366));
#5952=CARTESIAN_POINT('Ctrl Pts',(342.254653244758,11.7056277240301,8.94135192824183));
#5953=CARTESIAN_POINT('Ctrl Pts',(341.840163682665,11.7318254499744,9.16447217806034));
#5954=CARTESIAN_POINT('Ctrl Pts',(341.611916792831,11.7580231759187,9.51045707170741));
#5955=CARTESIAN_POINT('Ctrl Pts',(341.383674682896,11.7842203532358,9.85643471981138));
#5956=CARTESIAN_POINT('Ctrl Pts',(341.341667444791,11.8104175305528,10.3252718656986));
#5957=CARTESIAN_POINT('Ctrl Pts',(341.5047695133,11.8366147078698,10.7063134762657));
#5958=CARTESIAN_POINT('Ctrl Pts',(341.667871581809,11.8628118851868,11.0873550868328));
#5959=CARTESIAN_POINT('Ctrl Pts',(342.036082956931,11.8890090625038,11.3806011620798));
#5960=CARTESIAN_POINT('Ctrl Pts',(342.443961160193,11.9152062398209,11.4542921726468));
#5961=CARTESIAN_POINT('Ctrl Pts',(342.851839363456,11.9414034171379,11.5279831832137));
#5962=CARTESIAN_POINT('Ctrl Pts',(343.29938439486,11.9676005944549,11.3821191291008));
#5963=CARTESIAN_POINT('Ctrl Pts',(343.585508063692,11.9937977717719,11.0822387531683));
#5964=CARTESIAN_POINT('Ctrl Pts',(343.871631732524,12.0199949490889,10.7823583772358));
#5965=CARTESIAN_POINT('Ctrl Pts',(343.996334038784,12.046192126406,10.3284616794838));
#5966=CARTESIAN_POINT('Ctrl Pts',(343.903584506467,12.072389303723,9.92449074242246));
#5967=CARTESIAN_POINT('Ctrl Pts',(343.810834974149,12.09858648104,9.52051980536116));
#5968=CARTESIAN_POINT('Ctrl Pts',(343.500633603253,12.124783658357,9.1664746289906));
#5969=CARTESIAN_POINT('Ctrl Pts',(343.112358172669,12.1509808356741,9.02143262217784));
#5970=CARTESIAN_POINT('Ctrl Pts',(342.971807269653,12.1604638898113,8.96892920983927));
#5971=CARTESIAN_POINT('Ctrl Pts',(342.821025928752,12.1699469439486,8.94381253712069));
#5972=CARTESIAN_POINT('Ctrl Pts',(342.669953146147,12.1794299980858,8.94471944234736));
#5973=CARTESIAN_POINT('Origin',(342.669143676758,7.98601032446641,10.2079116500311));
#5974=CARTESIAN_POINT('',(342.668072022278,12.6794299980858,8.94385050994904));
#5975=CARTESIAN_POINT('',(342.668193247257,12.542590650847,8.94230644407087));
#5976=CARTESIAN_POINT('',(342.669143676758,7.98601032446641,8.94341165003114));
#5977=CARTESIAN_POINT('Ctrl Pts',(342.668193247257,12.542590650847,8.94230644407087));
#5978=CARTESIAN_POINT('Ctrl Pts',(343.023971862092,12.5201485800787,8.94528802112623));
#5979=CARTESIAN_POINT('Ctrl Pts',(343.382057069623,12.4977065093104,9.10241124762215));
#5980=CARTESIAN_POINT('Ctrl Pts',(343.617420139904,12.4752644385421,9.36820583363546));
#5981=CARTESIAN_POINT('Ctrl Pts',(343.894075016761,12.4488851585753,9.68063109378643));
#5982=CARTESIAN_POINT('Ctrl Pts',(344.00117008049,12.4225058786085,10.1432028216013));
#5983=CARTESIAN_POINT('Ctrl Pts',(343.889970951885,12.3961265986417,10.5454244245348));
#5984=CARTESIAN_POINT('Ctrl Pts',(343.77877182328,12.3697473186749,10.9476460274682));
#5985=CARTESIAN_POINT('Ctrl Pts',(343.449278502341,12.3433680387081,11.2895175055202));
#5986=CARTESIAN_POINT('Ctrl Pts',(343.051429295181,12.3169887587413,11.4154677831337));
#5987=CARTESIAN_POINT('Ctrl Pts',(342.653580088021,12.2906094787745,11.5414180607473));
#5988=CARTESIAN_POINT('Ctrl Pts',(342.187374994639,12.2642301988077,11.4514471379225));
#5989=CARTESIAN_POINT('Ctrl Pts',(341.864963996722,12.2378509188409,11.1864969303536));
#5990=CARTESIAN_POINT('Ctrl Pts',(341.542552998804,12.2114716388741,10.9215467227847));
#5991=CARTESIAN_POINT('Ctrl Pts',(341.363936096351,12.1850923589072,10.4816172304717));
#5992=CARTESIAN_POINT('Ctrl Pts',(341.410394195817,12.1587130789404,10.0669015338037));
#5993=CARTESIAN_POINT('Ctrl Pts',(341.456852295283,12.1323337989736,9.65218583713567));
#5994=CARTESIAN_POINT('Ctrl Pts',(341.728385396669,12.1059545190068,9.26268393611254));
#5995=CARTESIAN_POINT('Ctrl Pts',(342.101430408743,12.07957523904,9.07564147292393));
#5996=CARTESIAN_POINT('Ctrl Pts',(342.275770726426,12.0672470429757,8.98822831526955));
#5997=CARTESIAN_POINT('Ctrl Pts',(342.472282294841,12.0549188469113,8.94503439187778));
#5998=CARTESIAN_POINT('Ctrl Pts',(342.668922449795,12.042590650847,8.94534360067808));
#5999=CARTESIAN_POINT('Ctrl Pts',(342.669953146147,12.1794299980858,8.94471944234736));
#6000=CARTESIAN_POINT('Ctrl Pts',(342.403683539223,12.1961441212656,8.94631788578672));
#6001=CARTESIAN_POINT('Ctrl Pts',(342.136508569938,12.2128582444453,9.02875845857109));
#6002=CARTESIAN_POINT('Ctrl Pts',(341.922846996781,12.2295723676251,9.18457747275687));
#6003=CARTESIAN_POINT('Ctrl Pts',(341.587960741749,12.2557695449421,9.42880316740362));
#6004=CARTESIAN_POINT('Ctrl Pts',(341.384537721956,12.2819667222592,9.85329339395206));
#6005=CARTESIAN_POINT('Ctrl Pts',(341.40397872197,12.3081638995762,10.2673188053144));
#6006=CARTESIAN_POINT('Ctrl Pts',(341.423419721984,12.3343610768932,10.6813442166768));
#6007=CARTESIAN_POINT('Ctrl Pts',(341.665724741806,12.3605582542102,11.0849048128532));
#6008=CARTESIAN_POINT('Ctrl Pts',(342.022022774904,12.3867554315272,11.2966752200064));
#6009=CARTESIAN_POINT('Ctrl Pts',(342.378320808002,12.4129526088443,11.5084456271596));
#6010=CARTESIAN_POINT('Ctrl Pts',(342.848611854376,12.4391497861613,11.5284258452898));
#6011=CARTESIAN_POINT('Ctrl Pts',(343.221587623268,12.4653469634783,11.3476384852362));
#6012=CARTESIAN_POINT('Ctrl Pts',(343.594563392159,12.4915441407953,11.1668511251826));
#6013=CARTESIAN_POINT('Ctrl Pts',(343.870223883567,12.5177413181123,10.7852961869452));
#6014=CARTESIAN_POINT('Ctrl Pts',(343.924711014889,12.5439384954294,10.3744115969985));
#6015=CARTESIAN_POINT('Ctrl Pts',(343.979198146211,12.5701356727464,9.96352700705173));
#6016=CARTESIAN_POINT('Ctrl Pts',(343.812511917446,12.5963328500634,9.52331276539566));
#6017=CARTESIAN_POINT('Ctrl Pts',(343.499546763359,12.6225300273804,9.25156323722093));
#6018=CARTESIAN_POINT('Ctrl Pts',(343.27296118019,12.6414966842822,9.05481761070761));
#6019=CARTESIAN_POINT('Ctrl Pts',(342.96970049935,12.660463341184,8.9463762175752));
#6020=CARTESIAN_POINT('Ctrl Pts',(342.668072022278,12.6794299980858,8.94385050994904));
#6021=CARTESIAN_POINT('Origin',(342.669143676758,7.98601032446641,10.2079116500311));
#6022=CARTESIAN_POINT('',(342.669741663406,13.1794299980858,8.94172575393134));
#6023=CARTESIAN_POINT('',(342.670164942014,13.042590650847,8.94253673308606));
#6024=CARTESIAN_POINT('',(342.669143676758,7.98601032446641,8.94341165003114));
#6025=CARTESIAN_POINT('Ctrl Pts',(342.670164942014,13.042590650847,8.94253673308606));
#6026=CARTESIAN_POINT('Ctrl Pts',(342.740804955261,13.0381368731797,8.94191699912676));
#6027=CARTESIAN_POINT('Ctrl Pts',(342.81135004989,13.0336830955124,8.9473262124138));
#6028=CARTESIAN_POINT('Ctrl Pts',(342.880816238253,13.0292293178451,8.9591006814067));
#6029=CARTESIAN_POINT('Ctrl Pts',(343.292257528757,13.0028500378783,9.02883968438953));
#6030=CARTESIAN_POINT('Ctrl Pts',(343.665849983646,12.9764707579115,9.32187659963851));
#6031=CARTESIAN_POINT('Ctrl Pts',(343.831587668649,12.9500914779447,9.70486287072266));
#6032=CARTESIAN_POINT('Ctrl Pts',(343.997325353651,12.9237121979779,10.0878491418068));
#6033=CARTESIAN_POINT('Ctrl Pts',(343.955208268766,12.8973329180111,10.5607847687261));
#6034=CARTESIAN_POINT('Ctrl Pts',(343.724402096467,12.8709536380443,10.9084569920884));
#6035=CARTESIAN_POINT('Ctrl Pts',(343.493595924169,12.8445743580774,11.2561292154508));
#6036=CARTESIAN_POINT('Ctrl Pts',(343.074100664456,12.8181950781106,11.4785380352561));
#6037=CARTESIAN_POINT('Ctrl Pts',(342.656810653167,12.7918157981438,11.474474718013));
#6038=CARTESIAN_POINT('Ctrl Pts',(342.239520641878,12.765436518177,11.47041140077));
#6039=CARTESIAN_POINT('Ctrl Pts',(341.824435879012,12.7390572382102,11.2398759464786));
#6040=CARTESIAN_POINT('Ctrl Pts',(341.600443672087,12.7126779582434,10.8877751721172));
#6041=CARTESIAN_POINT('Ctrl Pts',(341.376451465162,12.6862986782766,10.5356743977558));
#6042=CARTESIAN_POINT('Ctrl Pts',(341.343551814179,12.6599193983098,10.0620083033244));
#6043=CARTESIAN_POINT('Ctrl Pts',(341.516715942001,12.633540118343,9.6823220527116));
#6044=CARTESIAN_POINT('Ctrl Pts',(341.689880069824,12.6071608383762,9.3026358020988));
#6045=CARTESIAN_POINT('Ctrl Pts',(342.069107976452,12.5807815584094,9.0169293953046));
#6046=CARTESIAN_POINT('Ctrl Pts',(342.481829274758,12.5544022784426,8.95521558815102));
#6047=CARTESIAN_POINT('Ctrl Pts',(342.543429519122,12.550465069244,8.94600456459364));
#6048=CARTESIAN_POINT('Ctrl Pts',(342.605775886158,12.5465278600455,8.94178335987201));
#6049=CARTESIAN_POINT('Ctrl Pts',(342.668193247257,12.542590650847,8.94230644407087));
#6050=CARTESIAN_POINT('Ctrl Pts',(342.668072022278,12.6794299980858,8.94385050994904));
#6051=CARTESIAN_POINT('Ctrl Pts',(342.553084395699,12.686660518501,8.94288765283361));
#6052=CARTESIAN_POINT('Ctrl Pts',(342.438333978531,12.6938910389163,8.95731760252317));
#6053=CARTESIAN_POINT('Ctrl Pts',(342.328159260402,12.7011215593315,8.98811609309372));
#6054=CARTESIAN_POINT('Ctrl Pts',(341.928980990937,12.7273187366485,9.09970329183465));
#6055=CARTESIAN_POINT('Ctrl Pts',(341.589868531416,12.7535159139655,9.42616250400993));
#6056=CARTESIAN_POINT('Ctrl Pts',(341.463189813886,12.7797130912825,9.82081107712303));
#6057=CARTESIAN_POINT('Ctrl Pts',(341.336511096355,12.8059102685996,10.2154596502361));
#6058=CARTESIAN_POINT('Ctrl Pts',(341.422266120816,12.8321074459166,10.678297584287));
#6059=CARTESIAN_POINT('Ctrl Pts',(341.68192396523,12.8583046232336,11.0013653752684));
#6060=CARTESIAN_POINT('Ctrl Pts',(341.941581809644,12.8845018005506,11.3244331662498));
#6061=CARTESIAN_POINT('Ctrl Pts',(342.375142474012,12.9106989778676,11.5077308141617));
#6062=CARTESIAN_POINT('Ctrl Pts',(342.787801137712,12.9368961551847,11.4689001431911));
#6063=CARTESIAN_POINT('Ctrl Pts',(343.200459801413,12.9630933325017,11.4300694722205));
#6064=CARTESIAN_POINT('Ctrl Pts',(343.592216464447,12.9892905098187,11.1691104823674));
#6065=CARTESIAN_POINT('Ctrl Pts',(343.787049423876,13.0154876871357,10.8032756676553));
#6066=CARTESIAN_POINT('Ctrl Pts',(343.981882383305,13.0416848644527,10.4374408529431));
#6067=CARTESIAN_POINT('Ctrl Pts',(343.979791639129,13.0678820417698,9.96673021337188));
#6068=CARTESIAN_POINT('Ctrl Pts',(343.781716591708,13.0940792190868,9.60264056874513));
#6069=CARTESIAN_POINT('Ctrl Pts',(343.583641544287,13.1202763964038,9.23855092411839));
#6070=CARTESIAN_POINT('Ctrl Pts',(343.189582193621,13.1464735737208,8.98108227443617));
#6071=CARTESIAN_POINT('Ctrl Pts',(342.776594872143,13.1726707510378,8.94591885546682));
#6072=CARTESIAN_POINT('Ctrl Pts',(342.741075990346,13.1749238333872,8.94289463351867));
#6073=CARTESIAN_POINT('Ctrl Pts',(342.705417101731,13.1771769157365,8.94151476365369));
#6074=CARTESIAN_POINT('Ctrl Pts',(342.669741663406,13.1794299980858,8.94172575393134));
#6075=CARTESIAN_POINT('Origin',(342.669143676758,7.98601032446641,10.2079116500311));
#6076=CARTESIAN_POINT('',(342.669480030874,13.6794299980858,8.94523104894506));
#6077=CARTESIAN_POINT('',(342.669232705435,13.542590650847,8.94537389221882));
#6078=CARTESIAN_POINT('',(342.669143676758,7.98601032446641,8.94341165003114));
#6079=CARTESIAN_POINT('Ctrl Pts',(342.669232705435,13.542590650847,8.94537389221882));
#6080=CARTESIAN_POINT('Ctrl Pts',(342.874124631779,13.5297458863139,8.94524441908038));
#6081=CARTESIAN_POINT('Ctrl Pts',(343.078960468596,13.5169011217808,8.99231542536236));
#6082=CARTESIAN_POINT('Ctrl Pts',(343.258797928447,13.5040563572476,9.08691121644173));
#6083=CARTESIAN_POINT('Ctrl Pts',(343.628129938366,13.4776770772808,9.28118249717493));
#6084=CARTESIAN_POINT('Ctrl Pts',(343.892026805045,13.451297797314,9.67589809074265));
#6085=CARTESIAN_POINT('Ctrl Pts',(343.930400360787,13.4249185173472,10.0914398266587));
#6086=CARTESIAN_POINT('Ctrl Pts',(343.968773916529,13.3985392373804,10.5069815625748));
#6087=CARTESIAN_POINT('Ctrl Pts',(343.781624161336,13.3721599574136,10.9433494408392));
#6088=CARTESIAN_POINT('Ctrl Pts',(343.45411493769,13.3457806774468,11.2019711191566));
#6089=CARTESIAN_POINT('Ctrl Pts',(343.126605714043,13.31940139748,11.4605927974741));
#6090=CARTESIAN_POINT('Ctrl Pts',(342.658737021944,13.2930221175132,11.5414682758446));
#6091=CARTESIAN_POINT('Ctrl Pts',(342.263415875641,13.2666428375464,11.4077945860076));
#6092=CARTESIAN_POINT('Ctrl Pts',(341.868094729338,13.2402635575796,11.2741208961705));
#6093=CARTESIAN_POINT('Ctrl Pts',(341.545321128832,13.2138842776128,10.9258980381258));
#6094=CARTESIAN_POINT('Ctrl Pts',(341.44197552311,13.1875049976459,10.5215873285883));
#6095=CARTESIAN_POINT('Ctrl Pts',(341.338629917387,13.1611257176791,10.1172766190509));
#6096=CARTESIAN_POINT('Ctrl Pts',(341.454712306449,13.1347464377123,9.6568780580207));
#6097=CARTESIAN_POINT('Ctrl Pts',(341.737398564039,13.1083671577455,9.34989932286395));
#6098=CARTESIAN_POINT('Ctrl Pts',(341.972357145116,13.086441655446,9.09474971407818));
#6099=CARTESIAN_POINT('Ctrl Pts',(342.322411217294,13.0645161531465,8.94558762142507));
#6100=CARTESIAN_POINT('Ctrl Pts',(342.670164942014,13.042590650847,8.94253673308606));
#6101=CARTESIAN_POINT('Ctrl Pts',(342.669741663406,13.1794299980858,8.94172575393134));
#6102=CARTESIAN_POINT('Ctrl Pts',(342.290609456575,13.2033740930535,8.94396800275415));
#6103=CARTESIAN_POINT('Ctrl Pts',(341.909608147311,13.2273181880212,9.12587990217275));
#6104=CARTESIAN_POINT('Ctrl Pts',(341.674914527394,13.2512622829889,9.42325887875106));
#6105=CARTESIAN_POINT('Ctrl Pts',(341.418136796414,13.2774594603059,9.74862050926112));
#6106=CARTESIAN_POINT('Ctrl Pts',(341.336496626747,13.303656637623,10.2122019585377));
#6107=CARTESIAN_POINT('Ctrl Pts',(341.466676079087,13.32985381494,10.6057096508682));
#6108=CARTESIAN_POINT('Ctrl Pts',(341.596855531426,13.356050992257,10.9992173431988));
#6109=CARTESIAN_POINT('Ctrl Pts',(341.938854605773,13.382248169574,11.3226512785832));
#6110=CARTESIAN_POINT('Ctrl Pts',(342.339008374007,13.408445346891,11.4306881033538));
#6111=CARTESIAN_POINT('Ctrl Pts',(342.73916214224,13.434642524208,11.5387249281243));
#6112=CARTESIAN_POINT('Ctrl Pts',(343.197470604361,13.4608397015251,11.4313646422809));
#6113=CARTESIAN_POINT('Ctrl Pts',(343.508009410907,13.4870368788421,11.1568457114937));
#6114=CARTESIAN_POINT('Ctrl Pts',(343.818548217453,13.5132340561591,10.8823267807066));
#6115=CARTESIAN_POINT('Ctrl Pts',(343.981317368425,13.5394312334761,10.4406492049758));
#6116=CARTESIAN_POINT('Ctrl Pts',(343.923182426493,13.5656284107932,10.030264845797));
#6117=CARTESIAN_POINT('Ctrl Pts',(343.86504748456,13.5918255881102,9.61988048661833));
#6118=CARTESIAN_POINT('Ctrl Pts',(343.586008449724,13.6180227654272,9.24078934399173));
#6119=CARTESIAN_POINT('Ctrl Pts',(343.211441430914,13.6442199427442,9.063322326833));
#6120=CARTESIAN_POINT('Ctrl Pts',(343.043630406824,13.6559566278581,8.98381473434375));
#6121=CARTESIAN_POINT('Ctrl Pts',(342.85664539174,13.667693312972,8.94477632172605));
#6122=CARTESIAN_POINT('Ctrl Pts',(342.669480030874,13.6794299980858,8.94523104894506));
#6123=CARTESIAN_POINT('Origin',(342.669143676758,7.98601032446641,10.2079116500311));
#6124=CARTESIAN_POINT('',(342.668102922854,14.1794299980858,8.94281437832331));
#6125=CARTESIAN_POINT('',(342.668053524644,14.042590650847,8.94285789795829));
#6126=CARTESIAN_POINT('',(342.669143676758,7.98601032446641,8.94341165003114));
#6127=CARTESIAN_POINT('Ctrl Pts',(342.668053524644,14.042590650847,8.94285789795829));
#6128=CARTESIAN_POINT('Ctrl Pts',(343.005088427138,14.0213548994481,8.9459162314335));
#6129=CARTESIAN_POINT('Ctrl Pts',(343.344350090618,14.0001191480491,9.08484134991759));
#6130=CARTESIAN_POINT('Ctrl Pts',(343.578265427481,13.9788833966502,9.32596394710601));
#6131=CARTESIAN_POINT('Ctrl Pts',(343.868837587784,13.9525041166834,9.62548904410242));
#6132=CARTESIAN_POINT('Ctrl Pts',(343.996851127361,13.9261248367166,10.0827138133449));
#6133=CARTESIAN_POINT('Ctrl Pts',(343.904052563754,13.8997455567498,10.4895748345954));
#6134=CARTESIAN_POINT('Ctrl Pts',(343.811254000148,13.8733662767829,10.8964358558459));
#6135=CARTESIAN_POINT('Ctrl Pts',(343.49764333336,13.8469869968161,11.2529331291043));
#6136=CARTESIAN_POINT('Ctrl Pts',(343.105931353622,13.8206077168493,11.396840005323));
#6137=CARTESIAN_POINT('Ctrl Pts',(342.714219373885,13.7942284368825,11.5407468815417));
#6138=CARTESIAN_POINT('Ctrl Pts',(342.244406081199,13.7678491569157,11.4720633607206));
#6139=CARTESIAN_POINT('Ctrl Pts',(341.910283394227,13.7414698769489,11.2220443732047));
#6140=CARTESIAN_POINT('Ctrl Pts',(341.576160707256,13.7150905969821,10.9720253856887));
#6141=CARTESIAN_POINT('Ctrl Pts',(341.377728626,13.6887113170153,10.5406709314781));
#6142=CARTESIAN_POINT('Ctrl Pts',(341.405285096616,13.6623320370485,10.1242719581467));
#6143=CARTESIAN_POINT('Ctrl Pts',(341.432841567232,13.6359527570817,9.7078729848153));
#6144=CARTESIAN_POINT('Ctrl Pts',(341.686386589721,13.6095734771149,9.30642949236323));
#6145=CARTESIAN_POINT('Ctrl Pts',(342.050542677545,13.5831941971481,9.10262123008654));
#6146=CARTESIAN_POINT('Ctrl Pts',(342.237381597983,13.5696596817144,8.99805256578754));
#6147=CARTESIAN_POINT('Ctrl Pts',(342.453338289293,13.5561251662807,8.94551031793421));
#6148=CARTESIAN_POINT('Ctrl Pts',(342.669232705435,13.542590650847,8.94537389221882));
#6149=CARTESIAN_POINT('Ctrl Pts',(342.669480030874,13.6794299980858,8.94523104894506));
#6150=CARTESIAN_POINT('Ctrl Pts',(342.438878015464,13.693890490289,8.94579130759913));
#6151=CARTESIAN_POINT('Ctrl Pts',(342.208002232968,13.7083509824921,9.00630263205443));
#6152=CARTESIAN_POINT('Ctrl Pts',(342.01237662843,13.7228114746953,9.12493952793295));
#6153=CARTESIAN_POINT('Ctrl Pts',(341.657973847539,13.7490086520123,9.3398666378825));
#6154=CARTESIAN_POINT('Ctrl Pts',(341.419263288543,13.7752058293293,9.74556374947245));
#6155=CARTESIAN_POINT('Ctrl Pts',(341.403500916413,13.8014030066463,10.1597455227901));
#6156=CARTESIAN_POINT('Ctrl Pts',(341.387738544284,13.8276001839634,10.5739272961077));
#6157=CARTESIAN_POINT('Ctrl Pts',(341.594924359023,13.8537973612804,10.9965937311529));
#6158=CARTESIAN_POINT('Ctrl Pts',(341.931966901041,13.8799945385974,11.2378349357938));
#6159=CARTESIAN_POINT('Ctrl Pts',(342.269009443059,13.9061917159144,11.4790761404347));
#6160=CARTESIAN_POINT('Ctrl Pts',(342.735908712357,13.9323888932314,11.5388921146712));
#6161=CARTESIAN_POINT('Ctrl Pts',(343.122880388672,13.9585860705485,11.3904067112596));
#6162=CARTESIAN_POINT('Ctrl Pts',(343.509852064986,13.9847832478655,11.241921307848));
#6163=CARTESIAN_POINT('Ctrl Pts',(343.816896148318,14.0109804251825,10.8851345267883));
#6164=CARTESIAN_POINT('Ctrl Pts',(343.906053477081,14.0371776024995,10.4803556185646));
#6165=CARTESIAN_POINT('Ctrl Pts',(343.995210805844,14.0633747798165,10.075576710341));
#6166=CARTESIAN_POINT('Ctrl Pts',(343.866481380039,14.0895719571336,9.62280567495339));
#6167=CARTESIAN_POINT('Ctrl Pts',(343.577705107467,14.1157691344506,9.32547881793019));
#6168=CARTESIAN_POINT('Ctrl Pts',(343.343789996603,14.136989422329,9.08463754622884));
#6169=CARTESIAN_POINT('Ctrl Pts',(343.004862466077,14.1582097102074,8.94578872000333));
#6170=CARTESIAN_POINT('Ctrl Pts',(342.668102922854,14.1794299980858,8.94281437832331));
#6171=CARTESIAN_POINT('Origin',(342.669143676758,7.98601032446641,10.2079116500311));
#6172=CARTESIAN_POINT('',(342.670138065357,14.6794299980858,8.94260075413472));
#6173=CARTESIAN_POINT('',(342.669975238927,14.542590650847,8.94202009400542));
#6174=CARTESIAN_POINT('',(342.669143676758,7.98601032446641,8.94341165003114));
#6175=CARTESIAN_POINT('Ctrl Pts',(342.669975238927,14.542590650847,8.94202009400542));
#6176=CARTESIAN_POINT('Ctrl Pts',(342.721427438552,14.539343192549,8.94162803758525));
#6177=CARTESIAN_POINT('Ctrl Pts',(342.772835598058,14.5360957342511,8.94449510338007));
#6178=CARTESIAN_POINT('Ctrl Pts',(342.823824590897,14.5328482759531,8.95076886966822));
#6179=CARTESIAN_POINT('Ctrl Pts',(343.238010946474,14.5064689959863,9.00173101365207));
#6180=CARTESIAN_POINT('Ctrl Pts',(343.624539004234,14.4800897160195,9.27748091888921));
#6181=CARTESIAN_POINT('Ctrl Pts',(343.807516451328,14.4537104360527,9.65253654354847));
#6182=CARTESIAN_POINT('Ctrl Pts',(343.990493898422,14.4273311560859,10.0275921682077));
#6183=CARTESIAN_POINT('Ctrl Pts',(343.969920734851,14.4009518761191,10.5019535122891));
#6184=CARTESIAN_POINT('Ctrl Pts',(343.755158897994,14.3745725961523,10.8597590637282));
#6185=CARTESIAN_POINT('Ctrl Pts',(343.540397061137,14.3481933161855,11.2175646151673));
#6186=CARTESIAN_POINT('Ctrl Pts',(343.131446550994,14.3218140362187,11.458814373964));
#6187=CARTESIAN_POINT('Ctrl Pts',(342.714403252859,14.2954347562519,11.4737258874903));
#6188=CARTESIAN_POINT('Ctrl Pts',(342.297359954724,14.2690554762851,11.4886374010167));
#6189=CARTESIAN_POINT('Ctrl Pts',(341.872223868596,14.2426761963183,11.2772106692726));
#6190=CARTESIAN_POINT('Ctrl Pts',(341.632456222505,14.2162969163515,10.9356569543507));
#6191=CARTESIAN_POINT('Ctrl Pts',(341.392688576413,14.1899176363846,10.5941032394287));
#6192=CARTESIAN_POINT('Ctrl Pts',(341.338289370358,14.1635383564178,10.1224225413289));
#6193=CARTESIAN_POINT('Ctrl Pts',(341.494013357467,14.137159076451,9.73525655184233));
#6194=CARTESIAN_POINT('Ctrl Pts',(341.649737344576,14.1107797964842,9.34809056235573));
#6195=CARTESIAN_POINT('Ctrl Pts',(342.015584524848,14.0844005165174,9.04543928148233));
#6196=CARTESIAN_POINT('Ctrl Pts',(342.425073505499,14.0580212365506,8.96502635342079));
#6197=CARTESIAN_POINT('Ctrl Pts',(342.504917165859,14.0528777079827,8.94934714636012));
#6198=CARTESIAN_POINT('Ctrl Pts',(342.586420027586,14.0477341794149,8.94211713652705));
#6199=CARTESIAN_POINT('Ctrl Pts',(342.668053524644,14.042590650847,8.94285789795829));
#6200=CARTESIAN_POINT('Ctrl Pts',(342.668102922854,14.1794299980858,8.94281437832331));
#6201=CARTESIAN_POINT('Ctrl Pts',(342.589121194443,14.1844068875244,8.94211679260822));
#6202=CARTESIAN_POINT('Ctrl Pts',(342.51025871927,14.189383776963,8.94889317693869));
#6203=CARTESIAN_POINT('Ctrl Pts',(342.432898221543,14.1943606664016,8.96358064026978));
#6204=CARTESIAN_POINT('Ctrl Pts',(342.02569072753,14.2205578437187,9.0408919982914));
#6205=CARTESIAN_POINT('Ctrl Pts',(341.660098858843,14.2467550210357,9.33739739299348));
#6206=CARTESIAN_POINT('Ctrl Pts',(341.500388073813,14.2729521983527,9.71987283192728));
#6207=CARTESIAN_POINT('Ctrl Pts',(341.340677288783,14.2991493756697,10.1023482708611));
#6208=CARTESIAN_POINT('Ctrl Pts',(341.38684758741,14.3253465529867,10.5707937540266));
#6209=CARTESIAN_POINT('Ctrl Pts',(341.618154097589,14.3515437303038,10.9147302397332));
#6210=CARTESIAN_POINT('Ctrl Pts',(341.849460607767,14.3777409076208,11.2586667254398));
#6211=CARTESIAN_POINT('Ctrl Pts',(342.265903329497,14.4039380849378,11.4780942136874));
#6212=CARTESIAN_POINT('Ctrl Pts',(342.680368594935,14.4301352622548,11.4744208650666));
#6213=CARTESIAN_POINT('Ctrl Pts',(343.094833860372,14.4563324395718,11.4707475164457));
#6214=CARTESIAN_POINT('Ctrl Pts',(343.507321669518,14.4825296168889,11.2439733309563));
#6215=CARTESIAN_POINT('Ctrl Pts',(343.73249590008,14.5087267942059,10.8959911489401));
#6216=CARTESIAN_POINT('Ctrl Pts',(343.957670130642,14.5349239715229,10.5480089669238));
#6217=CARTESIAN_POINT('Ctrl Pts',(343.995530782619,14.5611211488399,10.0788187883808));
#6218=CARTESIAN_POINT('Ctrl Pts',(343.829065754268,14.5873183261569,9.69923415676539));
#6219=CARTESIAN_POINT('Ctrl Pts',(343.662600725917,14.613515503474,9.31964952514998));
#6220=CARTESIAN_POINT('Ctrl Pts',(343.291810017236,14.639712680791,9.02967044046221));
#6221=CARTESIAN_POINT('Ctrl Pts',(342.88329669548,14.665909858108,8.95958876456086));
#6222=CARTESIAN_POINT('Ctrl Pts',(342.81301994739,14.6704165714339,8.94753257931361));
#6223=CARTESIAN_POINT('Ctrl Pts',(342.741626817787,14.6749232847599,8.94198414583748));
#6224=CARTESIAN_POINT('Ctrl Pts',(342.670138065357,14.6794299980858,8.94260075413472));
#6225=CARTESIAN_POINT('Origin',(342.669143676758,7.98601032446641,10.2079116500311));
#6226=CARTESIAN_POINT('',(342.669000503724,15.1794299980858,8.94529040691145));
#6227=CARTESIAN_POINT('',(342.669534348329,15.042590650847,8.94526557897598));
#6228=CARTESIAN_POINT('',(342.669143676758,7.98601032446641,8.94341165003114));
#6229=CARTESIAN_POINT('',(343.020328144581,15.4518251776186,11.4226666539558));
#6230=CARTESIAN_POINT('Ctrl Pts',(342.669000503724,15.1794299980858,8.94529040691145));
#6231=CARTESIAN_POINT('Ctrl Pts',(342.474348534734,15.1916368593124,8.94498230386458));
#6232=CARTESIAN_POINT('Ctrl Pts',(342.279807166638,15.2038437205389,8.98735412292391));
#6233=CARTESIAN_POINT('Ctrl Pts',(342.106722394691,15.2160505817654,9.0731191969582));
#6234=CARTESIAN_POINT('Ctrl Pts',(341.735264705656,15.2422477590825,9.25717985025699));
#6235=CARTESIAN_POINT('Ctrl Pts',(341.462630876293,15.2684449363995,9.64109927475445));
#6236=CARTESIAN_POINT('Ctrl Pts',(341.411968510585,15.2946421137165,10.0524500971854));
#6237=CARTESIAN_POINT('Ctrl Pts',(341.361306144878,15.3208392910335,10.4638009196163));
#6238=CARTESIAN_POINT('Ctrl Pts',(341.532615242826,15.3470364683505,10.9025831399807));
#6239=CARTESIAN_POINT('Ctrl Pts',(341.847395361477,15.3732336456676,11.1712023572172));
#6240=CARTESIAN_POINT('Ctrl Pts',(342.162175480129,15.3994308229846,11.4398215744537));
#6241=CARTESIAN_POINT('Ctrl Pts',(342.620426619484,15.4256280003016,11.5382777885623));
#6242=CARTESIAN_POINT('Ctrl Pts',(343.020328144581,15.4518251776186,11.4226666539557));
#6243=CARTESIAN_POINT('',(343.933643676758,15.4860103244664,10.2079116500311));
#6244=CARTESIAN_POINT('Ctrl Pts',(343.933643676758,15.4860103244664,10.2079116500311));
#6245=CARTESIAN_POINT('Ctrl Pts',(343.933643676758,15.4860103244664,10.3667240098701));
#6246=CARTESIAN_POINT('Ctrl Pts',(343.901897559499,15.4840789896984,10.5360972461855));
#6247=CARTESIAN_POINT('Ctrl Pts',(343.77283938651,15.4770971927507,10.8476332300757));
#6248=CARTESIAN_POINT('Ctrl Pts',(343.675529339434,15.4721464680847,10.9897990369757));
#6249=CARTESIAN_POINT('Ctrl Pts',(343.451031019103,15.4628453406338,11.2142973573065));
#6250=CARTESIAN_POINT('Ctrl Pts',(343.308865232301,15.4578909094002,11.311607370528));
#6251=CARTESIAN_POINT('Ctrl Pts',(343.109702444238,15.4534220749854,11.3941133622823));
#6252=CARTESIAN_POINT('Ctrl Pts',(343.065287132541,15.4525573038271,11.4096690550904));
#6253=CARTESIAN_POINT('Ctrl Pts',(343.020328144581,15.4518251776186,11.4226666539557));
#6254=CARTESIAN_POINT('',(343.655237084088,15.4714750052707,9.4139982523698));
#6255=CARTESIAN_POINT('Ctrl Pts',(343.654661680779,15.4714750052707,9.41562728583462));
#6256=CARTESIAN_POINT('Ctrl Pts',(343.72827915953,15.4748361259041,9.50719964797891));
#6257=CARTESIAN_POINT('Ctrl Pts',(343.79108012144,15.4780839811463,9.61222172773956));
#6258=CARTESIAN_POINT('Ctrl Pts',(343.901897559499,15.4840789896984,9.87972605387679));
#6259=CARTESIAN_POINT('Ctrl Pts',(343.933643676758,15.4860103244664,10.0490992901922));
#6260=CARTESIAN_POINT('Ctrl Pts',(343.933643676758,15.4860103244664,10.2079116500311));
#6261=CARTESIAN_POINT('Ctrl Pts',(343.655237084088,15.4714750052707,9.4139982523698));
#6262=CARTESIAN_POINT('Ctrl Pts',(343.878437644908,15.4487715084664,9.69623465043666));
#6263=CARTESIAN_POINT('Ctrl Pts',(343.979456358576,15.4260680116621,10.0797093461255));
#6264=CARTESIAN_POINT('Ctrl Pts',(343.915528669148,15.4033645148578,10.4332058840864));
#6265=CARTESIAN_POINT('Ctrl Pts',(343.841250841745,15.376985234891,10.8439348666104));
#6266=CARTESIAN_POINT('Ctrl Pts',(343.54429198581,15.3506059549242,11.2141927211129));
#6267=CARTESIAN_POINT('Ctrl Pts',(343.159558688034,15.3242266749574,11.3757248689789));
#6268=CARTESIAN_POINT('Ctrl Pts',(342.774825390259,15.2978473949906,11.537257016845));
#6269=CARTESIAN_POINT('Ctrl Pts',(342.302317650643,15.2714681150238,11.4900634580745));
#6270=CARTESIAN_POINT('Ctrl Pts',(341.957158958688,15.2450888350569,11.2555085955442));
#6271=CARTESIAN_POINT('Ctrl Pts',(341.612000266732,15.2187095550901,11.0209537330139));
#6272=CARTESIAN_POINT('Ctrl Pts',(341.394190622437,15.1923302751233,10.5990375667236));
#6273=CARTESIAN_POINT('Ctrl Pts',(341.402795656692,15.1659509951565,10.1818088006435));
#6274=CARTESIAN_POINT('Ctrl Pts',(341.411400690946,15.1395717151897,9.76458003456341));
#6275=CARTESIAN_POINT('Ctrl Pts',(341.64642040375,15.1131924352229,9.35203866869343));
#6276=CARTESIAN_POINT('Ctrl Pts',(342.000931153837,15.0868131552561,9.13188962387936));
#6277=CARTESIAN_POINT('Ctrl Pts',(342.199033012928,15.0720723204531,9.00886956018789));
#6278=CARTESIAN_POINT('Ctrl Pts',(342.43444730903,15.05733148565,8.94592618947543));
#6279=CARTESIAN_POINT('Ctrl Pts',(342.669534348329,15.042590650847,8.94526557897598));
#6280=CARTESIAN_POINT('Origin',(342.669143676758,16.5902220480551,10.2079116500311));
#6281=CARTESIAN_POINT('',(342.670528283496,9.88179860087768,8.665236180797));
#6282=CARTESIAN_POINT('',(342.668755216351,9.84022204805513,8.66716052692348));
#6283=CARTESIAN_POINT('',(342.669143676758,16.5902220480551,8.66491165003114));
#6284=CARTESIAN_POINT('',(341.162277823248,9.48247773540515,10.5398819793165));
#6285=CARTESIAN_POINT('Ctrl Pts',(342.668755216351,9.84022204805513,8.66716052692348));
#6286=CARTESIAN_POINT('Ctrl Pts',(342.950140050829,9.82576265310655,8.66786369874522));
#6287=CARTESIAN_POINT('Ctrl Pts',(343.74225510699,9.78510608084095,8.87548495270707));
#6288=CARTESIAN_POINT('Ctrl Pts',(344.485338774358,9.71825233125834,10.1383697341247));
#6289=CARTESIAN_POINT('Ctrl Pts',(343.727762500114,9.63966079930727,11.686720152006));
#6290=CARTESIAN_POINT('Ctrl Pts',(342.017097611387,9.56106926735621,11.9034943015071));
#6291=CARTESIAN_POINT('Ctrl Pts',(341.271563597366,9.50867491272217,11.0359474007288));
#6292=CARTESIAN_POINT('Ctrl Pts',(341.162277823248,9.48247773540515,10.5398819793165));
#6293=CARTESIAN_POINT('',(341.260213280734,9.47316902216156,9.57346642780802));
#6294=CARTESIAN_POINT('Ctrl Pts',(341.261889162772,9.47316902216158,9.5750738091385));
#6295=CARTESIAN_POINT('Ctrl Pts',(341.255608547749,9.47373605455108,9.58904014185563));
#6296=CARTESIAN_POINT('Ctrl Pts',(341.24953409222,9.47428823697521,9.60310402219613));
#6297=CARTESIAN_POINT('Ctrl Pts',(341.164916237885,9.48202586767599,9.80731832230071));
#6298=CARTESIAN_POINT('Ctrl Pts',(341.126143676758,9.48601032446641,10.0140333524383));
#6299=CARTESIAN_POINT('Ctrl Pts',(341.126143676758,9.48601032446641,10.316245992827));
#6300=CARTESIAN_POINT('Ctrl Pts',(341.137782243118,9.48484439653983,10.4286926650812));
#6301=CARTESIAN_POINT('Ctrl Pts',(341.162277823248,9.48247773540515,10.5398819793165));
#6302=CARTESIAN_POINT('Ctrl Pts',(342.670528283496,9.88179860087768,8.665236180797));
#6303=CARTESIAN_POINT('Ctrl Pts',(342.80372825703,9.87493218447169,8.6640615592854));
#6304=CARTESIAN_POINT('Ctrl Pts',(343.447320006602,9.8416864880989,8.74069738585506));
#6305=CARTESIAN_POINT('Ctrl Pts',(344.400015984478,9.78206151175929,9.63915183199412));
#6306=CARTESIAN_POINT('Ctrl Pts',(344.089348559271,9.70292367185887,11.3493550819855));
#6307=CARTESIAN_POINT('Ctrl Pts',(342.485816970972,9.62378583195845,12.0205369001261));
#6308=CARTESIAN_POINT('Ctrl Pts',(341.096120649489,9.54720094872602,11.0739532884796));
#6309=CARTESIAN_POINT('Ctrl Pts',(341.073978003748,9.4969953454604,9.99444352654038));
#6310=CARTESIAN_POINT('Ctrl Pts',(341.260123036879,9.47316902216158,9.573379872619));
#6311=CARTESIAN_POINT('Origin',(342.669143676758,16.5902220480551,10.2079116500311));
#6312=CARTESIAN_POINT('',(342.668514731807,10.3817986008777,8.66706229599971));
#6313=CARTESIAN_POINT('',(342.668413580165,10.3402220480551,8.66285472121251));
#6314=CARTESIAN_POINT('',(342.669143676758,16.5902220480551,8.66491165003114));
#6315=CARTESIAN_POINT('Ctrl Pts',(342.668413580165,10.3402220480551,8.66285472121251));
#6316=CARTESIAN_POINT('Ctrl Pts',(343.131027166631,10.316279050342,8.66559194876989));
#6317=CARTESIAN_POINT('Ctrl Pts',(344.104586454785,10.2661388753119,9.13039824713548));
#6318=CARTESIAN_POINT('Ctrl Pts',(344.394941574423,10.1898015229647,10.7787546850584));
#6319=CARTESIAN_POINT('Ctrl Pts',(343.143031266279,10.1112099910136,11.9628244444411));
#6320=CARTESIAN_POINT('Ctrl Pts',(341.46525027526,10.0326184590626,11.5698511332429));
#6321=CARTESIAN_POINT('Ctrl Pts',(340.869368057619,9.95402692711151,9.95306401191915));
#6322=CARTESIAN_POINT('Ctrl Pts',(341.702806376013,9.88989479010904,8.82050673083534));
#6323=CARTESIAN_POINT('Ctrl Pts',(342.440333905457,9.85195983042357,8.66658970927582));
#6324=CARTESIAN_POINT('Ctrl Pts',(342.668755216351,9.84022204805513,8.66716052692348));
#6325=CARTESIAN_POINT('Ctrl Pts',(342.668514731807,10.3817986008777,8.66706229599971));
#6326=CARTESIAN_POINT('Ctrl Pts',(342.965376780162,10.3665411976059,8.66815878907966));
#6327=CARTESIAN_POINT('Ctrl Pts',(343.777039668242,10.3249045143673,8.89369225304532));
#6328=CARTESIAN_POINT('Ctrl Pts',(344.491097398973,10.2568885511618,10.205851945976));
#6329=CARTESIAN_POINT('Ctrl Pts',(343.663732262124,10.1777507112614,11.7344497067339));
#6330=CARTESIAN_POINT('Ctrl Pts',(341.931174172792,10.098612871361,11.8737212042165));
#6331=CARTESIAN_POINT('Ctrl Pts',(340.870260280129,10.0194750314606,10.4969197066354));
#6332=CARTESIAN_POINT('Ctrl Pts',(341.396520810099,9.94720360796613,8.99936009716449));
#6333=CARTESIAN_POINT('Ctrl Pts',(342.292002899045,9.9013114644385,8.66857419992317));
#6334=CARTESIAN_POINT('Ctrl Pts',(342.670528283496,9.88179860087768,8.665236180797));
#6335=CARTESIAN_POINT('Origin',(342.669143676758,16.5902220480551,10.2079116500311));
#6336=CARTESIAN_POINT('',(342.668258118359,10.8817986008777,8.66297774297908));
#6337=CARTESIAN_POINT('',(342.670451429689,10.8402220480551,8.6654465746938));
#6338=CARTESIAN_POINT('',(342.669143676758,16.5902220480551,8.66491165003114));
#6339=CARTESIAN_POINT('Ctrl Pts',(342.670451429689,10.8402220480551,8.6654465746938));
#6340=CARTESIAN_POINT('Ctrl Pts',(342.81074309452,10.8329926248945,8.66427172777502));
#6341=CARTESIAN_POINT('Ctrl Pts',(343.45806998878,10.7995660244168,8.74566086816334));
#6342=CARTESIAN_POINT('Ctrl Pts',(344.399901313697,10.7399422466221,9.65227473989133));
#6343=CARTESIAN_POINT('Ctrl Pts',(344.08604489364,10.6613507146711,11.3466149018823));
#6344=CARTESIAN_POINT('Ctrl Pts',(342.498921849686,10.58275918272,12.017684890053));
#6345=CARTESIAN_POINT('Ctrl Pts',(341.064764611687,10.5041676507689,11.0624421001754));
#6346=CARTESIAN_POINT('Ctrl Pts',(341.072347440104,10.4255761188179,9.33929525026477));
#6347=CARTESIAN_POINT('Ctrl Pts',(342.075393153694,10.3709275845799,8.68386943536507));
#6348=CARTESIAN_POINT('Ctrl Pts',(342.624859547224,10.342476227659,8.6625970173692));
#6349=CARTESIAN_POINT('Ctrl Pts',(342.668413580165,10.3402220480551,8.66285472121251));
#6350=CARTESIAN_POINT('Ctrl Pts',(342.668258118359,10.8817986008777,8.66297774297908));
#6351=CARTESIAN_POINT('Ctrl Pts',(343.125277775416,10.85815021074,8.66611504347765));
#6352=CARTESIAN_POINT('Ctrl Pts',(344.097537184919,10.8081225406356,9.12229791787169));
#6353=CARTESIAN_POINT('Ctrl Pts',(344.401337931182,10.7317155905644,10.772734037508));
#6354=CARTESIAN_POINT('Ctrl Pts',(343.139502040291,10.6525777506639,11.9681060506534));
#6355=CARTESIAN_POINT('Ctrl Pts',(341.449586194619,10.5734399107635,11.561499790809));
#6356=CARTESIAN_POINT('Ctrl Pts',(340.869607246181,10.4943020708631,9.92297353642482));
#6357=CARTESIAN_POINT('Ctrl Pts',(341.723472312331,10.4304216342345,8.80967674491138));
#6358=CARTESIAN_POINT('Ctrl Pts',(342.45211728603,10.3929204775727,8.66626300790233));
#6359=CARTESIAN_POINT('Ctrl Pts',(342.668514731807,10.3817986008777,8.66706229599971));
#6360=CARTESIAN_POINT('Origin',(342.669143676758,16.5902220480551,10.2079116500311));
#6361=CARTESIAN_POINT('',(342.670512728472,11.3817986008777,8.66453600621501));
#6362=CARTESIAN_POINT('',(342.66815615493,11.3402220480551,8.66650790220336));
#6363=CARTESIAN_POINT('',(342.669143676758,16.5902220480551,8.66491165003114));
#6364=CARTESIAN_POINT('Ctrl Pts',(342.668156154929,11.3402220480551,8.66650790220336));
#6365=CARTESIAN_POINT('Ctrl Pts',(342.993049248618,11.3235090221299,8.66845777879707));
#6366=CARTESIAN_POINT('Ctrl Pts',(343.830038086549,11.2805988188877,8.92670295680002));
#6367=CARTESIAN_POINT('Ctrl Pts',(344.484907350756,11.2114914383285,10.2930974738405));
#6368=CARTESIAN_POINT('Ctrl Pts',(343.597953881178,11.1328999063774,11.7704627518165));
#6369=CARTESIAN_POINT('Ctrl Pts',(341.876345795339,11.0543083744264,11.8436762617951));
#6370=CARTESIAN_POINT('Ctrl Pts',(340.867167877444,10.9757168424753,10.4469463069541));
#6371=CARTESIAN_POINT('Ctrl Pts',(341.421171423812,10.9043547336849,8.98365377340884));
#6372=CARTESIAN_POINT('Ctrl Pts',(342.302369806914,10.8591898022115,8.66852900700294));
#6373=CARTESIAN_POINT('Ctrl Pts',(342.670451429689,10.8402220480551,8.6654465746938));
#6374=CARTESIAN_POINT('Ctrl Pts',(342.670512728472,11.3817986008777,8.664536006215));
#6375=CARTESIAN_POINT('Ctrl Pts',(342.78018465573,11.376138503841,8.66353339618932));
#6376=CARTESIAN_POINT('Ctrl Pts',(343.399891201512,11.3440991268376,8.72411771691561));
#6377=CARTESIAN_POINT('Ctrl Pts',(344.372411383546,11.2856804698673,9.56107287184411));
#6378=CARTESIAN_POINT('Ctrl Pts',(344.139684152246,11.2065426299669,11.2835658675126));
#6379=CARTESIAN_POINT('Ctrl Pts',(342.568596875889,11.1274047900665,12.0270904831717));
#6380=CARTESIAN_POINT('Ctrl Pts',(341.089018689238,11.0482669501661,11.1149542676963));
#6381=CARTESIAN_POINT('Ctrl Pts',(341.047534989961,10.9691291102656,9.3773055156569));
#6382=CARTESIAN_POINT('Ctrl Pts',(342.053275901859,10.9136396605028,8.68896081582953));
#6383=CARTESIAN_POINT('Ctrl Pts',(342.615481995929,10.8845294907069,8.66261545100179));
#6384=CARTESIAN_POINT('Ctrl Pts',(342.668258118359,10.8817986008777,8.66297774297908));
#6385=CARTESIAN_POINT('Origin',(342.669143676758,16.5902220480551,10.2079116500311));
#6386=CARTESIAN_POINT('',(342.668873725628,11.8817986008777,8.6672691034501));
#6387=CARTESIAN_POINT('',(342.669143487094,11.8402220480551,8.66239922671852));
#6388=CARTESIAN_POINT('',(342.669143676758,16.5902220480551,8.66491165003114));
#6389=CARTESIAN_POINT('Ctrl Pts',(342.669143487094,11.8402220480551,8.66239922673359));
#6390=CARTESIAN_POINT('Ctrl Pts',(343.174902055497,11.8140254193654,8.66240016893306));
#6391=CARTESIAN_POINT('Ctrl Pts',(344.186431527566,11.7616316133586,9.20687658881694));
#6392=CARTESIAN_POINT('Ctrl Pts',(344.340278835108,11.6830406300349,10.9231470142738));
#6393=CARTESIAN_POINT('Ctrl Pts',(342.992398801154,11.6044490980838,11.9966990796202));
#6394=CARTESIAN_POINT('Ctrl Pts',(341.354032744391,11.5258575661327,11.4627971345688));
#6395=CARTESIAN_POINT('Ctrl Pts',(340.897461856441,11.4472660341817,9.80122027887924));
#6396=CARTESIAN_POINT('Ctrl Pts',(341.791499119605,11.3853875281558,8.78073478967749));
#6397=CARTESIAN_POINT('Ctrl Pts',(342.483788865577,11.349706199447,8.66540140449954));
#6398=CARTESIAN_POINT('Ctrl Pts',(342.668156154929,11.3402220480551,8.66650790220336));
#6399=CARTESIAN_POINT('Ctrl Pts',(342.668873725628,11.8817986008777,8.6672691034501));
#6400=CARTESIAN_POINT('Ctrl Pts',(342.942356259169,11.8677475169752,8.66769914382573));
#6401=CARTESIAN_POINT('Ctrl Pts',(343.729857013386,11.827317153106,8.86735680272191));
#6402=CARTESIAN_POINT('Ctrl Pts',(344.489120500812,11.7605075092699,10.1230255746825));
#6403=CARTESIAN_POINT('Ctrl Pts',(343.73210165468,11.6813696693694,11.687655419421));
#6404=CARTESIAN_POINT('Ctrl Pts',(342.007669458719,11.602231829469,11.9055491686878));
#6405=CARTESIAN_POINT('Ctrl Pts',(340.885254466058,11.5230939895686,10.578398586157));
#6406=CARTESIAN_POINT('Ctrl Pts',(341.350541013942,11.4496162467048,9.03309916655665));
#6407=CARTESIAN_POINT('Ctrl Pts',(342.269050932241,11.4025177838078,8.6682061306661));
#6408=CARTESIAN_POINT('Ctrl Pts',(342.670512728472,11.3817986008777,8.664536006215));
#6409=CARTESIAN_POINT('Origin',(342.669143676758,16.5902220480551,10.2079116500311));
#6410=CARTESIAN_POINT('',(342.667983919764,12.3817986008777,8.66356302781156));
#6411=CARTESIAN_POINT('',(342.670131427859,12.3402220480551,8.66650747727032));
#6412=CARTESIAN_POINT('',(342.669143676758,16.5902220480551,8.66491165003114));
#6413=CARTESIAN_POINT('Ctrl Pts',(342.670131427859,12.3402220480551,8.66650747727032));
#6414=CARTESIAN_POINT('Ctrl Pts',(342.854477259065,12.3307389939179,8.66540083056036));
#6415=CARTESIAN_POINT('Ctrl Pts',(343.546745051447,12.2950587624636,8.7807165816406));
#6416=CARTESIAN_POINT('Ctrl Pts',(344.44080867254,12.2331813536923,9.8011469927073));
#6417=CARTESIAN_POINT('Ctrl Pts',(343.984306517002,12.1545898217412,11.4627427332325));
#6418=CARTESIAN_POINT('Ctrl Pts',(342.345962546761,12.0759982897902,11.9967124497125));
#6419=CARTESIAN_POINT('Ctrl Pts',(340.998038105924,11.9974067578391,10.9232161410386));
#6420=CARTESIAN_POINT('Ctrl Pts',(341.151815492389,11.918815225888,9.20692737210854));
#6421=CARTESIAN_POINT('Ctrl Pts',(342.163353142909,11.8664203226267,8.6624039860286));
#6422=CARTESIAN_POINT('Ctrl Pts',(342.669132895161,11.8402225966824,8.66239922671386));
#6423=CARTESIAN_POINT('Ctrl Pts',(342.669143487094,11.8402220480551,8.66239922673359));
#6424=CARTESIAN_POINT('Ctrl Pts',(342.667983919764,12.3817986008777,8.66356302781157));
#6425=CARTESIAN_POINT('Ctrl Pts',(343.102121051192,12.3593565301094,8.6672012827712));
#6426=CARTESIAN_POINT('Ctrl Pts',(344.052682805172,12.3105351793743,9.08429566876663));
#6427=CARTESIAN_POINT('Ctrl Pts',(344.425224676593,12.2353345486724,10.6934019258328));
#6428=CARTESIAN_POINT('Ctrl Pts',(343.219036789977,12.156196708772,11.9449029712282));
#6429=CARTESIAN_POINT('Ctrl Pts',(341.51238326901,12.0770588688716,11.6155432229038));
#6430=CARTESIAN_POINT('Ctrl Pts',(340.858514038915,11.9979210289712,10.0050777267263));
#6431=CARTESIAN_POINT('Ctrl Pts',(341.67603625166,11.9328342729732,8.8323792440439));
#6432=CARTESIAN_POINT('Ctrl Pts',(342.428924529034,11.894126796942,8.66689179290927));
#6433=CARTESIAN_POINT('Ctrl Pts',(342.668873725628,11.8817986008777,8.6672691034501));
#6434=CARTESIAN_POINT('Origin',(342.669143676758,16.5902220480551,10.2079116500311));
#6435=CARTESIAN_POINT('',(342.67038987074,12.8817986008777,8.66384403686686));
#6436=CARTESIAN_POINT('',(342.66783599557,12.8402220480551,8.66544716672022));
#6437=CARTESIAN_POINT('',(342.669143676758,16.5902220480551,8.66491165003114));
#6438=CARTESIAN_POINT('Ctrl Pts',(342.66783599557,12.8402220480551,8.66544716672022));
#6439=CARTESIAN_POINT('Ctrl Pts',(343.035896683685,12.8212553911533,8.66852914921699));
#6440=CARTESIAN_POINT('Ctrl Pts',(343.917073808742,12.7760915569345,8.98362464650623));
#6441=CARTESIAN_POINT('Ctrl Pts',(344.471129360704,12.7047305453987,10.4468717692546));
#6442=CARTESIAN_POINT('Ctrl Pts',(343.462009222524,12.6261390134476,11.8436434648662));
#6443=CARTESIAN_POINT('Ctrl Pts',(341.740398108512,12.5475474814965,11.7705011716874));
#6444=CARTESIAN_POINT('Ctrl Pts',(340.853383528241,12.4689559495455,10.2931725835497));
#6445=CARTESIAN_POINT('Ctrl Pts',(341.508206666851,12.3998474717317,8.92672928356738));
#6446=CARTESIAN_POINT('Ctrl Pts',(342.345217229769,12.3569361712349,8.66845797013464));
#6447=CARTESIAN_POINT('Ctrl Pts',(342.670131427859,12.3402220480551,8.66650747727032));
#6448=CARTESIAN_POINT('Ctrl Pts',(342.67038987074,12.8817986008777,8.66384403686686));
#6449=CARTESIAN_POINT('Ctrl Pts',(342.756588004737,12.8773448232104,8.66308780950491));
#6450=CARTESIAN_POINT('Ctrl Pts',(343.352527233011,12.8465117655763,8.70878287035621));
#6451=CARTESIAN_POINT('Ctrl Pts',(344.341244103348,12.7892994279754,9.48430854799347));
#6452=CARTESIAN_POINT('Ctrl Pts',(344.187064596878,12.710161588075,11.2156007718048));
#6453=CARTESIAN_POINT('Ctrl Pts',(342.651403420753,12.6310237481745,12.0297806269877));
#6454=CARTESIAN_POINT('Ctrl Pts',(341.131887906869,12.5518859082741,11.1858513127016));
#6455=CARTESIAN_POINT('Ctrl Pts',(341.011450987611,12.4727480683737,9.45188504056008));
#6456=CARTESIAN_POINT('Ctrl Pts',(342.006020392483,12.4160522992415,8.70258667404457));
#6457=CARTESIAN_POINT('Ctrl Pts',(342.59181943722,12.3857358100762,8.66292473685163));
#6458=CARTESIAN_POINT('Ctrl Pts',(342.667983919764,12.3817986008777,8.66356302781157));
#6459=CARTESIAN_POINT('Origin',(342.669143676758,16.5902220480551,10.2079116500311));
#6460=CARTESIAN_POINT('',(342.66925231357,13.3817986008777,8.66730606655596));
#6461=CARTESIAN_POINT('',(342.669873367068,13.3402220480551,8.66285444348154));
#6462=CARTESIAN_POINT('',(342.669143676758,16.5902220480551,8.66491165003114));
#6463=CARTESIAN_POINT('Ctrl Pts',(342.669873367068,13.3402220480551,8.66285444348154));
#6464=CARTESIAN_POINT('Ctrl Pts',(342.71340614788,13.3379689657058,8.66259698361723));
#6465=CARTESIAN_POINT('Ctrl Pts',(343.262850944648,13.3095187060395,8.68385850765704));
#6466=CARTESIAN_POINT('Ctrl Pts',(344.265904283855,13.2548712690561,9.33922879228207));
#6467=CARTESIAN_POINT('Ctrl Pts',(344.273557945217,13.176279737105,11.0623759259913));
#6468=CARTESIAN_POINT('Ctrl Pts',(342.839440433801,13.097688205154,12.0176777559872));
#6469=CARTESIAN_POINT('Ctrl Pts',(341.252289531977,13.0190966732029,11.3466735549717));
#6470=CARTESIAN_POINT('Ctrl Pts',(340.938363072326,12.9405051412519,9.65234631359438));
#6471=CARTESIAN_POINT('Ctrl Pts',(341.880174208647,12.8808802662026,8.74567682107549));
#6472=CARTESIAN_POINT('Ctrl Pts',(342.527522901215,12.8474525684704,8.66427224498902));
#6473=CARTESIAN_POINT('Ctrl Pts',(342.66783599557,12.8402220480551,8.66544716672022));
#6474=CARTESIAN_POINT('Ctrl Pts',(342.66925231357,13.3817986008777,8.66730606655596));
#6475=CARTESIAN_POINT('Ctrl Pts',(342.919270694234,13.3689538363446,8.66714807758594));
#6476=CARTESIAN_POINT('Ctrl Pts',(343.682542566862,13.3297297918446,8.84254695148305));
#6477=CARTESIAN_POINT('Ctrl Pts',(344.483379763931,13.2641264673779,10.0403744724059));
#6478=CARTESIAN_POINT('Ctrl Pts',(343.798274017161,13.1849886274775,11.6378018417106));
#6479=CARTESIAN_POINT('Ctrl Pts',(342.085530501363,13.1058507875771,11.9338655739188));
#6480=CARTESIAN_POINT('Ctrl Pts',(340.903941733673,13.0267129476767,10.6591138065096));
#6481=CARTESIAN_POINT('Ctrl Pts',(341.304973176757,12.9520288854435,9.06856849798468));
#6482=CARTESIAN_POINT('Ctrl Pts',(342.246045072604,12.9037241031772,8.66756686858459));
#6483=CARTESIAN_POINT('Ctrl Pts',(342.67038987074,12.8817986008777,8.66384403686686));
#6484=CARTESIAN_POINT('Origin',(342.669143676758,16.5902220480551,10.2079116500311));
#6485=CARTESIAN_POINT('',(342.667813423922,13.8817986008777,8.66423593674654));
#6486=CARTESIAN_POINT('',(342.669554111239,13.8402220480551,8.66713176274304));
#6487=CARTESIAN_POINT('',(342.669143676758,16.5902220480551,8.66491165003114));
#6488=CARTESIAN_POINT('Ctrl Pts',(342.669554111239,13.8402220480551,8.66713176274304));
#6489=CARTESIAN_POINT('Ctrl Pts',(342.897941736242,13.8284853629413,8.66657688405665));
#6490=CARTESIAN_POINT('Ctrl Pts',(343.635396708231,13.7905515005104,8.82054147566027));
#6491=CARTESIAN_POINT('Ctrl Pts',(344.468935536143,13.7264204607625,9.9529536017329));
#6492=CARTESIAN_POINT('Ctrl Pts',(343.873080731992,13.6478289288114,11.5698183688804));
#6493=CARTESIAN_POINT('Ctrl Pts',(342.195334689164,13.5692373968603,11.9628359751826));
#6494=CARTESIAN_POINT('Ctrl Pts',(340.943366547487,13.4906458649093,10.7788298961833));
#6495=CARTESIAN_POINT('Ctrl Pts',(341.233661728668,13.4143074153075,9.1304322831149));
#6496=CARTESIAN_POINT('Ctrl Pts',(342.207239128128,13.3641661430228,8.66559053674654));
#6497=CARTESIAN_POINT('Ctrl Pts',(342.669873367068,13.3402220480551,8.66285444348154));
#6498=CARTESIAN_POINT('Ctrl Pts',(342.667813423922,13.8817986008777,8.66423593674654));
#6499=CARTESIAN_POINT('Ctrl Pts',(343.079078631157,13.8605628494787,8.6679678533557));
#6500=CARTESIAN_POINT('Ctrl Pts',(344.007314447445,13.812947818113,9.04807349050973));
#6501=CARTESIAN_POINT('Ctrl Pts',(344.445480163785,13.7389535067805,10.6130659062069));
#6502=CARTESIAN_POINT('Ctrl Pts',(343.297434472552,13.65981566688,11.9181081188708));
#6503=CARTESIAN_POINT('Ctrl Pts',(341.577572288413,13.5806778269796,11.666675918095));
#6504=CARTESIAN_POINT('Ctrl Pts',(340.851164930457,13.5015399870792,10.0876013680426));
#6505=CARTESIAN_POINT('Ctrl Pts',(341.62867748603,13.4352469117119,8.85654838711138));
#6506=CARTESIAN_POINT('Ctrl Pts',(342.405808198025,13.3953331163114,8.66747253937433));
#6507=CARTESIAN_POINT('Ctrl Pts',(342.66925231357,13.3817986008777,8.66730606655596));
#6508=CARTESIAN_POINT('Origin',(342.669143676758,16.5902220480551,10.2079116500311));
#6509=CARTESIAN_POINT('',(342.670158386467,14.3817986008777,8.66321361053123));
#6510=CARTESIAN_POINT('',(342.667873701848,14.3402220480551,8.66418283212275));
#6511=CARTESIAN_POINT('',(342.669143676758,16.5902220480551,8.66491165003114));
#6512=CARTESIAN_POINT('Ctrl Pts',(342.667873701848,14.3402220480551,8.66418283212274));
#6513=CARTESIAN_POINT('Ctrl Pts',(343.078802903266,14.3190017601767,8.66781225815065));
#6514=CARTESIAN_POINT('Ctrl Pts',(344.002949785005,14.2715842949813,9.04640856040494));
#6515=CARTESIAN_POINT('Ctrl Pts',(344.444352126103,14.1979696524688,10.5989222436737));
#6516=CARTESIAN_POINT('Ctrl Pts',(343.320344959839,14.1193781205178,11.9050242678141));
#6517=CARTESIAN_POINT('Ctrl Pts',(341.611150244473,14.0407865885667,11.6860538093398));
#6518=CARTESIAN_POINT('Ctrl Pts',(340.852697783877,13.9621950566156,10.1387837991978));
#6519=CARTESIAN_POINT('Ctrl Pts',(341.596054245186,13.8953402097785,8.87542297216889));
#6520=CARTESIAN_POINT('Ctrl Pts',(342.388163118927,13.8546825402583,8.66781541565187));
#6521=CARTESIAN_POINT('Ctrl Pts',(342.669554111239,13.8402220480551,8.66713176274304));
#6522=CARTESIAN_POINT('Ctrl Pts',(342.670158386467,14.3817986008777,8.66321361053123));
#6523=CARTESIAN_POINT('Ctrl Pts',(342.732942683835,14.3785511425797,8.66273520558356));
#6524=CARTESIAN_POINT('Ctrl Pts',(343.305236964924,14.348924404315,8.69465242210406));
#6525=CARTESIAN_POINT('Ctrl Pts',(344.306619187568,14.2929183860834,9.40904054337154));
#6526=CARTESIAN_POINT('Ctrl Pts',(344.231306277981,14.213780546183,11.1455519405663));
#6527=CARTESIAN_POINT('Ctrl Pts',(342.734246640614,14.1346427062826,12.0287034893761));
#6528=CARTESIAN_POINT('Ctrl Pts',(341.17793589116,14.0555048663821,11.2547261534779));
#6529=CARTESIAN_POINT('Ctrl Pts',(340.978794788092,13.9763670264817,9.52802789210668));
#6530=CARTESIAN_POINT('Ctrl Pts',(341.95868652668,13.9184649379802,8.71740119934451));
#6531=CARTESIAN_POINT('Ctrl Pts',(342.568200544554,13.8869421294456,8.66333202619817));
#6532=CARTESIAN_POINT('Ctrl Pts',(342.667813423922,13.8817986008777,8.66423593674654));
#6533=CARTESIAN_POINT('Origin',(342.669143676758,16.5902220480551,10.2079116500311));
#6534=CARTESIAN_POINT('',(342.669620391851,14.8817986008777,8.66717389784603));
#6535=CARTESIAN_POINT('',(342.670357074629,14.8402220480551,8.66392215824137));
#6536=CARTESIAN_POINT('',(342.669143676758,16.5902220480551,8.66491165003114));
#6537=CARTESIAN_POINT('Ctrl Pts',(342.670357074629,14.8402220480551,8.66392215824137));
#6538=CARTESIAN_POINT('Ctrl Pts',(342.757590878504,14.8357153347292,8.6631697449534));
#6539=CARTESIAN_POINT('Ctrl Pts',(343.351113108583,14.8050114440862,8.7092962928227));
#6540=CARTESIAN_POINT('Ctrl Pts',(344.333860395102,14.7481103761262,9.47785966820561));
#6541=CARTESIAN_POINT('Ctrl Pts',(344.195262563544,14.6695188441752,11.1954407963003));
#6542=CARTESIAN_POINT('Ctrl Pts',(342.685253810254,14.5909273122241,12.0256011004762));
#6543=CARTESIAN_POINT('Ctrl Pts',(341.160767168192,14.5123357802731,11.22233511147));
#6544=CARTESIAN_POINT('Ctrl Pts',(340.991749918413,14.433744248322,9.50748011615703));
#6545=CARTESIAN_POINT('Ctrl Pts',(341.968724777609,14.3763730042494,8.71512574219267));
#6546=CARTESIAN_POINT('Ctrl Pts',(342.571496630327,14.3451989374937,8.66333160653287));
#6547=CARTESIAN_POINT('Ctrl Pts',(342.667873701848,14.3402220480551,8.66418283212274));
#6548=CARTESIAN_POINT('Ctrl Pts',(342.669620391851,14.8817986008777,8.66717389784603));
#6549=CARTESIAN_POINT('Ctrl Pts',(342.896110200239,14.8701601557139,8.66653744614762));
#6550=CARTESIAN_POINT('Ctrl Pts',(343.635140484182,14.8321424305833,8.81921599687226));
#6551=CARTESIAN_POINT('Ctrl Pts',(344.473884096512,14.767745425486,9.95807340485482));
#6552=CARTESIAN_POINT('Ctrl Pts',(343.862113167929,14.6886075855855,11.5849898078474));
#6553=CARTESIAN_POINT('Ctrl Pts',(342.164597579858,14.6094697456851,11.9586138316731));
#6554=CARTESIAN_POINT('Ctrl Pts',(340.926279479458,14.5303319057847,10.7388956404145));
#6555=CARTESIAN_POINT('Ctrl Pts',(341.259890143746,14.4544415241822,9.10580497944654));
#6556=CARTESIAN_POINT('Ctrl Pts',(342.222942429536,14.4049304225465,8.66662131493253));
#6557=CARTESIAN_POINT('Ctrl Pts',(342.670158386467,14.3817986008777,8.66321361053123));
#6558=CARTESIAN_POINT('Origin',(342.669143676758,16.5902220480551,10.2079116500311));
#6559=CARTESIAN_POINT('',(342.667648968094,15.3817986008777,8.6654541632544));
#6560=CARTESIAN_POINT('',(342.668968970557,15.3402220480551,8.667204194014));
#6561=CARTESIAN_POINT('',(342.669143676758,16.5902220480551,8.66491165003114));
#6562=CARTESIAN_POINT('',(341.212904063919,15.4799859845898,9.69779873115955));
#6563=CARTESIAN_POINT('Ctrl Pts',(341.212904063919,15.4799859845898,9.69779873115957));
#6564=CARTESIAN_POINT('Ctrl Pts',(341.382002317988,15.453606704623,9.21506722814059));
#6565=CARTESIAN_POINT('Ctrl Pts',(341.911790430592,15.4208775767189,8.73387569539214));
#6566=CARTESIAN_POINT('Ctrl Pts',(342.544583746284,15.3881484488149,8.66436087240256));
#6567=CARTESIAN_POINT('Ctrl Pts',(342.667648968094,15.3817986008777,8.6654541632544));
#6568=CARTESIAN_POINT('',(341.126143676758,15.4860103244664,10.2079116500312));
#6569=CARTESIAN_POINT('Ctrl Pts',(341.126143676758,15.4860103244664,10.2079116500311));
#6570=CARTESIAN_POINT('Ctrl Pts',(341.126143676758,15.4860103244664,10.0411537944125));
#6571=CARTESIAN_POINT('Ctrl Pts',(341.154430437591,15.4839292886068,9.86472571499926));
#6572=CARTESIAN_POINT('Ctrl Pts',(341.212904063919,15.4799859845898,9.69779873115956));
#6573=CARTESIAN_POINT('',(341.165502458312,15.483234403357,10.5541948956417));
#6574=CARTESIAN_POINT('Ctrl Pts',(341.165502458312,15.483234403357,10.5541948956417));
#6575=CARTESIAN_POINT('Ctrl Pts',(341.138821519798,15.4850919827732,10.4383401455065));
#6576=CARTESIAN_POINT('Ctrl Pts',(341.126143676758,15.4860103244664,10.3208826403532));
#6577=CARTESIAN_POINT('Ctrl Pts',(341.126143676758,15.4860103244664,10.2079116500311));
#6578=CARTESIAN_POINT('Ctrl Pts',(341.166912878515,15.483234403357,10.5527677578911));
#6579=CARTESIAN_POINT('Ctrl Pts',(341.125237567974,15.4739676567999,10.3775082318637));
#6580=CARTESIAN_POINT('Ctrl Pts',(341.079223099313,15.4385037329258,9.68197588598481));
#6581=CARTESIAN_POINT('Ctrl Pts',(341.68459832064,15.3908329478252,8.82949434647854));
#6582=CARTESIAN_POINT('Ctrl Pts',(342.431445848255,15.3524289092817,8.66682823276346));
#6583=CARTESIAN_POINT('Ctrl Pts',(342.668968970557,15.3402220480551,8.667204194014));
#6584=CARTESIAN_POINT('Origin',(343.223190307617,-53.2139896755336,10.2079116500311));
#6585=CARTESIAN_POINT('',(343.222871404984,-54.907409349153,11.4705764260375));
#6586=CARTESIAN_POINT('',(343.222505174297,-54.7705700019141,11.4739518778106));
#6587=CARTESIAN_POINT('',(343.223190307617,-53.2139896755336,11.4724116500311));
#6588=CARTESIAN_POINT('',(344.24210592746,-54.6960058733933,10.9567582362153));
#6589=CARTESIAN_POINT('Ctrl Pts',(343.222505174297,-54.7705700019141,11.4739518778106));
#6590=CARTESIAN_POINT('Ctrl Pts',(343.615070974971,-54.7457152924072,11.4723218160462));
#6591=CARTESIAN_POINT('Ctrl Pts',(344.008216058841,-54.7208605829002,11.2749997089756));
#6592=CARTESIAN_POINT('Ctrl Pts',(344.24210592746,-54.6960058733933,10.9567582362155));
#6593=CARTESIAN_POINT('',(344.487690307617,-54.7139896755336,10.2079116500311));
#6594=CARTESIAN_POINT('Ctrl Pts',(344.487690307617,-54.7139896755336,10.2079116500311));
#6595=CARTESIAN_POINT('Ctrl Pts',(344.487690307617,-54.7139896755336,10.3667597602168));
#6596=CARTESIAN_POINT('Ctrl Pts',(344.455930214915,-54.7113146426281,10.5361484439639));
#6597=CARTESIAN_POINT('Ctrl Pts',(344.352269373765,-54.7035482643816,10.7863492708814));
#6598=CARTESIAN_POINT('Ctrl Pts',(344.301436516665,-54.6998855294858,10.8760302671082));
#6599=CARTESIAN_POINT('Ctrl Pts',(344.24210592746,-54.6960058733933,10.9567582362153));
#6600=CARTESIAN_POINT('',(343.309872631701,-54.6629009709216,8.94839694407072));
#6601=CARTESIAN_POINT('Ctrl Pts',(343.310383895931,-54.6629009709216,8.94642144865936));
#6602=CARTESIAN_POINT('Ctrl Pts',(343.442965537976,-54.6636444486413,8.955585427184));
#6603=CARTESIAN_POINT('Ctrl Pts',(343.579632421252,-54.6662189528893,8.98685750333671));
#6604=CARTESIAN_POINT('Ctrl Pts',(343.862953221962,-54.6750339111259,9.10424030067172));
#6605=CARTESIAN_POINT('Ctrl Pts',(344.005096531795,-54.6819009987745,9.20154482458839));
#6606=CARTESIAN_POINT('Ctrl Pts',(344.22955696868,-54.6947874573598,9.42600526147354));
#6607=CARTESIAN_POINT('Ctrl Pts',(344.326861619965,-54.7016446889888,9.56814864400801));
#6608=CARTESIAN_POINT('Ctrl Pts',(344.455930214915,-54.7113146426281,9.8796748560984));
#6609=CARTESIAN_POINT('Ctrl Pts',(344.487690307617,-54.7139896755336,10.0490635398455));
#6610=CARTESIAN_POINT('Ctrl Pts',(344.487690307617,-54.7139896755336,10.2079116500311));
#6611=CARTESIAN_POINT('Ctrl Pts',(343.309842735297,-54.6629009709216,8.94851246204892));
#6612=CARTESIAN_POINT('Ctrl Pts',(343.542851834534,-54.6775500140828,8.96513132122128));
#6613=CARTESIAN_POINT('Ctrl Pts',(343.772061523324,-54.692199057244,9.04307362245247));
#6614=CARTESIAN_POINT('Ctrl Pts',(343.960571320627,-54.7068481004052,9.1778861174902));
#6615=CARTESIAN_POINT('Ctrl Pts',(344.297687167143,-54.7330452777222,9.41897400276638));
#6616=CARTESIAN_POINT('Ctrl Pts',(344.504641157418,-54.7592424550392,9.84193780269688));
#6617=CARTESIAN_POINT('Ctrl Pts',(344.488801546805,-54.7854396323562,10.2561966347714));
#6618=CARTESIAN_POINT('Ctrl Pts',(344.472961936191,-54.8116368096732,10.6704554668459));
#6619=CARTESIAN_POINT('Ctrl Pts',(344.234328724688,-54.8378339869903,11.0760093310643));
#6620=CARTESIAN_POINT('Ctrl Pts',(343.879939726163,-54.8640311643073,11.2908871274894));
#6621=CARTESIAN_POINT('Ctrl Pts',(343.684336572697,-54.8784905592559,11.4094878029207));
#6622=CARTESIAN_POINT('Ctrl Pts',(343.453469225927,-54.8929499542044,11.4700003439613));
#6623=CARTESIAN_POINT('Ctrl Pts',(343.222871404984,-54.907409349153,11.4705764260375));
#6624=CARTESIAN_POINT('Origin',(343.223190307617,-53.2139896755336,10.2079116500311));
#6625=CARTESIAN_POINT('',(343.222591991225,-55.407409349153,11.4741049972556));
#6626=CARTESIAN_POINT('',(343.22432478567,-55.2705700019141,11.4721536217498));
#6627=CARTESIAN_POINT('',(343.223190307617,-53.2139896755336,11.4724116500311));
#6628=CARTESIAN_POINT('Ctrl Pts',(343.22432478567,-55.2705700019141,11.4721536217498));
#6629=CARTESIAN_POINT('Ctrl Pts',(343.333483826424,-55.2637035855082,11.4731162419946));
#6630=CARTESIAN_POINT('Ctrl Pts',(343.442417168716,-55.2568371691022,11.4601449849456));
#6631=CARTESIAN_POINT('Ctrl Pts',(343.547421718642,-55.2499707526962,11.4323402469739));
#6632=CARTESIAN_POINT('Ctrl Pts',(343.950826385139,-55.2235914727294,11.3255204848168));
#6633=CARTESIAN_POINT('Ctrl Pts',(344.2962448479,-55.1972121927626,10.9997690085796));
#6634=CARTESIAN_POINT('Ctrl Pts',(344.426520774089,-55.1708329127958,10.6033043589515));
#6635=CARTESIAN_POINT('Ctrl Pts',(344.556796700277,-55.144453632829,10.2068397093233));
#6636=CARTESIAN_POINT('Ctrl Pts',(344.471930089892,-55.1180743528621,9.73966188630424));
#6637=CARTESIAN_POINT('Ctrl Pts',(344.210478919963,-55.0916950728953,9.41439951290049));
#6638=CARTESIAN_POINT('Ctrl Pts',(343.949027750035,-55.0653157929285,9.08913713949673));
#6639=CARTESIAN_POINT('Ctrl Pts',(343.510992020563,-55.0389365129617,8.90579021570829));
#6640=CARTESIAN_POINT('Ctrl Pts',(343.095832061386,-55.0125572329949,8.94771536607603));
#6641=CARTESIAN_POINT('Ctrl Pts',(342.680672102209,-54.9861779530281,8.98964051644377));
#6642=CARTESIAN_POINT('Ctrl Pts',(342.288387913327,-54.9597986730613,9.25683774096767));
#6643=CARTESIAN_POINT('Ctrl Pts',(342.097212969603,-54.9334193930945,9.62787663578754));
#6644=CARTESIAN_POINT('Ctrl Pts',(341.906038025878,-54.9070401131277,9.99891553060741));
#6645=CARTESIAN_POINT('Ctrl Pts',(341.915972327311,-54.8806608331609,10.4737960957232));
#6646=CARTESIAN_POINT('Ctrl Pts',(342.123057232842,-54.8542815531941,10.8360615502493));
#6647=CARTESIAN_POINT('Ctrl Pts',(342.330142138372,-54.8279022732273,11.1983270047754));
#6648=CARTESIAN_POINT('Ctrl Pts',(342.734377648001,-54.8015229932604,11.4479773487118));
#6649=CARTESIAN_POINT('Ctrl Pts',(343.150309467968,-54.7751437132936,11.4720257019806));
#6650=CARTESIAN_POINT('Ctrl Pts',(343.174347931748,-54.7736191428338,11.4734155583015));
#6651=CARTESIAN_POINT('Ctrl Pts',(343.198425463243,-54.772094572374,11.4740518646566));
#6652=CARTESIAN_POINT('Ctrl Pts',(343.222505174297,-54.7705700019141,11.4739518778106));
#6653=CARTESIAN_POINT('Ctrl Pts',(343.222871404984,-54.907409349153,11.4705764260375));
#6654=CARTESIAN_POINT('Ctrl Pts',(343.035677746709,-54.9191471315214,11.4710440753451));
#6655=CARTESIAN_POINT('Ctrl Pts',(342.848661700412,-54.9308849138899,11.4320148304628));
#6656=CARTESIAN_POINT('Ctrl Pts',(342.680831793051,-54.9426226962583,11.3524999424403));
#6657=CARTESIAN_POINT('Ctrl Pts',(342.306257644013,-54.9688198735753,11.1750332323343));
#6658=CARTESIAN_POINT('Ctrl Pts',(342.027254131486,-54.9950170508924,10.7958980834905));
#6659=CARTESIAN_POINT('Ctrl Pts',(341.969141492884,-55.0212142282094,10.3855008586723));
#6660=CARTESIAN_POINT('Ctrl Pts',(341.911028854282,-55.0474114055264,9.97510363385416));
#6661=CARTESIAN_POINT('Ctrl Pts',(342.073807089605,-55.0736085828434,9.5334443330615));
#6662=CARTESIAN_POINT('Ctrl Pts',(342.384356446833,-55.0998057601604,9.25894033952532));
#6663=CARTESIAN_POINT('Ctrl Pts',(342.69490580406,-55.1260029374775,8.98443634598914));
#6664=CARTESIAN_POINT('Ctrl Pts',(343.153226283192,-55.1522001147945,8.87708765970943));
#6665=CARTESIAN_POINT('Ctrl Pts',(343.553379277106,-55.1783972921115,8.985139920555));
#6666=CARTESIAN_POINT('Ctrl Pts',(343.95353227102,-55.2045944694285,9.09319218140057));
#6667=CARTESIAN_POINT('Ctrl Pts',(344.295517779718,-55.2307916467456,9.41664538937143));
#6668=CARTESIAN_POINT('Ctrl Pts',(344.425681146615,-55.2569888240626,9.81016169004939));
#6669=CARTESIAN_POINT('Ctrl Pts',(344.555844513513,-55.2831860013796,10.2036779907273));
#6670=CARTESIAN_POINT('Ctrl Pts',(344.474185738611,-55.3093831786966,10.6672573841124));
#6671=CARTESIAN_POINT('Ctrl Pts',(344.217393272525,-55.3355803560136,10.9926099729075));
#6672=CARTESIAN_POINT('Ctrl Pts',(343.982696940403,-55.3595233537268,11.2899670581846));
#6673=CARTESIAN_POINT('Ctrl Pts',(343.601709560688,-55.3834663514399,11.4718618134425));
#6674=CARTESIAN_POINT('Ctrl Pts',(343.222591991225,-55.407409349153,11.4741049972556));
#6675=CARTESIAN_POINT('Origin',(343.223190307617,-53.2139896755336,10.2079116500311));
#6676=CARTESIAN_POINT('',(343.22426202758,-55.907409349153,11.4719809461654));
#6677=CARTESIAN_POINT('',(343.222674877434,-55.7705700019142,11.470657094314));
#6678=CARTESIAN_POINT('',(343.223190307617,-53.2139896755336,11.4724116500311));
#6679=CARTESIAN_POINT('Ctrl Pts',(343.222674877434,-55.7705700019142,11.470657094314));
#6680=CARTESIAN_POINT('Ctrl Pts',(343.465957061581,-55.7553125986423,11.4697585048535));
#6681=CARTESIAN_POINT('Ctrl Pts',(343.709702117338,-55.7400551953705,11.4020300580088));
#6682=CARTESIAN_POINT('Ctrl Pts',(343.912230913712,-55.7247977920987,11.2707273759789));
#6683=CARTESIAN_POINT('Ctrl Pts',(344.26239297771,-55.6984185121319,11.0437116677384));
#6684=CARTESIAN_POINT('Ctrl Pts',(344.489348661543,-55.6720392321651,10.6266556330272));
#6685=CARTESIAN_POINT('Ctrl Pts',(344.489820466692,-55.6456599521983,10.2093434331604));
#6686=CARTESIAN_POINT('Ctrl Pts',(344.490292271841,-55.6192806722315,9.79203123329355));
#6687=CARTESIAN_POINT('Ctrl Pts',(344.264280198306,-55.5929013922647,9.37446286827106));
#6688=CARTESIAN_POINT('Ctrl Pts',(343.914631991809,-55.5665221122979,9.14665622431574));
#6689=CARTESIAN_POINT('Ctrl Pts',(343.564983785311,-55.5401428323311,8.91884958036041));
#6690=CARTESIAN_POINT('Ctrl Pts',(343.091699445852,-55.5137635523643,8.88080465747227));
#6691=CARTESIAN_POINT('Ctrl Pts',(342.710151846074,-55.4873842723975,9.04983322867699));
#6692=CARTESIAN_POINT('Ctrl Pts',(342.328604246295,-55.4610049924307,9.21886179988171));
#6693=CARTESIAN_POINT('Ctrl Pts',(342.038793386197,-55.4346257124639,9.59496386517928));
#6694=CARTESIAN_POINT('Ctrl Pts',(341.972596753744,-55.4082464324971,10.0069932602961));
#6695=CARTESIAN_POINT('Ctrl Pts',(341.906400121292,-55.3818671525302,10.4190226554129));
#6696=CARTESIAN_POINT('Ctrl Pts',(342.063817716485,-55.3554878725634,10.8669793803489));
#6697=CARTESIAN_POINT('Ctrl Pts',(342.373221949198,-55.3291085925966,11.1470137187784));
#6698=CARTESIAN_POINT('Ctrl Pts',(342.602089552319,-55.3095957290358,11.354156288439));
#6699=CARTESIAN_POINT('Ctrl Pts',(342.914118508812,-55.290082865475,11.4694180641626));
#6700=CARTESIAN_POINT('Ctrl Pts',(343.22432478567,-55.2705700019141,11.4721536217498));
#6701=CARTESIAN_POINT('Ctrl Pts',(343.222591991225,-55.407409349153,11.4741049972556));
#6702=CARTESIAN_POINT('Ctrl Pts',(343.186898921259,-55.4096635287569,11.474316187987));
#6703=CARTESIAN_POINT('Ctrl Pts',(343.151222424919,-55.4119177083608,11.4729349829892));
#6704=CARTESIAN_POINT('Ctrl Pts',(343.115686143475,-55.4141718879647,11.4699078158919));
#6705=CARTESIAN_POINT('Ctrl Pts',(342.702697637782,-55.4403690652817,11.434727285876));
#6706=CARTESIAN_POINT('Ctrl Pts',(342.308646783667,-55.4665662425987,11.1772404416392));
#6707=CARTESIAN_POINT('Ctrl Pts',(342.110585657903,-55.4927634199158,10.8131403066476));
#6708=CARTESIAN_POINT('Ctrl Pts',(341.912524532139,-55.5189605972328,10.449040171656));
#6709=CARTESIAN_POINT('Ctrl Pts',(341.910453134726,-55.5451577745498,9.97832674590973));
#6710=CARTESIAN_POINT('Ctrl Pts',(342.105302379831,-55.5713549518668,9.61249781216836));
#6711=CARTESIAN_POINT('Ctrl Pts',(342.300151624936,-55.5975521291839,9.24666887842699));
#6712=CARTESIAN_POINT('Ctrl Pts',(342.691921512558,-55.6237493065009,8.98572443669056));
#6713=CARTESIAN_POINT('Ctrl Pts',(343.104584300349,-55.6499464838179,8.94691058055927));
#6714=CARTESIAN_POINT('Ctrl Pts',(343.517247088141,-55.6761436611349,8.90809672442797));
#6715=CARTESIAN_POINT('Ctrl Pts',(343.950802776101,-55.7023408384519,9.09141345390181));
#6716=CARTESIAN_POINT('Ctrl Pts',(344.210448825521,-55.728538015769,9.41449395530448));
#6717=CARTESIAN_POINT('Ctrl Pts',(344.470094874942,-55.754735193086,9.73757445670715));
#6718=CARTESIAN_POINT('Ctrl Pts',(344.555831285821,-55.780932370403,10.2004187300387));
#6719=CARTESIAN_POINT('Ctrl Pts',(344.429135477797,-55.80712954772,10.5950644532659));
#6720=CARTESIAN_POINT('Ctrl Pts',(344.302439669774,-55.833326725037,10.9897101764932));
#6721=CARTESIAN_POINT('Ctrl Pts',(343.963311642846,-55.8595239023541,11.3161573496163));
#6722=CARTESIAN_POINT('Ctrl Pts',(343.564126333932,-55.8857210796711,11.4277287151621));
#6723=CARTESIAN_POINT('Ctrl Pts',(343.453966392549,-55.8929505028317,11.4585181626045));
#6724=CARTESIAN_POINT('Ctrl Pts',(343.33923279022,-55.9001799259924,11.4729437478029));
#6725=CARTESIAN_POINT('Ctrl Pts',(343.22426202758,-55.907409349153,11.4719809461654));
#6726=CARTESIAN_POINT('Origin',(343.223190307617,-53.2139896755336,10.2079116500311));
#6727=CARTESIAN_POINT('',(343.222381021209,-56.407409349153,11.4711111752388));
#6728=CARTESIAN_POINT('',(343.222464581375,-56.2705700019141,11.4740044365634));
#6729=CARTESIAN_POINT('',(343.223190307617,-53.2139896755336,11.4724116500311));
#6730=CARTESIAN_POINT('Ctrl Pts',(343.222464581375,-56.2705700019141,11.4740044365634));
#6731=CARTESIAN_POINT('Ctrl Pts',(343.596997943878,-56.2469216117765,11.4714333793189));
#6732=CARTESIAN_POINT('Ctrl Pts',(343.973640239879,-56.2232732216389,11.2947132945983));
#6733=CARTESIAN_POINT('Ctrl Pts',(344.208666798369,-56.1996248315013,11.0036442093326));
#6734=CARTESIAN_POINT('Ctrl Pts',(344.470833962812,-56.1732455515345,10.6789627893618));
#6735=CARTESIAN_POINT('Ctrl Pts',(344.556789634759,-56.1468662715677,10.2119976909949));
#6736=CARTESIAN_POINT('Ctrl Pts',(344.427419070822,-56.1204869916009,9.81524473958319));
#6737=CARTESIAN_POINT('Ctrl Pts',(344.298048506885,-56.0941077116341,9.41849178817147));
#6738=CARTESIAN_POINT('Ctrl Pts',(343.953351707065,-56.0677284316672,9.09195098371489));
#6739=CARTESIAN_POINT('Ctrl Pts',(343.550185422475,-56.0413491517004,8.98421707284788));
#6740=CARTESIAN_POINT('Ctrl Pts',(343.147019137886,-56.0149698717336,8.87648316198087));
#6741=CARTESIAN_POINT('Ctrl Pts',(342.685383368525,-55.9885905917668,8.98755614470342));
#6742=CARTESIAN_POINT('Ctrl Pts',(342.375348808081,-55.9622113118,9.2668914518538));
#6743=CARTESIAN_POINT('Ctrl Pts',(342.065314247637,-55.9358320318332,9.54622675900418));
#6744=CARTESIAN_POINT('Ctrl Pts',(341.906880896109,-55.9094527518664,9.9938243905824));
#6745=CARTESIAN_POINT('Ctrl Pts',(341.97214495648,-55.8830734718996,10.4060018439712));
#6746=CARTESIAN_POINT('Ctrl Pts',(342.037409016851,-55.8566941919328,10.8181792973601));
#6747=CARTESIAN_POINT('Ctrl Pts',(342.326370489121,-55.830314911966,11.1949365725595));
#6748=CARTESIAN_POINT('Ctrl Pts',(342.707535447337,-55.8039356319992,11.3648275192744));
#6749=CARTESIAN_POINT('Ctrl Pts',(342.868239972672,-55.7928137553042,11.4364559398885));
#6750=CARTESIAN_POINT('Ctrl Pts',(343.045334447613,-55.7816918786092,11.4713121206642));
#6751=CARTESIAN_POINT('Ctrl Pts',(343.222674877434,-55.7705700019142,11.470657094314));
#6752=CARTESIAN_POINT('Ctrl Pts',(343.22426202758,-55.907409349153,11.4719809461654));
#6753=CARTESIAN_POINT('Ctrl Pts',(342.92261456381,-55.9263771033094,11.469454854615));
#6754=CARTESIAN_POINT('Ctrl Pts',(342.619334549843,-55.9453448574657,11.3609990911825));
#6755=CARTESIAN_POINT('Ctrl Pts',(342.392742622868,-55.9643126116221,11.1642315145951));
#6756=CARTESIAN_POINT('Ctrl Pts',(342.07978681162,-55.9905097889391,10.8924673905135));
#6757=CARTESIAN_POINT('Ctrl Pts',(341.913117780024,-56.0167069662562,10.4522435843818));
#6758=CARTESIAN_POINT('Ctrl Pts',(341.967622238191,-56.0429041435732,10.0413587556643));
#6759=CARTESIAN_POINT('Ctrl Pts',(342.022126696359,-56.0691013208902,9.63047392694669));
#6760=CARTESIAN_POINT('Ctrl Pts',(342.29780464429,-56.0952984982072,9.24892807564323));
#6761=CARTESIAN_POINT('Ctrl Pts',(342.670790154852,-56.1214956755243,9.06815504684157));
#6762=CARTESIAN_POINT('Ctrl Pts',(343.043775665414,-56.1476928528413,8.8873820180399));
#6763=CARTESIAN_POINT('Ctrl Pts',(343.514068738607,-56.1738900301583,8.90738181174002));
#6764=CARTESIAN_POINT('Ctrl Pts',(343.870360173498,-56.2000872074753,9.11916824249933));
#6765=CARTESIAN_POINT('Ctrl Pts',(344.22665160839,-56.2262843847923,9.33095467325865));
#6766=CARTESIAN_POINT('Ctrl Pts',(344.46894140498,-56.2524815621093,9.73452774107716));
#6767=CARTESIAN_POINT('Ctrl Pts',(344.488365396509,-56.2786787394264,10.1485564687693));
#6768=CARTESIAN_POINT('Ctrl Pts',(344.507789388038,-56.3048759167434,10.5625851964615));
#6769=CARTESIAN_POINT('Ctrl Pts',(344.304347574506,-56.3310730940604,10.9870695840273));
#6770=CARTESIAN_POINT('Ctrl Pts',(343.969449184881,-56.3572702713775,11.2312829077577));
#6771=CARTESIAN_POINT('Ctrl Pts',(343.755793896741,-56.3739832973026,11.3870838004031));
#6772=CARTESIAN_POINT('Ctrl Pts',(343.488634948689,-56.3906963232278,11.4695132271394));
#6773=CARTESIAN_POINT('Ctrl Pts',(343.222381021209,-56.407409349153,11.4711111752388));
#6774=CARTESIAN_POINT('Origin',(343.223190307617,-53.2139896755336,10.2079116500311));
#6775=CARTESIAN_POINT('',(343.223190152185,-56.907409349153,11.4744782858545));
#6776=CARTESIAN_POINT('',(343.224312262732,-56.7705700019142,11.472727420229));
#6777=CARTESIAN_POINT('',(343.223190307617,-53.2139896755336,11.4724116500311));
#6778=CARTESIAN_POINT('Ctrl Pts',(343.224312262732,-56.7705700019142,11.472727420229));
#6779=CARTESIAN_POINT('Ctrl Pts',(343.314189787818,-56.7649099048775,11.4735490717672));
#6780=CARTESIAN_POINT('Ctrl Pts',(343.403908189298,-56.7592498078409,11.464777938967));
#6781=CARTESIAN_POINT('Ctrl Pts',(343.491418513432,-56.7535897108042,11.4458162703144));
#6782=CARTESIAN_POINT('Ctrl Pts',(343.899266528296,-56.7272104308374,11.3574440811474));
#6783=CARTESIAN_POINT('Ctrl Pts',(344.259153082325,-56.7008311508706,11.0477241265909));
#6784=CARTESIAN_POINT('Ctrl Pts',(344.407309210019,-56.6744518709038,10.6575967001436));
#6785=CARTESIAN_POINT('Ctrl Pts',(344.555465337713,-56.648072590937,10.2674692736962));
#6786=CARTESIAN_POINT('Ctrl Pts',(344.491891039071,-56.6216933109702,9.79693437535801));
#6787=CARTESIAN_POINT('Ctrl Pts',(344.245516256091,-56.5953140310034,9.46011229568628));
#6788=CARTESIAN_POINT('Ctrl Pts',(343.999141473111,-56.5689347510366,9.12329021601454));
#6789=CARTESIAN_POINT('Ctrl Pts',(343.569966205794,-56.5425554710698,8.92018095500926));
#6790=CARTESIAN_POINT('Ctrl Pts',(343.153289746993,-56.516176191103,8.94321084313466));
#6791=CARTESIAN_POINT('Ctrl Pts',(342.736613288193,-56.4897969111362,8.96624073126006));
#6792=CARTESIAN_POINT('Ctrl Pts',(342.332435637911,-56.4634176311694,9.21540976851613));
#6793=CARTESIAN_POINT('Ctrl Pts',(342.124680743789,-56.4370383512026,9.5773317918413));
#6794=CARTESIAN_POINT('Ctrl Pts',(341.916925849667,-56.4106590712358,9.93925381516648));
#6795=CARTESIAN_POINT('Ctrl Pts',(341.905593711707,-56.3842797912689,10.4139288245608));
#6796=CARTESIAN_POINT('Ctrl Pts',(342.095841100442,-56.3579005113021,10.7853525423409));
#6797=CARTESIAN_POINT('Ctrl Pts',(342.286088489178,-56.3315212313353,11.1567762601211));
#6798=CARTESIAN_POINT('Ctrl Pts',(342.677915404609,-56.3051419513685,11.4249486862871));
#6799=CARTESIAN_POINT('Ctrl Pts',(343.093018190796,-56.2787626714017,11.4678360285827));
#6800=CARTESIAN_POINT('Ctrl Pts',(343.135991311302,-56.2760317815725,11.4722758998386));
#6801=CARTESIAN_POINT('Ctrl Pts',(343.17921388463,-56.2733008917433,11.4743013393986));
#6802=CARTESIAN_POINT('Ctrl Pts',(343.222464581375,-56.2705700019141,11.4740044365634));
#6803=CARTESIAN_POINT('Ctrl Pts',(343.222381021209,-56.407409349153,11.4711111752388));
#6804=CARTESIAN_POINT('Ctrl Pts',(343.07128973659,-56.4168935005448,11.4720179638574));
#6805=CARTESIAN_POINT('Ctrl Pts',(342.920489889337,-56.4263776519366,11.4468951638036));
#6806=CARTESIAN_POINT('Ctrl Pts',(342.779924042792,-56.4358618033285,11.3943795431735));
#6807=CARTESIAN_POINT('Ctrl Pts',(342.391652256049,-56.4620589806455,11.2493205949638));
#6808=CARTESIAN_POINT('Ctrl Pts',(342.081463648281,-56.4882561579626,10.8952604386495));
#6809=CARTESIAN_POINT('Ctrl Pts',(341.988730263753,-56.5144533352796,10.4912832137592));
#6810=CARTESIAN_POINT('Ctrl Pts',(341.895996879225,-56.5406505125966,10.0873059888689));
#6811=CARTESIAN_POINT('Ctrl Pts',(342.020718717937,-56.5668476899136,9.63341169540254));
#6812=CARTESIAN_POINT('Ctrl Pts',(342.30685652767,-56.5930448672306,9.33354133560802));
#6813=CARTESIAN_POINT('Ctrl Pts',(342.592994337402,-56.6192420445476,9.03367097581351));
#6814=CARTESIAN_POINT('Ctrl Pts',(343.040548118155,-56.6454392218647,8.88782454969079));
#6815=CARTESIAN_POINT('Ctrl Pts',(343.448425748018,-56.6716363991817,8.96153287959202));
#6816=CARTESIAN_POINT('Ctrl Pts',(343.85630337788,-56.6978335764987,9.03524120949326));
#6817=CARTESIAN_POINT('Ctrl Pts',(344.224504856852,-56.7240307538157,9.32850429541844));
#6818=CARTESIAN_POINT('Ctrl Pts',(344.387592152935,-56.7502279311327,9.70955496487766));
#6819=CARTESIAN_POINT('Ctrl Pts',(344.550679449019,-56.7764251084498,10.0906056343369));
#6820=CARTESIAN_POINT('Ctrl Pts',(344.508652562215,-56.8026222857668,10.5594438873301));
#6821=CARTESIAN_POINT('Ctrl Pts',(344.28039475574,-56.8288194630838,10.9054141933143));
#6822=CARTESIAN_POINT('Ctrl Pts',(344.052141729492,-56.8550160917735,11.2513772539091));
#6823=CARTESIAN_POINT('Ctrl Pts',(343.637665583672,-56.8812127204633,11.4744775136984));
#6824=CARTESIAN_POINT('Ctrl Pts',(343.223190152185,-56.907409349153,11.4744782858426));
#6825=CARTESIAN_POINT('Origin',(343.223190307617,-53.2139896755336,10.2079116500311));
#6826=CARTESIAN_POINT('',(343.223999781919,-57.407409349153,11.4711115234776));
#6827=CARTESIAN_POINT('',(343.222969079268,-57.2705700019142,11.4704876126371));
#6828=CARTESIAN_POINT('',(343.223190307617,-53.2139896755336,11.4724116500311));
#6829=CARTESIAN_POINT('Ctrl Pts',(343.222969079268,-57.2705700019142,11.4704876126371));
#6830=CARTESIAN_POINT('Ctrl Pts',(343.447091458471,-57.2565189180117,11.4701351891353));
#6831=CARTESIAN_POINT('Ctrl Pts',(343.671380877035,-57.2424678341092,11.4132703544215));
#6832=CARTESIAN_POINT('Ctrl Pts',(343.863201277457,-57.2284167502068,11.3009533591144));
#6833=CARTESIAN_POINT('Ctrl Pts',(344.223321826251,-57.20203747024,11.0900912302704));
#6834=CARTESIAN_POINT('Ctrl Pts',(344.469003026749,-57.1756581902732,10.6837840438552));
#6835=CARTESIAN_POINT('Ctrl Pts',(344.488445881203,-57.1492789103064,10.2669248080759));
#6836=CARTESIAN_POINT('Ctrl Pts',(344.507888735656,-57.1228996303396,9.85006557229656));
#6837=CARTESIAN_POINT('Ctrl Pts',(344.301093244064,-57.0965203503728,9.42265428715299));
#6838=CARTESIAN_POINT('Ctrl Pts',(343.96216318259,-57.070141070406,9.1791875328038));
#6839=CARTESIAN_POINT('Ctrl Pts',(343.623233121117,-57.0437617904391,8.93572077845461));
#6840=CARTESIAN_POINT('Ctrl Pts',(343.152168489762,-57.0173825104723,8.87619855489978));
#6841=CARTESIAN_POINT('Ctrl Pts',(342.763330637925,-56.9910032305055,9.02770687817937));
#6842=CARTESIAN_POINT('Ctrl Pts',(342.374492786088,-56.9646239505387,9.17921520145897));
#6843=CARTESIAN_POINT('Ctrl Pts',(342.067881713769,-56.9382446705719,9.54175407157298));
#6844=CARTESIAN_POINT('Ctrl Pts',(341.98302299523,-56.9118653906051,9.9503475675215));
#6845=CARTESIAN_POINT('Ctrl Pts',(341.898164276691,-56.8854861106383,10.35894106347));
#6846=CARTESIAN_POINT('Ctrl Pts',(342.035057911932,-56.8591068306715,10.813589185253));
#6847=CARTESIAN_POINT('Ctrl Pts',(342.331409467402,-56.8327275507047,11.1074010342559));
#6848=CARTESIAN_POINT('Ctrl Pts',(342.56417404995,-56.8120083677745,11.3381708450393));
#6849=CARTESIAN_POINT('Ctrl Pts',(342.895309266579,-56.7912891848443,11.4697197070368));
#6850=CARTESIAN_POINT('Ctrl Pts',(343.224312262732,-56.7705700019142,11.472727420229));
#6851=CARTESIAN_POINT('Ctrl Pts',(343.223190152185,-56.907409349153,11.4744782858426));
#6852=CARTESIAN_POINT('Ctrl Pts',(342.808697360256,-56.9336070750973,11.4744790580191));
#6853=CARTESIAN_POINT('Ctrl Pts',(342.394205282806,-56.9598048010416,11.2513574541809));
#6854=CARTESIAN_POINT('Ctrl Pts',(342.165957007841,-56.9860025269859,10.9053704609022));
#6855=CARTESIAN_POINT('Ctrl Pts',(341.937713512804,-57.012199704303,10.5593907132107));
#6856=CARTESIAN_POINT('Ctrl Pts',(341.895706019777,-57.03839688162,10.0905507221553));
#6857=CARTESIAN_POINT('Ctrl Pts',(342.058809078081,-57.064594058937,9.70950679921285));
#6858=CARTESIAN_POINT('Ctrl Pts',(342.221912136385,-57.090791236254,9.32846287627044));
#6859=CARTESIAN_POINT('Ctrl Pts',(342.590125746021,-57.116988413571,9.03521502144105));
#6860=CARTESIAN_POINT('Ctrl Pts',(342.998006424518,-57.1431855908881,8.96152356367558));
#6861=CARTESIAN_POINT('Ctrl Pts',(343.405887103016,-57.1693827682051,8.88783210591011));
#6862=CARTESIAN_POINT('Ctrl Pts',(343.853434850376,-57.1955799455221,9.03369704520855));
#6863=CARTESIAN_POINT('Ctrl Pts',(344.139560255568,-57.2217771228391,9.33357924098437));
#6864=CARTESIAN_POINT('Ctrl Pts',(344.42568566076,-57.2479743001561,9.63346143676019));
#6865=CARTESIAN_POINT('Ctrl Pts',(344.550388723783,-57.2741714774732,10.0873608890134));
#6866=CARTESIAN_POINT('Ctrl Pts',(344.457638628609,-57.3003686547902,10.4913342775981));
#6867=CARTESIAN_POINT('Ctrl Pts',(344.364888533435,-57.3265658321072,10.8953076661828));
#6868=CARTESIAN_POINT('Ctrl Pts',(344.054685280062,-57.3527630094242,11.2493549910991));
#6869=CARTESIAN_POINT('Ctrl Pts',(343.666407493204,-57.3789601867412,11.3943978781084));
#6870=CARTESIAN_POINT('Ctrl Pts',(343.525855737245,-57.3884432408785,11.4469016090672));
#6871=CARTESIAN_POINT('Ctrl Pts',(343.375073481318,-57.3979262950158,11.4720184342078));
#6872=CARTESIAN_POINT('Ctrl Pts',(343.223999781919,-57.407409349153,11.4711115234776));
#6873=CARTESIAN_POINT('Origin',(343.223190307617,-53.2139896755336,10.2079116500311));
#6874=CARTESIAN_POINT('',(343.222118646634,-57.907409349153,11.4719804611491));
#6875=CARTESIAN_POINT('',(343.22223987216,-57.7705700019142,11.4735247882799));
#6876=CARTESIAN_POINT('',(343.223190307617,-53.2139896755336,11.4724116500311));
#6877=CARTESIAN_POINT('Ctrl Pts',(343.22223987216,-57.7705700019142,11.4735247882799));
#6878=CARTESIAN_POINT('Ctrl Pts',(343.578020716868,-57.7481279311459,11.4705431925373));
#6879=CARTESIAN_POINT('Ctrl Pts',(343.936108168728,-57.7256858603776,11.3134189812583));
#6880=CARTESIAN_POINT('Ctrl Pts',(344.171472714167,-57.7032437896093,11.047622729355));
#6881=CARTESIAN_POINT('Ctrl Pts',(344.448129324982,-57.6768645096425,10.7351955110522));
#6882=CARTESIAN_POINT('Ctrl Pts',(344.555225059938,-57.6504852296757,10.2726208840296));
#6883=CARTESIAN_POINT('Ctrl Pts',(344.444025234383,-57.6241059497089,9.87039676013791));
#6884=CARTESIAN_POINT('Ctrl Pts',(344.332825408828,-57.5977266697421,9.46817263624624));
#6885=CARTESIAN_POINT('Ctrl Pts',(344.003330022762,-57.5713473897753,9.1262990154855));
#6886=CARTESIAN_POINT('Ctrl Pts',(343.605478322048,-57.5449681098085,9.00034794846768));
#6887=CARTESIAN_POINT('Ctrl Pts',(343.207626621334,-57.5185888298417,8.87439688144985));
#6888=CARTESIAN_POINT('Ctrl Pts',(342.741418605973,-57.4922095498749,8.96436836817493));
#6889=CARTESIAN_POINT('Ctrl Pts',(342.419005587317,-57.4658302699081,9.22932023634171));
#6890=CARTESIAN_POINT('Ctrl Pts',(342.096592568661,-57.4394509899413,9.49427210450849));
#6891=CARTESIAN_POINT('Ctrl Pts',(341.917974546711,-57.4130717099744,9.93420435411696));
#6892=CARTESIAN_POINT('Ctrl Pts',(341.964432937357,-57.3866924300076,10.348922650051));
#6893=CARTESIAN_POINT('Ctrl Pts',(342.010891328003,-57.3603131500408,10.763640945985));
#6894=CARTESIAN_POINT('Ctrl Pts',(342.282426131245,-57.333933870074,11.1531452882447));
#6895=CARTESIAN_POINT('Ctrl Pts',(342.655473481411,-57.3075545901072,11.340188923738));
#6896=CARTESIAN_POINT('Ctrl Pts',(342.829814891787,-57.2952263940429,11.4276026292619));
#6897=CARTESIAN_POINT('Ctrl Pts',(343.026327691855,-57.2828981979785,11.4707968233754));
#6898=CARTESIAN_POINT('Ctrl Pts',(343.222969079268,-57.2705700019142,11.4704876126371));
#6899=CARTESIAN_POINT('Ctrl Pts',(343.223999781919,-57.407409349153,11.4711115234776));
#6900=CARTESIAN_POINT('Ctrl Pts',(342.95772855912,-57.4241234723328,11.469513070338));
#6901=CARTESIAN_POINT('Ctrl Pts',(342.690551968467,-57.4408375955126,11.3870719972576));
#6902=CARTESIAN_POINT('Ctrl Pts',(342.476889098691,-57.4575517186923,11.231252037474));
#6903=CARTESIAN_POINT('Ctrl Pts',(342.14200081138,-57.4837488960094,10.9870248607279));
#6904=CARTESIAN_POINT('Ctrl Pts',(341.938576557102,-57.5099460733263,10.5625320581333));
#6905=CARTESIAN_POINT('Ctrl Pts',(341.958017675095,-57.5361432506433,10.1485041342313));
#6906=CARTESIAN_POINT('Ctrl Pts',(341.977458793088,-57.5623404279604,9.73447621032922));
#6907=CARTESIAN_POINT('Ctrl Pts',(342.219765283353,-57.5885376052774,9.33091316511972));
#6908=CARTESIAN_POINT('Ctrl Pts',(342.576065478669,-57.6147347825944,9.11914147282435));
#6909=CARTESIAN_POINT('Ctrl Pts',(342.932365673984,-57.6409319599115,8.90736978052898));
#6910=CARTESIAN_POINT('Ctrl Pts',(343.40265957435,-57.6671291372285,8.88738944114774));
#6911=CARTESIAN_POINT('Ctrl Pts',(343.775637606669,-57.6933263145455,9.06817789832113));
#6912=CARTESIAN_POINT('Ctrl Pts',(344.148615638988,-57.7195234918625,9.24896635549452));
#6913=CARTESIAN_POINT('Ctrl Pts',(344.424277803259,-57.7457206691795,9.63052360922253));
#6914=CARTESIAN_POINT('Ctrl Pts',(344.478765265239,-57.7719178464965,10.0414106926487));
#6915=CARTESIAN_POINT('Ctrl Pts',(344.533252727219,-57.7981150238136,10.4522977760748));
#6916=CARTESIAN_POINT('Ctrl Pts',(344.366565486908,-57.8243122011306,10.8925146891991));
#6917=CARTESIAN_POINT('Ctrl Pts',(344.053598433573,-57.8505093784476,11.1642658665031));
#6918=CARTESIAN_POINT('Ctrl Pts',(343.827011475354,-57.8694760353494,11.3610126869797));
#6919=CARTESIAN_POINT('Ctrl Pts',(343.523748954157,-57.8884426922512,11.4694547381955));
#6920=CARTESIAN_POINT('Ctrl Pts',(343.222118646634,-57.907409349153,11.4719804611491));
#6921=CARTESIAN_POINT('Origin',(343.223190307617,-53.2139896755336,10.2079116500311));
#6922=CARTESIAN_POINT('',(343.223788297894,-58.407409349153,11.474105230061));
#6923=CARTESIAN_POINT('',(343.224211579274,-58.2705700019142,11.4732944978214));
#6924=CARTESIAN_POINT('',(343.223190307617,-53.2139896755336,11.4724116500311));
#6925=CARTESIAN_POINT('Ctrl Pts',(343.224211579274,-58.2705700019142,11.4732944978214));
#6926=CARTESIAN_POINT('Ctrl Pts',(343.294852035263,-58.2661162242469,11.4739142356649));
#6927=CARTESIAN_POINT('Ctrl Pts',(343.36539757204,-58.2616624465796,11.4685049884752));
#6928=CARTESIAN_POINT('Ctrl Pts',(343.434864195788,-58.2572086689123,11.4567304456849));
#6929=CARTESIAN_POINT('Ctrl Pts',(343.846308065035,-58.2308293889455,11.3869910056071));
#6930=CARTESIAN_POINT('Ctrl Pts',(344.219902861447,-58.2044501089787,11.0939522537244));
#6931=CARTESIAN_POINT('Ctrl Pts',(344.385641585224,-58.1780708290119,10.7109635822412));
#6932=CARTESIAN_POINT('Ctrl Pts',(344.551380309002,-58.1516915490451,10.3279749107581));
#6933=CARTESIAN_POINT('Ctrl Pts',(344.509262960145,-58.1253122690783,9.85503631967437));
#6934=CARTESIAN_POINT('Ctrl Pts',(344.278455341249,-58.0989329891115,9.50736191724665));
#6935=CARTESIAN_POINT('Ctrl Pts',(344.047647722353,-58.0725537091447,9.15968751481893));
#6936=CARTESIAN_POINT('Ctrl Pts',(343.628149833418,-58.0461744291778,8.93727730104718));
#6937=CARTESIAN_POINT('Ctrl Pts',(343.210857206728,-58.019795149211,8.94134064375722));
#6938=CARTESIAN_POINT('Ctrl Pts',(342.793564580038,-57.9934158692442,8.94540398646727));
#6939=CARTESIAN_POINT('Ctrl Pts',(342.378477215593,-57.9670365892774,9.1759408856591));
#6940=CARTESIAN_POINT('Ctrl Pts',(342.154483604778,-57.9406573093106,9.52804386684203));
#6941=CARTESIAN_POINT('Ctrl Pts',(341.930489993963,-57.9142780293438,9.88014684802496));
#6942=CARTESIAN_POINT('Ctrl Pts',(341.897590136778,-57.887898749377,10.353815911199));
#6943=CARTESIAN_POINT('Ctrl Pts',(342.070755349921,-57.8615194694102,10.7335045415278));
#6944=CARTESIAN_POINT('Ctrl Pts',(342.243920563065,-57.8351401894434,11.1131931718566));
#6945=CARTESIAN_POINT('Ctrl Pts',(342.623150846536,-57.8087609094766,11.3989013693402));
#6946=CARTESIAN_POINT('Ctrl Pts',(343.035874731608,-57.7823816295098,11.4606155632905));
#6947=CARTESIAN_POINT('Ctrl Pts',(343.097475362057,-57.7784444203112,11.4698266445789));
#6948=CARTESIAN_POINT('Ctrl Pts',(343.159822119854,-57.7745072111127,11.4740478757573));
#6949=CARTESIAN_POINT('Ctrl Pts',(343.22223987216,-57.7705700019142,11.4735247882799));
#6950=CARTESIAN_POINT('Ctrl Pts',(343.222118646634,-57.907409349153,11.4719804611491));
#6951=CARTESIAN_POINT('Ctrl Pts',(343.107130322245,-57.9146398695682,11.4729433241076));
#6952=CARTESIAN_POINT('Ctrl Pts',(342.992379208706,-57.9218703899835,11.458513286849));
#6953=CARTESIAN_POINT('Ctrl Pts',(342.882203821975,-57.9291009103987,11.4277146093757));
#6954=CARTESIAN_POINT('Ctrl Pts',(342.483023130072,-57.9552980877157,11.3161267334606));
#6955=CARTESIAN_POINT('Ctrl Pts',(342.143908612625,-57.9814952650327,10.9896655401466));
#6956=CARTESIAN_POINT('Ctrl Pts',(342.017229126337,-58.0076924423497,10.5950145720834));
#6957=CARTESIAN_POINT('Ctrl Pts',(341.890549640049,-58.0338896196667,10.2003636040202));
#6958=CARTESIAN_POINT('Ctrl Pts',(341.97630518492,-58.0600867969838,9.73752286120769));
#6959=CARTESIAN_POINT('Ctrl Pts',(342.235964605084,-58.0862839743008,9.41445310966886));
#6960=CARTESIAN_POINT('Ctrl Pts',(342.495624025248,-58.1124811516178,9.09138335813002));
#6961=CARTESIAN_POINT('Ctrl Pts',(342.929187320706,-58.1386783289349,8.90808459786482));
#6962=CARTESIAN_POINT('Ctrl Pts',(343.341848488652,-58.1648755062519,8.94691550448197));
#6963=CARTESIAN_POINT('Ctrl Pts',(343.754509656599,-58.1910726835689,8.98574641109912));
#6964=CARTESIAN_POINT('Ctrl Pts',(344.146268697033,-58.2172698608859,9.24670698459862));
#6965=CARTESIAN_POINT('Ctrl Pts',(344.341102838818,-58.2434670382029,9.6125440194028));
#6966=CARTESIAN_POINT('Ctrl Pts',(344.535936980604,-58.2696642155199,9.97838105420698));
#6967=CARTESIAN_POINT('Ctrl Pts',(344.533846223739,-58.295861392837,10.4490945503158));
#6968=CARTESIAN_POINT('Ctrl Pts',(344.335769974287,-58.322058570154,10.8131864044438));
#6969=CARTESIAN_POINT('Ctrl Pts',(344.137693724835,-58.348255747471,11.1772782585718));
#6970=CARTESIAN_POINT('Ctrl Pts',(343.743631982794,-58.374452924788,11.4347484707188));
#6971=CARTESIAN_POINT('Ctrl Pts',(343.330642155076,-58.400650102105,11.4699121030794));
#6972=CARTESIAN_POINT('Ctrl Pts',(343.295123057731,-58.4029031844543,11.4729363433803));
#6973=CARTESIAN_POINT('Ctrl Pts',(343.259463952718,-58.4051562668037,11.4743162216191));
#6974=CARTESIAN_POINT('Ctrl Pts',(343.223788297894,-58.407409349153,11.474105230061));
#6975=CARTESIAN_POINT('Origin',(343.223190307617,-53.2139896755336,10.2079116500311));
#6976=CARTESIAN_POINT('',(343.223526663778,-58.907409349153,11.4705999137739));
#6977=CARTESIAN_POINT('',(343.223279336852,-58.7705700019141,11.4704573209063));
#6978=CARTESIAN_POINT('',(343.223190307617,-53.2139896755336,11.4724116500311));
#6979=CARTESIAN_POINT('Ctrl Pts',(343.223279336852,-58.7705700019141,11.4704573209063));
#6980=CARTESIAN_POINT('Ctrl Pts',(343.428172547374,-58.757725237381,11.4705867948563));
#6981=CARTESIAN_POINT('Ctrl Pts',(343.633009668016,-58.7448804728479,11.4235154935531));
#6982=CARTESIAN_POINT('Ctrl Pts',(343.812848255015,-58.7320357083148,11.3289191095867));
#6983=CARTESIAN_POINT('Ctrl Pts',(344.182182579754,-58.705656428348,11.134646611242));
#6984=CARTESIAN_POINT('Ctrl Pts',(344.446081100428,-58.6792771483812,10.7399285437606));
#6985=CARTESIAN_POINT('Ctrl Pts',(344.48445489668,-58.6528978684144,10.3243842034012));
#6986=CARTESIAN_POINT('Ctrl Pts',(344.522828692932,-58.6265185884476,9.90883986304187));
#6987=CARTESIAN_POINT('Ctrl Pts',(344.335677764762,-58.6001393084808,9.47246924980461));
#6988=CARTESIAN_POINT('Ctrl Pts',(344.008166488424,-58.573760028514,9.21384595055358));
#6989=CARTESIAN_POINT('Ctrl Pts',(343.680655212086,-58.5473807485472,8.95522265130256));
#6990=CARTESIAN_POINT('Ctrl Pts',(343.212783587579,-58.5210014685804,8.87434666603778));
#6991=CARTESIAN_POINT('Ctrl Pts',(342.817459963568,-58.4946221886136,9.00802119368591));
#6992=CARTESIAN_POINT('Ctrl Pts',(342.422136339556,-58.4682429086468,9.14169572133403));
#6993=CARTESIAN_POINT('Ctrl Pts',(342.099360716038,-58.44186362868,9.48992076189508));
#6994=CARTESIAN_POINT('Ctrl Pts',(341.996014462588,-58.4154843487132,9.89423400548433));
#6995=CARTESIAN_POINT('Ctrl Pts',(341.892668209138,-58.3891050687463,10.2985472490736));
#6996=CARTESIAN_POINT('Ctrl Pts',(342.008751325755,-58.3627257887795,10.758948695691));
#6997=CARTESIAN_POINT('Ctrl Pts',(342.291439355106,-58.3363465088127,11.0659293548633));
#6998=CARTESIAN_POINT('Ctrl Pts',(342.526399408806,-58.3144210065132,11.3210805628213));
#6999=CARTESIAN_POINT('Ctrl Pts',(342.876455674978,-58.2924955042137,11.4702435903607));
#7000=CARTESIAN_POINT('Ctrl Pts',(343.224211579274,-58.2705700019142,11.4732944978214));
#7001=CARTESIAN_POINT('Ctrl Pts',(343.223788297894,-58.407409349153,11.474105230061));
#7002=CARTESIAN_POINT('Ctrl Pts',(342.844653790275,-58.4313534441207,11.4718629676309));
#7003=CARTESIAN_POINT('Ctrl Pts',(342.46365016888,-58.4552975390884,11.2899499642682));
#7004=CARTESIAN_POINT('Ctrl Pts',(342.22895512471,-58.4792416340561,10.9925691830263));
#7005=CARTESIAN_POINT('Ctrl Pts',(341.972175835458,-58.5054388113731,10.6672055780383));
#7006=CARTESIAN_POINT('Ctrl Pts',(341.890535170352,-58.5316359886902,10.2036213154881));
#7007=CARTESIAN_POINT('Ctrl Pts',(342.020715412695,-58.5578331660072,9.81011123513103));
#7008=CARTESIAN_POINT('Ctrl Pts',(342.150895655037,-58.5840303433242,9.41660115477391));
#7009=CARTESIAN_POINT('Ctrl Pts',(342.492896804828,-58.6102275206412,9.09316525660987));
#7010=CARTESIAN_POINT('Ctrl Pts',(342.89305300142,-58.6364246979582,8.98512777621123));
#7011=CARTESIAN_POINT('Ctrl Pts',(343.293209198012,-58.6626218752752,8.87709029581259));
#7012=CARTESIAN_POINT('Ctrl Pts',(343.751520441405,-58.6888190525923,8.98445123317935));
#7013=CARTESIAN_POINT('Ctrl Pts',(344.062061132476,-58.7150162299093,9.25897182990206));
#7014=CARTESIAN_POINT('Ctrl Pts',(344.372601823548,-58.7412134072263,9.53349242662478));
#7015=CARTESIAN_POINT('Ctrl Pts',(344.535371962297,-58.7674105845433,9.97517268270345));
#7016=CARTESIAN_POINT('Ctrl Pts',(344.477236667568,-58.7936077618603,10.3855595323263));
#7017=CARTESIAN_POINT('Ctrl Pts',(344.419101372838,-58.8198049391774,10.7959463819492));
#7018=CARTESIAN_POINT('Ctrl Pts',(344.14006064463,-58.8460021164944,11.1750398251162));
#7019=CARTESIAN_POINT('Ctrl Pts',(343.765491352739,-58.8721992938114,11.3525079192438));
#7020=CARTESIAN_POINT('Ctrl Pts',(343.597679310279,-58.8839359789253,11.4320159942294));
#7021=CARTESIAN_POINT('Ctrl Pts',(343.410693160467,-58.8956726640391,11.4710546437532));
#7022=CARTESIAN_POINT('Ctrl Pts',(343.223526663778,-58.907409349153,11.4705999137739));
#7023=CARTESIAN_POINT('Origin',(343.223190307617,-53.2139896755336,10.2079116500311));
#7024=CARTESIAN_POINT('',(343.222149547863,-59.407409349153,11.4730165988768));
#7025=CARTESIAN_POINT('',(343.222100148644,-59.2705700019141,11.4729733309175));
#7026=CARTESIAN_POINT('',(343.223190307617,-53.2139896755336,11.4724116500311));
#7027=CARTESIAN_POINT('Ctrl Pts',(343.222100148644,-59.2705700019141,11.4729733309175));
#7028=CARTESIAN_POINT('Ctrl Pts',(343.559137163533,-59.2493342505152,11.4699149782739));
#7029=CARTESIAN_POINT('Ctrl Pts',(343.898400953393,-59.2280984991163,11.3309889890852));
#7030=CARTESIAN_POINT('Ctrl Pts',(344.132317756348,-59.2068627477174,11.0898648806465));
#7031=CARTESIAN_POINT('Ctrl Pts',(344.422891737847,-59.1804834677506,10.7903379063585));
#7032=CARTESIAN_POINT('Ctrl Pts',(344.55090607974,-59.1541041877838,10.3331102714062));
#7033=CARTESIAN_POINT('Ctrl Pts',(344.458106934506,-59.127724907817,9.92624670011585));
#7034=CARTESIAN_POINT('Ctrl Pts',(344.365307789272,-59.1013456278502,9.5193831288255));
#7035=CARTESIAN_POINT('Ctrl Pts',(344.051695156912,-59.0749663478834,9.16288362119714));
#7036=CARTESIAN_POINT('Ctrl Pts',(343.659980722089,-59.0485870679166,9.01897584303148));
#7037=CARTESIAN_POINT('Ctrl Pts',(343.268266287266,-59.0222077879498,8.87506806486583));
#7038=CARTESIAN_POINT('Ctrl Pts',(342.79845004998,-58.9958285079829,8.94375201616288));
#7039=CARTESIAN_POINT('Ctrl Pts',(342.464325268865,-58.9694492280161,9.19377257069302));
#7040=CARTESIAN_POINT('Ctrl Pts',(342.13020048775,-58.9430699480493,9.44379312522316));
#7041=CARTESIAN_POINT('Ctrl Pts',(341.931767162806,-58.9166906680825,9.87515028298639));
#7042=CARTESIAN_POINT('Ctrl Pts',(341.959323806135,-58.8903113881157,10.2915518661343));
#7043=CARTESIAN_POINT('Ctrl Pts',(341.986880449464,-58.8639321081489,10.7079534492822));
#7044=CARTESIAN_POINT('Ctrl Pts',(342.240427061066,-58.8375528281821,11.1093994578148));
#7045=CARTESIAN_POINT('Ctrl Pts',(342.604585431269,-58.8111735482153,11.3132089974771));
#7046=CARTESIAN_POINT('Ctrl Pts',(342.791425522735,-58.7976390327816,11.4177783171692));
#7047=CARTESIAN_POINT('Ctrl Pts',(343.007383567573,-58.7841045173479,11.4703208943357));
#7048=CARTESIAN_POINT('Ctrl Pts',(343.223279336852,-58.7705700019141,11.4704573209063));
#7049=CARTESIAN_POINT('Ctrl Pts',(343.223526663778,-58.907409349153,11.4705999137739));
#7050=CARTESIAN_POINT('Ctrl Pts',(342.992923248948,-58.9218698413562,11.4700396517189));
#7051=CARTESIAN_POINT('Ctrl Pts',(342.762046065369,-58.9363303335593,11.4095279600461));
#7052=CARTESIAN_POINT('Ctrl Pts',(342.566419273661,-58.9507908257625,11.2908903442129));
#7053=CARTESIAN_POINT('Ctrl Pts',(342.212014342049,-58.9769880030795,11.0759619299662));
#7054=CARTESIAN_POINT('Ctrl Pts',(341.9733023344,-59.0031851803965,10.6702623563848));
#7055=CARTESIAN_POINT('Ctrl Pts',(341.957539866627,-59.0293823577135,10.2560780695746));
#7056=CARTESIAN_POINT('Ctrl Pts',(341.941777398855,-59.0555795350306,9.84189378276432));
#7057=CARTESIAN_POINT('Ctrl Pts',(342.14896447096,-59.0817767123476,9.41922478272525));
#7058=CARTESIAN_POINT('Ctrl Pts',(342.486009058319,-59.1079738896646,9.17798211410524));
#7059=CARTESIAN_POINT('Ctrl Pts',(342.823053645679,-59.1341710669816,8.93673944548522));
#7060=CARTESIAN_POINT('Ctrl Pts',(343.289955748294,-59.1603682442986,8.87692310828425));
#7061=CARTESIAN_POINT('Ctrl Pts',(343.676929773016,-59.1865654216156,9.02540941277178));
#7062=CARTESIAN_POINT('Ctrl Pts',(344.063903797739,-59.2127625989327,9.1738957172593));
#7063=CARTESIAN_POINT('Ctrl Pts',(344.370949744569,-59.2389597762497,9.53068466343531));
#7064=CARTESIAN_POINT('Ctrl Pts',(344.460107614298,-59.2651569535667,9.9354660281218));
#7065=CARTESIAN_POINT('Ctrl Pts',(344.549265484027,-59.2913541308837,10.3402473928083));
#7066=CARTESIAN_POINT('Ctrl Pts',(344.420535276654,-59.3175513082008,10.7930211760053));
#7067=CARTESIAN_POINT('Ctrl Pts',(344.131757251806,-59.3437484855178,11.0903498373005));
#7068=CARTESIAN_POINT('Ctrl Pts',(343.89784072156,-59.3649687733962,11.3311925705016));
#7069=CARTESIAN_POINT('Ctrl Pts',(343.558911134736,-59.3861890612746,11.4700422391386));
#7070=CARTESIAN_POINT('Ctrl Pts',(343.222149547863,-59.407409349153,11.4730165988768));
#7071=CARTESIAN_POINT('Origin',(343.223190307617,-53.2139896755336,10.2079116500311));
#7072=CARTESIAN_POINT('',(343.224184709476,-59.907409349153,11.4732302222552));
#7073=CARTESIAN_POINT('',(343.224021874283,-59.7705700019142,11.4738111396515));
#7074=CARTESIAN_POINT('',(343.223190307617,-53.2139896755336,11.4724116500311));
#7075=CARTESIAN_POINT('Ctrl Pts',(343.224021874283,-59.7705700019142,11.4738111396515));
#7076=CARTESIAN_POINT('Ctrl Pts',(343.27547439611,-59.7673225436162,11.4742031983701));
#7077=CARTESIAN_POINT('Ctrl Pts',(343.326882877582,-59.7640750853183,11.4713361144711));
#7078=CARTESIAN_POINT('Ctrl Pts',(343.377872189824,-59.7608276270204,11.4650623087648));
#7079=CARTESIAN_POINT('Ctrl Pts',(343.792061139933,-59.7344483470536,11.4140998445848));
#7080=CARTESIAN_POINT('Ctrl Pts',(344.178591623105,-59.7080690670867,11.1383482127654));
#7081=CARTESIAN_POINT('Ctrl Pts',(344.361570217734,-59.6816897871199,10.7632902378258));
#7082=CARTESIAN_POINT('Ctrl Pts',(344.544548812363,-59.6553105071531,10.3882322628861));
#7083=CARTESIAN_POINT('Ctrl Pts',(344.523975518448,-59.6289312271863,9.9138679448262));
#7084=CARTESIAN_POINT('Ctrl Pts',(344.309212335201,-59.6025519472195,9.55606015059592));
#7085=CARTESIAN_POINT('Ctrl Pts',(344.094449151953,-59.5761726672527,9.19825235636563));
#7086=CARTESIAN_POINT('Ctrl Pts',(343.685496079372,-59.5497933872859,8.95700108596499));
#7087=CARTESIAN_POINT('Ctrl Pts',(343.268450167558,-59.5234141073191,8.94208947908965));
#7088=CARTESIAN_POINT('Ctrl Pts',(342.851404255743,-59.4970348273523,8.92717787221431));
#7089=CARTESIAN_POINT('Ctrl Pts',(342.426265504696,-59.4706555473855,9.13860592886426));
#7090=CARTESIAN_POINT('Ctrl Pts',(342.186496355753,-59.4442762674187,9.4801617844466));
#7091=CARTESIAN_POINT('Ctrl Pts',(341.946727206811,-59.4178969874519,9.82171764002894));
#7092=CARTESIAN_POINT('Ctrl Pts',(341.892327659973,-59.3915177074851,10.2934012945437));
#7093=CARTESIAN_POINT('Ctrl Pts',(342.048052623138,-59.3651384275182,10.6805697106549));
#7094=CARTESIAN_POINT('Ctrl Pts',(342.203777586303,-59.3387591475514,11.0677381267662));
#7095=CARTESIAN_POINT('Ctrl Pts',(342.56962705947,-59.3123798675846,11.3703913044741));
#7096=CARTESIAN_POINT('Ctrl Pts',(342.979118606607,-59.2860005876178,11.4508047365161));
#7097=CARTESIAN_POINT('Ctrl Pts',(343.05896276739,-59.2808570590499,11.4664840418448));
#7098=CARTESIAN_POINT('Ctrl Pts',(343.140466139941,-59.275713530482,11.4737140969915));
#7099=CARTESIAN_POINT('Ctrl Pts',(343.222100148644,-59.2705700019141,11.4729733309175));
#7100=CARTESIAN_POINT('Ctrl Pts',(343.222149547863,-59.407409349153,11.4730165988768));
#7101=CARTESIAN_POINT('Ctrl Pts',(343.143167340145,-59.4123862385916,11.4737141888272));
#7102=CARTESIAN_POINT('Ctrl Pts',(343.06430438636,-59.4173631280302,11.4669377633872));
#7103=CARTESIAN_POINT('Ctrl Pts',(342.986943419098,-59.4223400174689,11.4522502109537));
#7104=CARTESIAN_POINT('Ctrl Pts',(342.579733453561,-59.4485371947859,11.3749383839181));
#7105=CARTESIAN_POINT('Ctrl Pts',(342.214139364809,-59.4747343721029,11.0784311904534));
#7106=CARTESIAN_POINT('Ctrl Pts',(342.054427611273,-59.5009315494199,10.6959534301216));
#7107=CARTESIAN_POINT('Ctrl Pts',(341.894715857736,-59.5271287267369,10.3134756697898));
#7108=CARTESIAN_POINT('Ctrl Pts',(341.940886439415,-59.553325904054,9.84502734259086));
#7109=CARTESIAN_POINT('Ctrl Pts',(342.172194351903,-59.579523081371,9.5010887703489));
#7110=CARTESIAN_POINT('Ctrl Pts',(342.403502264392,-59.605720258688,9.15715019810692));
#7111=CARTESIAN_POINT('Ctrl Pts',(342.81994750769,-59.631917436005,8.93772138082192));
#7112=CARTESIAN_POINT('Ctrl Pts',(343.234415291041,-59.658114613322,8.94139475035889));
#7113=CARTESIAN_POINT('Ctrl Pts',(343.648883074393,-59.6843117906391,8.94506811989586));
#7114=CARTESIAN_POINT('Ctrl Pts',(344.061373397798,-59.7105089679561,9.1718436762548));
#7115=CARTESIAN_POINT('Ctrl Pts',(344.286548989614,-59.7367061452731,9.51982797286908));
#7116=CARTESIAN_POINT('Ctrl Pts',(344.51172458143,-59.7629033225901,9.86781226948334));
#7117=CARTESIAN_POINT('Ctrl Pts',(344.549585441656,-59.7891004999071,10.3370053063529));
#7118=CARTESIAN_POINT('Ctrl Pts',(344.383119413123,-59.8152976772241,10.7165922356208));
#7119=CARTESIAN_POINT('Ctrl Pts',(344.216653384589,-59.8414948545412,11.0961791648886));
#7120=CARTESIAN_POINT('Ctrl Pts',(343.845860467296,-59.8676920318582,11.3861599865546));
#7121=CARTESIAN_POINT('Ctrl Pts',(343.437344647453,-59.8938892091752,11.4562420999065));
#7122=CARTESIAN_POINT('Ctrl Pts',(343.367067469615,-59.8983959225011,11.4682983604085));
#7123=CARTESIAN_POINT('Ctrl Pts',(343.295673901698,-59.9029026358271,11.4738468306806));
#7124=CARTESIAN_POINT('Ctrl Pts',(343.224184709476,-59.907409349153,11.4732302222552));
#7125=CARTESIAN_POINT('Origin',(343.223190307617,-53.2139896755336,10.2079116500311));
#7126=CARTESIAN_POINT('',(343.223045848479,-60.407409349153,11.4705433459886));
#7127=CARTESIAN_POINT('',(343.223581089731,-60.2705700019141,11.470565661595));
#7128=CARTESIAN_POINT('',(343.223190307617,-53.2139896755336,11.4724116500311));
#7129=CARTESIAN_POINT('',(343.574374775441,-60.6798045286858,8.99315664610668));
#7130=CARTESIAN_POINT('Ctrl Pts',(343.223045848479,-60.407409349153,11.4705433459886));
#7131=CARTESIAN_POINT('Ctrl Pts',(343.028392026079,-60.4196162103796,11.4708524248231));
#7132=CARTESIAN_POINT('Ctrl Pts',(342.833848937031,-60.4318230716061,11.4284810679019));
#7133=CARTESIAN_POINT('Ctrl Pts',(342.660763233374,-60.4440299328326,11.3427151725262));
#7134=CARTESIAN_POINT('Ctrl Pts',(342.289303544795,-60.4702271101496,11.1586527565447));
#7135=CARTESIAN_POINT('Ctrl Pts',(342.016671350946,-60.4964242874667,10.7747256579705));
#7136=CARTESIAN_POINT('Ctrl Pts',(341.966006040149,-60.5226214647837,10.3633821413313));
#7137=CARTESIAN_POINT('Ctrl Pts',(341.915340729353,-60.5488186421007,9.95203862469211));
#7138=CARTESIAN_POINT('Ctrl Pts',(342.086642301608,-60.5750158194178,9.51327868998783));
#7139=CARTESIAN_POINT('Ctrl Pts',(342.401425431856,-60.6012129967348,9.2446554116898));
#7140=CARTESIAN_POINT('Ctrl Pts',(342.716208562104,-60.6274101740518,8.97603213339182));
#7141=CARTESIAN_POINT('Ctrl Pts',(343.174473250344,-60.6536073513688,8.87754551150003));
#7142=CARTESIAN_POINT('Ctrl Pts',(343.574374775441,-60.6798045286858,8.99315664610667));
#7143=CARTESIAN_POINT('',(344.487690307617,-60.7139896755336,10.2079116500311));
#7144=CARTESIAN_POINT('Ctrl Pts',(344.487690307617,-60.7139896755336,10.2079116500311));
#7145=CARTESIAN_POINT('Ctrl Pts',(344.487690307617,-60.7139896755336,10.0490992901922));
#7146=CARTESIAN_POINT('Ctrl Pts',(344.455944190358,-60.7120583407656,9.87972605387678));
#7147=CARTESIAN_POINT('Ctrl Pts',(344.32688601737,-60.7050765438179,9.56819006998657));
#7148=CARTESIAN_POINT('Ctrl Pts',(344.229575970293,-60.7001258191519,9.42602426308658));
#7149=CARTESIAN_POINT('Ctrl Pts',(344.005077649963,-60.690824691701,9.2015259427558));
#7150=CARTESIAN_POINT('Ctrl Pts',(343.86291186316,-60.6858702604675,9.10421592953431));
#7151=CARTESIAN_POINT('Ctrl Pts',(343.663749075097,-60.6814014260526,9.02170993778004));
#7152=CARTESIAN_POINT('Ctrl Pts',(343.619333763401,-60.6805366548943,9.006154244972));
#7153=CARTESIAN_POINT('Ctrl Pts',(343.574374775441,-60.6798045286858,8.99315664610669));
#7154=CARTESIAN_POINT('',(344.209294090333,-60.6994543563379,11.0018278279436));
#7155=CARTESIAN_POINT('Ctrl Pts',(344.208708311638,-60.6994543563379,11.000196014228));
#7156=CARTESIAN_POINT('Ctrl Pts',(344.282325790389,-60.7028154769713,10.9086236520836));
#7157=CARTESIAN_POINT('Ctrl Pts',(344.3451267523,-60.7060633322135,10.8036015723228));
#7158=CARTESIAN_POINT('Ctrl Pts',(344.455944190358,-60.7120583407656,10.5360972461855));
#7159=CARTESIAN_POINT('Ctrl Pts',(344.487690307617,-60.7139896755336,10.3667240098701));
#7160=CARTESIAN_POINT('Ctrl Pts',(344.487690307617,-60.7139896755336,10.2079116500311));
#7161=CARTESIAN_POINT('Ctrl Pts',(344.209294090333,-60.6994543563379,11.0018278279436));
#7162=CARTESIAN_POINT('Ctrl Pts',(344.432491152546,-60.6767508595336,10.7195918989593));
#7163=CARTESIAN_POINT('Ctrl Pts',(344.533515467409,-60.6540473627293,10.3361144421433));
#7164=CARTESIAN_POINT('Ctrl Pts',(344.469588013262,-60.631343865925,9.98261552748432));
#7165=CARTESIAN_POINT('Ctrl Pts',(344.395310459233,-60.6049645859582,9.57188378346554));
#7166=CARTESIAN_POINT('Ctrl Pts',(344.098344632576,-60.5785853059914,9.20162368645541));
#7167=CARTESIAN_POINT('Ctrl Pts',(343.713607563396,-60.5522060260246,9.040090725312));
#7168=CARTESIAN_POINT('Ctrl Pts',(343.328870494216,-60.5258267460578,8.8785577641686));
#7169=CARTESIAN_POINT('Ctrl Pts',(342.856362182512,-60.499447466091,8.92575193889192));
#7170=CARTESIAN_POINT('Ctrl Pts',(342.511201871699,-60.4730681861242,9.16030829810794));
#7171=CARTESIAN_POINT('Ctrl Pts',(342.166041560886,-60.4466889061574,9.39486465732395));
#7172=CARTESIAN_POINT('Ctrl Pts',(341.948229250964,-60.4203096261906,9.81678320103266));
#7173=CARTESIAN_POINT('Ctrl Pts',(341.956834020963,-60.3939303462238,10.2340145436739));
#7174=CARTESIAN_POINT('Ctrl Pts',(341.965438790962,-60.3675510662569,10.6512458863151));
#7175=CARTESIAN_POINT('Ctrl Pts',(342.200460640883,-60.3411717862901,11.0637900278888));
#7176=CARTESIAN_POINT('Ctrl Pts',(342.554973773696,-60.3147925063233,11.2839404882605));
#7177=CARTESIAN_POINT('Ctrl Pts',(342.753076964265,-60.3000516715202,11.4069613429707));
#7178=CARTESIAN_POINT('Ctrl Pts',(342.988492668537,-60.2853108367172,11.4699050799806));
#7179=CARTESIAN_POINT('Ctrl Pts',(343.223581089731,-60.2705700019141,11.470565661595));
#7180=CARTESIAN_POINT('Origin',(343.223190307617,-61.8182013991223,10.2079116500311));
#7181=CARTESIAN_POINT('',(343.224574648966,-55.1097779519448,11.7505967922707));
#7182=CARTESIAN_POINT('',(343.222801168224,-55.0682013991223,11.7486722268423));
#7183=CARTESIAN_POINT('',(343.223190307617,-61.8182013991223,11.7509116500311));
#7184=CARTESIAN_POINT('',(341.716324454107,-54.7104570864723,9.87594132074552));
#7185=CARTESIAN_POINT('Ctrl Pts',(343.222801168224,-55.0682013991223,11.7486722268423));
#7186=CARTESIAN_POINT('Ctrl Pts',(343.504187042257,-55.0537420041737,11.7479692654793));
#7187=CARTESIAN_POINT('Ctrl Pts',(344.29630570315,-55.0130854319081,11.5403473837059));
#7188=CARTESIAN_POINT('Ctrl Pts',(345.039409104168,-54.9462316823256,10.2774533636381));
#7189=CARTESIAN_POINT('Ctrl Pts',(344.281805291606,-54.8676401503744,8.72909477931365));
#7190=CARTESIAN_POINT('Ctrl Pts',(342.571225231454,-54.7890486184234,8.51233541829459));
#7191=CARTESIAN_POINT('Ctrl Pts',(341.825610228226,-54.7366542637894,9.37987589933328));
#7192=CARTESIAN_POINT('Ctrl Pts',(341.716324454107,-54.7104570864723,9.87594132074552));
#7193=CARTESIAN_POINT('',(341.680190307617,-54.7139896755336,10.2079116500311));
#7194=CARTESIAN_POINT('Ctrl Pts',(341.680190307617,-54.7139896755336,10.2079116500311));
#7195=CARTESIAN_POINT('Ctrl Pts',(341.680190307617,-54.7139896755336,10.0995773072351));
#7196=CARTESIAN_POINT('Ctrl Pts',(341.691828873977,-54.712823747607,9.98713063498095));
#7197=CARTESIAN_POINT('Ctrl Pts',(341.716324454107,-54.7104570864723,9.87594132074553));
#7198=CARTESIAN_POINT('',(341.814246656575,-54.7011483732288,10.8423563299577));
#7199=CARTESIAN_POINT('Ctrl Pts',(341.81593579363,-54.7011483732288,10.8407494909223));
#7200=CARTESIAN_POINT('Ctrl Pts',(341.809655178607,-54.7017154056183,10.8267831582056));
#7201=CARTESIAN_POINT('Ctrl Pts',(341.803580723079,-54.7022675880424,10.8127192778657));
#7202=CARTESIAN_POINT('Ctrl Pts',(341.718962868744,-54.7100052187432,10.6085049777616));
#7203=CARTESIAN_POINT('Ctrl Pts',(341.680190307617,-54.7139896755336,10.401789947624));
#7204=CARTESIAN_POINT('Ctrl Pts',(341.680190307617,-54.7139896755336,10.2079116500311));
#7205=CARTESIAN_POINT('Ctrl Pts',(343.224574648966,-55.1097779519448,11.7505967922707));
#7206=CARTESIAN_POINT('Ctrl Pts',(343.3577754397,-55.1029115355389,11.7517714249616));
#7207=CARTESIAN_POINT('Ctrl Pts',(344.001371264864,-55.0696658391661,11.6751351379603));
#7208=CARTESIAN_POINT('Ctrl Pts',(344.954075118766,-55.0100408628265,10.7766750951922));
#7209=CARTESIAN_POINT('Ctrl Pts',(344.643400908033,-54.9309030229261,9.06646066833956));
#7210=CARTESIAN_POINT('Ctrl Pts',(343.039867976656,-54.8517651830256,8.39527608137503));
#7211=CARTESIAN_POINT('Ctrl Pts',(341.650145716674,-54.7751802997932,9.34186006627856));
#7212=CARTESIAN_POINT('Ctrl Pts',(341.628016014432,-54.7249746965276,10.4213816326775));
#7213=CARTESIAN_POINT('Ctrl Pts',(341.814155916402,-54.7011483732288,10.8424426490946));
#7214=CARTESIAN_POINT('Origin',(343.223190307617,-61.8182013991223,10.2079116500311));
#7215=CARTESIAN_POINT('',(343.222561356433,-55.6097779519449,11.748770661916));
#7216=CARTESIAN_POINT('',(343.222460214938,-55.5682013991223,11.7529779487795));
#7217=CARTESIAN_POINT('',(343.223190307617,-61.8182013991223,11.7509116500311));
#7218=CARTESIAN_POINT('Ctrl Pts',(343.222460214938,-55.5682013991223,11.7529779487795));
#7219=CARTESIAN_POINT('Ctrl Pts',(343.6850765927,-55.5442584014092,11.7502407145971));
#7220=CARTESIAN_POINT('Ctrl Pts',(344.658641707832,-55.4941182263791,11.2854316480171));
#7221=CARTESIAN_POINT('Ctrl Pts',(344.948998871769,-55.4177808740319,9.63706503848594));
#7222=CARTESIAN_POINT('Ctrl Pts',(343.697080390347,-55.3391893420809,8.45298840764603));
#7223=CARTESIAN_POINT('Ctrl Pts',(342.01929035642,-55.2605978101298,8.84596355101398));
#7224=CARTESIAN_POINT('Ctrl Pts',(341.423402296862,-55.1820062781787,10.4627614184471));
#7225=CARTESIAN_POINT('Ctrl Pts',(342.256849273044,-55.1178741411762,11.5953243761891));
#7226=CARTESIAN_POINT('Ctrl Pts',(342.994379013445,-55.0799391814907,11.7492428736448));
#7227=CARTESIAN_POINT('Ctrl Pts',(343.222801168224,-55.0682013991223,11.7486722268423));
#7228=CARTESIAN_POINT('Ctrl Pts',(343.222561356433,-55.6097779519448,11.748770661916));
#7229=CARTESIAN_POINT('Ctrl Pts',(343.519425263226,-55.5945205486731,11.7476741624794));
#7230=CARTESIAN_POINT('Ctrl Pts',(344.331093233934,-55.5528838654345,11.5221392861345));
#7231=CARTESIAN_POINT('Ctrl Pts',(345.04515547983,-55.484867902229,10.2099713607497));
#7232=CARTESIAN_POINT('Ctrl Pts',(344.217785065915,-55.4057300623286,8.68136403636132));
#7233=CARTESIAN_POINT('Ctrl Pts',(342.485216297741,-55.3265922224282,8.54209163774591));
#7234=CARTESIAN_POINT('Ctrl Pts',(341.424295403004,-55.2474543825277,9.91890180798114));
#7235=CARTESIAN_POINT('Ctrl Pts',(341.950559857826,-55.1751829590333,11.4164707509149));
#7236=CARTESIAN_POINT('Ctrl Pts',(342.846046942211,-55.1292908155057,11.7472587413755));
#7237=CARTESIAN_POINT('Ctrl Pts',(343.224574648966,-55.1097779519448,11.7505967922707));
#7238=CARTESIAN_POINT('Origin',(343.223190307617,-61.8182013991223,10.2079116500311));
#7239=CARTESIAN_POINT('',(343.222304743686,-56.1097779519449,11.7528552400819));
#7240=CARTESIAN_POINT('',(343.224498068711,-56.0682013991223,11.7503860857253));
#7241=CARTESIAN_POINT('',(343.223190307617,-61.8182013991223,11.7509116500311));
#7242=CARTESIAN_POINT('Ctrl Pts',(343.224498068711,-56.0682013991223,11.7503860857253));
#7243=CARTESIAN_POINT('Ctrl Pts',(343.364790584925,-56.0609719759617,11.7515609397597));
#7244=CARTESIAN_POINT('Ctrl Pts',(344.012121407485,-56.027545375484,11.6701713054866));
#7245=CARTESIAN_POINT('Ctrl Pts',(344.953958446294,-55.9679215976893,10.7635519333068));
#7246=CARTESIAN_POINT('Ctrl Pts',(344.640100126039,-55.8893300657383,9.06920148550016));
#7247=CARTESIAN_POINT('Ctrl Pts',(343.052967441523,-55.8107385337872,8.39812743193402));
#7248=CARTESIAN_POINT('Ctrl Pts',(341.61880151839,-55.7321470018362,9.35337600512335));
#7249=CARTESIAN_POINT('Ctrl Pts',(341.626384356368,-55.6535554698851,11.0765333382824));
#7250=CARTESIAN_POINT('Ctrl Pts',(342.629436207805,-55.5989069356471,11.7319630959782));
#7251=CARTESIAN_POINT('Ctrl Pts',(343.178905919203,-55.5704555787262,11.7532356532465));
#7252=CARTESIAN_POINT('Ctrl Pts',(343.222460214938,-55.5682013991223,11.7529779487795));
#7253=CARTESIAN_POINT('Ctrl Pts',(343.222304743686,-56.1097779519449,11.7528552400819));
#7254=CARTESIAN_POINT('Ctrl Pts',(343.679327265111,-56.0861295618072,11.749717919933));
#7255=CARTESIAN_POINT('Ctrl Pts',(344.651592768143,-56.0361018917028,11.2935321864359));
#7256=CARTESIAN_POINT('Ctrl Pts',(344.955395419197,-55.9596949416316,9.64308572233406));
#7257=CARTESIAN_POINT('Ctrl Pts',(343.693551618196,-55.8805571017312,8.44770621752627));
#7258=CARTESIAN_POINT('Ctrl Pts',(342.003625183741,-55.8014192618307,8.85431502497797));
#7259=CARTESIAN_POINT('Ctrl Pts',(341.423642594398,-55.7222814219303,10.4928515505418));
#7260=CARTESIAN_POINT('Ctrl Pts',(342.277513021645,-55.6584009853017,11.606155317357));
#7261=CARTESIAN_POINT('Ctrl Pts',(343.006162555947,-55.6208998286398,11.749569954647));
#7262=CARTESIAN_POINT('Ctrl Pts',(343.222561356433,-55.6097779519448,11.748770661916));
#7263=CARTESIAN_POINT('Origin',(343.223190307617,-61.8182013991223,10.2079116500311));
#7264=CARTESIAN_POINT('',(343.224559367912,-56.6097779519448,11.7512969670855));
#7265=CARTESIAN_POINT('',(343.222202779797,-56.5682013991223,11.749324751965));
#7266=CARTESIAN_POINT('',(343.223190307617,-61.8182013991223,11.7509116500311));
#7267=CARTESIAN_POINT('Ctrl Pts',(343.222202779797,-56.5682013991223,11.749324751965));
#7268=CARTESIAN_POINT('Ctrl Pts',(343.547097845122,-56.5514883731971,11.7473748635369));
#7269=CARTESIAN_POINT('Ctrl Pts',(344.384091762376,-56.5085781699549,11.4891281183531));
#7270=CARTESIAN_POINT('Ctrl Pts',(345.038965000673,-56.4394707893957,10.1227253092862));
#7271=CARTESIAN_POINT('Ctrl Pts',(344.152006148625,-56.3608792574447,8.6453510657655));
#7272=CARTESIAN_POINT('Ctrl Pts',(342.430387614967,-56.2822877254936,8.5721371116035));
#7273=CARTESIAN_POINT('Ctrl Pts',(341.421203573074,-56.2036961935425,9.96887554235374));
#7274=CARTESIAN_POINT('Ctrl Pts',(341.975210480963,-56.1323340847521,11.4321769564093));
#7275=CARTESIAN_POINT('Ctrl Pts',(342.856414212169,-56.0871691532787,11.7473036347468));
#7276=CARTESIAN_POINT('Ctrl Pts',(343.224498068711,-56.0682013991223,11.7503860857253));
#7277=CARTESIAN_POINT('Ctrl Pts',(343.224559367912,-56.6097779519448,11.7512969670855));
#7278=CARTESIAN_POINT('Ctrl Pts',(343.334231982548,-56.6041178549082,11.7522995833951));
#7279=CARTESIAN_POINT('Ctrl Pts',(343.953942412394,-56.5720784779048,11.6917148829517));
#7280=CARTESIAN_POINT('Ctrl Pts',(344.926468689777,-56.5136598209345,10.8547544823372));
#7281=CARTESIAN_POINT('Ctrl Pts',(344.69373999985,-56.4345219810342,9.13225069079315));
#7282=CARTESIAN_POINT('Ctrl Pts',(343.122642876549,-56.3553841411336,8.3887214150372));
#7283=CARTESIAN_POINT('Ctrl Pts',(341.643055416559,-56.2762463012333,9.30086334738857));
#7284=CARTESIAN_POINT('Ctrl Pts',(341.601571457191,-56.1971084613328,11.0385229903194));
#7285=CARTESIAN_POINT('Ctrl Pts',(342.60731867278,-56.14161901157,11.7268720043651));
#7286=CARTESIAN_POINT('Ctrl Pts',(343.169528290481,-56.112508841774,11.7532175343284));
#7287=CARTESIAN_POINT('Ctrl Pts',(343.222304743686,-56.1097779519449,11.7528552400819));
#7288=CARTESIAN_POINT('Origin',(343.223190307617,-61.8182013991223,10.2079116500311));
#7289=CARTESIAN_POINT('',(343.222920354795,-57.1097779519448,11.7485638527207));
#7290=CARTESIAN_POINT('',(343.223190117952,-57.0682013991223,11.7534334523843));
#7291=CARTESIAN_POINT('',(343.223190307617,-61.8182013991223,11.7509116500311));
#7292=CARTESIAN_POINT('Ctrl Pts',(343.223190117952,-57.0682013991223,11.7534334523696));
#7293=CARTESIAN_POINT('Ctrl Pts',(343.728951755583,-57.0420047704326,11.7534325101644));
#7294=CARTESIAN_POINT('Ctrl Pts',(344.740487366183,-56.9896109644258,11.2089527860907));
#7295=CARTESIAN_POINT('Ctrl Pts',(344.894335607358,-56.9110199811021,9.49267194533772));
#7296=CARTESIAN_POINT('Ctrl Pts',(343.546447393709,-56.832428449151,8.41911336507069));
#7297=CARTESIAN_POINT('Ctrl Pts',(341.908071394415,-56.7538369171999,8.9530185501415));
#7298=CARTESIAN_POINT('Ctrl Pts',(341.451497735738,-56.6752453852489,10.6146054892128));
#7299=CARTESIAN_POINT('Ctrl Pts',(342.345540424418,-56.613366879223,11.6350971713019));
#7300=CARTESIAN_POINT('Ctrl Pts',(343.037834371599,-56.5776855505141,11.7504312563846));
#7301=CARTESIAN_POINT('Ctrl Pts',(343.222202779797,-56.5682013991223,11.749324751965));
#7302=CARTESIAN_POINT('Ctrl Pts',(343.222920354795,-57.1097779519448,11.7485638527207));
#7303=CARTESIAN_POINT('Ctrl Pts',(343.496404602412,-57.0957268680424,11.7481338096497));
#7304=CARTESIAN_POINT('Ctrl Pts',(344.283910292356,-57.0552965041731,11.5484748993824));
#7305=CARTESIAN_POINT('Ctrl Pts',(345.043178538531,-56.9884868603371,10.2927982574112));
#7306=CARTESIAN_POINT('Ctrl Pts',(344.28615494772,-56.9093490204367,8.72815860622137));
#7307=CARTESIAN_POINT('Ctrl Pts',(342.561711943733,-56.8302111805362,8.5102634912864));
#7308=CARTESIAN_POINT('Ctrl Pts',(341.439289916241,-56.7510733406358,9.83742239184609));
#7309=CARTESIAN_POINT('Ctrl Pts',(341.904579380345,-56.677595597772,11.382731496743));
#7310=CARTESIAN_POINT('Ctrl Pts',(342.823095055485,-56.630497134875,11.7476268196315));
#7311=CARTESIAN_POINT('Ctrl Pts',(343.224559367912,-56.6097779519448,11.7512969670855));
#7312=CARTESIAN_POINT('Origin',(343.223190307617,-61.8182013991223,10.2079116500311));
#7313=CARTESIAN_POINT('',(343.222030543354,-57.6097779519449,11.7522699515874));
#7314=CARTESIAN_POINT('',(343.224178064713,-57.5682013991223,11.7493251769017));
#7315=CARTESIAN_POINT('',(343.223190307617,-61.8182013991223,11.7509116500311));
#7316=CARTESIAN_POINT('Ctrl Pts',(343.224178064713,-57.5682013991223,11.7493251769017));
#7317=CARTESIAN_POINT('Ctrl Pts',(343.408525014633,-57.5587183449851,11.7504318303274));
#7318=CARTESIAN_POINT('Ctrl Pts',(344.100797008086,-57.5230381135308,11.6351153794463));
#7319=CARTESIAN_POINT('Ctrl Pts',(344.994866054861,-57.4611607047595,10.6146787758329));
#7320=CARTESIAN_POINT('Ctrl Pts',(344.538361129011,-57.3825691728084,8.95307295180755));
#7321=CARTESIAN_POINT('Ctrl Pts',(342.900007216375,-57.3039776408574,8.4190999948977));
#7322=CARTESIAN_POINT('Ctrl Pts',(341.552074595573,-57.2253861089063,9.49260281815214));
#7323=CARTESIAN_POINT('Ctrl Pts',(341.705852915245,-57.1467945769553,11.2089020024903));
#7324=CARTESIAN_POINT('Ctrl Pts',(342.717396704346,-57.0943996736939,11.7534286930457));
#7325=CARTESIAN_POINT('Ctrl Pts',(343.223179525954,-57.0682019477496,11.7534334523894));
#7326=CARTESIAN_POINT('Ctrl Pts',(343.223190117952,-57.0682013991223,11.7534334523696));
#7327=CARTESIAN_POINT('Ctrl Pts',(343.222030543354,-57.6097779519449,11.7522699515874));
#7328=CARTESIAN_POINT('Ctrl Pts',(343.656170395773,-57.5873358811766,11.7486316738246));
#7329=CARTESIAN_POINT('Ctrl Pts',(344.60673810748,-57.5385145304415,11.3315346736549));
#7330=CARTESIAN_POINT('Ctrl Pts',(344.97928231384,-57.4633138997396,9.7224183313785));
#7331=CARTESIAN_POINT('Ctrl Pts',(343.773086867339,-57.3841760598392,8.47090944209307));
#7332=CARTESIAN_POINT('Ctrl Pts',(342.066422649776,-57.3050382199387,8.80027125470709));
#7333=CARTESIAN_POINT('Ctrl Pts',(341.412549321498,-57.2259003800384,10.4107468446142));
#7334=CARTESIAN_POINT('Ctrl Pts',(342.230076658133,-57.1608136240404,11.5834526772848));
#7335=CARTESIAN_POINT('Ctrl Pts',(342.982969654299,-57.1221061480092,11.7489411656263));
#7336=CARTESIAN_POINT('Ctrl Pts',(343.222920354795,-57.1097779519448,11.7485638527207));
#7337=CARTESIAN_POINT('Origin',(343.223190307617,-61.8182013991223,10.2079116500311));
#7338=CARTESIAN_POINT('',(343.22443650941,-58.1097779519448,11.7519889407708));
#7339=CARTESIAN_POINT('',(343.221882618494,-58.0682013991223,11.7503854938864));
#7340=CARTESIAN_POINT('',(343.223190307617,-61.8182013991223,11.7509116500311));
#7341=CARTESIAN_POINT('Ctrl Pts',(343.221882618494,-58.0682013991223,11.7503854938864));
#7342=CARTESIAN_POINT('Ctrl Pts',(343.589945540208,-58.0492347422205,11.7473034926864));
#7343=CARTESIAN_POINT('Ctrl Pts',(344.471128012745,-58.0040709080017,11.4322060832203));
#7344=CARTESIAN_POINT('Ctrl Pts',(345.025186927029,-57.9327098964659,9.96895008066351));
#7345=CARTESIAN_POINT('Ctrl Pts',(344.016060664939,-57.8541183645148,8.57216990865327));
#7346=CARTESIAN_POINT('Ctrl Pts',(342.29443910322,-57.7755268325637,8.64531264570012));
#7347=CARTESIAN_POINT('Ctrl Pts',(341.407419140044,-57.6969353006127,10.1226501991005));
#7348=CARTESIAN_POINT('Ctrl Pts',(342.06224625249,-57.6278268227989,11.4891017914318));
#7349=CARTESIAN_POINT('Ctrl Pts',(342.89926189486,-57.5849155223021,11.7473746722007));
#7350=CARTESIAN_POINT('Ctrl Pts',(343.224178064713,-57.5682013991223,11.7493251769017));
#7351=CARTESIAN_POINT('Ctrl Pts',(343.22443650941,-58.1097779519449,11.7519889407708));
#7352=CARTESIAN_POINT('Ctrl Pts',(343.310635183661,-58.1053241742776,11.7527451728725));
#7353=CARTESIAN_POINT('Ctrl Pts',(343.906578147035,-58.0744911166435,11.7070498256236));
#7354=CARTESIAN_POINT('Ctrl Pts',(344.895301214238,-58.0172787790426,10.9315192873137));
#7355=CARTESIAN_POINT('Ctrl Pts',(344.741120741437,-57.9381409391422,9.20021621248064));
#7356=CARTESIAN_POINT('Ctrl Pts',(343.205449940424,-57.8590030992417,8.38603125435538));
#7357=CARTESIAN_POINT('Ctrl Pts',(341.685924902847,-57.7798652593413,9.22996585803983));
#7358=CARTESIAN_POINT('Ctrl Pts',(341.565487228739,-57.7007274194409,10.9639429979627));
#7359=CARTESIAN_POINT('Ctrl Pts',(342.56006286716,-57.6440316503088,11.7132460607702));
#7360=CARTESIAN_POINT('Ctrl Pts',(343.145865583443,-57.6137151611434,11.7529082465478));
#7361=CARTESIAN_POINT('Ctrl Pts',(343.222030543354,-57.6097779519449,11.7522699515874));
#7362=CARTESIAN_POINT('Origin',(343.223190307617,-61.8182013991223,10.2079116500311));
#7363=CARTESIAN_POINT('',(343.22329894511,-58.6097779519449,11.7485268893829));
#7364=CARTESIAN_POINT('',(343.223920002356,-58.5682013991223,11.7529782328592));
#7365=CARTESIAN_POINT('',(343.223190307617,-61.8182013991223,11.7509116500311));
#7366=CARTESIAN_POINT('Ctrl Pts',(343.223920002356,-58.5682013991223,11.7529782328592));
#7367=CARTESIAN_POINT('Ctrl Pts',(343.267453047348,-58.565948316773,11.7532356942859));
#7368=CARTESIAN_POINT('Ctrl Pts',(343.816901178457,-58.5374980571066,11.7319740412193));
#7369=CARTESIAN_POINT('Ctrl Pts',(344.819960604758,-58.4828506201233,11.0765997794382));
#7370=CARTESIAN_POINT('Ctrl Pts',(344.827614312567,-58.4042590881722,9.35344218870046));
#7371=CARTESIAN_POINT('Ctrl Pts',(343.393488098118,-58.3256675562212,8.39813456139387));
#7372=CARTESIAN_POINT('Ctrl Pts',(341.806327564567,-58.2470760242701,9.06914283444062));
#7373=CARTESIAN_POINT('Ctrl Pts',(341.492399199832,-58.168484492319,10.763480357951));
#7374=CARTESIAN_POINT('Ctrl Pts',(342.434216051594,-58.1088596172698,11.6701553526522));
#7375=CARTESIAN_POINT('Ctrl Pts',(343.08156867264,-58.0754319195376,11.7515604227476));
#7376=CARTESIAN_POINT('Ctrl Pts',(343.221882618494,-58.0682013991223,11.7503854938864));
#7377=CARTESIAN_POINT('Ctrl Pts',(343.22329894511,-58.6097779519448,11.7485268893829));
#7378=CARTESIAN_POINT('Ctrl Pts',(343.473318892785,-58.5969331874118,11.7486848793433));
#7379=CARTESIAN_POINT('Ctrl Pts',(344.236595549285,-58.5577091429118,11.5732849061196));
#7380=CARTESIAN_POINT('Ctrl Pts',(345.03743776567,-58.4921058184452,10.3754498777106));
#7381=CARTESIAN_POINT('Ctrl Pts',(344.352327724942,-58.4129679785447,8.77801249639366));
#7382=CARTESIAN_POINT('Ctrl Pts',(342.639573474378,-58.3338301386443,8.48194690857976));
#7383=CARTESIAN_POINT('Ctrl Pts',(341.457977300979,-58.2546922987439,9.75670666560393));
#7384=CARTESIAN_POINT('Ctrl Pts',(341.859011257561,-58.1800082365107,11.3472619430076));
#7385=CARTESIAN_POINT('Ctrl Pts',(342.800089051656,-58.1317034542444,11.7482660857199));
#7386=CARTESIAN_POINT('Ctrl Pts',(343.22443650941,-58.1097779519449,11.7519889407708));
#7387=CARTESIAN_POINT('Origin',(343.223190307617,-61.8182013991223,10.2079116500311));
#7388=CARTESIAN_POINT('',(343.221860046411,-59.1097779519448,11.7515970384119));
#7389=CARTESIAN_POINT('',(343.223600744594,-59.0682013991223,11.7487008876389));
#7390=CARTESIAN_POINT('',(343.223190307617,-61.8182013991223,11.7509116500311));
#7391=CARTESIAN_POINT('Ctrl Pts',(343.223600744594,-59.0682013991223,11.7487008876389));
#7392=CARTESIAN_POINT('Ctrl Pts',(343.451989755578,-59.0564647140084,11.7492557696935));
#7393=CARTESIAN_POINT('Ctrl Pts',(344.189449202849,-59.0185308515775,11.5952902437499));
#7394=CARTESIAN_POINT('Ctrl Pts',(345.022993089161,-58.9543998118297,10.4628712455572));
#7395=CARTESIAN_POINT('Ctrl Pts',(344.427134669017,-58.8758082798786,8.84599666636536));
#7396=CARTESIAN_POINT('Ctrl Pts',(342.749378444685,-58.7972167479275,8.45297667500851));
#7397=CARTESIAN_POINT('Ctrl Pts',(341.497402705357,-58.7186252159765,9.63698993922468));
#7398=CARTESIAN_POINT('Ctrl Pts',(341.787699648213,-58.6422867663747,11.2853975556993));
#7399=CARTESIAN_POINT('Ctrl Pts',(342.76128295589,-58.59214549409,11.75024212299));
#7400=CARTESIAN_POINT('Ctrl Pts',(343.223920002356,-58.5682013991223,11.7529782328592));
#7401=CARTESIAN_POINT('Ctrl Pts',(343.221860046411,-59.1097779519448,11.7515970384119));
#7402=CARTESIAN_POINT('Ctrl Pts',(343.633127831285,-59.0885422005459,11.7478650984128));
#7403=CARTESIAN_POINT('Ctrl Pts',(344.561369465448,-59.0409271691802,11.3677570789699));
#7404=CARTESIAN_POINT('Ctrl Pts',(344.999537927961,-58.9669328578477,9.80275485449952));
#7405=CARTESIAN_POINT('Ctrl Pts',(343.85148504129,-58.8877950179472,8.49770446239858));
#7406=CARTESIAN_POINT('Ctrl Pts',(342.13161207775,-58.8086571780469,8.74913823903287));
#7407=CARTESIAN_POINT('Ctrl Pts',(341.405200166982,-58.7295193381464,10.3282226860759));
#7408=CARTESIAN_POINT('Ctrl Pts',(342.182717595678,-58.6632262627791,11.5592833827345));
#7409=CARTESIAN_POINT('Ctrl Pts',(342.959853178406,-58.6233124673786,11.748360415521));
#7410=CARTESIAN_POINT('Ctrl Pts',(343.22329894511,-58.6097779519448,11.7485268893829));
#7411=CARTESIAN_POINT('Origin',(343.223190307617,-61.8182013991223,10.2079116500311));
#7412=CARTESIAN_POINT('',(343.224205022813,-59.6097779519449,11.7526193704615));
#7413=CARTESIAN_POINT('',(343.221920325568,-59.5682013991223,11.7516498359298));
#7414=CARTESIAN_POINT('',(343.223190307617,-61.8182013991223,11.7509116500311));
#7415=CARTESIAN_POINT('Ctrl Pts',(343.221920325568,-59.5682013991223,11.7516498359298));
#7416=CARTESIAN_POINT('Ctrl Pts',(343.632852020741,-59.5469811112439,11.7480203878665));
#7417=CARTESIAN_POINT('Ctrl Pts',(344.557004509346,-59.4995636460485,11.3694217886256));
#7418=CARTESIAN_POINT('Ctrl Pts',(344.998409530374,-59.4259490035361,9.81689868335043));
#7419=CARTESIAN_POINT('Ctrl Pts',(343.874395542334,-59.3473574715849,8.5107887332921));
#7420=CARTESIAN_POINT('Ctrl Pts',(342.165190454944,-59.2687659396339,8.7297605204833));
#7421=CARTESIAN_POINT('Ctrl Pts',(341.406733391463,-59.1901744076828,10.2770399203891));
#7422=CARTESIAN_POINT('Ctrl Pts',(342.150094363948,-59.1233195608456,11.540408414181));
#7423=CARTESIAN_POINT('Ctrl Pts',(342.942208044646,-59.0826618913255,11.7480172305801));
#7424=CARTESIAN_POINT('Ctrl Pts',(343.223600744594,-59.0682013991223,11.7487008876389));
#7425=CARTESIAN_POINT('Ctrl Pts',(343.224205022813,-59.6097779519449,11.7526193704615));
#7426=CARTESIAN_POINT('Ctrl Pts',(343.286989713346,-59.6065304936469,11.7530977782138));
#7427=CARTESIAN_POINT('Ctrl Pts',(343.859287578683,-59.5769037553822,11.721180360151));
#7428=CARTESIAN_POINT('Ctrl Pts',(344.860676084867,-59.5208977371506,11.0067877658095));
#7429=CARTESIAN_POINT('Ctrl Pts',(344.78536269813,-59.4417598972502,9.27026548166604));
#7430=CARTESIAN_POINT('Ctrl Pts',(343.288293680353,-59.3626220573498,8.38710839927417));
#7431=CARTESIAN_POINT('Ctrl Pts',(341.731973175332,-59.2834842174494,9.16109058530233));
#7432=CARTESIAN_POINT('Ctrl Pts',(341.53283082475,-59.204346377549,10.8877996693265));
#7433=CARTESIAN_POINT('Ctrl Pts',(342.512728704669,-59.1464442890474,11.6984314426047));
#7434=CARTESIAN_POINT('Ctrl Pts',(343.122246542711,-59.1149214805127,11.7525009546256));
#7435=CARTESIAN_POINT('Ctrl Pts',(343.221860046411,-59.1097779519448,11.7515970384119));
#7436=CARTESIAN_POINT('Origin',(343.223190307617,-61.8182013991223,10.2079116500311));
#7437=CARTESIAN_POINT('',(343.223667157599,-60.1097779519448,11.7486590915835));
#7438=CARTESIAN_POINT('',(343.224403721668,-60.0682013991223,11.7519105088225));
#7439=CARTESIAN_POINT('',(343.223190307617,-61.8182013991223,11.7509116500311));
#7440=CARTESIAN_POINT('Ctrl Pts',(343.224403721668,-60.0682013991223,11.7519105088225));
#7441=CARTESIAN_POINT('Ctrl Pts',(343.311638062197,-60.0636946857964,11.7526629222669));
#7442=CARTESIAN_POINT('Ctrl Pts',(343.905163936173,-60.0329907951534,11.7065360684966));
#7443=CARTESIAN_POINT('Ctrl Pts',(344.88791707642,-59.9760897271935,10.9379680894098));
#7444=CARTESIAN_POINT('Ctrl Pts',(344.74931848252,-59.8974981952424,9.22037649773772));
#7445=CARTESIAN_POINT('Ctrl Pts',(343.239300525189,-59.8189066632913,8.39021117517105));
#7446=CARTESIAN_POINT('Ctrl Pts',(341.714804652334,-59.7403151313403,9.19348202943147));
#7447=CARTESIAN_POINT('Ctrl Pts',(341.545786366379,-59.6617235993892,10.9083474359984));
#7448=CARTESIAN_POINT('Ctrl Pts',(342.522767158276,-59.6043523553166,11.7007066168144));
#7449=CARTESIAN_POINT('Ctrl Pts',(343.125542669175,-59.5731782885609,11.7525010666877));
#7450=CARTESIAN_POINT('Ctrl Pts',(343.221920325568,-59.5682013991223,11.7516498359298));
#7451=CARTESIAN_POINT('Ctrl Pts',(343.223667157599,-60.1097779519448,11.7486590915835));
#7452=CARTESIAN_POINT('Ctrl Pts',(343.450158297345,-60.0981395067811,11.7492955154531));
#7453=CARTESIAN_POINT('Ctrl Pts',(344.189192864963,-60.0601217816506,11.5966158918916));
#7454=CARTESIAN_POINT('Ctrl Pts',(345.027942254272,-59.9957247765532,10.4577515541468));
#7455=CARTESIAN_POINT('Ctrl Pts',(344.41616716679,-59.9165869366527,8.83082480961021));
#7456=CARTESIAN_POINT('Ctrl Pts',(342.718641103372,-59.8374490967523,8.4571985237508));
#7457=CARTESIAN_POINT('Ctrl Pts',(341.480315159192,-59.7583112568519,9.67692431669193));
#7458=CARTESIAN_POINT('Ctrl Pts',(341.813927954086,-59.6824208752494,11.310025235111));
#7459=CARTESIAN_POINT('Ctrl Pts',(342.776986265343,-59.6329097736137,11.7492116460827));
#7460=CARTESIAN_POINT('Ctrl Pts',(343.224205022813,-59.6097779519449,11.7526193704615));
#7461=CARTESIAN_POINT('Origin',(343.223190307617,-61.8182013991223,10.2079116500311));
#7462=CARTESIAN_POINT('',(343.221742408611,-60.6097779519448,11.7503622996018));
#7463=CARTESIAN_POINT('',(343.223014032053,-60.5682013991223,11.7486318610729));
#7464=CARTESIAN_POINT('',(343.223190307617,-61.8182013991223,11.7509116500311));
#7465=CARTESIAN_POINT('',(341.766950694778,-60.707965335657,10.7180245689018));
#7466=CARTESIAN_POINT('Ctrl Pts',(341.766950694778,-60.707965335657,10.7180245689017));
#7467=CARTESIAN_POINT('Ctrl Pts',(341.936048948846,-60.6815860556902,11.2007560719208));
#7468=CARTESIAN_POINT('Ctrl Pts',(342.465888183064,-60.6488569277861,11.68193728688));
#7469=CARTESIAN_POINT('Ctrl Pts',(343.098678951879,-60.6161277998821,11.7514547872686));
#7470=CARTESIAN_POINT('Ctrl Pts',(343.221742408611,-60.6097779519448,11.7503622996018));
#7471=CARTESIAN_POINT('',(341.680190307617,-60.7139896755336,10.2079116500312));
#7472=CARTESIAN_POINT('Ctrl Pts',(341.680190307617,-60.7139896755336,10.2079116500311));
#7473=CARTESIAN_POINT('Ctrl Pts',(341.680190307617,-60.7139896755336,10.3746695056494));
#7474=CARTESIAN_POINT('Ctrl Pts',(341.708477068451,-60.711908639674,10.5510975850624));
#7475=CARTESIAN_POINT('Ctrl Pts',(341.766950694778,-60.707965335657,10.7180245689018));
#7476=CARTESIAN_POINT('',(341.719549089171,-60.7112137544242,9.86162840442013));
#7477=CARTESIAN_POINT('Ctrl Pts',(341.719549089171,-60.7112137544241,9.86162840442013));
#7478=CARTESIAN_POINT('Ctrl Pts',(341.692868150658,-60.7130713338404,9.97748315455545));
#7479=CARTESIAN_POINT('Ctrl Pts',(341.680190307617,-60.7139896755336,10.0949406597089));
#7480=CARTESIAN_POINT('Ctrl Pts',(341.680190307617,-60.7139896755336,10.2079116500311));
#7481=CARTESIAN_POINT('Ctrl Pts',(341.720943308275,-60.7112137544241,9.86308053919445));
#7482=CARTESIAN_POINT('Ctrl Pts',(341.679269851212,-60.7019470078671,10.0383345694039));
#7483=CARTESIAN_POINT('Ctrl Pts',(341.633262924042,-60.666483083993,10.7338460939017));
#7484=CARTESIAN_POINT('Ctrl Pts',(342.23863451376,-60.6188122988924,11.5863446734646));
#7485=CARTESIAN_POINT('Ctrl Pts',(342.985488648136,-60.5804082603488,11.7490090130236));
#7486=CARTESIAN_POINT('Ctrl Pts',(343.223014032053,-60.5682013991223,11.7486318610729));
#7487=CARTESIAN_POINT('Origin',(350.,-22.6139896755336,108.664338635585));
#7488=CARTESIAN_POINT('',(349.999999999998,-60.7139896755336,10.207911650031));
#7489=CARTESIAN_POINT('',(350.,-39.1139896755336,31.8079116500374));
#7490=CARTESIAN_POINT('Origin',(349.999999999998,-39.1139896755336,10.207911650031));
#7491=CARTESIAN_POINT('',(350.000000000002,-60.7139896755287,192.729520595899));
#7492=CARTESIAN_POINT('',(349.999999999999,-60.7139896755336,59.4361251428082));
#7493=CARTESIAN_POINT('',(350.000000000002,15.4860103244651,195.18013404889));
#7494=CARTESIAN_POINT('Origin',(350.000000000002,-22.5009235534945,190.439120474086));
#7495=CARTESIAN_POINT('',(349.999999999998,15.4860103244664,10.207911650031));
#7496=CARTESIAN_POINT('',(350.000000000001,15.4860103244664,151.922236342238));
#7497=CARTESIAN_POINT('',(350.,-6.1139896755336,31.8079116500374));
#7498=CARTESIAN_POINT('Origin',(349.999999999998,-6.1139896755336,10.207911650031));
#7499=CARTESIAN_POINT('',(349.999999999999,-30.8639896755336,31.8079116500375));
#7500=CARTESIAN_POINT('',(350.000000000001,-13.7314358541022,167.680134048903));
#7501=CARTESIAN_POINT('',(350.000000000001,-13.7314358541022,142.680134048904));
#7502=CARTESIAN_POINT('',(350.000000000001,-13.7314358541022,138.172236342245));
#7503=CARTESIAN_POINT('',(350.000000000001,-18.7314358541022,172.680134048904));
#7504=CARTESIAN_POINT('Origin',(350.,-18.7314358541022,167.680134048904));
#7505=CARTESIAN_POINT('',(350.000000000001,-28.7314358541022,172.680134048904));
#7506=CARTESIAN_POINT('',(350.000000000001,-25.6727127648179,172.680134048904));
#7507=CARTESIAN_POINT('',(350.000000000001,-33.7314358541023,167.680134048904));
#7508=CARTESIAN_POINT('Origin',(350.,-28.7314358541022,167.680134048904));
#7509=CARTESIAN_POINT('',(350.000000000001,-33.7314358541022,142.680134048904));
#7510=CARTESIAN_POINT('',(350.,-33.7314358541022,125.672236342245));
#7511=CARTESIAN_POINT('',(350.000000000001,-28.7314358541022,137.680134048904));
#7512=CARTESIAN_POINT('Origin',(350.,-28.7314358541022,142.680134048904));
#7513=CARTESIAN_POINT('',(350.000000000001,-18.7314358541022,137.680134048904));
#7514=CARTESIAN_POINT('',(350.000000000001,-20.6727127648179,137.680134048904));
#7515=CARTESIAN_POINT('Origin',(350.,-18.7314358541022,142.680134048904));
#7516=CARTESIAN_POINT('',(350.000000000001,-6.63143585410221,143.180134048896));
#7517=CARTESIAN_POINT('',(350.000000000001,-6.63143585410221,136.180134048896));
#7518=CARTESIAN_POINT('',(350.,-6.63143585410221,122.422236342241));
#7519=CARTESIAN_POINT('',(350.000000000001,-9.83143585410221,143.180134048896));
#7520=CARTESIAN_POINT('Origin',(350.000000000001,-8.23143585410221,143.180134048896));
#7521=CARTESIAN_POINT('',(350.000000000001,-9.83143585410221,136.180134048896));
#7522=CARTESIAN_POINT('',(350.000000000001,-9.83143585410221,125.922236342241));
#7523=CARTESIAN_POINT('Origin',(350.000000000001,-8.23143585410221,136.180134048896));
#7524=CARTESIAN_POINT('',(350.000000000001,-37.6314358541022,143.180134048896));
#7525=CARTESIAN_POINT('',(350.000000000001,-37.6314358541022,136.180134048896));
#7526=CARTESIAN_POINT('',(350.,-37.6314358541022,122.422236342241));
#7527=CARTESIAN_POINT('',(350.000000000001,-40.8314358541022,143.180134048896));
#7528=CARTESIAN_POINT('Origin',(350.000000000001,-39.2314358541022,143.180134048896));
#7529=CARTESIAN_POINT('',(350.000000000001,-40.8314358541022,136.180134048896));
#7530=CARTESIAN_POINT('',(350.000000000001,-40.8314358541022,125.922236342241));
#7531=CARTESIAN_POINT('Origin',(350.000000000001,-39.2314358541022,136.180134048896));
#7532=CARTESIAN_POINT('',(350.000000000001,-6.63143585410221,174.180134048896));
#7533=CARTESIAN_POINT('',(350.000000000001,-6.63143585410221,167.180134048896));
#7534=CARTESIAN_POINT('',(350.000000000001,-6.63143585410221,137.922236342241));
#7535=CARTESIAN_POINT('',(350.000000000001,-9.83143585410221,174.180134048896));
#7536=CARTESIAN_POINT('Origin',(350.000000000001,-8.23143585410221,174.180134048896));
#7537=CARTESIAN_POINT('',(350.000000000001,-9.83143585410221,167.180134048896));
#7538=CARTESIAN_POINT('',(350.000000000001,-9.83143585410221,141.422236342241));
#7539=CARTESIAN_POINT('Origin',(350.000000000001,-8.23143585410221,167.180134048896));
#7540=CARTESIAN_POINT('',(350.000000000001,-37.6314358541022,174.180134048896));
#7541=CARTESIAN_POINT('',(350.000000000001,-37.6314358541022,167.180134048896));
#7542=CARTESIAN_POINT('',(350.000000000001,-37.6314358541022,137.922236342241));
#7543=CARTESIAN_POINT('',(350.000000000001,-40.8314358541022,174.180134048896));
#7544=CARTESIAN_POINT('Origin',(350.000000000001,-39.2314358541022,174.180134048896));
#7545=CARTESIAN_POINT('',(350.000000000001,-40.8314358541022,167.180134048896));
#7546=CARTESIAN_POINT('',(350.000000000001,-40.8314358541022,141.422236342241));
#7547=CARTESIAN_POINT('Origin',(350.000000000001,-39.2314358541022,167.180134048896));
#7548=CARTESIAN_POINT('',(350.,-30.7314358541023,195.180134048896));
#7549=CARTESIAN_POINT('Origin',(350.,-23.7314358541023,195.180134048897));
#7550=CARTESIAN_POINT('Origin',(340.000000000001,-39.2314358541022,167.180134048897));
#7551=CARTESIAN_POINT('',(360.000000000001,-40.8314358541022,167.180134048896));
#7552=CARTESIAN_POINT('',(340.000000000001,-40.8314358541022,167.180134048897));
#7553=CARTESIAN_POINT('',(360.000000000001,-37.6314358541022,167.180134048896));
#7554=CARTESIAN_POINT('Origin',(360.000000000001,-39.2314358541022,167.180134048896));
#7555=CARTESIAN_POINT('',(340.000000000001,-37.6314358541022,167.180134048897));
#7556=CARTESIAN_POINT('Origin',(340.000000000001,-40.8314358541022,174.180134048897));
#7557=CARTESIAN_POINT('',(360.000000000001,-40.8314358541022,174.180134048896));
#7558=CARTESIAN_POINT('',(340.000000000001,-40.8314358541022,174.180134048897));
#7559=CARTESIAN_POINT('',(360.000000000001,-40.8314358541022,141.422236342241));
#7560=CARTESIAN_POINT('Origin',(340.000000000001,-8.23143585410221,167.180134048897));
#7561=CARTESIAN_POINT('',(360.000000000001,-9.83143585410221,167.180134048896));
#7562=CARTESIAN_POINT('',(340.000000000001,-9.83143585410221,167.180134048897));
#7563=CARTESIAN_POINT('',(360.000000000001,-6.63143585410221,167.180134048896));
#7564=CARTESIAN_POINT('Origin',(360.000000000001,-8.23143585410221,167.180134048896));
#7565=CARTESIAN_POINT('',(340.000000000001,-6.63143585410221,167.180134048897));
#7566=CARTESIAN_POINT('Origin',(340.000000000001,-9.83143585410221,174.180134048897));
#7567=CARTESIAN_POINT('',(360.000000000001,-9.83143585410221,174.180134048896));
#7568=CARTESIAN_POINT('',(340.000000000001,-9.83143585410221,174.180134048897));
#7569=CARTESIAN_POINT('',(360.000000000001,-9.83143585410221,141.422236342241));
#7570=CARTESIAN_POINT('Origin',(340.000000000001,-39.2314358541022,136.180134048897));
#7571=CARTESIAN_POINT('',(360.000000000001,-40.8314358541022,136.180134048896));
#7572=CARTESIAN_POINT('',(340.000000000001,-40.8314358541022,136.180134048897));
#7573=CARTESIAN_POINT('',(360.000000000001,-37.6314358541022,136.180134048896));
#7574=CARTESIAN_POINT('Origin',(360.000000000001,-39.2314358541022,136.180134048896));
#7575=CARTESIAN_POINT('',(340.000000000001,-37.6314358541022,136.180134048897));
#7576=CARTESIAN_POINT('Origin',(340.000000000001,-40.8314358541022,143.180134048897));
#7577=CARTESIAN_POINT('',(360.000000000001,-40.8314358541022,143.180134048896));
#7578=CARTESIAN_POINT('',(340.000000000001,-40.8314358541022,143.180134048897));
#7579=CARTESIAN_POINT('',(360.000000000001,-40.8314358541022,125.922236342241));
#7580=CARTESIAN_POINT('Origin',(340.000000000001,-8.23143585410221,136.180134048897));
#7581=CARTESIAN_POINT('',(360.000000000001,-9.83143585410221,136.180134048896));
#7582=CARTESIAN_POINT('',(340.000000000001,-9.83143585410221,136.180134048897));
#7583=CARTESIAN_POINT('',(360.000000000001,-6.63143585410221,136.180134048896));
#7584=CARTESIAN_POINT('Origin',(360.000000000001,-8.23143585410221,136.180134048896));
#7585=CARTESIAN_POINT('',(340.000000000001,-6.63143585410221,136.180134048897));
#7586=CARTESIAN_POINT('Origin',(340.000000000001,-9.83143585410221,143.180134048897));
#7587=CARTESIAN_POINT('',(360.000000000001,-9.83143585410221,143.180134048896));
#7588=CARTESIAN_POINT('',(340.000000000001,-9.83143585410221,143.180134048897));
#7589=CARTESIAN_POINT('',(360.000000000001,-9.83143585410221,125.922236342241));
#7590=CARTESIAN_POINT('Origin',(360.,-28.7314358541022,167.680134048904));
#7591=CARTESIAN_POINT('',(360.,-28.7314358541022,172.680134048904));
#7592=CARTESIAN_POINT('',(360.,-28.7314358541022,172.680134048904));
#7593=CARTESIAN_POINT('',(360.,-33.7314358541022,167.680134048904));
#7594=CARTESIAN_POINT('Origin',(360.,-28.7314358541022,167.680134048904));
#7595=CARTESIAN_POINT('',(360.,-33.7314358541022,167.680134048904));
#7596=CARTESIAN_POINT('Origin',(360.,-28.7314358541022,172.680134048904));
#7597=CARTESIAN_POINT('',(360.,-18.7314358541022,172.680134048904));
#7598=CARTESIAN_POINT('',(360.,-18.7314358541022,172.680134048904));
#7599=CARTESIAN_POINT('',(360.000000000001,-25.6727127648179,172.680134048904));
#7600=CARTESIAN_POINT('Origin',(360.,-18.7314358541022,167.680134048904));
#7601=CARTESIAN_POINT('',(360.,-13.7314358541022,167.680134048904));
#7602=CARTESIAN_POINT('',(360.,-13.7314358541022,167.680134048904));
#7603=CARTESIAN_POINT('Origin',(360.,-18.7314358541022,167.680134048904));
#7604=CARTESIAN_POINT('Origin',(360.,-13.7314358541022,167.680134048904));
#7605=CARTESIAN_POINT('',(360.,-13.7314358541022,142.680134048904));
#7606=CARTESIAN_POINT('',(360.,-13.7314358541022,142.680134048904));
#7607=CARTESIAN_POINT('',(360.000000000001,-13.7314358541022,138.172236342244));
#7608=CARTESIAN_POINT('Origin',(360.000000000002,15.4860103244664,195.18013404889));
#7609=CARTESIAN_POINT('',(360.000000000002,15.4860103244651,195.18013404889));
#7610=CARTESIAN_POINT('',(350.000000000002,15.4860103244651,195.18013404889));
#7611=CARTESIAN_POINT('',(359.999999999998,15.4860103244664,10.2079116500308));
#7612=CARTESIAN_POINT('',(359.999999999998,15.4860103244664,10.2079116500308));
#7613=CARTESIAN_POINT('',(359.999999999998,15.4860103244664,10.2079116500308));
#7614=CARTESIAN_POINT('Origin',(360.000000000002,-22.5009235534945,190.439120474086));
#7615=CARTESIAN_POINT('',(360.000000000002,-60.7139896755287,192.729520595899));
#7616=CARTESIAN_POINT('',(360.000000000002,-60.7139896755287,192.729520595899));
#7617=CARTESIAN_POINT('Origin',(360.000000000002,-22.5009235534945,190.439120474086));
#7618=CARTESIAN_POINT('Origin',(360.,-33.7314358541022,142.680134048904));
#7619=CARTESIAN_POINT('',(360.,-33.7314358541022,142.680134048904));
#7620=CARTESIAN_POINT('',(360.,-33.7314358541022,125.672236342244));
#7621=CARTESIAN_POINT('',(360.,-33.7314358541022,142.680134048904));
#7622=CARTESIAN_POINT('Origin',(360.,-28.7314358541022,142.680134048904));
#7623=CARTESIAN_POINT('',(360.,-28.7314358541022,137.680134048904));
#7624=CARTESIAN_POINT('Origin',(360.,-28.7314358541022,142.680134048904));
#7625=CARTESIAN_POINT('',(360.,-28.7314358541022,137.680134048904));
#7626=CARTESIAN_POINT('Origin',(360.,-18.7314358541022,137.680134048904));
#7627=CARTESIAN_POINT('',(360.,-18.7314358541022,137.680134048904));
#7628=CARTESIAN_POINT('',(360.000000000001,-20.6727127648179,137.680134048904));
#7629=CARTESIAN_POINT('',(360.,-18.7314358541022,137.680134048904));
#7630=CARTESIAN_POINT('Origin',(360.,-18.7314358541022,142.680134048904));
#7631=CARTESIAN_POINT('Origin',(360.,-18.7314358541022,142.680134048904));
#7632=CARTESIAN_POINT('Origin',(359.999999999998,-39.1139896755336,10.2079116500308));
#7633=CARTESIAN_POINT('',(359.999999999998,-60.7139896755336,10.2079116500308));
#7634=CARTESIAN_POINT('',(359.999999999998,-60.7139896755336,10.2079116500308));
#7635=CARTESIAN_POINT('',(300.,-39.1139896755336,31.8079116500375));
#7636=CARTESIAN_POINT('',(340.,-39.1139896755336,31.8079116500375));
#7637=CARTESIAN_POINT('',(300.,-39.1139896755336,-11.3920883499625));
#7638=CARTESIAN_POINT('Origin',(300.,-39.1139896755336,10.2079116500375));
#7639=CARTESIAN_POINT('',(359.999999999998,-39.1139896755336,-11.3920883499692));
#7640=CARTESIAN_POINT('',(359.999999999998,-39.1139896755336,-11.3920883499692));
#7641=CARTESIAN_POINT('Origin',(359.999999999998,-39.1139896755336,10.2079116500308));
#7642=CARTESIAN_POINT('Ctrl Pts',(311.056120006302,-60.707965335657,10.7180245689025));
#7643=CARTESIAN_POINT('Ctrl Pts',(311.077942675986,-60.7067051175836,10.7713718130072));
#7644=CARTESIAN_POINT('Ctrl Pts',(311.102651950766,-60.7052707493245,10.8233449820409));
#7645=CARTESIAN_POINT('Ctrl Pts',(311.130069495225,-60.7037048514427,10.8738017606338));
#7646=CARTESIAN_POINT('Ctrl Pts',(311.157853735914,-60.7021180104435,10.9249333739314));
#7647=CARTESIAN_POINT('Ctrl Pts',(311.188420229441,-60.7003960980051,10.9745079700948));
#7648=CARTESIAN_POINT('Ctrl Pts',(311.221603099332,-60.6985834677513,11.0223273481019));
#7649=CARTESIAN_POINT('Ctrl Pts',(311.254893765556,-60.696764949071,11.0703020699223));
#7650=CARTESIAN_POINT('Ctrl Pts',(311.290818852806,-60.6948551222145,11.1165101916718));
#7651=CARTESIAN_POINT('Ctrl Pts',(311.329214844809,-60.6928987744667,11.1606997271711));
#7652=CARTESIAN_POINT('Ctrl Pts',(311.343091149056,-60.6921917507606,11.1766698169424));
#7653=CARTESIAN_POINT('Ctrl Pts',(311.357290141186,-60.6914786509692,11.1923757680115));
#7654=CARTESIAN_POINT('Ctrl Pts',(311.371803846407,-60.6907615891582,11.2078040256727));
#7655=CARTESIAN_POINT('Ctrl Pts',(311.409255876959,-60.6889112400954,11.2476160218845));
#7656=CARTESIAN_POINT('Ctrl Pts',(311.448640878649,-60.6870472247097,11.2853995318396));
#7657=CARTESIAN_POINT('Ctrl Pts',(311.489825247947,-60.685214451158,11.3209729196188));
#7658=CARTESIAN_POINT('Ctrl Pts',(311.530841115333,-60.6833891762242,11.3564007622812));
#7659=CARTESIAN_POINT('Ctrl Pts',(311.573642661297,-60.6815948880013,11.3896364962908));
#7660=CARTESIAN_POINT('Ctrl Pts',(311.618096280713,-60.6798759456861,11.420449315793));
#7661=CARTESIAN_POINT('Ctrl Pts',(311.661839320168,-60.6781844802329,11.4507696001009));
#7662=CARTESIAN_POINT('Ctrl Pts',(311.707182872186,-60.6765659711682,11.4787436110278));
#7663=CARTESIAN_POINT('Ctrl Pts',(311.753984526561,-60.6750626842987,11.5041034543755));
#7664=CARTESIAN_POINT('Ctrl Pts',(311.767509428237,-60.6746282593329,11.5114320283841));
#7665=CARTESIAN_POINT('Ctrl Pts',(311.781155957495,-60.6742034567352,11.5185419903385));
#7666=CARTESIAN_POINT('Ctrl Pts',(311.794920290245,-60.6737892965238,11.5254261526067));
#7667=CARTESIAN_POINT('Ctrl Pts',(311.842162238222,-60.6723678156923,11.5490539769007));
#7668=CARTESIAN_POINT('Ctrl Pts',(311.890538941978,-60.6710821890665,11.569893879613));
#7669=CARTESIAN_POINT('Ctrl Pts',(311.939898657331,-60.6699610214081,11.5877489773673));
#7670=CARTESIAN_POINT('Ctrl Pts',(311.988001600113,-60.6688684003642,11.6051494574853));
#7671=CARTESIAN_POINT('Ctrl Pts',(312.037039004415,-60.6679319701594,11.619715073261));
#7672=CARTESIAN_POINT('Ctrl Pts',(312.086859500184,-60.667178205755,11.6312157548694));
#7673=CARTESIAN_POINT('Ctrl Pts',(312.111559159137,-60.6668045096801,11.6369174828243));
#7674=CARTESIAN_POINT('Ctrl Pts',(312.136451043745,-60.6664757111991,11.6418651390595));
#7675=CARTESIAN_POINT('Ctrl Pts',(312.161514703635,-60.6661950364584,11.6460263231536));
#7676=CARTESIAN_POINT('Ctrl Pts',(312.168681374646,-60.6661147806802,11.6472161668378));
#7677=CARTESIAN_POINT('Ctrl Pts',(312.175862079875,-60.666038459545,11.6483416893495));
#7678=CARTESIAN_POINT('Ctrl Pts',(312.18305610703,-60.6659661484758,11.6494028428828));
#7679=CARTESIAN_POINT('Ctrl Pts',(312.23431548135,-60.6654509126991,11.6569638466161));
#7680=CARTESIAN_POINT('Ctrl Pts',(312.285928421703,-60.6651438781721,11.6612113575321));
#7681=CARTESIAN_POINT('Ctrl Pts',(312.337649348738,-60.6650462518428,11.6622584332669));
#7682=CARTESIAN_POINT('Ctrl Pts',(312.390378996912,-60.6649467214923,11.6633259302798));
#7683=CARTESIAN_POINT('Ctrl Pts',(312.44322223049,-60.6650648472329,11.6610664720264));
#7684=CARTESIAN_POINT('Ctrl Pts',(312.495908249639,-60.665401908017,11.6555475527174));
#7685=CARTESIAN_POINT('Ctrl Pts',(312.526074174404,-60.6655948956524,11.6523876384299));
#7686=CARTESIAN_POINT('Ctrl Pts',(312.556188255661,-60.6658596557421,11.6481582701495));
#7687=CARTESIAN_POINT('Ctrl Pts',(312.586195540127,-60.6661964283454,11.6428655968681));
#7688=CARTESIAN_POINT('Ctrl Pts',(312.639930908773,-60.6667995019092,11.6333877732345));
#7689=CARTESIAN_POINT('Ctrl Pts',(312.692956250358,-60.6676288904886,11.6205689818914));
#7690=CARTESIAN_POINT('Ctrl Pts',(312.744981712771,-60.6686531584977,11.6045825026634));
#7691=CARTESIAN_POINT('Ctrl Pts',(312.797132137616,-60.6696798867448,11.5885576247507));
#7692=CARTESIAN_POINT('Ctrl Pts',(312.84827927612,-60.6709024317263,11.5693494331814));
#7693=CARTESIAN_POINT('Ctrl Pts',(312.898122430907,-60.6722891307918,11.5470820286891));
#7694=CARTESIAN_POINT('Ctrl Pts',(312.928863179086,-60.6731443769527,11.5333486148026));
#7695=CARTESIAN_POINT('Ctrl Pts',(312.959107660095,-60.6740620640651,11.5184505689878));
#7696=CARTESIAN_POINT('Ctrl Pts',(312.988780178513,-60.6750347640933,11.5024084833916));
#7697=CARTESIAN_POINT('Ctrl Pts',(313.037440322267,-60.6766299007963,11.4761009694748));
#7698=CARTESIAN_POINT('Ctrl Pts',(313.084298097239,-60.6783607791581,11.4468689791548));
#7699=CARTESIAN_POINT('Ctrl Pts',(313.129060779845,-60.68017631274,11.4148887737996));
#7700=CARTESIAN_POINT('Ctrl Pts',(313.17242016849,-60.6819349299987,11.383911136353));
#7701=CARTESIAN_POINT('Ctrl Pts',(313.213814906692,-60.6837729778554,11.3503546002884));
#7702=CARTESIAN_POINT('Ctrl Pts',(313.252963307951,-60.6856440254466,11.3143337300026));
#7703=CARTESIAN_POINT('Ctrl Pts',(313.264091985626,-60.6861759063124,11.3040941124938));
#7704=CARTESIAN_POINT('Ctrl Pts',(313.275038982361,-60.6867104538497,11.2936550789038));
#7705=CARTESIAN_POINT('Ctrl Pts',(313.285797390798,-60.6872466014737,11.2830186035592));
#7706=CARTESIAN_POINT('Ctrl Pts',(313.324050323084,-60.6891529446725,11.2451992203772));
#7707=CARTESIAN_POINT('Ctrl Pts',(313.359779438364,-60.6910704118142,11.2050314228939));
#7708=CARTESIAN_POINT('Ctrl Pts',(313.39269904152,-60.6929516058299,11.1626404098691));
#7709=CARTESIAN_POINT('Ctrl Pts',(313.395454796523,-60.6931090837253,11.1590917873148));
#7710=CARTESIAN_POINT('Ctrl Pts',(313.398190849854,-60.6932663074315,11.1555275579135));
#7711=CARTESIAN_POINT('Ctrl Pts',(313.400907025704,-60.6934232491444,11.1519477800087));
#7712=CARTESIAN_POINT('Ctrl Pts',(313.436933143685,-60.6955048524635,11.104467238155));
#7713=CARTESIAN_POINT('Ctrl Pts',(313.469465545474,-60.697536847071,11.0542554732318));
#7714=CARTESIAN_POINT('Ctrl Pts',(313.498456349976,-60.6994543563379,11.0018260354023));
#7715=CARTESIAN_POINT('Ctrl Pts',(312.863544086964,-60.6798045286858,8.99315664610734));
#7716=CARTESIAN_POINT('Ctrl Pts',(312.72293348034,-60.6768578609364,8.94084380037979));
#7717=CARTESIAN_POINT('Ctrl Pts',(312.57438151683,-60.6750877965156,8.9121206773008));
#7718=CARTESIAN_POINT('Ctrl Pts',(312.262228502246,-60.6744438281399,8.90144789180002));
#7719=CARTESIAN_POINT('Ctrl Pts',(312.100078348286,-60.6758191537835,8.92346079067057));
#7720=CARTESIAN_POINT('Ctrl Pts',(311.774795207814,-60.6815875049088,9.02405889865907));
#7721=CARTESIAN_POINT('Ctrl Pts',(311.615147161805,-60.6862170874302,9.10741503217709));
#7722=CARTESIAN_POINT('Ctrl Pts',(311.37455608059,-60.6948600288968,9.29566332982768));
#7723=CARTESIAN_POINT('Ctrl Pts',(311.285006041257,-60.6986221269541,9.38691589844291));
#7724=CARTESIAN_POINT('Ctrl Pts',(311.123772029596,-60.7057992258058,9.60237563803321));
#7725=CARTESIAN_POINT('Ctrl Pts',(311.056238628839,-60.7090701076762,9.72793201642732));
#7726=CARTESIAN_POINT('Ctrl Pts',(311.008718400695,-60.7112137544242,9.8616284044208));
#7727=CARTESIAN_POINT('Ctrl Pts',(341.766950694778,-60.707965335657,10.7180245689017));
#7728=CARTESIAN_POINT('Ctrl Pts',(341.788773165745,-60.7067051290591,10.7713713272257));
#7729=CARTESIAN_POINT('Ctrl Pts',(341.813482532514,-60.7052707754473,10.8233439664096));
#7730=CARTESIAN_POINT('Ctrl Pts',(341.840900390997,-60.7037048942199,10.8738001912693));
#7731=CARTESIAN_POINT('Ctrl Pts',(341.868685129639,-60.7021180598333,10.9249315741781));
#7732=CARTESIAN_POINT('Ctrl Pts',(341.899252385244,-60.7003961543214,10.9745058952929));
#7733=CARTESIAN_POINT('Ctrl Pts',(341.932436209068,-60.6985835309571,11.0223249718427));
#7734=CARTESIAN_POINT('Ctrl Pts',(341.965727942364,-60.6967650131778,11.0702995497997));
#7735=CARTESIAN_POINT('Ctrl Pts',(342.001654307352,-60.6948551865814,11.1165074894233));
#7736=CARTESIAN_POINT('Ctrl Pts',(342.040051713764,-60.6928988385426,11.1606968208699));
#7737=CARTESIAN_POINT('Ctrl Pts',(342.053928939118,-60.6921917938451,11.1766673086714));
#7738=CARTESIAN_POINT('Ctrl Pts',(342.068128889267,-60.6914786726311,11.1923736393051));
#7739=CARTESIAN_POINT('Ctrl Pts',(342.082643585183,-60.6907615891582,11.2078022576274));
#7740=CARTESIAN_POINT('Ctrl Pts',(342.12009703996,-60.6889112401339,11.2476139809979));
#7741=CARTESIAN_POINT('Ctrl Pts',(342.159483550199,-60.6870472247874,11.2853972052625));
#7742=CARTESIAN_POINT('Ctrl Pts',(342.200669451447,-60.6852144512726,11.3209703078893));
#7743=CARTESIAN_POINT('Ctrl Pts',(342.241686857173,-60.6833891758121,11.3563978774998));
#7744=CARTESIAN_POINT('Ctrl Pts',(342.284489965937,-60.6815948870796,11.3896333376098));
#7745=CARTESIAN_POINT('Ctrl Pts',(342.328945112088,-60.67987594431,11.4204458954588));
#7746=CARTESIAN_POINT('Ctrl Pts',(342.372689482111,-60.678184485051,11.4507658032451));
#7747=CARTESIAN_POINT('Ctrl Pts',(342.418034317301,-60.6765659816612,11.4787394678804));
#7748=CARTESIAN_POINT('Ctrl Pts',(342.464837149393,-60.6750626994856,11.5040990113104));
#7749=CARTESIAN_POINT('Ctrl Pts',(342.478362598233,-60.6746282692332,11.511427610712));
#7750=CARTESIAN_POINT('Ctrl Pts',(342.492009669551,-60.6742034615614,11.5185375952558));
#7751=CARTESIAN_POINT('Ctrl Pts',(342.505774537635,-60.6737892965238,11.5254217773887));
#7752=CARTESIAN_POINT('Ctrl Pts',(342.553017832469,-60.6723678138868,11.5490494245425));
#7753=CARTESIAN_POINT('Ctrl Pts',(342.601395767479,-60.6710821858007,11.5698891740339));
#7754=CARTESIAN_POINT('Ctrl Pts',(342.650756541711,-60.6699610171361,11.5877441540366));
#7755=CARTESIAN_POINT('Ctrl Pts',(342.698860272693,-60.6688684006473,11.6051444312426));
#7756=CARTESIAN_POINT('Ctrl Pts',(342.747898292127,-60.6679319738462,11.6197099064522));
#7757=CARTESIAN_POINT('Ctrl Pts',(342.797719176865,-60.6671782113926,11.6312105245554));
#7758=CARTESIAN_POINT('Ctrl Pts',(342.822419246637,-60.6668045129869,11.6369122713442));
#7759=CARTESIAN_POINT('Ctrl Pts',(342.847311489818,-60.6664757126105,11.6418599520729));
#7760=CARTESIAN_POINT('Ctrl Pts',(342.872375448659,-60.6661950364583,11.6460211673956));
#7761=CARTESIAN_POINT('Ctrl Pts',(342.879542169113,-60.6661147806802,11.6472110140258));
#7762=CARTESIAN_POINT('Ctrl Pts',(342.886722918767,-60.666038459545,11.6483365406813));
#7763=CARTESIAN_POINT('Ctrl Pts',(342.893916985427,-60.6659661484757,11.649397699528));
#7764=CARTESIAN_POINT('Ctrl Pts',(342.945176814237,-60.6654509109602,11.6569587666397));
#7765=CARTESIAN_POINT('Ctrl Pts',(342.996789960327,-60.6651438760996,11.6612063776644));
#7766=CARTESIAN_POINT('Ctrl Pts',(343.048510885536,-60.6650462508543,11.6622535795344));
#7767=CARTESIAN_POINT('Ctrl Pts',(343.101240212991,-60.6649467222108,11.6633211986864));
#7768=CARTESIAN_POINT('Ctrl Pts',(343.154082908581,-60.6650648484995,11.6610619298479));
#7769=CARTESIAN_POINT('Ctrl Pts',(343.206768217349,-60.6654019086624,11.6555432549207));
#7770=CARTESIAN_POINT('Ctrl Pts',(343.236933782354,-60.6655948962427,11.6523834756359));
#7771=CARTESIAN_POINT('Ctrl Pts',(343.267047447127,-60.6658596561176,11.6481542570692));
#7772=CARTESIAN_POINT('Ctrl Pts',(343.297054266399,-60.6661964283453,11.6428617460256));
#7773=CARTESIAN_POINT('Ctrl Pts',(343.350788969444,-60.6667995031161,11.6333841833854));
#7774=CARTESIAN_POINT('Ctrl Pts',(343.403813491157,-60.6676288938083,11.6205656702728));
#7775=CARTESIAN_POINT('Ctrl Pts',(343.455838028011,-60.6686531646472,11.6045794740412));
#7776=CARTESIAN_POINT('Ctrl Pts',(343.507987430309,-60.6696798938652,11.5885549089244));
#7777=CARTESIAN_POINT('Ctrl Pts',(343.55913344355,-60.6709024398265,11.5693470465389));
#7778=CARTESIAN_POINT('Ctrl Pts',(343.608975419412,-60.6722891398633,11.5470799742692));
#7779=CARTESIAN_POINT('Ctrl Pts',(343.639715326147,-60.6731443834418,11.5333468163642));
#7780=CARTESIAN_POINT('Ctrl Pts',(343.669958948968,-60.6740620675042,11.5184490363486));
#7781=CARTESIAN_POINT('Ctrl Pts',(343.69963060498,-60.6750347640932,11.502407222939));
#7782=CARTESIAN_POINT('Ctrl Pts',(343.748289462586,-60.6766298993564,11.4761000861165));
#7783=CARTESIAN_POINT('Ctrl Pts',(343.795145939375,-60.6783607760333,11.4468684716495));
#7784=CARTESIAN_POINT('Ctrl Pts',(343.839907366102,-60.6801763078237,11.414888626138));
#7785=CARTESIAN_POINT('Ctrl Pts',(343.883265722412,-60.6819349308171,11.3839112056712));
#7786=CARTESIAN_POINT('Ctrl Pts',(343.92465945115,-60.6837729849832,11.3503548497289));
#7787=CARTESIAN_POINT('Ctrl Pts',(343.963806913042,-60.6856440389924,11.3143341102971));
#7788=CARTESIAN_POINT('Ctrl Pts',(343.974935191987,-60.6861759153882,11.3040946511642));
#7789=CARTESIAN_POINT('Ctrl Pts',(343.98588179997,-60.6867104584012,11.293655776679));
#7790=CARTESIAN_POINT('Ctrl Pts',(343.996639831006,-60.6872466014736,11.2830194607911));
#7791=CARTESIAN_POINT('Ctrl Pts',(344.034891824053,-60.6891529485562,11.2452002464753));
#7792=CARTESIAN_POINT('Ctrl Pts',(344.070620096482,-60.691070419627,11.2050325695228));
#7793=CARTESIAN_POINT('Ctrl Pts',(344.103539005056,-60.6929516173274,11.1626416149544));
#7794=CARTESIAN_POINT('Ctrl Pts',(344.106294629236,-60.6931090913779,11.1590930908842));
#7795=CARTESIAN_POINT('Ctrl Pts',(344.109030553823,-60.6932663112509,11.1555289603545));
#7796=CARTESIAN_POINT('Ctrl Pts',(344.111746603056,-60.6934232491444,11.1519492816957));
#7797=CARTESIAN_POINT('Ctrl Pts',(344.147771918368,-60.6955048524635,11.104468900682));
#7798=CARTESIAN_POINT('Ctrl Pts',(344.180303721119,-60.697536847071,11.0542572293503));
#7799=CARTESIAN_POINT('Ctrl Pts',(344.209294090333,-60.6994543563379,11.0018278279433));
#7800=CARTESIAN_POINT('Ctrl Pts',(343.574374775441,-60.6798045286858,8.99315664610678));
#7801=CARTESIAN_POINT('Ctrl Pts',(343.433764168817,-60.6768578609364,8.94084380037922));
#7802=CARTESIAN_POINT('Ctrl Pts',(343.285212205307,-60.6750877965156,8.91212067730023));
#7803=CARTESIAN_POINT('Ctrl Pts',(342.973059190723,-60.6744438281399,8.90144789179945));
#7804=CARTESIAN_POINT('Ctrl Pts',(342.810909036763,-60.6758191537835,8.92346079066999));
#7805=CARTESIAN_POINT('Ctrl Pts',(342.485625896291,-60.6815875049088,9.02405889865845));
#7806=CARTESIAN_POINT('Ctrl Pts',(342.325977850281,-60.6862170874302,9.10741503217644));
#7807=CARTESIAN_POINT('Ctrl Pts',(342.085386769067,-60.6948600288968,9.29566332982723));
#7808=CARTESIAN_POINT('Ctrl Pts',(341.995836729733,-60.6986221269541,9.38691589844241));
#7809=CARTESIAN_POINT('Ctrl Pts',(341.834602718073,-60.7057992258059,9.60237563803265));
#7810=CARTESIAN_POINT('Ctrl Pts',(341.767069317315,-60.7090701076762,9.72793201642671));
#7811=CARTESIAN_POINT('Ctrl Pts',(341.719549089171,-60.7112137544241,9.86162840442013));
#7812=CARTESIAN_POINT('Origin',(359.999999999998,-6.1139896755336,10.2079116500308));
#7813=CARTESIAN_POINT('',(359.999999999998,-6.1139896755336,-11.3920883499692));
#7814=CARTESIAN_POINT('Origin',(359.999999999998,-6.1139896755336,10.2079116500308));
#7815=CARTESIAN_POINT('',(300.,-6.11398967553359,-11.3920883499625));
#7816=CARTESIAN_POINT('',(359.999999999998,-6.1139896755336,-11.3920883499692));
#7817=CARTESIAN_POINT('',(300.,-6.1139896755336,31.8079116500375));
#7818=CARTESIAN_POINT('Origin',(300.,-6.1139896755336,10.2079116500375));
#7819=CARTESIAN_POINT('',(340.,-6.1139896755336,31.8079116500375));
#7820=CARTESIAN_POINT('Ctrl Pts',(311.387617198685,15.4799859845898,9.69779873115994));
#7821=CARTESIAN_POINT('Ctrl Pts',(311.409440185118,15.4787257482247,9.64445071273749));
#7822=CARTESIAN_POINT('Ctrl Pts',(311.434149315867,15.4772913566185,9.59247669767164));
#7823=CARTESIAN_POINT('Ctrl Pts',(311.461566365168,15.4757254321899,9.54201903394156));
#7824=CARTESIAN_POINT('Ctrl Pts',(311.489349817338,15.474138580666,9.49088705137768));
#7825=CARTESIAN_POINT('Ctrl Pts',(311.519915104161,15.4724166572052,9.44131201366936));
#7826=CARTESIAN_POINT('Ctrl Pts',(311.553096464592,15.4706040159894,9.39349215136271));
#7827=CARTESIAN_POINT('Ctrl Pts',(311.586385440382,15.4687854959298,9.3455171974137));
#7828=CARTESIAN_POINT('Ctrl Pts',(311.622308504379,15.4668756687206,9.29930878181041));
#7829=CARTESIAN_POINT('Ctrl Pts',(311.660702258507,15.4649193214996,9.25511891719019));
#7830=CARTESIAN_POINT('Ctrl Pts',(311.674577102578,15.4642123311764,9.23914945822392));
#7831=CARTESIAN_POINT('Ctrl Pts',(311.688774576212,15.4634992654531,9.22344410856122));
#7832=CARTESIAN_POINT('Ctrl Pts',(311.703286711382,15.462782238091,9.2080164222352));
#7833=CARTESIAN_POINT('Ctrl Pts',(311.740736490288,15.4609318889957,9.16820398697547));
#7834=CARTESIAN_POINT('Ctrl Pts',(311.780119108792,15.459067873577,9.13042001743161));
#7835=CARTESIAN_POINT('Ctrl Pts',(311.821301060648,15.4572350999943,9.09484617121423));
#7836=CARTESIAN_POINT('Ctrl Pts',(311.862314499562,15.4554098259605,9.05941789006133));
#7837=CARTESIAN_POINT('Ctrl Pts',(311.90511358102,15.4536155386081,9.02618171642005));
#7838=CARTESIAN_POINT('Ctrl Pts',(311.949564796576,15.451896597068,8.99536847735287));
#7839=CARTESIAN_POINT('Ctrl Pts',(311.993305743265,15.4502051218333,8.96504759117506));
#7840=CARTESIAN_POINT('Ctrl Pts',(312.038647281046,15.4485866038045,8.93707302697626));
#7841=CARTESIAN_POINT('Ctrl Pts',(312.08544709248,15.4470833095161,8.91171270499558));
#7842=CARTESIAN_POINT('Ctrl Pts',(312.098971137833,15.4466488928056,8.90438416810374));
#7843=CARTESIAN_POINT('Ctrl Pts',(312.112616819275,15.4462240981316,8.89727423904782));
#7844=CARTESIAN_POINT('Ctrl Pts',(312.126380315303,15.4458099454566,8.89039010560278));
#7845=CARTESIAN_POINT('Ctrl Pts',(312.173620152336,15.4443884675969,8.86676199967815));
#7846=CARTESIAN_POINT('Ctrl Pts',(312.221994932412,15.4431028433749,8.84592185424432));
#7847=CARTESIAN_POINT('Ctrl Pts',(312.271353002023,15.441981677373,8.82806657137984));
#7848=CARTESIAN_POINT('Ctrl Pts',(312.319454728914,15.440889049131,8.81066577052443));
#7849=CARTESIAN_POINT('Ctrl Pts',(312.368491196198,15.4399526135377,8.79609993435079));
#7850=CARTESIAN_POINT('Ctrl Pts',(312.418311118663,15.4391988460288,8.78459915640868));
#7851=CARTESIAN_POINT('Ctrl Pts',(312.44301015505,15.4388251535338,8.77889745879795));
#7852=CARTESIAN_POINT('Ctrl Pts',(312.4679015013,15.438496357964,8.77394984278575));
#7853=CARTESIAN_POINT('Ctrl Pts',(312.492964718799,15.4382156853911,8.76978871057826));
#7854=CARTESIAN_POINT('Ctrl Pts',(312.500131318666,15.438135429613,8.76859887254062));
#7855=CARTESIAN_POINT('Ctrl Pts',(312.507311960818,15.4380591084778,8.7674733576227));
#7856=CARTESIAN_POINT('Ctrl Pts',(312.5145059328,15.4379867974086,8.76641221358531));
#7857=CARTESIAN_POINT('Ctrl Pts',(312.565764631433,15.4374715644722,8.75885131919223));
#7858=CARTESIAN_POINT('Ctrl Pts',(312.617377295414,15.43716453049,8.75460397712837));
#7859=CARTESIAN_POINT('Ctrl Pts',(312.6690982784,15.4370669023901,8.75355711230554));
#7860=CARTESIAN_POINT('Ctrl Pts',(312.721828491719,15.4369673692754,8.75248982003388));
#7861=CARTESIAN_POINT('Ctrl Pts',(312.774672638312,15.4370854940399,8.75474959084565));
#7862=CARTESIAN_POINT('Ctrl Pts',(312.827359845416,15.4374225556517,8.76026891049241));
#7863=CARTESIAN_POINT('Ctrl Pts',(312.857526393602,15.4376155433979,8.76342904805211));
#7864=CARTESIAN_POINT('Ctrl Pts',(312.887641188685,15.4378803039199,8.76765866439163));
#7865=CARTESIAN_POINT('Ctrl Pts',(312.917649264239,15.4382170772782,8.77295160694183));
#7866=CARTESIAN_POINT('Ctrl Pts',(312.971385754171,15.4388201488795,8.78242986067195));
#7867=CARTESIAN_POINT('Ctrl Pts',(313.024412461696,15.4396495340234,8.79524910988324));
#7868=CARTESIAN_POINT('Ctrl Pts',(313.076439455713,15.4406737974309,8.81123605441374));
#7869=CARTESIAN_POINT('Ctrl Pts',(313.128591559244,15.4417005238887,8.82726144281191));
#7870=CARTESIAN_POINT('Ctrl Pts',(313.179740537649,15.442923066986,8.84647016989373));
#7871=CARTESIAN_POINT('Ctrl Pts',(313.229585613894,15.4443097641206,8.86873811322738));
#7872=CARTESIAN_POINT('Ctrl Pts',(313.260327749603,15.4451650147233,8.88247194989703));
#7873=CARTESIAN_POINT('Ctrl Pts',(313.290573642662,15.4460827070822,8.89737043509679));
#7874=CARTESIAN_POINT('Ctrl Pts',(313.320247577176,15.4470554130261,8.91341297106409));
#7875=CARTESIAN_POINT('Ctrl Pts',(313.368909816344,15.4486505519941,8.93972110090591));
#7876=CARTESIAN_POINT('Ctrl Pts',(313.415769699899,15.4503814330064,8.96895370439999));
#7877=CARTESIAN_POINT('Ctrl Pts',(313.460534415948,15.4521969694068,9.00093449612907));
#7878=CARTESIAN_POINT('Ctrl Pts',(313.503895467782,15.4539555769645,9.03191248259388));
#7879=CARTESIAN_POINT('Ctrl Pts',(313.545291826663,15.4557936141548,9.06546930619226));
#7880=CARTESIAN_POINT('Ctrl Pts',(313.584441729391,15.457664650901,9.10149038235117));
#7881=CARTESIAN_POINT('Ctrl Pts',(313.595571060508,15.4581965395145,9.11173026689237));
#7882=CARTESIAN_POINT('Ctrl Pts',(313.606518693628,15.4587310948936,9.12216956902115));
#7883=CARTESIAN_POINT('Ctrl Pts',(313.617277719143,15.4592672504064,9.13280631379043));
#7884=CARTESIAN_POINT('Ctrl Pts',(313.655532149526,15.4611735869715,9.17062596685668));
#7885=CARTESIAN_POINT('Ctrl Pts',(313.691262600678,15.463091047402,9.21079395426607));
#7886=CARTESIAN_POINT('Ctrl Pts',(313.724183293203,15.4649722351239,9.25318505491359));
#7887=CARTESIAN_POINT('Ctrl Pts',(313.726939263549,15.4651297195866,9.2567338446672));
#7888=CARTESIAN_POINT('Ctrl Pts',(313.729675528717,15.4652869498403,9.26029824195576));
#7889=CARTESIAN_POINT('Ctrl Pts',(313.732391912824,15.4654438980772,9.26387818841394));
#7890=CARTESIAN_POINT('Ctrl Pts',(313.768419295386,15.4675255013963,9.31135899212662));
#7891=CARTESIAN_POINT('Ctrl Pts',(313.800952622724,15.4695574960038,9.36157090875789));
#7892=CARTESIAN_POINT('Ctrl Pts',(313.829944080529,15.4714750052707,9.41400040489685));
#7893=CARTESIAN_POINT('Ctrl Pts',(313.195041279347,15.4518251776186,11.4226666539563));
#7894=CARTESIAN_POINT('Ctrl Pts',(313.054430672723,15.4488785098692,11.4749794996837));
#7895=CARTESIAN_POINT('Ctrl Pts',(312.905878709212,15.4471084454484,11.5037026227626));
#7896=CARTESIAN_POINT('Ctrl Pts',(312.593725694628,15.4464644770727,11.5143754082633));
#7897=CARTESIAN_POINT('Ctrl Pts',(312.431575540668,15.4478398027163,11.4923625093927));
#7898=CARTESIAN_POINT('Ctrl Pts',(312.106292400197,15.4536081538416,11.391764401404));
#7899=CARTESIAN_POINT('Ctrl Pts',(311.946644354187,15.458237736363,11.308408267886));
#7900=CARTESIAN_POINT('Ctrl Pts',(311.706053272973,15.4668806778297,11.1201599702351));
#7901=CARTESIAN_POINT('Ctrl Pts',(311.616503233639,15.470642775887,11.0289074016199));
#7902=CARTESIAN_POINT('Ctrl Pts',(311.455269221979,15.4778198747387,10.81344766203));
#7903=CARTESIAN_POINT('Ctrl Pts',(311.387735821221,15.481090756609,10.6878912836358));
#7904=CARTESIAN_POINT('Ctrl Pts',(311.340215593078,15.483234403357,10.5541948956422));
#7905=CARTESIAN_POINT('Ctrl Pts',(341.212904063919,15.4799859845898,9.69779873115954));
#7906=CARTESIAN_POINT('Ctrl Pts',(341.234726836962,15.4787257605476,9.64445123438688));
#7907=CARTESIAN_POINT('Ctrl Pts',(341.259436064397,15.4772913846702,9.59247778948049));
#7908=CARTESIAN_POINT('Ctrl Pts',(341.286853446563,15.4757254781258,9.542020722393));
#7909=CARTESIAN_POINT('Ctrl Pts',(341.314637429257,15.4741386336902,9.49088898887192));
#7910=CARTESIAN_POINT('Ctrl Pts',(341.345203527954,15.4724167176527,9.44131424904595));
#7911=CARTESIAN_POINT('Ctrl Pts',(341.378385903816,15.4706040838192,9.39349471351348));
#7912=CARTESIAN_POINT('Ctrl Pts',(341.411676017041,15.4687855646812,9.34551991632475));
#7913=CARTESIAN_POINT('Ctrl Pts',(341.447600442294,15.4668757377014,9.29931169916399));
#7914=CARTESIAN_POINT('Ctrl Pts',(341.485995701834,15.4649193901171,9.25512205678808));
#7915=CARTESIAN_POINT('Ctrl Pts',(341.499871528539,15.4642123773145,9.23915217334136));
#7916=CARTESIAN_POINT('Ctrl Pts',(341.514070024027,15.4634992886504,9.22344641899919));
#7917=CARTESIAN_POINT('Ctrl Pts',(341.528583215713,15.462782238091,9.2080183482444));
#7918=CARTESIAN_POINT('Ctrl Pts',(341.566034509058,15.4609318890137,9.16820620932316));
#7919=CARTESIAN_POINT('Ctrl Pts',(341.605418730236,15.4590678736134,9.13042254996432));
#7920=CARTESIAN_POINT('Ctrl Pts',(341.646602307438,15.4572351000478,9.09484901311832));
#7921=CARTESIAN_POINT('Ctrl Pts',(341.68761737924,15.4554098253997,9.05942102781126));
#7922=CARTESIAN_POINT('Ctrl Pts',(341.730418117466,15.4536155374532,9.02618515075692));
#7923=CARTESIAN_POINT('Ctrl Pts',(341.774870948512,15.4518965953842,8.99537219468545));
#7924=CARTESIAN_POINT('Ctrl Pts',(341.818613301324,15.4502051267269,8.96505171421372));
#7925=CARTESIAN_POINT('Ctrl Pts',(341.863956191925,15.4485866147263,8.93707752292654));
#7926=CARTESIAN_POINT('Ctrl Pts',(341.910757240351,15.4470833254275,8.91171752347843));
#7927=CARTESIAN_POINT('Ctrl Pts',(341.924281860489,15.4466489031783,8.90438896203));
#7928=CARTESIAN_POINT('Ctrl Pts',(341.937928110935,15.446224103188,8.89727901122598));
#7929=CARTESIAN_POINT('Ctrl Pts',(341.951692168444,15.4458099454566,8.89039485874272));
#7930=CARTESIAN_POINT('Ctrl Pts',(341.998933422801,15.4443884655824,8.86676694246163));
#7931=CARTESIAN_POINT('Ctrl Pts',(342.047309493643,15.4431028397309,8.84592696035443));
#7932=CARTESIAN_POINT('Ctrl Pts',(342.096668666352,15.4419816726062,8.82807180186113));
#7933=CARTESIAN_POINT('Ctrl Pts',(342.144771206972,15.4408890492051,8.81067121673034));
#7934=CARTESIAN_POINT('Ctrl Pts',(342.19380829971,15.439952617237,8.79610552855601));
#7935=CARTESIAN_POINT('Ctrl Pts',(342.243628602168,15.4391988518189,8.78460481486863));
#7936=CARTESIAN_POINT('Ctrl Pts',(342.268328053669,15.43882515693,8.77890309677507));
#7937=CARTESIAN_POINT('Ctrl Pts',(342.29321975818,15.4384963594136,8.77395545351076));
#7938=CARTESIAN_POINT('Ctrl Pts',(342.318283269162,15.4382156853911,8.76979428607023));
#7939=CARTESIAN_POINT('Ctrl Pts',(342.325449915934,15.438135429613,8.76860444410319));
#7940=CARTESIAN_POINT('Ctrl Pts',(342.332630599548,15.4380591084778,8.76747892393884));
#7941=CARTESIAN_POINT('Ctrl Pts',(342.339824607657,15.4379867974086,8.76641777336869));
#7942=CARTESIAN_POINT('Ctrl Pts',(342.39108375498,15.4374715625496,8.75885680421504));
#7943=CARTESIAN_POINT('Ctrl Pts',(342.44269659826,15.4371645281986,8.75460934716959));
#7944=CARTESIAN_POINT('Ctrl Pts',(342.494417536467,15.4370669012972,8.75356233895367));
#7945=CARTESIAN_POINT('Ctrl Pts',(342.54714736186,15.4369673700505,8.75249490741968));
#7946=CARTESIAN_POINT('Ctrl Pts',(342.599990885965,15.4370854954863,8.75475446625796));
#7947=CARTESIAN_POINT('Ctrl Pts',(342.65267728534,15.4374225565622,8.76027351477538));
#7948=CARTESIAN_POINT('Ctrl Pts',(342.68284340686,15.4376155442307,8.76343350084829));
#7949=CARTESIAN_POINT('Ctrl Pts',(342.712957714375,15.4378803044495,8.76766294882388));
#7950=CARTESIAN_POINT('Ctrl Pts',(342.742965250363,15.4382170772782,8.77295570855514));
#7951=CARTESIAN_POINT('Ctrl Pts',(342.796700976841,15.4388201502067,8.78243367066939));
#7952=CARTESIAN_POINT('Ctrl Pts',(342.849726756264,15.439649537674,8.79525260951635));
#7953=CARTESIAN_POINT('Ctrl Pts',(342.901752710951,15.4406738041935,8.81123923869647));
#7954=CARTESIAN_POINT('Ctrl Pts',(342.953903677092,15.4417005318894,8.8272642816214));
#7955=CARTESIAN_POINT('Ctrl Pts',(343.005051409838,15.4429230762995,8.84647264651927));
#7956=CARTESIAN_POINT('Ctrl Pts',(343.054895186018,15.4443097747867,8.86874022563216));
#7957=CARTESIAN_POINT('Ctrl Pts',(343.085636380788,15.4451650223532,8.88247377551619));
#7958=CARTESIAN_POINT('Ctrl Pts',(343.115881316681,15.4460827111259,8.89737196261821));
#7959=CARTESIAN_POINT('Ctrl Pts',(343.145554291666,15.4470554130261,8.91341419297876));
#7960=CARTESIAN_POINT('Ctrl Pts',(343.194215113162,15.4486505504721,8.93972190591966));
#7961=CARTESIAN_POINT('Ctrl Pts',(343.241073570987,15.4503814297035,8.96895409447056));
#7962=CARTESIAN_POINT('Ctrl Pts',(343.285836912966,15.4521969642101,9.0009344894842));
#7963=CARTESIAN_POINT('Ctrl Pts',(343.329196842051,15.4539555783791,9.03191224044236));
#7964=CARTESIAN_POINT('Ctrl Pts',(343.370592107639,15.4557936228378,9.06546887032532));
#7965=CARTESIAN_POINT('Ctrl Pts',(343.409740998392,15.4576646669734,9.10148980820504));
#7966=CARTESIAN_POINT('Ctrl Pts',(343.420869886904,15.4581965502831,9.11172951089015));
#7967=CARTESIAN_POINT('Ctrl Pts',(343.431817089066,15.458731100294,9.1221686301014));
#7968=CARTESIAN_POINT('Ctrl Pts',(343.442575696794,15.4592672504065,9.13280519131227));
#7969=CARTESIAN_POINT('Ctrl Pts',(343.480829117899,15.4611735915006,9.17062466251073));
#7970=CARTESIAN_POINT('Ctrl Pts',(343.516558670218,15.4630910565129,9.21079252231188));
#7971=CARTESIAN_POINT('Ctrl Pts',(343.549478631348,15.4649722485318,9.25318356472401));
#7972=CARTESIAN_POINT('Ctrl Pts',(343.552234455707,15.4651297285108,9.25673224045939));
#7973=CARTESIAN_POINT('Ctrl Pts',(343.554970577275,15.4652869542944,9.26029652325675));
#7974=CARTESIAN_POINT('Ctrl Pts',(343.55768682022,15.4654438980772,9.26387635476553));
#7975=CARTESIAN_POINT('Ctrl Pts',(343.593713352963,15.4675255013963,9.31135698137335));
#7976=CARTESIAN_POINT('Ctrl Pts',(343.626246060831,15.4695574960038,9.36156879550495));
#7977=CARTESIAN_POINT('Ctrl Pts',(343.655237084089,15.4714750052707,9.4139982523701));
#7978=CARTESIAN_POINT('Ctrl Pts',(343.020328144581,15.4518251776186,11.4226666539557));
#7979=CARTESIAN_POINT('Ctrl Pts',(342.879717537957,15.4488785098692,11.4749794996831));
#7980=CARTESIAN_POINT('Ctrl Pts',(342.731165574447,15.4471084454484,11.5037026227621));
#7981=CARTESIAN_POINT('Ctrl Pts',(342.419012559863,15.4464644770727,11.5143754082628));
#7982=CARTESIAN_POINT('Ctrl Pts',(342.256862405903,15.4478398027163,11.4923625093921));
#7983=CARTESIAN_POINT('Ctrl Pts',(341.931579265431,15.4536081538416,11.3917644014035));
#7984=CARTESIAN_POINT('Ctrl Pts',(341.771931219421,15.458237736363,11.3084082678854));
#7985=CARTESIAN_POINT('Ctrl Pts',(341.531340138207,15.4668806778297,11.1201599702346));
#7986=CARTESIAN_POINT('Ctrl Pts',(341.441790098873,15.470642775887,11.0289074016194));
#7987=CARTESIAN_POINT('Ctrl Pts',(341.280556087213,15.4778198747387,10.8134476620293));
#7988=CARTESIAN_POINT('Ctrl Pts',(341.213022686456,15.481090756609,10.6878912836352));
#7989=CARTESIAN_POINT('Ctrl Pts',(341.165502458312,15.483234403357,10.5541948956417));
#7990=CARTESIAN_POINT('Origin',(343.223190307617,-61.8182013991223,10.2079116500311));
#7991=CARTESIAN_POINT('Ctrl Pts',(343.223014032053,-60.5682013991223,11.7486318610729));
#7992=CARTESIAN_POINT('Ctrl Pts',(343.495242505764,-60.5542110830318,11.7481996062199));
#7993=CARTESIAN_POINT('Ctrl Pts',(344.277734679528,-60.5140235896243,11.5504471695796));
#7994=CARTESIAN_POINT('Ctrl Pts',(345.038228125126,-60.4476389188999,10.3092133324688));
#7995=CARTESIAN_POINT('Ctrl Pts',(344.307179970992,-60.3690473869487,8.74875035057928));
#7996=CARTESIAN_POINT('Ctrl Pts',(342.602188033275,-60.2904558549977,8.49951067480005));
#7997=CARTESIAN_POINT('Ctrl Pts',(341.455170772771,-60.2118643230467,9.78549678100531));
#7998=CARTESIAN_POINT('Ctrl Pts',(341.871645466254,-60.1377795044215,11.3555623228309));
#7999=CARTESIAN_POINT('Ctrl Pts',(342.804551562194,-60.0898918631134,11.7482892008884));
#8000=CARTESIAN_POINT('Ctrl Pts',(343.224403721668,-60.0682013991223,11.7519105088225));
#8001=CARTESIAN_POINT('Ctrl Pts',(343.221742408611,-60.6097779519448,11.7503622996018));
#8002=CARTESIAN_POINT('Ctrl Pts',(343.609923537719,-60.5897485199153,11.7469162474003));
#8003=CARTESIAN_POINT('Ctrl Pts',(344.516135572715,-60.543339807919,11.4028143533056));
#8004=CARTESIAN_POINT('Ctrl Pts',(345.015835356628,-60.4705518159557,9.88360981656013));
#8005=CARTESIAN_POINT('Ctrl Pts',(343.928722022034,-60.3914139760553,8.52818554684098));
#8006=CARTESIAN_POINT('Ctrl Pts',(342.198994086189,-60.3122761361549,8.70095093616029));
#8007=CARTESIAN_POINT('Ctrl Pts',(341.401640837766,-60.2331382962545,10.2454831139599));
#8008=CARTESIAN_POINT('Ctrl Pts',(342.135465450755,-60.1656389015178,11.5335975813314));
#8009=CARTESIAN_POINT('Ctrl Pts',(342.936801650361,-60.1245187867479,11.7478530200684));
#8010=CARTESIAN_POINT('Ctrl Pts',(343.223667157599,-60.1097779519448,11.7486590915835));
#8011=CARTESIAN_POINT('Origin',(343.223190307617,-54.6626564913735,10.2079116500311));
#8012=CARTESIAN_POINT('',(342.880255330325,-54.6626564913735,8.94289394994568));
#8013=CARTESIAN_POINT('',(343.289974848538,-54.6626564913735,8.94451138465134));
#8014=CARTESIAN_POINT('',(359.999999999998,-54.6626564913735,8.94341165003088));
#8015=CARTESIAN_POINT('Ctrl Pts',(342.879813527418,-54.6626564913735,8.94247160622419));
#8016=CARTESIAN_POINT('Ctrl Pts',(342.932432676999,-54.6626564913735,8.93439278415403));
#8017=CARTESIAN_POINT('Ctrl Pts',(342.985535887366,-54.6626564913735,8.92966799546461));
#8018=CARTESIAN_POINT('Ctrl Pts',(343.038802902956,-54.6626564913735,8.92821414021186));
#8019=CARTESIAN_POINT('Ctrl Pts',(343.092001137002,-54.6626564913735,8.92676216226366));
#8020=CARTESIAN_POINT('Ctrl Pts',(343.14536393087,-54.6626564913735,8.92857309037804));
#8021=CARTESIAN_POINT('Ctrl Pts',(343.19855890386,-54.6626564913735,8.93361338680894));
#8022=CARTESIAN_POINT('Ctrl Pts',(343.229015039873,-54.6626564913735,8.93649914734255));
#8023=CARTESIAN_POINT('Ctrl Pts',(343.259415822809,-54.6626564913735,8.94044436409672));
#8024=CARTESIAN_POINT('Ctrl Pts',(343.289694653799,-54.6626564913735,8.94544923937628));
#8025=CARTESIAN_POINT('Origin',(343.223190307617,-54.6626564913735,10.2079116500311));
#8026=CARTESIAN_POINT('',(343.805091714432,-54.6626564913736,11.4724116500294));
#8027=CARTESIAN_POINT('',(342.354619565381,-54.6626564913735,11.4711344355272));
#8028=CARTESIAN_POINT('',(359.999999999998,-54.6626564913735,11.4724116500308));
#8029=CARTESIAN_POINT('Ctrl Pts',(343.802406482721,-54.6626564913735,11.4702034194285));
#8030=CARTESIAN_POINT('Ctrl Pts',(343.751978894754,-54.6626564913735,11.49981658995));
#8031=CARTESIAN_POINT('Ctrl Pts',(343.699874470708,-54.6626564913735,11.5263284296809));
#8032=CARTESIAN_POINT('Ctrl Pts',(343.646428302261,-54.6626564913735,11.5496104594747));
#8033=CARTESIAN_POINT('Ctrl Pts',(343.594094899823,-54.6626564913735,11.572407750098));
#8034=CARTESIAN_POINT('Ctrl Pts',(343.540473962331,-54.6626564913735,11.5921088943051));
#8035=CARTESIAN_POINT('Ctrl Pts',(343.485845750149,-54.6626564913735,11.6085542502328));
#8036=CARTESIAN_POINT('Ctrl Pts',(343.455625084728,-54.6626564913735,11.6176519230172));
#8037=CARTESIAN_POINT('Ctrl Pts',(343.425095635545,-54.6626564913735,11.6257524609541));
#8038=CARTESIAN_POINT('Ctrl Pts',(343.394301999884,-54.6626564913735,11.6328225525256));
#8039=CARTESIAN_POINT('Ctrl Pts',(343.381508513448,-54.6626564913735,11.6357598841749));
#8040=CARTESIAN_POINT('Ctrl Pts',(343.368665810762,-54.6626564913735,11.6385198657354));
#8041=CARTESIAN_POINT('Ctrl Pts',(343.35580327834,-54.6626564913735,11.6410950483916));
#8042=CARTESIAN_POINT('Ctrl Pts',(343.298134892139,-54.6626564913735,11.6526407240871));
#8043=CARTESIAN_POINT('Ctrl Pts',(343.2399711646,-54.6626564913735,11.6604999556936));
#8044=CARTESIAN_POINT('Ctrl Pts',(343.181625517188,-54.6626564913735,11.6645372521031));
#8045=CARTESIAN_POINT('Ctrl Pts',(343.167453131569,-54.6626564913735,11.6655179271683));
#8046=CARTESIAN_POINT('Ctrl Pts',(343.153269878815,-54.6626564913735,11.6662728984853));
#8047=CARTESIAN_POINT('Ctrl Pts',(343.139080021419,-54.6626564913735,11.666799818849));
#8048=CARTESIAN_POINT('Ctrl Pts',(343.082527361165,-54.6626564913735,11.6688998222158));
#8049=CARTESIAN_POINT('Ctrl Pts',(343.025870623116,-54.6626564913735,11.6673816743549));
#8050=CARTESIAN_POINT('Ctrl Pts',(342.96936084381,-54.6626564913735,11.6624406900488));
#8051=CARTESIAN_POINT('Ctrl Pts',(342.940151668248,-54.6626564913735,11.6598867590333));
#8052=CARTESIAN_POINT('Ctrl Pts',(342.910981570737,-54.6626564913735,11.656417486799));
#8053=CARTESIAN_POINT('Ctrl Pts',(342.881884671666,-54.6626564913735,11.6520545732758));
#8054=CARTESIAN_POINT('Ctrl Pts',(342.865826003306,-54.6626564913735,11.6496466678429));
#8055=CARTESIAN_POINT('Ctrl Pts',(342.849789629477,-54.6626564913735,11.6469665001892));
#8056=CARTESIAN_POINT('Ctrl Pts',(342.833781309169,-54.6626564913735,11.6440172728903));
#8057=CARTESIAN_POINT('Ctrl Pts',(342.820652026082,-54.6626564913735,11.6415984532172));
#8058=CARTESIAN_POINT('Ctrl Pts',(342.807538112413,-54.6626564913735,11.6389977559455));
#8059=CARTESIAN_POINT('Ctrl Pts',(342.794468726707,-54.6626564913735,11.636222739886));
#8060=CARTESIAN_POINT('Ctrl Pts',(342.737054620033,-54.6626564913735,11.6240320316424));
#8061=CARTESIAN_POINT('Ctrl Pts',(342.680403928873,-54.6626564913735,11.6084655182062));
#8062=CARTESIAN_POINT('Ctrl Pts',(342.624782665366,-54.6626564913735,11.5897520602161));
#8063=CARTESIAN_POINT('Ctrl Pts',(342.567508501379,-54.6626564913735,11.5704824932536));
#8064=CARTESIAN_POINT('Ctrl Pts',(342.511324884297,-54.6626564913735,11.5478760579633));
#8065=CARTESIAN_POINT('Ctrl Pts',(342.45651882884,-54.6626564913735,11.5221274046669));
#8066=CARTESIAN_POINT('Ctrl Pts',(342.4221607705,-54.6626564913735,11.5059855071204));
#8067=CARTESIAN_POINT('Ctrl Pts',(342.388344084313,-54.6626564913735,11.4886076023164));
#8068=CARTESIAN_POINT('Ctrl Pts',(342.355141547761,-54.6626564913735,11.4700314490156));
#8069=CARTESIAN_POINT('Ctrl Pts',(343.574374775441,-60.6798045286858,8.99315664610676));
#8070=CARTESIAN_POINT('Ctrl Pts',(343.174473250345,-60.6536073513688,8.8775455115));
#8071=CARTESIAN_POINT('Ctrl Pts',(342.257943873864,-60.6012129967348,9.07451875528355));
#8072=CARTESIAN_POINT('Ctrl Pts',(341.744039157097,-60.5226214647837,10.3907985593964));
#8073=CARTESIAN_POINT('Ctrl Pts',(342.561935738644,-60.4440299328326,11.5425798551188));
#8074=CARTESIAN_POINT('Ctrl Pts',(343.972797288571,-60.3654384008816,11.4951730552856));
#8075=CARTESIAN_POINT('Ctrl Pts',(344.710627326567,-60.2868468689305,10.2909291337917));
#8076=CARTESIAN_POINT('Ctrl Pts',(344.111527915742,-60.2082553369795,9.01211808998131));
#8077=CARTESIAN_POINT('Ctrl Pts',(342.714274315456,-60.1296638050284,8.80786431809354));
#8078=CARTESIAN_POINT('Ctrl Pts',(341.774285121737,-60.0510722730773,9.8617395166007));
#8079=CARTESIAN_POINT('Ctrl Pts',(342.136351382822,-59.9724807411263,11.2266910233338));
#8080=CARTESIAN_POINT('Ctrl Pts',(343.475067550003,-59.8938892091752,11.6761408082207));
#8081=CARTESIAN_POINT('Ctrl Pts',(344.587446301882,-59.8152976772241,10.8061983432225));
#8082=CARTESIAN_POINT('Ctrl Pts',(344.473863721204,-59.7367061452731,9.39861923261376));
#8083=CARTESIAN_POINT('Ctrl Pts',(343.236392750987,-59.658114613322,8.71829256353692));
#8084=CARTESIAN_POINT('Ctrl Pts',(341.987057021094,-59.579523081371,9.37657901539193));
#8085=CARTESIAN_POINT('Ctrl Pts',(341.848545276058,-59.5009315494199,10.7819239969887));
#8086=CARTESIAN_POINT('Ctrl Pts',(342.945327542312,-59.4223400174689,11.6714455773828));
#8087=CARTESIAN_POINT('Ctrl Pts',(344.291805069281,-59.3437484855178,11.2457949592022));
#8088=CARTESIAN_POINT('Ctrl Pts',(344.6779956914,-59.2651569535667,9.88747360961133));
#8089=CARTESIAN_POINT('Ctrl Pts',(343.756857850909,-59.1865654216156,8.8171067710833));
#8090=CARTESIAN_POINT('Ctrl Pts',(342.356151543064,-59.1079738896646,8.9965557826862));
#8091=CARTESIAN_POINT('Ctrl Pts',(341.734590326751,-59.0293823577135,10.2645627828034));
#8092=CARTESIAN_POINT('Ctrl Pts',(342.450726349699,-58.9507908257625,11.4816615035476));
#8093=CARTESIAN_POINT('Ctrl Pts',(343.861019916421,-58.8721992938114,11.5541332682833));
#8094=CARTESIAN_POINT('Ctrl Pts',(344.698142101047,-58.7936077618603,10.4168529387821));
#8095=CARTESIAN_POINT('Ctrl Pts',(344.209831684798,-58.7150162299093,9.09181217054612));
#8096=CARTESIAN_POINT('Ctrl Pts',(342.834897954619,-58.6364246979582,8.76972935844584));
#8097=CARTESIAN_POINT('Ctrl Pts',(341.808894505246,-58.5578331660072,9.74003705293796));
#8098=CARTESIAN_POINT('Ctrl Pts',(342.053816500564,-58.4792416340561,11.1307898405885));
#8099=CARTESIAN_POINT('Ctrl Pts',(343.349570240754,-58.400650102105,11.6922186828658));
#8100=CARTESIAN_POINT('Ctrl Pts',(344.531755466875,-58.322058570154,10.9198080464247));
#8101=CARTESIAN_POINT('Ctrl Pts',(344.538027737468,-58.2434670382029,9.50766755809812));
#8102=CARTESIAN_POINT('Ctrl Pts',(343.362750616164,-58.1648755062519,8.72478583759962));
#8103=CARTESIAN_POINT('Ctrl Pts',(342.06206072979,-58.0862839743008,9.27468211839522));
#8104=CARTESIAN_POINT('Ctrl Pts',(341.804794095178,-58.0076924423497,10.6632043468326));
#8105=CARTESIAN_POINT('Ctrl Pts',(342.822137647519,-57.9291009103987,11.6425879267746));
#8106=CARTESIAN_POINT('Ctrl Pts',(344.199878246596,-57.8505093784476,11.3327316023234));
#8107=CARTESIAN_POINT('Ctrl Pts',(344.69993996753,-57.7719178464966,10.0120808629505));
#8108=CARTESIAN_POINT('Ctrl Pts',(343.872953474716,-57.6933263145455,8.86740910176652));
#8109=CARTESIAN_POINT('Ctrl Pts',(342.462071773618,-57.6147347825945,8.92735011991022));
#8110=CARTESIAN_POINT('Ctrl Pts',(341.735152302823,-57.5361432506433,10.1380392555387));
#8111=CARTESIAN_POINT('Ctrl Pts',(342.345425065659,-57.4575517186924,11.4115176633225));
#8112=CARTESIAN_POINT('Ctrl Pts',(343.744482026689,-57.3789601867412,11.6034023160153));
#8113=CARTESIAN_POINT('Ctrl Pts',(344.675091786807,-57.3003686547902,10.5412603412666));
#8114=CARTESIAN_POINT('Ctrl Pts',(344.300982597736,-57.2217771228391,9.179561984507));
#8115=CARTESIAN_POINT('Ctrl Pts',(342.958339355657,-57.1431855908881,8.74196716661167));
#8116=CARTESIAN_POINT('Ctrl Pts',(341.853698526749,-57.064594058937,9.62171073109983));
#8117=CARTESIAN_POINT('Ctrl Pts',(341.979721005832,-56.986002526986,11.0282307042662));
#8118=CARTESIAN_POINT('Ctrl Pts',(343.223159496971,-56.9074109950349,11.6975892172489));
#8119=CARTESIAN_POINT('Ctrl Pts',(344.466625675411,-56.8288194630838,11.0282821403233));
#8120=CARTESIAN_POINT('Ctrl Pts',(344.592706335823,-56.7502279311327,9.62176738134364));
#8121=CARTESIAN_POINT('Ctrl Pts',(343.488101898909,-56.6716363991817,8.74197812356808));
#8122=CARTESIAN_POINT('Ctrl Pts',(342.145440556649,-56.5930448672306,9.17951740193623));
#8123=CARTESIAN_POINT('Ctrl Pts',(341.771275040514,-56.5144533352796,10.5412002823352));
#8124=CARTESIAN_POINT('Ctrl Pts',(342.701840863817,-56.4358618033285,11.6033807512781));
#8125=CARTESIAN_POINT('Ctrl Pts',(344.100905760974,-56.3572702713775,11.4115539715931));
#8126=CARTESIAN_POINT('Ctrl Pts',(344.71123120157,-56.2786787394263,10.1381008088957));
#8127=CARTESIAN_POINT('Ctrl Pts',(343.9843618118,-56.2000872074753,8.92738160544015));
#8128=CARTESIAN_POINT('Ctrl Pts',(342.573482592221,-56.1214956755243,8.86738222433979));
#8129=CARTESIAN_POINT('Ctrl Pts',(341.746448748427,-56.0429041435732,10.0120197782501));
#8130=CARTESIAN_POINT('Ctrl Pts',(342.246455843216,-55.9643126116221,11.3326911966452));
#8131=CARTESIAN_POINT('Ctrl Pts',(343.624183615919,-55.8857210796711,11.6426045227394));
#8132=CARTESIAN_POINT('Ctrl Pts',(344.641567696701,-55.80712954772,10.6632630033702));
#8133=CARTESIAN_POINT('Ctrl Pts',(344.384358464062,-55.728538015769,9.27473018337566));
#8134=CARTESIAN_POINT('Ctrl Pts',(343.08369140018,-55.6499464838178,8.72477999495414));
#8135=CARTESIAN_POINT('Ctrl Pts',(341.908381737314,-55.5713549518669,9.50761332016342));
#8136=CARTESIAN_POINT('Ctrl Pts',(341.914595929552,-55.4927634199157,10.9197535974023));
#8137=CARTESIAN_POINT('Ctrl Pts',(343.096748491897,-55.4141718879647,11.6922141301128));
#8138=CARTESIAN_POINT('Ctrl Pts',(344.39252696371,-55.3355803560136,11.1308367774974));
#8139=CARTESIAN_POINT('Ctrl Pts',(344.637503288415,-55.2569888240626,9.74009859734229));
#8140=CARTESIAN_POINT('Ctrl Pts',(343.611546762323,-55.1783972921115,8.76973897342973));
#8141=CARTESIAN_POINT('Ctrl Pts',(342.236585324929,-55.0998057601604,9.09178503226885));
#8142=CARTESIAN_POINT('Ctrl Pts',(341.748250618959,-55.0212142282094,10.4167629346468));
#8143=CARTESIAN_POINT('Ctrl Pts',(342.58526115654,-54.9426226962583,11.554168381178));
#8144=CARTESIAN_POINT('Ctrl Pts',(343.995695513186,-54.8640311643073,11.4815631952828));
#8145=CARTESIAN_POINT('Ctrl Pts',(344.711595147693,-54.7854396323562,10.2649016026273));
#8146=CARTESIAN_POINT('Ctrl Pts',(344.090733176868,-54.7068481004052,8.99601020283589));
#8147=CARTESIAN_POINT('Ctrl Pts',(342.688900068596,-54.6282565684541,8.8183742909703));
#8148=CARTESIAN_POINT('Ctrl Pts',(342.077863016373,-54.57586221382,9.52933018097252));
#8149=CARTESIAN_POINT('Ctrl Pts',(341.988302509974,-54.549665036503,9.93585949100219));
#8150=CARTESIAN_POINT('Ctrl Pts',(343.60015700143,-60.7334018786756,8.90397534425018));
#8151=CARTESIAN_POINT('Ctrl Pts',(343.170896685049,-60.7072047013586,8.77987661217723));
#8152=CARTESIAN_POINT('Ctrl Pts',(342.187080256676,-60.6548103467245,8.99131065690812));
#8153=CARTESIAN_POINT('Ctrl Pts',(341.635447198373,-60.5762188147734,10.4042252113691));
#8154=CARTESIAN_POINT('Ctrl Pts',(342.513389700036,-60.4976272828224,11.6405645908818));
#8155=CARTESIAN_POINT('Ctrl Pts',(344.027829724104,-60.4190357508713,11.5896774183707));
#8156=CARTESIAN_POINT('Ctrl Pts',(344.819827592753,-60.3404442189203,10.2970238666841));
#8157=CARTESIAN_POINT('Ctrl Pts',(344.176745267492,-60.2618526869692,8.92432884351397));
#8158=CARTESIAN_POINT('Ctrl Pts',(342.676912221395,-60.1832611550182,8.70507977032905));
#8159=CARTESIAN_POINT('Ctrl Pts',(341.667913672082,-60.1046696230671,9.83632527140224));
#8160=CARTESIAN_POINT('Ctrl Pts',(342.056561046574,-60.026078091116,11.3014847640652));
#8161=CARTESIAN_POINT('Ctrl Pts',(343.493559130866,-59.947486559165,11.7839309283092));
#8162=CARTESIAN_POINT('Ctrl Pts',(344.687603226729,-59.8688950272139,10.8501215919516));
#8163=CARTESIAN_POINT('Ctrl Pts',(344.565681974976,-59.7903034952629,9.33920498765508));
#8164=CARTESIAN_POINT('Ctrl Pts',(343.237362009055,-59.7117119633118,8.60893210074829));
#8165=CARTESIAN_POINT('Ctrl Pts',(341.896306231507,-59.6331204313608,9.31554668673844));
#8166=CARTESIAN_POINT('Ctrl Pts',(341.747625639498,-59.5545288994097,10.8240651433253));
#8167=CARTESIAN_POINT('Ctrl Pts',(342.924928232931,-59.4759373674586,11.7788909968549));
#8168=CARTESIAN_POINT('Ctrl Pts',(344.370257477643,-59.3973458355075,11.3219912163801));
#8169=CARTESIAN_POINT('Ctrl Pts',(344.784800304391,-59.3187543035565,9.86394863419103));
#8170=CARTESIAN_POINT('Ctrl Pts',(343.796037081384,-59.2401627716054,8.71500075848623));
#8171=CARTESIAN_POINT('Ctrl Pts',(342.292497847024,-59.1615712396544,8.90762402861857));
#8172=CARTESIAN_POINT('Ctrl Pts',(341.625304681655,-59.0829797077033,10.2687218286653));
#8173=CARTESIAN_POINT('Ctrl Pts',(342.394015868012,-59.0043881757523,11.5751739153584));
#8174=CARTESIAN_POINT('Ctrl Pts',(343.907846210359,-58.9257966438012,11.6529661984752));
#8175=CARTESIAN_POINT('Ctrl Pts',(344.806425763752,-58.8472051118501,10.4321923743738));
#8176=CARTESIAN_POINT('Ctrl Pts',(344.282266012871,-58.7686135798991,9.00987366915253));
#8177=CARTESIAN_POINT('Ctrl Pts',(342.806391451307,-58.690022047948,8.66414513063339));
#8178=CARTESIAN_POINT('Ctrl Pts',(341.705063905283,-58.611430515997,9.70568801503353));
#8179=CARTESIAN_POINT('Ctrl Pts',(341.967966861638,-58.5328389840459,11.1985429909959));
#8180=CARTESIAN_POINT('Ctrl Pts',(343.358848430125,-58.4542474520948,11.8011891609585));
#8181=CARTESIAN_POINT('Ctrl Pts',(344.62782384617,-58.3756559201438,10.9720719574292));
#8182=CARTESIAN_POINT('Ctrl Pts',(344.634556595834,-58.2970643881927,9.45625910163223));
#8183=CARTESIAN_POINT('Ctrl Pts',(343.372996443482,-58.2184728562416,8.61590207886437));
#8184=CARTESIAN_POINT('Ctrl Pts',(341.976816341382,-58.1398813242906,9.20616902374368));
#8185=CARTESIAN_POINT('Ctrl Pts',(341.700662463396,-58.0612897923395,10.6966296838721));
#8186=CARTESIAN_POINT('Ctrl Pts',(342.792694345598,-57.9826982603884,11.7479147603249));
#8187=CARTESIAN_POINT('Ctrl Pts',(344.271581842486,-57.9041067284374,11.4153103176821));
#8188=CARTESIAN_POINT('Ctrl Pts',(344.808355620697,-57.8255151964863,9.99770393552154));
#8189=CARTESIAN_POINT('Ctrl Pts',(343.920655871457,-57.7469236645353,8.76899603739543));
#8190=CARTESIAN_POINT('Ctrl Pts',(342.406194216819,-57.6683321325842,8.83333762850685));
#8191=CARTESIAN_POINT('Ctrl Pts',(341.62590791523,-57.5897406006331,10.1329095700593));
#8192=CARTESIAN_POINT('Ctrl Pts',(342.280983884721,-57.5111490686821,11.4998804614513));
#8193=CARTESIAN_POINT('Ctrl Pts',(343.782752685385,-57.432557536731,11.7058523359116));
#8194=CARTESIAN_POINT('Ctrl Pts',(344.781683209492,-57.35396600478,10.5657331527887));
#8195=CARTESIAN_POINT('Ctrl Pts',(344.380108774828,-57.2753744728289,9.10406564027385));
#8196=CARTESIAN_POINT('Ctrl Pts',(342.93889530923,-57.1967829408778,8.63434477604035));
#8197=CARTESIAN_POINT('Ctrl Pts',(341.753157216357,-57.1181914089268,9.57867476011726));
#8198=CARTESIAN_POINT('Ctrl Pts',(341.888431642303,-57.0395998769757,11.0884544703409));
#8199=CARTESIAN_POINT('Ctrl Pts',(343.223157235006,-56.9610083450246,11.8069539734029));
#8200=CARTESIAN_POINT('Ctrl Pts',(344.557912547674,-56.8824168130736,11.0885096825789));
#8201=CARTESIAN_POINT('Ctrl Pts',(344.693249426335,-56.8038252811225,9.57873556934166));
#8202=CARTESIAN_POINT('Ctrl Pts',(343.507550397175,-56.7252337491714,8.63435653740228));
#8203=CARTESIAN_POINT('Ctrl Pts',(342.066317502571,-56.6466422172204,9.10401778467132));
#8204=CARTESIAN_POINT('Ctrl Pts',(341.664682605588,-56.5680506852694,10.5656686846277));
#8205=CARTESIAN_POINT('Ctrl Pts',(342.663565967257,-56.4894591533183,11.7058291879981));
#8206=CARTESIAN_POINT('Ctrl Pts',(344.165343286679,-56.4108676213672,11.4999194352955));
#8207=CARTESIAN_POINT('Ctrl Pts',(344.820475801271,-56.3322760894161,10.1329756423592));
#8208=CARTESIAN_POINT('Ctrl Pts',(344.040243257408,-56.2536845574651,8.8333714255486));
#8209=CARTESIAN_POINT('Ctrl Pts',(342.52578426647,-56.175093025514,8.76896718676103));
#8210=CARTESIAN_POINT('Ctrl Pts',(341.638033689977,-56.096501493563,9.99763836628467));
#8211=CARTESIAN_POINT('Ctrl Pts',(342.17474883166,-56.0179099616119,11.415266945619));
#8212=CARTESIAN_POINT('Ctrl Pts',(343.653622560524,-55.9393184296609,11.7479325746833));
#8213=CARTESIAN_POINT('Ctrl Pts',(344.745697946565,-55.8607268977097,10.6966926466824));
#8214=CARTESIAN_POINT('Ctrl Pts',(344.469605684721,-55.7821353657587,9.20622061741716));
#8215=CARTESIAN_POINT('Ctrl Pts',(343.073450080628,-55.7035438338076,8.61589580728077));
#8216=CARTESIAN_POINT('Ctrl Pts',(341.811854997673,-55.6249523018566,9.45620088181673));
#8217=CARTESIAN_POINT('Ctrl Pts',(341.818525405157,-55.5463607699055,10.972013511029));
#8218=CARTESIAN_POINT('Ctrl Pts',(343.087465759413,-55.4677692379545,11.8011842739649));
#8219=CARTESIAN_POINT('Ctrl Pts',(344.478373875195,-55.3891777060034,11.1985933737803));
#8220=CARTESIAN_POINT('Ctrl Pts',(344.741335149533,-55.3105861740524,9.70575407772351));
#8221=CARTESIAN_POINT('Ctrl Pts',(343.640057971665,-55.2319946421013,8.66415545150183));
#8222=CARTESIAN_POINT('Ctrl Pts',(342.164153668759,-55.1534031101502,9.00984453851723));
#8223=CARTESIAN_POINT('Ctrl Pts',(341.639967844926,-55.0748115781992,10.4320957625802));
#8224=CARTESIAN_POINT('Ctrl Pts',(342.538427554701,-54.9962200462481,11.653003889185));
#8225=CARTESIAN_POINT('Ctrl Pts',(344.052409023071,-54.9176285142971,11.5750683897872));
#8226=CARTESIAN_POINT('Ctrl Pts',(344.820866466518,-54.839036982346,10.2690855229643));
#8227=CARTESIAN_POINT('Ctrl Pts',(344.154423881781,-54.760445450395,8.90703839499513));
#8228=CARTESIAN_POINT('Ctrl Pts',(342.649675122882,-54.6818539184438,8.71636133341174));
#8229=CARTESIAN_POINT('Ctrl Pts',(341.993778753657,-54.6294595638098,9.47951208709278));
#8230=CARTESIAN_POINT('Ctrl Pts',(341.897643158019,-54.6032623864928,9.9158867675833));
#8231=CARTESIAN_POINT('Ctrl Pts',(343.625939227419,-60.7869992286654,8.8147940423936));
#8232=CARTESIAN_POINT('Ctrl Pts',(343.167320119753,-60.7608020513484,8.68220771285447));
#8233=CARTESIAN_POINT('Ctrl Pts',(342.116216639489,-60.7084076967143,8.90810255853269));
#8234=CARTESIAN_POINT('Ctrl Pts',(341.526855239649,-60.6298161647632,10.4176518633417));
#8235=CARTESIAN_POINT('Ctrl Pts',(342.464843661429,-60.5512246328121,11.7385493266448));
#8236=CARTESIAN_POINT('Ctrl Pts',(344.082862159637,-60.4726331008611,11.6841817814558));
#8237=CARTESIAN_POINT('Ctrl Pts',(344.92902785894,-60.3940415689101,10.3031185995764));
#8238=CARTESIAN_POINT('Ctrl Pts',(344.241962619242,-60.315450036959,8.83653959704662));
#8239=CARTESIAN_POINT('Ctrl Pts',(342.639550127335,-60.2368585050079,8.60229522256455));
#8240=CARTESIAN_POINT('Ctrl Pts',(341.561542222426,-60.1582669730569,9.81091102620378));
#8241=CARTESIAN_POINT('Ctrl Pts',(341.976770710326,-60.0796754411058,11.3762785047967));
#8242=CARTESIAN_POINT('Ctrl Pts',(343.512050711729,-60.0010839091548,11.8917210483977));
#8243=CARTESIAN_POINT('Ctrl Pts',(344.787760151575,-59.9224923772037,10.8940448406807));
#8244=CARTESIAN_POINT('Ctrl Pts',(344.657500228748,-59.8439008452526,9.2797907426964));
#8245=CARTESIAN_POINT('Ctrl Pts',(343.238331267122,-59.7653093133016,8.49957163795967));
#8246=CARTESIAN_POINT('Ctrl Pts',(341.805555441921,-59.6867177813505,9.25451435808495));
#8247=CARTESIAN_POINT('Ctrl Pts',(341.646706002938,-59.6081262493995,10.8662062896618));
#8248=CARTESIAN_POINT('Ctrl Pts',(342.90452892355,-59.5295347174484,11.886336416327));
#8249=CARTESIAN_POINT('Ctrl Pts',(344.448709886006,-59.4509431854973,11.3981874735579));
#8250=CARTESIAN_POINT('Ctrl Pts',(344.891604917383,-59.3723516535463,9.84042365877072));
#8251=CARTESIAN_POINT('Ctrl Pts',(343.835216311859,-59.2937601215952,8.61289474588917));
#8252=CARTESIAN_POINT('Ctrl Pts',(342.228844150984,-59.2151685896441,8.81869227455093));
#8253=CARTESIAN_POINT('Ctrl Pts',(341.516019036559,-59.1365770576931,10.2728808745272));
#8254=CARTESIAN_POINT('Ctrl Pts',(342.337305386325,-59.057985525742,11.6686863271692));
#8255=CARTESIAN_POINT('Ctrl Pts',(343.954672504296,-58.979393993791,11.7517991286672));
#8256=CARTESIAN_POINT('Ctrl Pts',(344.914709426456,-58.9008024618399,10.4475318099655));
#8257=CARTESIAN_POINT('Ctrl Pts',(344.354700340944,-58.8222109298888,8.92793516775895));
#8258=CARTESIAN_POINT('Ctrl Pts',(342.777884947996,-58.7436193979378,8.55856090282095));
#8259=CARTESIAN_POINT('Ctrl Pts',(341.60123330532,-58.6650278659867,9.67133897712911));
#8260=CARTESIAN_POINT('Ctrl Pts',(341.882117222713,-58.5864363340357,11.2662961414032));
#8261=CARTESIAN_POINT('Ctrl Pts',(343.368126619496,-58.5078448020846,11.9101596390511));
#8262=CARTESIAN_POINT('Ctrl Pts',(344.723892225464,-58.4292532701335,11.0243358684337));
#8263=CARTESIAN_POINT('Ctrl Pts',(344.731085454201,-58.3506617381825,9.40485064516634));
#8264=CARTESIAN_POINT('Ctrl Pts',(343.3832422708,-58.2720702062314,8.50701832012912));
#8265=CARTESIAN_POINT('Ctrl Pts',(341.891571952975,-58.1934786742804,9.13765592909215));
#8266=CARTESIAN_POINT('Ctrl Pts',(341.596530831614,-58.1148871423292,10.7300550209116));
#8267=CARTESIAN_POINT('Ctrl Pts',(342.763251043677,-58.0362956103782,11.8532415938752));
#8268=CARTESIAN_POINT('Ctrl Pts',(344.343285438375,-57.9577040784272,11.4978890330409));
#8269=CARTESIAN_POINT('Ctrl Pts',(344.916771273863,-57.8791125464761,9.98332700809252));
#8270=CARTESIAN_POINT('Ctrl Pts',(343.968358268198,-57.800521014525,8.67058297302435));
#8271=CARTESIAN_POINT('Ctrl Pts',(342.35031666002,-57.721929482574,8.73932513710348));
#8272=CARTESIAN_POINT('Ctrl Pts',(341.516663527637,-57.6433379506229,10.1277798845799));
#8273=CARTESIAN_POINT('Ctrl Pts',(342.216542703784,-57.5647464186719,11.5882432595801));
#8274=CARTESIAN_POINT('Ctrl Pts',(343.821023344081,-57.4861548867208,11.8083023558079));
#8275=CARTESIAN_POINT('Ctrl Pts',(344.888274632176,-57.4075633547697,10.5902059643108));
#8276=CARTESIAN_POINT('Ctrl Pts',(344.45923495192,-57.3289718228187,9.0285692960407));
#8277=CARTESIAN_POINT('Ctrl Pts',(342.919451262802,-57.2503802908676,8.52672238546903));
#8278=CARTESIAN_POINT('Ctrl Pts',(341.652615905965,-57.1717887589166,9.5356387891347));
#8279=CARTESIAN_POINT('Ctrl Pts',(341.797142278774,-57.0931972269654,11.1486782364156));
#8280=CARTESIAN_POINT('Ctrl Pts',(343.223154973041,-57.0146056950145,11.9163187295569));
#8281=CARTESIAN_POINT('Ctrl Pts',(344.649199419937,-56.9360141630633,11.1487372248344));
#8282=CARTESIAN_POINT('Ctrl Pts',(344.793792516846,-56.8574226311123,9.53570375733969));
#8283=CARTESIAN_POINT('Ctrl Pts',(343.526998895442,-56.7788310991612,8.52673495123648));
#8284=CARTESIAN_POINT('Ctrl Pts',(341.987194448493,-56.7002395672101,9.02851816740641));
#8285=CARTESIAN_POINT('Ctrl Pts',(341.558090170663,-56.6216480352591,10.5901370869202));
#8286=CARTESIAN_POINT('Ctrl Pts',(342.625291070698,-56.5430565033081,11.8082776247181));
#8287=CARTESIAN_POINT('Ctrl Pts',(344.229780812383,-56.464464971357,11.5882848989979));
#8288=CARTESIAN_POINT('Ctrl Pts',(344.929720400972,-56.3858734394059,10.1278504758227));
#8289=CARTESIAN_POINT('Ctrl Pts',(344.096124703016,-56.3072819074549,8.73936124565705));
#8290=CARTESIAN_POINT('Ctrl Pts',(342.478085940719,-56.2286903755038,8.67055214918227));
#8291=CARTESIAN_POINT('Ctrl Pts',(341.529618631525,-56.1500988435527,9.98325695431921));
#8292=CARTESIAN_POINT('Ctrl Pts',(342.103041820105,-56.0715073116017,11.4978426945928));
#8293=CARTESIAN_POINT('Ctrl Pts',(343.68306150513,-55.9929157796507,11.8532606266272));
#8294=CARTESIAN_POINT('Ctrl Pts',(344.849828196429,-55.9143242476995,10.7301222899946));
#8295=CARTESIAN_POINT('Ctrl Pts',(344.55485290538,-55.8357327157485,9.13771105145866));
#8296=CARTESIAN_POINT('Ctrl Pts',(343.063208761075,-55.7571411837974,8.5070116196074));
#8297=CARTESIAN_POINT('Ctrl Pts',(341.715328258031,-55.6785496518464,9.40478844347004));
#8298=CARTESIAN_POINT('Ctrl Pts',(341.722454880762,-55.5999581198953,11.0242734246557));
#8299=CARTESIAN_POINT('Ctrl Pts',(343.078183026929,-55.5213665879443,11.9101544178169));
#8300=CARTESIAN_POINT('Ctrl Pts',(344.564220786681,-55.4427750559932,11.2663499700633));
#8301=CARTESIAN_POINT('Ctrl Pts',(344.845167010651,-55.3641835240422,9.67140955810473));
#8302=CARTESIAN_POINT('Ctrl Pts',(343.668569181006,-55.2855919920911,8.55857192957393));
#8303=CARTESIAN_POINT('Ctrl Pts',(342.09172201259,-55.20700046014,8.92790404476561));
#8304=CARTESIAN_POINT('Ctrl Pts',(341.531685070894,-55.128408928189,10.4474285905137));
#8305=CARTESIAN_POINT('Ctrl Pts',(342.491593952863,-55.0498173962379,11.7518393971919));
#8306=CARTESIAN_POINT('Ctrl Pts',(344.109122532957,-54.9712258642868,11.6685735842917));
#8307=CARTESIAN_POINT('Ctrl Pts',(344.930137785343,-54.8926343323358,10.2732694433012));
#8308=CARTESIAN_POINT('Ctrl Pts',(344.218114586693,-54.8140428003847,8.81806658715439));
#8309=CARTESIAN_POINT('Ctrl Pts',(342.610450177168,-54.7354512684336,8.61434837585317));
#8310=CARTESIAN_POINT('Ctrl Pts',(341.909694490941,-54.6830569137996,9.42969399321303));
#8311=CARTESIAN_POINT('Ctrl Pts',(341.806983806063,-54.6568597364826,9.89591404416441));
#8312=CARTESIAN_POINT('Ctrl Pts',(343.651721453408,-60.8405965786551,8.72561274053702));
#8313=CARTESIAN_POINT('Ctrl Pts',(343.163743554456,-60.8143994013381,8.5845388135317));
#8314=CARTESIAN_POINT('Ctrl Pts',(342.045353022302,-60.7620050467041,8.82489446015725));
#8315=CARTESIAN_POINT('Ctrl Pts',(341.418263280925,-60.683413514753,10.4310785153143));
#8316=CARTESIAN_POINT('Ctrl Pts',(342.416297622821,-60.604821982802,11.8365340624078));
#8317=CARTESIAN_POINT('Ctrl Pts',(344.137894595171,-60.5262304508509,11.7786861445409));
#8318=CARTESIAN_POINT('Ctrl Pts',(345.038228125126,-60.4476389188999,10.3092133324688));
#8319=CARTESIAN_POINT('Ctrl Pts',(344.307179970992,-60.3690473869487,8.74875035057928));
#8320=CARTESIAN_POINT('Ctrl Pts',(342.602188033275,-60.2904558549977,8.49951067480005));
#8321=CARTESIAN_POINT('Ctrl Pts',(341.455170772771,-60.2118643230467,9.78549678100531));
#8322=CARTESIAN_POINT('Ctrl Pts',(341.896980374078,-60.1332727910956,11.4510722455281));
#8323=CARTESIAN_POINT('Ctrl Pts',(343.530542292592,-60.0546812591445,11.9995111684862));
#8324=CARTESIAN_POINT('Ctrl Pts',(344.88791707642,-59.9760897271935,10.9379680894098));
#8325=CARTESIAN_POINT('Ctrl Pts',(344.74931848252,-59.8974981952424,9.22037649773772));
#8326=CARTESIAN_POINT('Ctrl Pts',(343.239300525189,-59.8189066632913,8.39021117517105));
#8327=CARTESIAN_POINT('Ctrl Pts',(341.714804652334,-59.7403151313403,9.19348202943147));
#8328=CARTESIAN_POINT('Ctrl Pts',(341.545786366379,-59.6617235993892,10.9083474359984));
#8329=CARTESIAN_POINT('Ctrl Pts',(342.884129614169,-59.5831320674382,11.9937818357991));
#8330=CARTESIAN_POINT('Ctrl Pts',(344.527162294369,-59.5045405354871,11.4743837307357));
#8331=CARTESIAN_POINT('Ctrl Pts',(344.998409530374,-59.4259490035361,9.81689868335043));
#8332=CARTESIAN_POINT('Ctrl Pts',(343.874395542334,-59.3473574715849,8.5107887332921));
#8333=CARTESIAN_POINT('Ctrl Pts',(342.165190454944,-59.2687659396339,8.7297605204833));
#8334=CARTESIAN_POINT('Ctrl Pts',(341.406733391463,-59.1901744076828,10.2770399203891));
#8335=CARTESIAN_POINT('Ctrl Pts',(342.280594904638,-59.1115828757318,11.76219873898));
#8336=CARTESIAN_POINT('Ctrl Pts',(344.001498798234,-59.0329913437807,11.8506320588592));
#8337=CARTESIAN_POINT('Ctrl Pts',(345.022993089161,-58.9543998118297,10.4628712455572));
#8338=CARTESIAN_POINT('Ctrl Pts',(344.427134669017,-58.8758082798786,8.84599666636536));
#8339=CARTESIAN_POINT('Ctrl Pts',(342.749378444685,-58.7972167479275,8.45297667500851));
#8340=CARTESIAN_POINT('Ctrl Pts',(341.497402705357,-58.7186252159765,9.63698993922468));
#8341=CARTESIAN_POINT('Ctrl Pts',(341.796267583787,-58.6400336840254,11.3340492918105));
#8342=CARTESIAN_POINT('Ctrl Pts',(343.377404808867,-58.5614421520743,12.0191301171438));
#8343=CARTESIAN_POINT('Ctrl Pts',(344.819960604758,-58.4828506201233,11.0765997794382));
#8344=CARTESIAN_POINT('Ctrl Pts',(344.827614312567,-58.4042590881722,9.35344218870046));
#8345=CARTESIAN_POINT('Ctrl Pts',(343.393488098118,-58.3256675562212,8.39813456139387));
#8346=CARTESIAN_POINT('Ctrl Pts',(341.806327564567,-58.2470760242701,9.06914283444062));
#8347=CARTESIAN_POINT('Ctrl Pts',(341.492399199832,-58.168484492319,10.763480357951));
#8348=CARTESIAN_POINT('Ctrl Pts',(342.733807741756,-58.089892960368,11.9585684274255));
#8349=CARTESIAN_POINT('Ctrl Pts',(344.414989034264,-58.0113014284169,11.5804677483996));
#8350=CARTESIAN_POINT('Ctrl Pts',(345.025186927029,-57.9327098964659,9.96895008066351));
#8351=CARTESIAN_POINT('Ctrl Pts',(344.016060664939,-57.8541183645148,8.57216990865327));
#8352=CARTESIAN_POINT('Ctrl Pts',(342.29443910322,-57.7755268325637,8.64531264570012));
#8353=CARTESIAN_POINT('Ctrl Pts',(341.407419140044,-57.6969353006127,10.1226501991005));
#8354=CARTESIAN_POINT('Ctrl Pts',(342.152101522846,-57.6183437686616,11.6766060577089));
#8355=CARTESIAN_POINT('Ctrl Pts',(343.859294002776,-57.5397522367106,11.9107523757042));
#8356=CARTESIAN_POINT('Ctrl Pts',(344.994866054861,-57.4611607047595,10.6146787758329));
#8357=CARTESIAN_POINT('Ctrl Pts',(344.538361129011,-57.3825691728084,8.95307295180755));
#8358=CARTESIAN_POINT('Ctrl Pts',(342.900007216375,-57.3039776408574,8.4190999948977));
#8359=CARTESIAN_POINT('Ctrl Pts',(341.552074595573,-57.2253861089063,9.49260281815214));
#8360=CARTESIAN_POINT('Ctrl Pts',(341.705852915245,-57.1467945769553,11.2089020024903));
#8361=CARTESIAN_POINT('Ctrl Pts',(343.223152711076,-57.0682030450042,12.0256834857109));
#8362=CARTESIAN_POINT('Ctrl Pts',(344.7404862922,-56.9896115130531,11.2089647670899));
#8363=CARTESIAN_POINT('Ctrl Pts',(344.894335607358,-56.9110199811021,9.49267194533772));
#8364=CARTESIAN_POINT('Ctrl Pts',(343.546447393709,-56.832428449151,8.41911336507069));
#8365=CARTESIAN_POINT('Ctrl Pts',(341.908071394415,-56.7538369171999,8.9530185501415));
#8366=CARTESIAN_POINT('Ctrl Pts',(341.451497735738,-56.6752453852489,10.6146054892128));
#8367=CARTESIAN_POINT('Ctrl Pts',(342.587016174138,-56.5966538532978,11.9107260614381));
#8368=CARTESIAN_POINT('Ctrl Pts',(344.294218338088,-56.5180623213468,11.6766503627003));
#8369=CARTESIAN_POINT('Ctrl Pts',(345.038965000673,-56.4394707893957,10.1227253092862));
#8370=CARTESIAN_POINT('Ctrl Pts',(344.152006148625,-56.3608792574447,8.6453510657655));
#8371=CARTESIAN_POINT('Ctrl Pts',(342.430387614967,-56.2822877254936,8.5721371116035));
#8372=CARTESIAN_POINT('Ctrl Pts',(341.421203573074,-56.2036961935425,9.96887554235374));
#8373=CARTESIAN_POINT('Ctrl Pts',(342.03133480855,-56.1251046615914,11.5804184435665));
#8374=CARTESIAN_POINT('Ctrl Pts',(343.712500449736,-56.0465131296404,11.9585886785711));
#8375=CARTESIAN_POINT('Ctrl Pts',(344.953958446294,-55.9679215976893,10.7635519333068));
#8376=CARTESIAN_POINT('Ctrl Pts',(344.640100126039,-55.8893300657383,9.06920148550016));
#8377=CARTESIAN_POINT('Ctrl Pts',(343.052967441523,-55.8107385337872,8.39812743193402));
#8378=CARTESIAN_POINT('Ctrl Pts',(341.61880151839,-55.7321470018362,9.35337600512335));
#8379=CARTESIAN_POINT('Ctrl Pts',(341.626384356368,-55.6535554698851,11.0765333382824));
#8380=CARTESIAN_POINT('Ctrl Pts',(343.068900294446,-55.574963937934,12.019124561669));
#8381=CARTESIAN_POINT('Ctrl Pts',(344.650067698167,-55.496372405983,11.3341065663462));
#8382=CARTESIAN_POINT('Ctrl Pts',(344.948998871769,-55.4177808740319,9.63706503848594));
#8383=CARTESIAN_POINT('Ctrl Pts',(343.697080390347,-55.3391893420809,8.45298840764603));
#8384=CARTESIAN_POINT('Ctrl Pts',(342.01929035642,-55.2605978101298,8.84596355101398));
#8385=CARTESIAN_POINT('Ctrl Pts',(341.423402296862,-55.1820062781787,10.4627614184471));
#8386=CARTESIAN_POINT('Ctrl Pts',(342.444760351024,-55.1034147462276,11.8506749051989));
#8387=CARTESIAN_POINT('Ctrl Pts',(344.165836042842,-55.0248232142766,11.7620787787961));
#8388=CARTESIAN_POINT('Ctrl Pts',(345.039409104168,-54.9462316823256,10.2774533636381));
#8389=CARTESIAN_POINT('Ctrl Pts',(344.281805291606,-54.8676401503744,8.72909477931365));
#8390=CARTESIAN_POINT('Ctrl Pts',(342.571225231454,-54.7890486184234,8.51233541829459));
#8391=CARTESIAN_POINT('Ctrl Pts',(341.825610228226,-54.7366542637894,9.37987589933328));
#8392=CARTESIAN_POINT('Ctrl Pts',(341.716324454107,-54.7104570864723,9.87594132074552));
#8393=CARTESIAN_POINT('Ctrl Pts',(341.716324454107,-54.7104570864723,9.87594132074546));
#8394=CARTESIAN_POINT('Ctrl Pts',(341.73494410392,-54.709338669407,9.82339639798512));
#8395=CARTESIAN_POINT('Ctrl Pts',(341.756977393886,-54.7079790786909,9.77226485427609));
#8396=CARTESIAN_POINT('Ctrl Pts',(341.7820952744,-54.7064314617008,9.72272002785851));
#8397=CARTESIAN_POINT('Ctrl Pts',(341.808122131907,-54.704827838861,9.67138225130171));
#8398=CARTESIAN_POINT('Ctrl Pts',(341.837461057403,-54.7030223347511,9.62174703116958));
#8399=CARTESIAN_POINT('Ctrl Pts',(341.869802201632,-54.7010740780349,9.57400623491714));
#8400=CARTESIAN_POINT('Ctrl Pts',(341.891958894537,-54.6997393409134,9.54129934755189));
#8401=CARTESIAN_POINT('Ctrl Pts',(341.915525876696,-54.6983376025024,9.50948158861842));
#8402=CARTESIAN_POINT('Ctrl Pts',(341.940417031625,-54.696887875631,9.47861854348622));
#8403=CARTESIAN_POINT('Ctrl Pts',(341.977317886172,-54.6947386720056,9.43286442952419));
#8404=CARTESIAN_POINT('Ctrl Pts',(342.016929580636,-54.6925005939667,9.38943891907613));
#8405=CARTESIAN_POINT('Ctrl Pts',(342.058894912546,-54.6902432808946,9.34852404436992));
#8406=CARTESIAN_POINT('Ctrl Pts',(342.101642840748,-54.6879438720077,9.30684616296774));
#8407=CARTESIAN_POINT('Ctrl Pts',(342.146832881892,-54.6856245039838,9.26777223036705));
#8408=CARTESIAN_POINT('Ctrl Pts',(342.194142915721,-54.6833587853494,9.23149757597704));
#8409=CARTESIAN_POINT('Ctrl Pts',(342.238970536573,-54.6812119516298,9.19712629525871));
#8410=CARTESIAN_POINT('Ctrl Pts',(342.285701969533,-54.6791132849157,9.16526720931024));
#8411=CARTESIAN_POINT('Ctrl Pts',(342.334109008085,-54.6771254041047,9.13610508455431));
#8412=CARTESIAN_POINT('Ctrl Pts',(342.336789637982,-54.6770153215032,9.13449017759389));
#8413=CARTESIAN_POINT('Ctrl Pts',(342.339475417564,-54.6769055786375,9.13288354845183));
#8414=CARTESIAN_POINT('Ctrl Pts',(342.342166312037,-54.6767961861412,9.13128523128275));
#8415=CARTESIAN_POINT('Ctrl Pts',(342.393340615831,-54.6747158054754,9.10088910494162));
#8416=CARTESIAN_POINT('Ctrl Pts',(342.446172071239,-54.6727717930517,9.07360546338057));
#8417=CARTESIAN_POINT('Ctrl Pts',(342.500383477361,-54.6710162533596,9.04966714891222));
#8418=CARTESIAN_POINT('Ctrl Pts',(342.550911309521,-54.66937999964,9.02735540269147));
#8419=CARTESIAN_POINT('Ctrl Pts',(342.602638311918,-54.6679074760148,9.00794901098161));
#8420=CARTESIAN_POINT('Ctrl Pts',(342.655375249067,-54.6666408710854,8.9916637552537));
#8421=CARTESIAN_POINT('Ctrl Pts',(342.68311890563,-54.6659745401595,8.98309646700403));
#8422=CARTESIAN_POINT('Ctrl Pts',(342.711142640359,-54.6653651985399,8.97539350522965));
#8423=CARTESIAN_POINT('Ctrl Pts',(342.739422702673,-54.6648189886753,8.96859084124485));
#8424=CARTESIAN_POINT('Ctrl Pts',(342.74200141789,-54.6647691825725,8.96797054087428));
#8425=CARTESIAN_POINT('Ctrl Pts',(342.744581868166,-54.664719895026,8.9673578497117));
#8426=CARTESIAN_POINT('Ctrl Pts',(342.747164032237,-54.6646711293131,8.96675279175812));
#8427=CARTESIAN_POINT('Ctrl Pts',(342.790949823352,-54.6638442084593,8.95649281584727));
#8428=CARTESIAN_POINT('Ctrl Pts',(342.835227409643,-54.6631673358093,8.94842679002265));
#8429=CARTESIAN_POINT('Ctrl Pts',(342.879813527418,-54.6626564913735,8.94247160622418));
#8430=CARTESIAN_POINT('Ctrl Pts',(343.224184709476,-59.907409349153,11.4732302222552));
#8431=CARTESIAN_POINT('Ctrl Pts',(342.880112735622,-59.9290998131441,11.4702625334136));
#8432=CARTESIAN_POINT('Ctrl Pts',(342.533825698646,-59.9507902771352,11.324485560216));
#8433=CARTESIAN_POINT('Ctrl Pts',(342.299126367171,-59.9724807411263,11.0741074030261));
#8434=CARTESIAN_POINT('Ctrl Pts',(342.015662629127,-59.9986779184433,10.7717071877561));
#8435=CARTESIAN_POINT('Ctrl Pts',(341.894973875432,-60.0248750957603,10.3167233521784));
#8436=CARTESIAN_POINT('Ctrl Pts',(341.991294364204,-60.0510722730773,9.91358556797169));
#8437=CARTESIAN_POINT('Ctrl Pts',(342.087614852977,-60.0772694503944,9.51044778376498));
#8438=CARTESIAN_POINT('Ctrl Pts',(342.400944584216,-60.1034666277114,9.15915605092926));
#8439=CARTESIAN_POINT('Ctrl Pts',(342.790485049884,-60.1296638050284,9.01755247982602));
#8440=CARTESIAN_POINT('Ctrl Pts',(343.180025515551,-60.1558609823454,8.87594890872279));
#8441=CARTESIAN_POINT('Ctrl Pts',(343.645776715647,-60.1820581596624,8.94403349935205));
#8442=CARTESIAN_POINT('Ctrl Pts',(343.978502217499,-60.2082553369795,9.19121096863506));
#8443=CARTESIAN_POINT('Ctrl Pts',(344.311227719351,-60.2344525142965,9.43838843791809));
#8444=CARTESIAN_POINT('Ctrl Pts',(344.510927522959,-60.2606496916135,9.86465878585487));
#8445=CARTESIAN_POINT('Ctrl Pts',(344.487805751764,-60.2868468689305,10.2785012800723));
#8446=CARTESIAN_POINT('Ctrl Pts',(344.464683980568,-60.3130440462475,10.6923437742896));
#8447=CARTESIAN_POINT('Ctrl Pts',(344.21874063457,-60.3392412235646,11.0937584147876));
#8448=CARTESIAN_POINT('Ctrl Pts',(343.860625369916,-60.3654384008816,11.3023668683422));
#8449=CARTESIAN_POINT('Ctrl Pts',(343.669377828675,-60.3794287169721,11.4137719319127));
#8450=CARTESIAN_POINT('Ctrl Pts',(343.446139111608,-60.3934190330625,11.470189109915));
#8451=CARTESIAN_POINT('Ctrl Pts',(343.223045848479,-60.407409349153,11.4705433459886));
#8452=CARTESIAN_POINT('Ctrl Pts',(343.289694653799,-54.6626564913735,8.94544923937627));
#8453=CARTESIAN_POINT('Ctrl Pts',(343.29641576352,-54.6627340718333,8.94642505625976));
#8454=CARTESIAN_POINT('Ctrl Pts',(343.303132009596,-54.6628156963815,8.94744590320937));
#8455=CARTESIAN_POINT('Ctrl Pts',(343.309842735297,-54.6629009709216,8.94851246204895));
#8456=CARTESIAN_POINT('Ctrl Pts',(341.766950694778,-60.707965335657,10.7180245689017));
#8457=CARTESIAN_POINT('Ctrl Pts',(341.936048948846,-60.6815860556902,11.2007560719208));
#8458=CARTESIAN_POINT('Ctrl Pts',(342.790136936635,-60.6288274957565,11.976408513464));
#8459=CARTESIAN_POINT('Ctrl Pts',(344.472542975138,-60.5496896558562,11.5353460736308));
#8460=CARTESIAN_POINT('Ctrl Pts',(345.015835356628,-60.4705518159557,9.88360981656013));
#8461=CARTESIAN_POINT('Ctrl Pts',(343.928722022034,-60.3914139760553,8.52818554684098));
#8462=CARTESIAN_POINT('Ctrl Pts',(342.198994086189,-60.3122761361549,8.70095093616029));
#8463=CARTESIAN_POINT('Ctrl Pts',(341.401640837766,-60.2331382962545,10.2454831139599));
#8464=CARTESIAN_POINT('Ctrl Pts',(342.261993659659,-60.154000456354,11.7556980853673));
#8465=CARTESIAN_POINT('Ctrl Pts',(343.997198436491,-60.0748626164536,11.8573083113668));
#8466=CARTESIAN_POINT('Ctrl Pts',(345.027942254272,-59.9957247765532,10.4577515541468));
#8467=CARTESIAN_POINT('Ctrl Pts',(344.41616716679,-59.9165869366527,8.83082480961021));
#8468=CARTESIAN_POINT('Ctrl Pts',(342.718641103372,-59.8374490967523,8.4571985237508));
#8469=CARTESIAN_POINT('Ctrl Pts',(341.480315159192,-59.7583112568519,9.67692431669193));
#8470=CARTESIAN_POINT('Ctrl Pts',(341.828203724166,-59.6791734169515,11.3799079661883));
#8471=CARTESIAN_POINT('Ctrl Pts',(343.445690235437,-59.6000355770511,12.0162415449251));
#8472=CARTESIAN_POINT('Ctrl Pts',(344.860676084867,-59.5208977371506,11.0067877658095));
#8473=CARTESIAN_POINT('Ctrl Pts',(344.78536269813,-59.4417598972502,9.27026548166604));
#8474=CARTESIAN_POINT('Ctrl Pts',(343.288293680353,-59.3626220573498,8.38710839927417));
#8475=CARTESIAN_POINT('Ctrl Pts',(341.731973175332,-59.2834842174494,9.16109058530233));
#8476=CARTESIAN_POINT('Ctrl Pts',(341.53283082475,-59.204346377549,10.8877996693265));
#8477=CARTESIAN_POINT('Ctrl Pts',(342.87210896733,-59.1252085376485,11.9957328916354));
#8478=CARTESIAN_POINT('Ctrl Pts',(344.530911286111,-59.0460706977481,11.4765442749774));
#8479=CARTESIAN_POINT('Ctrl Pts',(344.999537927961,-58.9669328578477,9.80275485449952));
#8480=CARTESIAN_POINT('Ctrl Pts',(343.85148504129,-58.8877950179472,8.49770446239858));
#8481=CARTESIAN_POINT('Ctrl Pts',(342.13161207775,-58.8086571780469,8.74913823903287));
#8482=CARTESIAN_POINT('Ctrl Pts',(341.405200166982,-58.7295193381464,10.3282226860759));
#8483=CARTESIAN_POINT('Ctrl Pts',(342.333367241009,-58.650381498246,11.7978103282249));
#8484=CARTESIAN_POINT('Ctrl Pts',(344.071375090935,-58.5712436583455,11.8204083074231));
#8485=CARTESIAN_POINT('Ctrl Pts',(345.03743776567,-58.4921058184452,10.3754498777106));
#8486=CARTESIAN_POINT('Ctrl Pts',(344.352327724942,-58.4129679785447,8.77801249639366));
#8487=CARTESIAN_POINT('Ctrl Pts',(342.639573474378,-58.3338301386443,8.48194690857976));
#8488=CARTESIAN_POINT('Ctrl Pts',(341.457977300979,-58.2546922987439,9.75670666560393));
#8489=CARTESIAN_POINT('Ctrl Pts',(341.882926883282,-58.1755544588434,11.4421145710148));
#8490=CARTESIAN_POINT('Ctrl Pts',(343.527669492143,-58.096416618943,12.0042566399945));
#8491=CARTESIAN_POINT('Ctrl Pts',(344.895301214238,-58.0172787790426,10.9315192873137));
#8492=CARTESIAN_POINT('Ctrl Pts',(344.741120741437,-57.9381409391422,9.20021621248064));
#8493=CARTESIAN_POINT('Ctrl Pts',(343.205449940424,-57.8590030992417,8.38603125435538));
#8494=CARTESIAN_POINT('Ctrl Pts',(341.685924902847,-57.7798652593413,9.22996585803983));
#8495=CARTESIAN_POINT('Ctrl Pts',(341.565487228739,-57.7007274194409,10.9639429979627));
#8496=CARTESIAN_POINT('Ctrl Pts',(342.953748978196,-57.6215895795405,12.0098451301506));
#8497=CARTESIAN_POINT('Ctrl Pts',(344.587233158353,-57.54245173964,11.4157816753782));
#8498=CARTESIAN_POINT('Ctrl Pts',(344.97928231384,-57.4633138997396,9.7224183313785));
#8499=CARTESIAN_POINT('Ctrl Pts',(343.773086867339,-57.3841760598392,8.47090944209307));
#8500=CARTESIAN_POINT('Ctrl Pts',(342.066422649776,-57.3050382199387,8.80027125470709));
#8501=CARTESIAN_POINT('Ctrl Pts',(341.412549321498,-57.2259003800384,10.4107468446142));
#8502=CARTESIAN_POINT('Ctrl Pts',(342.406566406677,-57.1467625401379,11.8366192054839));
#8503=CARTESIAN_POINT('Ctrl Pts',(344.143804653906,-57.0676247002375,11.7801813858537));
#8504=CARTESIAN_POINT('Ctrl Pts',(345.043178538531,-56.9884868603371,10.2927982574112));
#8505=CARTESIAN_POINT('Ctrl Pts',(344.28615494772,-56.9093490204367,8.72815860622137));
#8506=CARTESIAN_POINT('Ctrl Pts',(342.561711943733,-56.8302111805362,8.5102634912864));
#8507=CARTESIAN_POINT('Ctrl Pts',(341.439289916241,-56.7510733406358,9.83742239184609));
#8508=CARTESIAN_POINT('Ctrl Pts',(341.940421302188,-56.6719355007353,11.5017688969734));
#8509=CARTESIAN_POINT('Ctrl Pts',(343.609019216783,-56.592797660835,11.9885573053044));
#8510=CARTESIAN_POINT('Ctrl Pts',(344.926468689777,-56.5136598209345,10.8547544823372));
#8511=CARTESIAN_POINT('Ctrl Pts',(344.69373999985,-56.4345219810342,9.13225069079315));
#8512=CARTESIAN_POINT('Ctrl Pts',(343.122642876549,-56.3553841411336,8.3887214150372));
#8513=CARTESIAN_POINT('Ctrl Pts',(341.643055416559,-56.2762463012333,9.30086334738857));
#8514=CARTESIAN_POINT('Ctrl Pts',(341.601571457191,-56.1971084613328,11.0385229903194));
#8515=CARTESIAN_POINT('Ctrl Pts',(343.035946144051,-56.1179706214325,12.0202313024764));
#8516=CARTESIAN_POINT('Ctrl Pts',(344.640734442179,-56.0388327815319,11.3525214205073));
#8517=CARTESIAN_POINT('Ctrl Pts',(344.955395419197,-55.9596949416316,9.64308572233406));
#8518=CARTESIAN_POINT('Ctrl Pts',(343.693551618196,-55.8805571017312,8.44770621752627));
#8519=CARTESIAN_POINT('Ctrl Pts',(342.003625183741,-55.8014192618307,8.85431502497797));
#8520=CARTESIAN_POINT('Ctrl Pts',(341.423642594398,-55.7222814219303,10.4928515505418));
#8521=CARTESIAN_POINT('Ctrl Pts',(342.481454104986,-55.6431435820298,11.8720602709042));
#8522=CARTESIAN_POINT('Ctrl Pts',(344.214330758228,-55.5640057421295,11.7367031793959));
#8523=CARTESIAN_POINT('Ctrl Pts',(345.04515547983,-55.484867902229,10.2099713607497));
#8524=CARTESIAN_POINT('Ctrl Pts',(344.217785065915,-55.4057300623286,8.68136403636132));
#8525=CARTESIAN_POINT('Ctrl Pts',(342.485216297741,-55.3265922224282,8.54209163774591));
#8526=CARTESIAN_POINT('Ctrl Pts',(341.424295403004,-55.2474543825277,9.91890180798114));
#8527=CARTESIAN_POINT('Ctrl Pts',(342.000559577103,-55.1683165426273,11.5587528793365));
#8528=CARTESIAN_POINT('Ctrl Pts',(343.689589500639,-55.0891787027269,11.9691650781911));
#8529=CARTESIAN_POINT('Ctrl Pts',(344.954075118766,-55.0100408628265,10.7766750951922));
#8530=CARTESIAN_POINT('Ctrl Pts',(344.643400908033,-54.9309030229261,9.06646066833956));
#8531=CARTESIAN_POINT('Ctrl Pts',(343.039867976656,-54.8517651830256,8.39527608137503));
#8532=CARTESIAN_POINT('Ctrl Pts',(341.603819332659,-54.7726273431252,9.3734144382917));
#8533=CARTESIAN_POINT('Ctrl Pts',(341.64018618227,-54.6934895032248,11.1118265663432));
#8534=CARTESIAN_POINT('Ctrl Pts',(343.119985450022,-54.6143516633244,12.0257304351304));
#8535=CARTESIAN_POINT('Ctrl Pts',(344.16360775933,-54.5615931033907,11.5338407356347));
#8536=CARTESIAN_POINT('Ctrl Pts',(344.466517157295,-54.5352138234239,11.1216880695504));
#8537=CARTESIAN_POINT('Ctrl Pts',(341.854564160359,-60.7615626856468,10.6873340422425));
#8538=CARTESIAN_POINT('Ctrl Pts',(342.013488756238,-60.73518340568,11.1410223990981));
#8539=CARTESIAN_POINT('Ctrl Pts',(342.816191238604,-60.6824248457463,11.8700083457245));
#8540=CARTESIAN_POINT('Ctrl Pts',(344.397376693457,-60.603287005846,11.4554820669399));
#8541=CARTESIAN_POINT('Ctrl Pts',(344.907982333048,-60.5241491659455,9.90312117119865));
#8542=CARTESIAN_POINT('Ctrl Pts',(343.886274283329,-60.4450113260451,8.62924489437575));
#8543=CARTESIAN_POINT('Ctrl Pts',(342.260614014396,-60.3658734861446,8.79161599531195));
#8544=CARTESIAN_POINT('Ctrl Pts',(341.511232872191,-60.2867356462442,10.2432226575537));
#8545=CARTESIAN_POINT('Ctrl Pts',(342.31982327004,-60.2075978063438,11.6625767800657));
#8546=CARTESIAN_POINT('Ctrl Pts',(343.950630870302,-60.1284599664434,11.7580737099017));
#8547=CARTESIAN_POINT('Ctrl Pts',(344.919360829096,-60.049322126543,10.4427201406026));
#8548=CARTESIAN_POINT('Ctrl Pts',(344.344392689521,-59.9701842866425,8.91367611335988));
#8549=CARTESIAN_POINT('Ctrl Pts',(342.74899689369,-59.8910464467421,8.56252874748575));
#8550=CARTESIAN_POINT('Ctrl Pts',(341.585173817399,-59.8119086068417,9.70887073542923));
#8551=CARTESIAN_POINT('Ctrl Pts',(341.912131951319,-59.7327707669412,11.3093957661343));
#8552=CARTESIAN_POINT('Ctrl Pts',(343.432303709212,-59.6536329270408,11.9074448554181));
#8553=CARTESIAN_POINT('Ctrl Pts',(344.762158092003,-59.5744950871404,10.9587240375217));
#8554=CARTESIAN_POINT('Ctrl Pts',(344.691375873598,-59.49535724724,9.32667819669945));
#8555=CARTESIAN_POINT('Ctrl Pts',(343.284376789166,-59.4162194073395,8.49665553803758));
#8556=CARTESIAN_POINT('Ctrl Pts',(341.821691034771,-59.3370815674392,9.2240717187063));
#8557=CARTESIAN_POINT('Ctrl Pts',(341.634529920879,-59.2579437275387,10.8468947625705));
#8558=CARTESIAN_POINT('Ctrl Pts',(342.893231489099,-59.1788058876383,11.8881700884842));
#8559=CARTESIAN_POINT('Ctrl Pts',(344.452233322726,-59.0996680477378,11.4002180304219));
#8560=CARTESIAN_POINT('Ctrl Pts',(344.892665425852,-59.0205302078375,9.82713078181763));
#8561=CARTESIAN_POINT('Ctrl Pts',(343.813684202377,-58.941392367937,8.60059767945532));
#8562=CARTESIAN_POINT('Ctrl Pts',(342.197285989398,-58.8622545280366,8.83690414850857));
#8563=CARTESIAN_POINT('Ctrl Pts',(341.514578057275,-58.7831166881362,10.3209842709671));
#8564=CARTESIAN_POINT('Ctrl Pts',(342.386902718228,-58.7039788482358,11.7021553742657));
#8565=CARTESIAN_POINT('Ctrl Pts',(344.020344746983,-58.6248410083353,11.7233937645232));
#8566=CARTESIAN_POINT('Ctrl Pts',(344.928285050814,-58.5457031684349,10.3653700772334));
#8567=CARTESIAN_POINT('Ctrl Pts',(344.284394095492,-58.4665653285345,8.8640412097849));
#8568=CARTESIAN_POINT('Ctrl Pts',(342.674686303943,-58.3874274886341,8.58578816597752));
#8569=CARTESIAN_POINT('Ctrl Pts',(341.564179898159,-58.3082896487336,9.78385304455467));
#8570=CARTESIAN_POINT('Ctrl Pts',(341.963562736312,-58.2291518088332,11.367859761446));
#8571=CARTESIAN_POINT('Ctrl Pts',(343.509350750969,-58.1500139689328,11.8961810124929));
#8572=CARTESIAN_POINT('Ctrl Pts',(344.794700028779,-58.0708761290323,10.8879840254897));
#8573=CARTESIAN_POINT('Ctrl Pts',(344.649795698054,-57.9917382891319,9.26084338451732));
#8574=CARTESIAN_POINT('Ctrl Pts',(343.206517275111,-57.9126004492315,8.49564319866207));
#8575=CARTESIAN_POINT('Ctrl Pts',(341.778413218948,-57.8334626093311,9.28880316697688));
#8576=CARTESIAN_POINT('Ctrl Pts',(341.665221579024,-57.7543247694306,10.9184569900995));
#8577=CARTESIAN_POINT('Ctrl Pts',(342.969959695466,-57.6751869295302,11.9014332757084));
#8578=CARTESIAN_POINT('Ctrl Pts',(344.505166635577,-57.5960490896298,11.3431111629437));
#8579=CARTESIAN_POINT('Ctrl Pts',(344.873628474191,-57.5169112497294,9.75162763992132));
#8580=CARTESIAN_POINT('Ctrl Pts',(343.740002790458,-57.437773409829,8.57541475963698));
#8581=CARTESIAN_POINT('Ctrl Pts',(342.136018630054,-57.3586355699285,8.88496078810474));
#8582=CARTESIAN_POINT('Ctrl Pts',(341.521485055919,-57.2794977300281,10.3985434309846));
#8583=CARTESIAN_POINT('Ctrl Pts',(342.455697915947,-57.2003598901277,11.7386293471573));
#8584=CARTESIAN_POINT('Ctrl Pts',(344.088416644521,-57.1212220502273,11.6855870627976));
#8585=CARTESIAN_POINT('Ctrl Pts',(344.93368043477,-57.0420842103268,10.2876911240875));
#8586=CARTESIAN_POINT('Ctrl Pts',(344.222202549304,-56.9629463704265,8.81718673815073));
#8587=CARTESIAN_POINT('Ctrl Pts',(342.601509248624,-56.883808530526,8.61240110463927));
#8588=CARTESIAN_POINT('Ctrl Pts',(341.546616824644,-56.8046706906256,9.8597125751264));
#8589=CARTESIAN_POINT('Ctrl Pts',(342.017598050517,-56.7255328507251,11.423925033661));
#8590=CARTESIAN_POINT('Ctrl Pts',(343.585806135944,-56.6463950108247,11.8814262154376));
#8591=CARTESIAN_POINT('Ctrl Pts',(344.823992338637,-56.5672571709243,10.8158377122362));
#8592=CARTESIAN_POINT('Ctrl Pts',(344.605265580043,-56.4881193310239,9.19696695286872));
#8593=CARTESIAN_POINT('Ctrl Pts',(343.128692230525,-56.4089814911234,8.49817150802614));
#8594=CARTESIAN_POINT('Ctrl Pts',(341.738122940249,-56.3298436512231,9.35543516684978));
#8595=CARTESIAN_POINT('Ctrl Pts',(341.699134829376,-56.2507058113226,10.988549938198));
#8596=CARTESIAN_POINT('Ctrl Pts',(343.047211536047,-56.1715679714222,11.9111945724686));
#8597=CARTESIAN_POINT('Ctrl Pts',(344.555449058408,-56.0924301315217,11.2836569095811));
#8598=CARTESIAN_POINT('Ctrl Pts',(344.851178715033,-56.0132922916213,9.67706801243206));
#8599=CARTESIAN_POINT('Ctrl Pts',(343.665252714545,-55.9341544517209,8.55360753810363));
#8600=CARTESIAN_POINT('Ctrl Pts',(342.076999322216,-55.8550166118204,8.93575305912731));
#8601=CARTESIAN_POINT('Ctrl Pts',(341.531910911126,-55.7758787719201,10.4757083744148));
#8602=CARTESIAN_POINT('Ctrl Pts',(342.526080057121,-55.6967409320196,11.7719381298558));
#8603=CARTESIAN_POINT('Ctrl Pts',(344.154699603444,-55.6176030921192,11.6447246870804));
#8604=CARTESIAN_POINT('Ctrl Pts',(344.935538435012,-55.5384652522188,10.2098474399385));
#8605=CARTESIAN_POINT('Ctrl Pts',(344.157946085533,-55.4593274123184,8.77320752532374));
#8606=CARTESIAN_POINT('Ctrl Pts',(342.529615900625,-55.380189572418,8.64231433669199));
#8607=CARTESIAN_POINT('Ctrl Pts',(341.532524444036,-55.3010517325175,9.93628984881305));
#8608=CARTESIAN_POINT('Ctrl Pts',(342.074118155295,-55.2219138926171,11.4774806213193));
#8609=CARTESIAN_POINT('Ctrl Pts',(343.661528974552,-55.1427760527167,11.863200705812));
#8610=CARTESIAN_POINT('Ctrl Pts',(344.849937849398,-55.0636382128163,10.7424559075756));
#8611=CARTESIAN_POINT('Ctrl Pts',(344.557955098524,-54.9845003729158,9.13513513332143));
#8612=CARTESIAN_POINT('Ctrl Pts',(343.050897414801,-54.9053625330154,8.50433181822332));
#8613=CARTESIAN_POINT('Ctrl Pts',(341.701247463255,-54.8262246931149,9.42362128069167));
#8614=CARTESIAN_POINT('Ctrl Pts',(341.735426331094,-54.7470868532146,11.0574432645085));
#8615=CARTESIAN_POINT('Ctrl Pts',(343.126194685891,-54.6679490133141,11.916362854303));
#8616=CARTESIAN_POINT('Ctrl Pts',(344.1070283123,-54.6151904533805,11.4540672963734));
#8617=CARTESIAN_POINT('Ctrl Pts',(344.391713414017,-54.5888111734137,11.0667114584387));
#8618=CARTESIAN_POINT('Ctrl Pts',(341.942177625941,-60.8151600356365,10.6566435155833));
#8619=CARTESIAN_POINT('Ctrl Pts',(342.09092856363,-60.7887807556697,11.0812887262754));
#8620=CARTESIAN_POINT('Ctrl Pts',(342.842245540575,-60.7360221957361,11.763608177985));
#8621=CARTESIAN_POINT('Ctrl Pts',(344.322210411775,-60.6568843558357,11.3756180602489));
#8622=CARTESIAN_POINT('Ctrl Pts',(344.800129309469,-60.5777465159353,9.92263252583716));
#8623=CARTESIAN_POINT('Ctrl Pts',(343.843826544624,-60.4986086760348,8.73030424191052));
#8624=CARTESIAN_POINT('Ctrl Pts',(342.322233942602,-60.4194708361344,8.8822810544636));
#8625=CARTESIAN_POINT('Ctrl Pts',(341.620824906616,-60.340332996234,10.2409622011475));
#8626=CARTESIAN_POINT('Ctrl Pts',(342.377652880422,-60.2611951563335,11.5694554747641));
#8627=CARTESIAN_POINT('Ctrl Pts',(343.904063304112,-60.1820573164332,11.6588391084366));
#8628=CARTESIAN_POINT('Ctrl Pts',(344.810779403919,-60.1029194765328,10.4276887270583));
#8629=CARTESIAN_POINT('Ctrl Pts',(344.272618212252,-60.0237816366323,8.99652741710955));
#8630=CARTESIAN_POINT('Ctrl Pts',(342.779352684008,-59.9446437967318,8.6678589712207));
#8631=CARTESIAN_POINT('Ctrl Pts',(341.690032475605,-59.8655059568315,9.74081715416652));
#8632=CARTESIAN_POINT('Ctrl Pts',(341.996060178472,-59.786368116931,11.2388835660803));
#8633=CARTESIAN_POINT('Ctrl Pts',(343.418917182986,-59.7072302770306,11.7986481659111));
#8634=CARTESIAN_POINT('Ctrl Pts',(344.66364009914,-59.6280924371302,10.9106603092338));
#8635=CARTESIAN_POINT('Ctrl Pts',(344.597389049066,-59.5489545972297,9.38309091173287));
#8636=CARTESIAN_POINT('Ctrl Pts',(343.280459897978,-59.4698167573293,8.60620267680098));
#8637=CARTESIAN_POINT('Ctrl Pts',(341.911408894209,-59.3906789174289,9.28705285211027));
#8638=CARTESIAN_POINT('Ctrl Pts',(341.736229017007,-59.3115410775285,10.8059898558144));
#8639=CARTESIAN_POINT('Ctrl Pts',(342.914354010869,-59.232403237628,11.780607285333));
#8640=CARTESIAN_POINT('Ctrl Pts',(344.373555359341,-59.1532653977276,11.3238917858664));
#8641=CARTESIAN_POINT('Ctrl Pts',(344.785792923742,-59.0741275578273,9.85150670913575));
#8642=CARTESIAN_POINT('Ctrl Pts',(343.775883363465,-58.9949897179267,8.70349089651206));
#8643=CARTESIAN_POINT('Ctrl Pts',(342.262959901046,-58.9158518780264,8.92467005798427));
#8644=CARTESIAN_POINT('Ctrl Pts',(341.623955947568,-58.836714038126,10.3137458558584));
#8645=CARTESIAN_POINT('Ctrl Pts',(342.440438195448,-58.7575761982255,11.6065004203066));
#8646=CARTESIAN_POINT('Ctrl Pts',(343.969314403032,-58.6784383583251,11.6263792216233));
#8647=CARTESIAN_POINT('Ctrl Pts',(344.819132335958,-58.5993005184247,10.3552902767563));
#8648=CARTESIAN_POINT('Ctrl Pts',(344.216460466042,-58.5201626785242,8.95006992317614));
#8649=CARTESIAN_POINT('Ctrl Pts',(342.709799133508,-58.4410248386238,8.68962942337526));
#8650=CARTESIAN_POINT('Ctrl Pts',(341.67038249534,-58.3618869987234,9.81099942350541));
#8651=CARTESIAN_POINT('Ctrl Pts',(342.044198589342,-58.282749158823,11.2936049518772));
#8652=CARTESIAN_POINT('Ctrl Pts',(343.491032009797,-58.2036113189226,11.7881053849913));
#8653=CARTESIAN_POINT('Ctrl Pts',(344.694098843319,-58.1244734790221,10.8444487636657));
#8654=CARTESIAN_POINT('Ctrl Pts',(344.558470654671,-58.0453356391218,9.32147055655401));
#8655=CARTESIAN_POINT('Ctrl Pts',(343.207584609797,-57.9661977992212,8.60525514296877));
#8656=CARTESIAN_POINT('Ctrl Pts',(341.870901535048,-57.8870599593209,9.34764047591392));
#8657=CARTESIAN_POINT('Ctrl Pts',(341.764955929309,-57.8079221194204,10.8729709822362));
#8658=CARTESIAN_POINT('Ctrl Pts',(342.986170412737,-57.72878427952,11.7930214212661));
#8659=CARTESIAN_POINT('Ctrl Pts',(344.423100112801,-57.6496464396196,11.2704406505092));
#8660=CARTESIAN_POINT('Ctrl Pts',(344.767974634543,-57.5705085997192,9.78083694846416));
#8661=CARTESIAN_POINT('Ctrl Pts',(343.706918713577,-57.4913707598187,8.67992007718089));
#8662=CARTESIAN_POINT('Ctrl Pts',(342.205614610333,-57.4122329199184,8.9696503215024));
#8663=CARTESIAN_POINT('Ctrl Pts',(341.63042079034,-57.3330950800179,10.386340017355));
#8664=CARTESIAN_POINT('Ctrl Pts',(342.504829425218,-57.2539572401175,11.6406394888308));
#8665=CARTESIAN_POINT('Ctrl Pts',(344.033028635137,-57.1748194002171,11.5909927397415));
#8666=CARTESIAN_POINT('Ctrl Pts',(344.824182331009,-57.0956815603166,10.2825839907638));
#8667=CARTESIAN_POINT('Ctrl Pts',(344.158250150888,-57.0165437204162,8.90621487008009));
#8668=CARTESIAN_POINT('Ctrl Pts',(342.641306553515,-56.9374058805158,8.71453871799213));
#8669=CARTESIAN_POINT('Ctrl Pts',(341.653943733047,-56.8582680406153,9.8820027584067));
#8670=CARTESIAN_POINT('Ctrl Pts',(342.094774798845,-56.7791302007149,11.3460811703485));
#8671=CARTESIAN_POINT('Ctrl Pts',(343.562593055105,-56.6999923608145,11.7742951255707));
#8672=CARTESIAN_POINT('Ctrl Pts',(344.721515987495,-56.6208545209141,10.7769209421353));
#8673=CARTESIAN_POINT('Ctrl Pts',(344.516791160236,-56.5417166810137,9.26168321494429));
#8674=CARTESIAN_POINT('Ctrl Pts',(343.1347415845,-56.4625788411132,8.60762160101507));
#8675=CARTESIAN_POINT('Ctrl Pts',(341.833190463938,-56.3834410012128,9.410006986311));
#8676=CARTESIAN_POINT('Ctrl Pts',(341.796698201561,-56.3043031613124,10.9385768860765));
#8677=CARTESIAN_POINT('Ctrl Pts',(343.058476928045,-56.225165321412,11.8021578424608));
#8678=CARTESIAN_POINT('Ctrl Pts',(344.470163674637,-56.1460274815115,11.2147923986548));
#8679=CARTESIAN_POINT('Ctrl Pts',(344.746962010869,-56.0668896416111,9.71105030253006));
#8680=CARTESIAN_POINT('Ctrl Pts',(343.636953810896,-55.9877518017107,8.659508858681));
#8681=CARTESIAN_POINT('Ctrl Pts',(342.150373460691,-55.9086139618102,9.01719109327665));
#8682=CARTESIAN_POINT('Ctrl Pts',(341.640179227853,-55.8294761219099,10.4585651982877));
#8683=CARTESIAN_POINT('Ctrl Pts',(342.570706009256,-55.7503382820094,11.6718159888074));
#8684=CARTESIAN_POINT('Ctrl Pts',(344.09506844866,-55.671200442109,11.552746194765));
#8685=CARTESIAN_POINT('Ctrl Pts',(344.825921390195,-55.5920626022086,10.2097235191273));
#8686=CARTESIAN_POINT('Ctrl Pts',(344.098107105152,-55.5129247623081,8.86505101428616));
#8687=CARTESIAN_POINT('Ctrl Pts',(342.574015503509,-55.4337869224078,8.74253703563808));
#8688=CARTESIAN_POINT('Ctrl Pts',(341.640753485067,-55.3546490825073,9.95367788964496));
#8689=CARTESIAN_POINT('Ctrl Pts',(342.147676733486,-55.2755112426069,11.3962083633021));
#8690=CARTESIAN_POINT('Ctrl Pts',(343.633468448465,-55.1963734027064,11.757236333433));
#8691=CARTESIAN_POINT('Ctrl Pts',(344.74580058003,-55.117235562806,10.708236719959));
#8692=CARTESIAN_POINT('Ctrl Pts',(344.472509289015,-55.0380977229056,9.20380959830331));
#8693=CARTESIAN_POINT('Ctrl Pts',(343.061926852946,-54.9589598830052,8.61338755507161));
#8694=CARTESIAN_POINT('Ctrl Pts',(341.79867559385,-54.8798220431047,9.47382812309163));
#8695=CARTESIAN_POINT('Ctrl Pts',(341.830666479919,-54.8006842032043,11.0030599626738));
#8696=CARTESIAN_POINT('Ctrl Pts',(343.132403921761,-54.7215463633039,11.8069952734755));
#8697=CARTESIAN_POINT('Ctrl Pts',(344.05044886527,-54.6687878033703,11.3742938571121));
#8698=CARTESIAN_POINT('Ctrl Pts',(344.316909670739,-54.6424085234035,11.011734847327));
#8699=CARTESIAN_POINT('Ctrl Pts',(342.029791091522,-60.8687573856263,10.6259529889241));
#8700=CARTESIAN_POINT('Ctrl Pts',(342.168368371022,-60.8423781056595,11.0215550534527));
#8701=CARTESIAN_POINT('Ctrl Pts',(342.868299842545,-60.7896195457259,11.6572080102456));
#8702=CARTESIAN_POINT('Ctrl Pts',(344.247044130093,-60.7104817058255,11.2957540535579));
#8703=CARTESIAN_POINT('Ctrl Pts',(344.69227628589,-60.6313438659251,9.94214388047568));
#8704=CARTESIAN_POINT('Ctrl Pts',(343.801378805919,-60.5522060260246,8.8313635894453));
#8705=CARTESIAN_POINT('Ctrl Pts',(342.383853870809,-60.4730681861242,8.97294611361527));
#8706=CARTESIAN_POINT('Ctrl Pts',(341.730416941041,-60.3939303462238,10.2387017447414));
#8707=CARTESIAN_POINT('Ctrl Pts',(342.435482490804,-60.3147925063233,11.4763341694625));
#8708=CARTESIAN_POINT('Ctrl Pts',(343.857495737922,-60.235654666423,11.5596045069715));
#8709=CARTESIAN_POINT('Ctrl Pts',(344.702197978742,-60.1565168265225,10.4126573135141));
#8710=CARTESIAN_POINT('Ctrl Pts',(344.200843734982,-60.0773789866221,9.07937872085922));
#8711=CARTESIAN_POINT('Ctrl Pts',(342.809708474326,-59.9982411467216,8.77318919495564));
#8712=CARTESIAN_POINT('Ctrl Pts',(341.794891133811,-59.9191033068213,9.77276357290383));
#8713=CARTESIAN_POINT('Ctrl Pts',(342.079988405625,-59.8399654669208,11.1683713660264));
#8714=CARTESIAN_POINT('Ctrl Pts',(343.405530656761,-59.7608276270204,11.6898514764041));
#8715=CARTESIAN_POINT('Ctrl Pts',(344.565122106277,-59.6816897871199,10.862596580946));
#8716=CARTESIAN_POINT('Ctrl Pts',(344.503402224534,-59.6025519472195,9.43950362676629));
#8717=CARTESIAN_POINT('Ctrl Pts',(343.276543006791,-59.5234141073191,8.71574981556439));
#8718=CARTESIAN_POINT('Ctrl Pts',(342.001126753648,-59.4442762674187,9.35003398551424));
#8719=CARTESIAN_POINT('Ctrl Pts',(341.837928113136,-59.3651384275183,10.7650849490584));
#8720=CARTESIAN_POINT('Ctrl Pts',(342.935476532638,-59.2860005876178,11.6730444821818));
#8721=CARTESIAN_POINT('Ctrl Pts',(344.294877395955,-59.2068627477174,11.2475655413109));
#8722=CARTESIAN_POINT('Ctrl Pts',(344.678920421632,-59.127724907817,9.87588263645387));
#8723=CARTESIAN_POINT('Ctrl Pts',(343.738082524551,-59.0485870679166,8.80638411356881));
#8724=CARTESIAN_POINT('Ctrl Pts',(342.328633812694,-58.9694492280162,9.01243596745996));
#8725=CARTESIAN_POINT('Ctrl Pts',(341.733333837861,-58.8903113881157,10.3065074407496));
#8726=CARTESIAN_POINT('Ctrl Pts',(342.493973672668,-58.8111735482153,11.5108454663474));
#8727=CARTESIAN_POINT('Ctrl Pts',(343.918284059079,-58.7320357083148,11.5293646787234));
#8728=CARTESIAN_POINT('Ctrl Pts',(344.709979621102,-58.6528978684145,10.3452104762791));
#8729=CARTESIAN_POINT('Ctrl Pts',(344.148526836592,-58.573760028514,9.03609863656737));
#8730=CARTESIAN_POINT('Ctrl Pts',(342.744911963073,-58.4946221886136,8.79347068077302));
#8731=CARTESIAN_POINT('Ctrl Pts',(341.776585092521,-58.4154843487131,9.83814580245614));
#8732=CARTESIAN_POINT('Ctrl Pts',(342.124834442373,-58.3363465088128,11.2193501423084));
#8733=CARTESIAN_POINT('Ctrl Pts',(343.472713268623,-58.2572086689123,11.6800297574897));
#8734=CARTESIAN_POINT('Ctrl Pts',(344.593497657859,-58.1780708290119,10.8009135018417));
#8735=CARTESIAN_POINT('Ctrl Pts',(344.467145611289,-58.0989329891115,9.3820977285907));
#8736=CARTESIAN_POINT('Ctrl Pts',(343.208651944483,-58.019795149211,8.71486708727546));
#8737=CARTESIAN_POINT('Ctrl Pts',(341.963389851148,-57.9406573093106,9.40647778485096));
#8738=CARTESIAN_POINT('Ctrl Pts',(341.864690279593,-57.8615194694102,10.827484974373));
#8739=CARTESIAN_POINT('Ctrl Pts',(343.002381130007,-57.7823816295098,11.6846095668238));
#8740=CARTESIAN_POINT('Ctrl Pts',(344.341033590025,-57.7032437896094,11.1977701380748));
#8741=CARTESIAN_POINT('Ctrl Pts',(344.662320794894,-57.6241059497089,9.810046257007));
#8742=CARTESIAN_POINT('Ctrl Pts',(343.673834636696,-57.5449681098085,8.7844253947248));
#8743=CARTESIAN_POINT('Ctrl Pts',(342.275210590611,-57.4658302699081,9.05433985490005));
#8744=CARTESIAN_POINT('Ctrl Pts',(341.739356524761,-57.3866924300076,10.3741366037254));
#8745=CARTESIAN_POINT('Ctrl Pts',(342.553960934488,-57.3075545901073,11.5426496305042));
#8746=CARTESIAN_POINT('Ctrl Pts',(343.977640625752,-57.2284167502068,11.4963984166855));
#8747=CARTESIAN_POINT('Ctrl Pts',(344.714684227248,-57.1492789103064,10.2774768574401));
#8748=CARTESIAN_POINT('Ctrl Pts',(344.094297752472,-57.070141070406,8.99524300200946));
#8749=CARTESIAN_POINT('Ctrl Pts',(342.681103858407,-56.9910032305055,8.81667633134499));
#8750=CARTESIAN_POINT('Ctrl Pts',(341.76127064145,-56.9118653906051,9.904292941687));
#8751=CARTESIAN_POINT('Ctrl Pts',(342.171951547174,-56.8327275507047,11.268237307036));
#8752=CARTESIAN_POINT('Ctrl Pts',(343.539379974266,-56.7535897108043,11.6671640357039));
#8753=CARTESIAN_POINT('Ctrl Pts',(344.619039636355,-56.6744518709038,10.7380041720344));
#8754=CARTESIAN_POINT('Ctrl Pts',(344.428316740429,-56.5953140310035,9.32639947701984));
#8755=CARTESIAN_POINT('Ctrl Pts',(343.140790938476,-56.5161761911029,8.71707169400403));
#8756=CARTESIAN_POINT('Ctrl Pts',(341.928257987628,-56.4370383512026,9.4645788057722));
#8757=CARTESIAN_POINT('Ctrl Pts',(341.894261573746,-56.3579005113021,10.888603833955));
#8758=CARTESIAN_POINT('Ctrl Pts',(343.069742320041,-56.2787626714017,11.693121112453));
#8759=CARTESIAN_POINT('Ctrl Pts',(344.384878290866,-56.1996248315013,11.1459278877286));
#8760=CARTESIAN_POINT('Ctrl Pts',(344.642745306705,-56.1204869916009,9.74503259262806));
#8761=CARTESIAN_POINT('Ctrl Pts',(343.608654907246,-56.0413491517004,8.76541017925835));
#8762=CARTESIAN_POINT('Ctrl Pts',(342.223747599165,-55.9622113118,9.09862912742599));
#8763=CARTESIAN_POINT('Ctrl Pts',(341.748447544581,-55.8830734718996,10.4414220221606));
#8764=CARTESIAN_POINT('Ctrl Pts',(342.615331961391,-55.8039356319992,11.571693847759));
#8765=CARTESIAN_POINT('Ctrl Pts',(344.035437293876,-55.7247977920988,11.4607677024496));
#8766=CARTESIAN_POINT('Ctrl Pts',(344.716304345377,-55.6456599521983,10.2095995983161));
#8767=CARTESIAN_POINT('Ctrl Pts',(344.03826812477,-55.5665221122979,8.95689450324858));
#8768=CARTESIAN_POINT('Ctrl Pts',(342.618415106393,-55.4873842723975,8.84275973458417));
#8769=CARTESIAN_POINT('Ctrl Pts',(341.748982526098,-55.4082464324971,9.97106593047686));
#8770=CARTESIAN_POINT('Ctrl Pts',(342.221235311678,-55.3291085925967,11.3149361052849));
#8771=CARTESIAN_POINT('Ctrl Pts',(343.605407922378,-55.2499707526962,11.651271961054));
#8772=CARTESIAN_POINT('Ctrl Pts',(344.641663310662,-55.1708329127958,10.6740175323424));
#8773=CARTESIAN_POINT('Ctrl Pts',(344.387063479506,-55.0916950728953,9.27248406328519));
#8774=CARTESIAN_POINT('Ctrl Pts',(343.072956291091,-55.012557232995,8.72244329191989));
#8775=CARTESIAN_POINT('Ctrl Pts',(341.896103724445,-54.9334193930945,9.52403496549159));
#8776=CARTESIAN_POINT('Ctrl Pts',(341.925906628743,-54.8542815531941,10.9486766608391));
#8777=CARTESIAN_POINT('Ctrl Pts',(343.138613157631,-54.7751437132937,11.6976276926481));
#8778=CARTESIAN_POINT('Ctrl Pts',(343.99386941824,-54.7223851533601,11.2945204178508));
#8779=CARTESIAN_POINT('Ctrl Pts',(344.24210592746,-54.6960058733932,10.9567582362153));
#8780=CARTESIAN_POINT('Ctrl Pts',(342.355141547761,-54.6626564913735,11.4700314490156));
#8781=CARTESIAN_POINT('Ctrl Pts',(342.311352321987,-54.6650300113896,11.4408495513019));
#8782=CARTESIAN_POINT('Ctrl Pts',(342.269135821795,-54.6675140589321,11.4093999057417));
#8783=CARTESIAN_POINT('Ctrl Pts',(342.228636045918,-54.6700505210553,11.3758888060142));
#8784=CARTESIAN_POINT('Ctrl Pts',(342.188221173853,-54.6725816657342,11.3424479590234));
#8785=CARTESIAN_POINT('Ctrl Pts',(342.14951482706,-54.67516500546,11.3069545191452));
#8786=CARTESIAN_POINT('Ctrl Pts',(342.112648193555,-54.6777427920056,11.2695634872952));
#8787=CARTESIAN_POINT('Ctrl Pts',(342.10484500277,-54.6782884062456,11.2616493023686));
#8788=CARTESIAN_POINT('Ctrl Pts',(342.097124220299,-54.6788337717033,11.2536499200431));
#8789=CARTESIAN_POINT('Ctrl Pts',(342.089487090364,-54.6793783407897,11.2455665080053));
#8790=CARTESIAN_POINT('Ctrl Pts',(342.050163944398,-54.6821822959213,11.2039454809743));
#8791=CARTESIAN_POINT('Ctrl Pts',(342.013211045697,-54.6849513313953,11.160267526298));
#8792=CARTESIAN_POINT('Ctrl Pts',(341.97881444978,-54.6876234957414,11.1147524085443));
#8793=CARTESIAN_POINT('Ctrl Pts',(341.944417853864,-54.6902956600875,11.0692372907906));
#8794=CARTESIAN_POINT('Ctrl Pts',(341.91257644393,-54.6928709533057,11.0218853473547));
#8795=CARTESIAN_POINT('Ctrl Pts',(341.883467554775,-54.6952874239259,10.972861575466));
#8796=CARTESIAN_POINT('Ctrl Pts',(341.867311045121,-54.6966286544584,10.9456515696302));
#8797=CARTESIAN_POINT('Ctrl Pts',(341.85199629594,-54.6979209571423,10.9179255096487));
#8798=CARTESIAN_POINT('Ctrl Pts',(341.837501018672,-54.6991537390171,10.8897343124482));
#8799=CARTESIAN_POINT('Ctrl Pts',(341.829463964874,-54.6998372674564,10.8741034166502));
#8800=CARTESIAN_POINT('Ctrl Pts',(341.82168337601,-54.700502620343,10.8583365009409));
#8801=CARTESIAN_POINT('Ctrl Pts',(341.814155916401,-54.7011483732288,10.8424426490944));
#8802=CARTESIAN_POINT('Ctrl Pts',(344.24210592746,-54.6960058733932,10.9567582362153));
#8803=CARTESIAN_POINT('Ctrl Pts',(344.16677638837,-54.6885241937246,11.1124371909367));
#8804=CARTESIAN_POINT('Ctrl Pts',(344.062453760996,-54.6793853201726,11.2529123276804));
#8805=CARTESIAN_POINT('Ctrl Pts',(343.893482057081,-54.667937518159,11.4062851834197));
#8806=CARTESIAN_POINT('Ctrl Pts',(343.850268517541,-54.6652266531852,11.440808178562));
#8807=CARTESIAN_POINT('Ctrl Pts',(343.805091714432,-54.6626564913736,11.4724116500292));
#8808=CARTESIAN_POINT('Ctrl Pts',(343.223581089731,-60.2705700019141,11.470565661595));
#8809=CARTESIAN_POINT('Ctrl Pts',(343.409192266795,-60.2589315567504,11.4710872156994));
#8810=CARTESIAN_POINT('Ctrl Pts',(343.594599425465,-60.2472931115867,11.4327833305609));
#8811=CARTESIAN_POINT('Ctrl Pts',(343.761277236872,-60.2356546664229,11.3545682518105));
#8812=CARTESIAN_POINT('Ctrl Pts',(344.139063151529,-60.2092753864561,11.1772887758191));
#8813=CARTESIAN_POINT('Ctrl Pts',(344.420630565135,-60.1828961064893,10.7949730446666));
#8814=CARTESIAN_POINT('Ctrl Pts',(344.477855231312,-60.1565168265225,10.3816020803145));
#8815=CARTESIAN_POINT('Ctrl Pts',(344.535079897489,-60.1301375465557,9.96823111596248));
#8816=CARTESIAN_POINT('Ctrl Pts',(344.367961816236,-60.1037582665889,9.52380491841084));
#8817=CARTESIAN_POINT('Ctrl Pts',(344.052546898833,-60.0773789866221,9.25056023198442));
#8818=CARTESIAN_POINT('Ctrl Pts',(343.73713198143,-60.0509997066552,8.977315545558));
#8819=CARTESIAN_POINT('Ctrl Pts',(343.273420227878,-60.0246204266884,8.8752523702568));
#8820=CARTESIAN_POINT('Ctrl Pts',(342.872428127683,-59.9982411467216,8.99081651226424));
#8821=CARTESIAN_POINT('Ctrl Pts',(342.471436027488,-59.9718618667548,9.10638065427168));
#8822=CARTESIAN_POINT('Ctrl Pts',(342.133163580649,-59.945482586788,9.43957211358775));
#8823=CARTESIAN_POINT('Ctrl Pts',(342.011543569199,-59.9191033068212,9.83876914209955));
#8824=CARTESIAN_POINT('Ctrl Pts',(341.889923557749,-59.8927240268544,10.2379661706113));
#8825=CARTESIAN_POINT('Ctrl Pts',(341.984955981687,-59.8663447468876,10.7031687683189));
#8826=CARTESIAN_POINT('Ctrl Pts',(342.253395902179,-59.8399654669208,11.0226834189023));
#8827=CARTESIAN_POINT('Ctrl Pts',(342.488789149357,-59.8168336452519,11.3028637698136));
#8828=CARTESIAN_POINT('Ctrl Pts',(342.857522769408,-59.793701823583,11.4710184841252));
#8829=CARTESIAN_POINT('Ctrl Pts',(343.224021874283,-59.7705700019142,11.4738111396515));
#8830=CARTESIAN_POINT('Origin',(359.999999999998,-39.1139896755336,10.2079116500308));
#8831=CARTESIAN_POINT('',(300.,-54.7139896755336,10.2079116500319));
#8832=CARTESIAN_POINT('Origin',(300.,-39.1139896755336,10.2079116500375));
#8833=CARTESIAN_POINT('',(359.999999999998,-54.7139896755336,10.2079116500308));
#8834=CARTESIAN_POINT('',(312.169410620663,-54.6626564913735,8.94289401234288));
#8835=CARTESIAN_POINT('Ctrl Pts',(311.005493765631,-54.7104570864723,9.87594132074611));
#8836=CARTESIAN_POINT('Ctrl Pts',(311.024113802717,-54.7093386461449,9.82339530509399));
#8837=CARTESIAN_POINT('Ctrl Pts',(311.046147304203,-54.707979022134,9.77226270236419));
#8838=CARTESIAN_POINT('Ctrl Pts',(311.071265269508,-54.706431365133,9.72271686811133));
#8839=CARTESIAN_POINT('Ctrl Pts',(311.097291831813,-54.704827724437,9.67137880284801));
#8840=CARTESIAN_POINT('Ctrl Pts',(311.126630228525,-54.7030222012024,9.62174329873854));
#8841=CARTESIAN_POINT('Ctrl Pts',(311.158970678754,-54.701073925172,9.57400223394275));
#8842=CARTESIAN_POINT('Ctrl Pts',(311.181125915654,-54.6997392338893,9.54129661008957));
#8843=CARTESIAN_POINT('Ctrl Pts',(311.204691239458,-54.6983375471584,9.50948004325219));
#8844=CARTESIAN_POINT('Ctrl Pts',(311.229580566855,-54.696887875631,9.47861811363951));
#8845=CARTESIAN_POINT('Ctrl Pts',(311.266480217797,-54.6947386663539,9.43286378641567));
#8846=CARTESIAN_POINT('Ctrl Pts',(311.306090579873,-54.6925005821959,9.38943806727429));
#8847=CARTESIAN_POINT('Ctrl Pts',(311.348054528115,-54.6902432630866,9.34852299760695));
#8848=CARTESIAN_POINT('Ctrl Pts',(311.390800879261,-54.6879438570647,9.30684508100387));
#8849=CARTESIAN_POINT('Ctrl Pts',(311.435989270829,-54.6856244921473,9.26777110700599));
#8850=CARTESIAN_POINT('Ctrl Pts',(311.483297668877,-54.6833587765759,9.2314964126044));
#8851=CARTESIAN_POINT('Ctrl Pts',(311.528122930064,-54.6812119845378,9.19712571484001));
#8852=CARTESIAN_POINT('Ctrl Pts',(311.574851946917,-54.6791133577261,9.16526712240776));
#8853=CARTESIAN_POINT('Ctrl Pts',(311.623256600919,-54.6771255114026,9.13610539824));
#8854=CARTESIAN_POINT('Ctrl Pts',(311.62593802156,-54.6770153928144,9.13448995751978));
#8855=CARTESIAN_POINT('Ctrl Pts',(311.628624595529,-54.6769056141792,9.13288280003274));
#8856=CARTESIAN_POINT('Ctrl Pts',(311.631316288012,-54.6767961861412,9.13128395996804));
#8857=CARTESIAN_POINT('Ctrl Pts',(311.682488071522,-54.6747158489915,9.1008884009759));
#8858=CARTESIAN_POINT('Ctrl Pts',(311.735317050248,-54.672771874379,9.07360521397408));
#8859=CARTESIAN_POINT('Ctrl Pts',(311.789526132471,-54.6710163635237,9.04966723549618));
#8860=CARTESIAN_POINT('Ctrl Pts',(311.840051693606,-54.6693801400827,9.02735584881623));
#8861=CARTESIAN_POINT('Ctrl Pts',(311.891776552576,-54.6679076382593,9.00794970165759));
#8862=CARTESIAN_POINT('Ctrl Pts',(311.944511565167,-54.6666410437441,8.99166456736406));
#8863=CARTESIAN_POINT('Ctrl Pts',(311.972257243502,-54.6659746454203,8.98309640599378));
#8864=CARTESIAN_POINT('Ctrl Pts',(312.000283121847,-54.6653652457173,8.97539272597651));
#8865=CARTESIAN_POINT('Ctrl Pts',(312.028565455685,-54.6648189886753,8.96858950903808));
#8866=CARTESIAN_POINT('Ctrl Pts',(312.031144155303,-54.6647691825725,8.96796921182291));
#8867=CARTESIAN_POINT('Ctrl Pts',(312.033724590679,-54.664719895026,8.9673565238969));
#8868=CARTESIAN_POINT('Ctrl Pts',(312.036306740557,-54.6646711293131,8.96675146926194));
#8869=CARTESIAN_POINT('Ctrl Pts',(312.08009229101,-54.6638442084593,8.95649154962505));
#8870=CARTESIAN_POINT('Ctrl Pts',(312.124369840146,-54.6631673358092,8.94842560366353));
#8871=CARTESIAN_POINT('Ctrl Pts',(312.168956090088,-54.6626564913735,8.9424705184701));
#8872=CARTESIAN_POINT('',(312.579132472073,-54.6626564913735,8.94451125238809));
#8873=CARTESIAN_POINT('',(359.999999999998,-54.6626564913735,8.94341165003075));
#8874=CARTESIAN_POINT('Ctrl Pts',(312.578842173803,-54.6626564913735,8.94544943385658));
#8875=CARTESIAN_POINT('Ctrl Pts',(312.585563411441,-54.6627340718332,8.94642527591108));
#8876=CARTESIAN_POINT('Ctrl Pts',(312.592279786958,-54.6628156963815,8.94744614812225));
#8877=CARTESIAN_POINT('Ctrl Pts',(312.598990643524,-54.6629009709216,8.94851273229698));
#8878=CARTESIAN_POINT('',(359.999999999998,-54.7139896755336,10.2079116500308));
#8879=CARTESIAN_POINT('',(359.999999999998,-54.7139896755336,10.2079116500308));
#8880=CARTESIAN_POINT('',(359.999999999998,-54.7139896755336,10.2079116500308));
#8881=CARTESIAN_POINT('Origin',(359.999999999998,-39.1139896755336,10.2079116500308));
#8882=CARTESIAN_POINT('',(313.094261025956,-54.6626564913735,11.47241165003));
#8883=CARTESIAN_POINT('Ctrl Pts',(313.531275238984,-54.6960058733932,10.9567582362159));
#8884=CARTESIAN_POINT('Ctrl Pts',(313.455945699894,-54.6885241937246,11.1124371909373));
#8885=CARTESIAN_POINT('Ctrl Pts',(313.351623072519,-54.6793853201726,11.252912327681));
#8886=CARTESIAN_POINT('Ctrl Pts',(313.182651368605,-54.667937518159,11.4062851834203));
#8887=CARTESIAN_POINT('Ctrl Pts',(313.139437829064,-54.6652266531852,11.4408081785626));
#8888=CARTESIAN_POINT('Ctrl Pts',(313.094261025956,-54.6626564913736,11.4724116500298));
#8889=CARTESIAN_POINT('',(311.643800408384,-54.6626564913735,11.4711394268498));
#8890=CARTESIAN_POINT('',(359.999999999998,-54.6626564913735,11.4724116500309));
#8891=CARTESIAN_POINT('Ctrl Pts',(311.644332681323,-54.6626564913735,11.4700400648232));
#8892=CARTESIAN_POINT('Ctrl Pts',(311.60054273228,-54.6650300017038,11.4408576638331));
#8893=CARTESIAN_POINT('Ctrl Pts',(311.558325457437,-54.6675140386586,11.4094075187118));
#8894=CARTESIAN_POINT('Ctrl Pts',(311.517824887905,-54.6700504900032,11.3758959419024));
#8895=CARTESIAN_POINT('Ctrl Pts',(311.477409017415,-54.6725816368545,11.3424544480207));
#8896=CARTESIAN_POINT('Ctrl Pts',(311.438701670681,-54.675164979096,11.3069603626625));
#8897=CARTESIAN_POINT('Ctrl Pts',(311.40183406952,-54.6777427683225,11.2695687082192));
#8898=CARTESIAN_POINT('Ctrl Pts',(311.394030568937,-54.6782883904704,11.2616542850383));
#8899=CARTESIAN_POINT('Ctrl Pts',(311.386309480332,-54.6788337638368,11.2536546631915));
#8900=CARTESIAN_POINT('Ctrl Pts',(311.378672048299,-54.6793783408087,11.2455710106162));
#8901=CARTESIAN_POINT('Ctrl Pts',(311.339347916322,-54.6821822959372,11.2039493478162));
#8902=CARTESIAN_POINT('Ctrl Pts',(311.302394078377,-54.6849513314077,11.1602707974924));
#8903=CARTESIAN_POINT('Ctrl Pts',(311.267996633287,-54.6876234957506,11.1147551512124));
#8904=CARTESIAN_POINT('Ctrl Pts',(311.233599188196,-54.6902956600934,11.0692395049323));
#8905=CARTESIAN_POINT('Ctrl Pts',(311.201757019086,-54.6928709533085,11.0218871000422));
#8906=CARTESIAN_POINT('Ctrl Pts',(311.172647503921,-54.6952874239261,10.9728629607776));
#8907=CARTESIAN_POINT('Ctrl Pts',(311.156490646938,-54.6966286544465,10.9456527512528));
#8908=CARTESIAN_POINT('Ctrl Pts',(311.141175591448,-54.6979209571191,10.9179265165804));
#8909=CARTESIAN_POINT('Ctrl Pts',(311.126680045104,-54.6991537389839,10.8897351713693));
#8910=CARTESIAN_POINT('Ctrl Pts',(311.118642841911,-54.6998372674349,10.874104193111));
#8911=CARTESIAN_POINT('Ctrl Pts',(311.11086211518,-54.7005026203327,10.8583372031765));
#8912=CARTESIAN_POINT('Ctrl Pts',(311.103334528567,-54.7011483732289,10.842443284937));
#8913=CARTESIAN_POINT('Origin',(343.223190307617,-53.2139896755336,10.2079116500311));
#8914=CARTESIAN_POINT('Origin',(342.669143676758,16.5902220480551,10.2079116500311));
#8915=CARTESIAN_POINT('Ctrl Pts',(342.668968970557,15.3402220480551,8.667204194014));
#8916=CARTESIAN_POINT('Ctrl Pts',(342.941194852226,15.3262317319647,8.66763508420233));
#8917=CARTESIAN_POINT('Ctrl Pts',(343.72367897042,15.2860442385571,8.86538123585064));
#8918=CARTESIAN_POINT('Ctrl Pts',(344.484172660742,15.2196595678326,10.1066127450606));
#8919=CARTESIAN_POINT('Ctrl Pts',(343.753125546839,15.1410680358816,11.6670630826228));
#8920=CARTESIAN_POINT('Ctrl Pts',(342.048145840511,15.0624765039305,11.9163027543976));
#8921=CARTESIAN_POINT('Ctrl Pts',(340.901134511051,14.9838849719794,10.630323715986));
#8922=CARTESIAN_POINT('Ctrl Pts',(341.31760719675,14.9098001533543,9.06026803755778));
#8923=CARTESIAN_POINT('Ctrl Pts',(342.250507498031,14.8619125120462,8.66754346542221));
#8924=CARTESIAN_POINT('Ctrl Pts',(342.670357074629,14.8402220480551,8.66392215824137));
#8925=CARTESIAN_POINT('Ctrl Pts',(342.667648968094,15.3817986008777,8.6654541632544));
#8926=CARTESIAN_POINT('Ctrl Pts',(343.055835664819,15.3617691688481,8.6689027489563));
#8927=CARTESIAN_POINT('Ctrl Pts',(343.962089900358,15.3153604568517,9.01301705444475));
#8928=CARTESIAN_POINT('Ctrl Pts',(344.461764372909,15.2425724648885,10.5322105457879));
#8929=CARTESIAN_POINT('Ctrl Pts',(343.374676556283,15.1634346249881,11.8876266062798));
#8930=CARTESIAN_POINT('Ctrl Pts',(341.644950714699,15.0842967850877,11.7148634718011));
#8931=CARTESIAN_POINT('Ctrl Pts',(340.847607224435,15.0051589451872,10.1703399971017));
#8932=CARTESIAN_POINT('Ctrl Pts',(341.581425164558,14.9376595504506,8.88223419649789));
#8933=CARTESIAN_POINT('Ctrl Pts',(342.382756570863,14.8965394356807,8.6679800046081));
#8934=CARTESIAN_POINT('Ctrl Pts',(342.669620391851,14.8817986008777,8.66717389784603));
#8935=CARTESIAN_POINT('Origin',(342.669143676758,9.43467714030628,10.2079116500311));
#8936=CARTESIAN_POINT('',(342.32618758949,9.43467714030628,11.4729292755024));
#8937=CARTESIAN_POINT('',(342.735910678523,9.43467714030628,11.471312122216));
#8938=CARTESIAN_POINT('',(359.999999999998,9.43467714030628,11.4724116500308));
#8939=CARTESIAN_POINT('Ctrl Pts',(342.325726606407,9.43467714030628,11.4733533600844));
#8940=CARTESIAN_POINT('Ctrl Pts',(342.378346021682,9.43467714030628,11.4814320137066));
#8941=CARTESIAN_POINT('Ctrl Pts',(342.431449870923,9.43467714030628,11.4861565871891));
#8942=CARTESIAN_POINT('Ctrl Pts',(342.484717811016,9.43467714030628,11.4876101932243));
#8943=CARTESIAN_POINT('Ctrl Pts',(342.537916913425,9.43467714030628,11.4890619207774));
#8944=CARTESIAN_POINT('Ctrl Pts',(342.591280860462,9.43467714030628,11.4872507150389));
#8945=CARTESIAN_POINT('Ctrl Pts',(342.644477187611,9.43467714030628,11.4822101260712));
#8946=CARTESIAN_POINT('Ctrl Pts',(342.674934056029,9.43467714030628,11.4793242021142));
#8947=CARTESIAN_POINT('Ctrl Pts',(342.705335637433,9.43467714030628,11.4753788200332));
#8948=CARTESIAN_POINT('Ctrl Pts',(342.735615317382,9.43467714030628,11.4703737798935));
#8949=CARTESIAN_POINT('Origin',(342.669143676758,9.43467714030628,10.2079116500311));
#8950=CARTESIAN_POINT('',(343.251045083573,9.43467714030635,8.9434116500328));
#8951=CARTESIAN_POINT('',(341.800590291774,9.43467714030629,8.94468135090867));
#8952=CARTESIAN_POINT('',(359.999999999998,9.43467714030628,8.94341165003081));
#8953=CARTESIAN_POINT('Ctrl Pts',(343.248377676538,9.43467714030627,8.94561042089145));
#8954=CARTESIAN_POINT('Ctrl Pts',(343.197952439221,9.43467714030627,8.91599602510471));
#8955=CARTESIAN_POINT('Ctrl Pts',(343.145850409956,9.43467714030628,8.88948294779251));
#8956=CARTESIAN_POINT('Ctrl Pts',(343.092406564407,9.43467714030628,8.86619973368194));
#8957=CARTESIAN_POINT('Ctrl Pts',(343.040075847968,9.43467714030628,8.84340146265819));
#8958=CARTESIAN_POINT('Ctrl Pts',(342.986457548074,9.43467714030628,8.82369934031716));
#8959=CARTESIAN_POINT('Ctrl Pts',(342.931831811554,9.43467714030628,8.80725306527145));
#8960=CARTESIAN_POINT('Ctrl Pts',(342.901612378665,9.43467714030628,8.79815484277244));
#8961=CARTESIAN_POINT('Ctrl Pts',(342.871084109681,9.43467714030628,8.79005378219601));
#8962=CARTESIAN_POINT('Ctrl Pts',(342.840291583082,9.43467714030628,8.78298320509872));
#8963=CARTESIAN_POINT('Ctrl Pts',(342.82749795078,9.43467714030628,8.78004553243781));
#8964=CARTESIAN_POINT('Ctrl Pts',(342.814655084915,9.43467714030628,8.77728523295162));
#8965=CARTESIAN_POINT('Ctrl Pts',(342.801792372826,9.43467714030628,8.77470975738819));
#8966=CARTESIAN_POINT('Ctrl Pts',(342.744125793072,9.43467714030628,8.76316329145153));
#8967=CARTESIAN_POINT('Ctrl Pts',(342.685963586105,9.43467714030628,8.75530343539652));
#8968=CARTESIAN_POINT('Ctrl Pts',(342.627619061585,9.43467714030628,8.75126574244604));
#8969=CARTESIAN_POINT('Ctrl Pts',(342.613446885731,9.43467714030628,8.75028496670045));
#8970=CARTESIAN_POINT('Ctrl Pts',(342.599263819184,9.43467714030628,8.7495299101559));
#8971=CARTESIAN_POINT('Ctrl Pts',(342.585074122884,9.43467714030628,8.7490029209432));
#8972=CARTESIAN_POINT('Ctrl Pts',(342.528523476738,9.43467714030628,8.7469026941407));
#8973=CARTESIAN_POINT('Ctrl Pts',(342.471868359494,9.43467714030628,8.7484207029865));
#8974=CARTESIAN_POINT('Ctrl Pts',(342.415359862371,9.43467714030628,8.75336160021867));
#8975=CARTESIAN_POINT('Ctrl Pts',(342.386150150512,9.43467714030628,8.75591559106652));
#8976=CARTESIAN_POINT('Ctrl Pts',(342.356979429346,9.43467714030628,8.75938501213166));
#8977=CARTESIAN_POINT('Ctrl Pts',(342.327881830491,9.43467714030628,8.76374815628775));
#8978=CARTESIAN_POINT('Ctrl Pts',(342.311822468176,9.43467714030628,8.76615623515307));
#8979=CARTESIAN_POINT('Ctrl Pts',(342.295785378051,9.43467714030628,8.76883661159917));
#8980=CARTESIAN_POINT('Ctrl Pts',(342.279776321289,9.43467714030628,8.77178608171671));
#8981=CARTESIAN_POINT('Ctrl Pts',(342.266646997727,9.43467714030628,8.7742049967149));
#8982=CARTESIAN_POINT('Ctrl Pts',(342.253533028398,9.43467714030628,8.77680579669372));
#8983=CARTESIAN_POINT('Ctrl Pts',(342.240463572704,9.43467714030628,8.77958092212987));
#8984=CARTESIAN_POINT('Ctrl Pts',(342.183050105791,9.43467714030628,8.79177190973765));
#8985=CARTESIAN_POINT('Ctrl Pts',(342.12639975326,9.43467714030628,8.80733872035658));
#8986=CARTESIAN_POINT('Ctrl Pts',(342.070778586643,9.43467714030628,8.82605245935422));
#8987=CARTESIAN_POINT('Ctrl Pts',(342.013503711161,9.43467714030628,8.8453225886245));
#8988=CARTESIAN_POINT('Ctrl Pts',(341.957319157091,9.43467714030628,8.86792966355823));
#8989=CARTESIAN_POINT('Ctrl Pts',(341.902512010782,9.43467714030628,8.89367898768085));
#8990=CARTESIAN_POINT('Ctrl Pts',(341.868151632686,9.43467714030628,8.90982207434319));
#8991=CARTESIAN_POINT('Ctrl Pts',(341.834332617691,9.43467714030629,8.92720129819647));
#8992=CARTESIAN_POINT('Ctrl Pts',(341.801127770648,9.43467714030629,8.94577888401425));
#8993=CARTESIAN_POINT('Ctrl Pts',(343.020328144581,15.4518251776186,11.4226666539557));
#8994=CARTESIAN_POINT('Ctrl Pts',(342.620426619484,15.4256280003016,11.5382777885622));
#8995=CARTESIAN_POINT('Ctrl Pts',(341.703924340773,15.3732336456675,11.3413653603451));
#8996=CARTESIAN_POINT('Ctrl Pts',(341.18999704693,15.2946421137165,10.0250186992519));
#8997=CARTESIAN_POINT('Ctrl Pts',(342.007898535018,15.2160505817654,8.87326042575954));
#8998=CARTESIAN_POINT('Ctrl Pts',(343.418743181142,15.1374590498144,8.92065477945919));
#8999=CARTESIAN_POINT('Ctrl Pts',(344.156573456568,15.0588675178633,10.1248964424257));
#9000=CARTESIAN_POINT('Ctrl Pts',(343.557474898221,14.9802759859122,11.4036971241155));
#9001=CARTESIAN_POINT('Ctrl Pts',(342.160231321648,14.9016844539612,11.6079508927216));
#9002=CARTESIAN_POINT('Ctrl Pts',(341.220246988465,14.8230929220101,10.554081486324));
#9003=CARTESIAN_POINT('Ctrl Pts',(341.582311504062,14.7445013900591,9.18913855442964));
#9004=CARTESIAN_POINT('Ctrl Pts',(342.921019308556,14.665909858108,8.73969135577445));
#9005=CARTESIAN_POINT('Ctrl Pts',(344.033391434597,14.5873183261569,9.60962860983776));
#9006=CARTESIAN_POINT('Ctrl Pts',(343.919809478664,14.5087267942059,11.0171991454669));
#9007=CARTESIAN_POINT('Ctrl Pts',(342.682346051227,14.4301352622548,11.6975217019351));
#9008=CARTESIAN_POINT('Ctrl Pts',(341.433017886038,14.3515437303038,11.0392392371921));
#9009=CARTESIAN_POINT('Ctrl Pts',(341.294506990156,14.2729521983527,9.63390278769556));
#9010=CARTESIAN_POINT('Ctrl Pts',(342.391282596217,14.1943606664016,8.74438660358934));
#9011=CARTESIAN_POINT('Ctrl Pts',(343.737751954234,14.1157691344506,9.17003463956585));
#9012=CARTESIAN_POINT('Ctrl Pts',(344.123940231649,14.0371776024995,10.5283477457285));
#9013=CARTESIAN_POINT('Ctrl Pts',(343.202807981655,13.9585860705484,11.5987080889077));
#9014=CARTESIAN_POINT('Ctrl Pts',(341.802110173762,13.8799945385974,11.4192601661982));
#9015=CARTESIAN_POINT('Ctrl Pts',(341.180552729546,13.8014030066463,10.1512608610624));
#9016=CARTESIAN_POINT('Ctrl Pts',(341.896684406536,13.7228114746953,8.93416952629256));
#9017=CARTESIAN_POINT('Ctrl Pts',(343.306969414887,13.6442199427442,8.86169820136514));
#9018=CARTESIAN_POINT('Ctrl Pts',(344.144086519397,13.5656284107931,9.99897162924493));
#9019=CARTESIAN_POINT('Ctrl Pts',(343.655779066481,13.4870368788421,11.3240043564374));
#9020=CARTESIAN_POINT('Ctrl Pts',(342.28085368012,13.408445346891,11.6460852139677));
#9021=CARTESIAN_POINT('Ctrl Pts',(341.25485645708,13.32985381494,10.6757834078143));
#9022=CARTESIAN_POINT('Ctrl Pts',(341.499776966081,13.2512622829889,9.28503905998453));
#9023=CARTESIAN_POINT('Ctrl Pts',(342.795522842955,13.1726707510378,8.72361362475396));
#9024=CARTESIAN_POINT('Ctrl Pts',(343.977700894953,13.0940792190868,9.49601957380062));
#9025=CARTESIAN_POINT('Ctrl Pts',(343.983973127482,13.0154876871357,10.9081514925144));
#9026=CARTESIAN_POINT('Ctrl Pts',(342.808703138379,12.9368961551847,11.6910284620735));
#9027=CARTESIAN_POINT('Ctrl Pts',(341.508021145277,12.8583046232336,11.1411355183379));
#9028=CARTESIAN_POINT('Ctrl Pts',(341.250756071895,12.7797130912825,9.75262171618521));
#9029=CARTESIAN_POINT('Ctrl Pts',(342.268093450459,12.7011215593315,8.77324407965938));
#9030=CARTESIAN_POINT('Ctrl Pts',(343.645825688681,12.6225300273804,9.08309852373961));
#9031=CARTESIAN_POINT('Ctrl Pts',(344.145884374976,12.5439384954293,10.4037412487078));
#9032=CARTESIAN_POINT('Ctrl Pts',(343.318902900751,12.4653469634783,11.5484060634199));
#9033=CARTESIAN_POINT('Ctrl Pts',(341.908029761627,12.3867554315272,11.4884654090295));
#9034=CARTESIAN_POINT('Ctrl Pts',(341.181114702163,12.3081638995762,10.2777836205005));
#9035=CARTESIAN_POINT('Ctrl Pts',(341.791383761542,12.2295723676251,9.00431294085519));
#9036=CARTESIAN_POINT('Ctrl Pts',(343.190432232358,12.150980835674,8.81242945262005));
#9037=CARTESIAN_POINT('Ctrl Pts',(344.121036345045,12.072389303723,9.87456498173172));
#9038=CARTESIAN_POINT('Ctrl Pts',(343.746929426264,11.9937977717719,11.2362550749878));
#9039=CARTESIAN_POINT('Ctrl Pts',(342.404294332052,11.9152062398209,11.6738472373267));
#9040=CARTESIAN_POINT('Ctrl Pts',(341.299660206687,11.8366147078698,10.7941090115859));
#9041=CARTESIAN_POINT('Ctrl Pts',(341.425681921,11.7580231759187,9.38759757392413));
#9042=CARTESIAN_POINT('Ctrl Pts',(342.669112866299,11.6794316439677,8.7182431229621));
#9043=CARTESIAN_POINT('Ctrl Pts',(343.91257149873,11.6008401120166,9.38754613817975));
#9044=CARTESIAN_POINT('Ctrl Pts',(344.038651394019,11.5222485800656,10.7940523616869));
#9045=CARTESIAN_POINT('Ctrl Pts',(342.934053660425,11.4436570481145,11.6738362804365));
#9046=CARTESIAN_POINT('Ctrl Pts',(341.591400466144,11.3650655161634,11.2362996572883));
#9047=CARTESIAN_POINT('Ctrl Pts',(341.217237220639,11.2864739842124,9.87462504029585));
#9048=CARTESIAN_POINT('Ctrl Pts',(342.147797396785,11.2078824522613,8.81245101723003));
#9049=CARTESIAN_POINT('Ctrl Pts',(343.546853803667,11.1292909203102,9.0042766327975));
#9050=CARTESIAN_POINT('Ctrl Pts',(344.157175540511,11.0506993883592,10.277722067534));
#9051=CARTESIAN_POINT('Ctrl Pts',(343.430310561715,10.9721078564081,11.4884339236589));
#9052=CARTESIAN_POINT('Ctrl Pts',(342.019439904201,10.8935163244571,11.5484329407476));
#9053=CARTESIAN_POINT('Ctrl Pts',(341.19241107907,10.814924792506,10.4038023329081));
#9054=CARTESIAN_POINT('Ctrl Pts',(341.692415139991,10.7363332605549,9.08313892942759));
#9055=CARTESIAN_POINT('Ctrl Pts',(343.070134551024,10.6577417286039,8.77322748328943));
#9056=CARTESIAN_POINT('Ctrl Pts',(344.08751245959,10.5791501966528,9.75256306100211));
#9057=CARTESIAN_POINT('Ctrl Pts',(343.830304784177,10.5005586647018,11.1410874516941));
#9058=CARTESIAN_POINT('Ctrl Pts',(342.529645620807,10.4219671327507,11.6910343084936));
#9059=CARTESIAN_POINT('Ctrl Pts',(341.354343075474,10.3433756007996,10.9082057227514));
#9060=CARTESIAN_POINT('Ctrl Pts',(341.360557259875,10.2647840688486,9.49607403661276));
#9061=CARTESIAN_POINT('Ctrl Pts',(342.542702588427,10.1861925368975,8.72361815070732));
#9062=CARTESIAN_POINT('Ctrl Pts',(343.838473316374,10.1076010049465,9.28499217343732));
#9063=CARTESIAN_POINT('Ctrl Pts',(344.083447916289,10.0290094729954,10.6757217717369));
#9064=CARTESIAN_POINT('Ctrl Pts',(343.057498088261,9.95041794104433,11.6460757644391));
#9065=CARTESIAN_POINT('Ctrl Pts',(341.682544061596,9.87182640909327,11.3240312070767));
#9066=CARTESIAN_POINT('Ctrl Pts',(341.194214143121,9.79323487714221,9.99906211121546));
#9067=CARTESIAN_POINT('Ctrl Pts',(342.031215985896,9.71464334519114,8.86166236561394));
#9068=CARTESIAN_POINT('Ctrl Pts',(343.441648472094,9.63605181324009,8.93426883943233));
#9069=CARTESIAN_POINT('Ctrl Pts',(344.157529095368,9.55746028128902,10.1509215316489));
#9070=CARTESIAN_POINT('Ctrl Pts',(343.536689692399,9.47886874933797,11.4198062389794));
#9071=CARTESIAN_POINT('Ctrl Pts',(342.134787066478,9.4002772173869,11.5974542701163));
#9072=CARTESIAN_POINT('Ctrl Pts',(341.523816385513,9.34788286275286,10.8864931190896));
#9073=CARTESIAN_POINT('Ctrl Pts',(341.434255879115,9.32168568543584,10.4799638090599));
#9074=CARTESIAN_POINT('Ctrl Pts',(343.04611037057,15.5054225276084,11.5118479558123));
#9075=CARTESIAN_POINT('Ctrl Pts',(342.616850054188,15.4792253502914,11.635946687885));
#9076=CARTESIAN_POINT('Ctrl Pts',(341.633062712971,15.4268309956573,11.4245779234985));
#9077=CARTESIAN_POINT('Ctrl Pts',(341.081405420092,15.3482394637063,10.0115916037486));
#9078=CARTESIAN_POINT('Ctrl Pts',(341.959353188511,15.2696479317552,8.77527693664404));
#9079=CARTESIAN_POINT('Ctrl Pts',(343.473775067782,15.1910563998041,8.82615074928804));
#9080=CARTESIAN_POINT('Ctrl Pts',(344.265773191293,15.1124648678531,10.1188018766373));
#9081=CARTESIAN_POINT('Ctrl Pts',(343.622691781094,15.033873335902,11.4914857769513));
#9082=CARTESIAN_POINT('Ctrl Pts',(342.122869494602,14.955281803951,11.7107348466136));
#9083=CARTESIAN_POINT('Ctrl Pts',(341.11387616266,14.8766902719999,10.579495562878));
#9084=CARTESIAN_POINT('Ctrl Pts',(341.502521663521,14.7980987400488,9.11434527457593));
#9085=CARTESIAN_POINT('Ctrl Pts',(342.939510771177,14.7195072080978,8.63190188643203));
#9086=CARTESIAN_POINT('Ctrl Pts',(344.133547754766,14.6409156761467,9.5657056292937));
#9087=CARTESIAN_POINT('Ctrl Pts',(344.011627173624,14.5623241441956,11.076613029078));
#9088=CARTESIAN_POINT('Ctrl Pts',(342.683315304236,14.4837326122446,11.8068815014488));
#9089=CARTESIAN_POINT('Ctrl Pts',(341.342267646756,14.4051410802935,11.1002711952848));
#9090=CARTESIAN_POINT('Ctrl Pts',(341.193587966242,14.3265495483425,9.59176189718271));
#9091=CARTESIAN_POINT('Ctrl Pts',(342.370883410523,14.2479580163914,8.63694183610969));
#9092=CARTESIAN_POINT('Ctrl Pts',(343.81620388656,14.1693664844403,9.09383884480782));
#9093=CARTESIAN_POINT('Ctrl Pts',(344.230744196467,14.0907749524893,10.5518725783769));
#9094=CARTESIAN_POINT('Ctrl Pts',(343.241986974383,14.0121834205382,11.7008134818765));
#9095=CARTESIAN_POINT('Ctrl Pts',(341.738456863999,13.9335918885872,11.5081913805787));
#9096=CARTESIAN_POINT('Ctrl Pts',(341.071267747656,13.8550003566361,10.1471018404409));
#9097=CARTESIAN_POINT('Ctrl Pts',(341.839974268997,13.776408824685,8.84065768196377));
#9098=CARTESIAN_POINT('Ctrl Pts',(343.353795424659,13.697817292734,8.76286587094377));
#9099=CARTESIAN_POINT('Ctrl Pts',(344.252369524979,13.6192257607829,9.98363228674092));
#9100=CARTESIAN_POINT('Ctrl Pts',(343.728212954984,13.5406342288319,11.4059423605851));
#9101=CARTESIAN_POINT('Ctrl Pts',(342.252347349801,13.4620426968808,11.7516688010393));
#9102=CARTESIAN_POINT('Ctrl Pts',(341.151026487215,13.3834511649297,10.7101322372706));
#9103=CARTESIAN_POINT('Ctrl Pts',(341.413927848137,13.3048596329787,9.21728632073897));
#9104=CARTESIAN_POINT('Ctrl Pts',(342.804800976022,13.2262681010276,8.61464380795162));
#9105=CARTESIAN_POINT('Ctrl Pts',(344.073768691253,13.1476765690765,9.4437559799611));
#9106=CARTESIAN_POINT('Ctrl Pts',(344.08050140006,13.0690850371255,10.9595596370067));
#9107=CARTESIAN_POINT('Ctrl Pts',(342.818948903519,12.9904935051744,11.7999115600447));
#9108=CARTESIAN_POINT('Ctrl Pts',(341.422777274177,12.9119019732234,11.2096481972159));
#9109=CARTESIAN_POINT('Ctrl Pts',(341.146625072038,12.8333104412723,9.71919658198827));
#9110=CARTESIAN_POINT('Ctrl Pts',(342.238650327215,12.7547189093212,8.66791788528782));
#9111=CARTESIAN_POINT('Ctrl Pts',(343.717528849435,12.6761273773702,9.00052030951206));
#9112=CARTESIAN_POINT('Ctrl Pts',(344.254299370218,12.5975358454191,10.4181180888901));
#9113=CARTESIAN_POINT('Ctrl Pts',(343.366605008009,12.5189443134681,11.6468185305687));
#9114=CARTESIAN_POINT('Ctrl Pts',(341.852152543922,12.440352781517,11.5824773299155));
#9115=CARTESIAN_POINT('Ctrl Pts',(341.071870977522,12.3617612495659,10.2829132748502));
#9116=CARTESIAN_POINT('Ctrl Pts',(341.726942971667,12.2831697176149,8.91595067895839));
#9117=CARTESIAN_POINT('Ctrl Pts',(343.228702658807,12.2045781856638,8.70998005444448));
#9118=CARTESIAN_POINT('Ctrl Pts',(344.227627120876,12.1259866537127,9.85009231872358));
#9119=CARTESIAN_POINT('Ctrl Pts',(343.826055123177,12.0473951217617,11.3117509610694));
#9120=CARTESIAN_POINT('Ctrl Pts',(342.384850403622,11.9688035898106,11.7814689747886));
#9121=CARTESIAN_POINT('Ctrl Pts',(341.199119506433,11.8902120578596,10.8371447214035));
#9122=CARTESIAN_POINT('Ctrl Pts',(341.334393111463,11.8116205259085,9.32737417331893));
#9123=CARTESIAN_POINT('Ctrl Pts',(342.669110604348,11.7330289939574,8.60887903049111));
#9124=CARTESIAN_POINT('Ctrl Pts',(344.003857817017,11.6544374620064,9.32731896141669));
#9125=CARTESIAN_POINT('Ctrl Pts',(344.139193874382,11.5758459300553,10.8370839125492));
#9126=CARTESIAN_POINT('Ctrl Pts',(342.953502040668,11.4972543981043,11.7814572134977));
#9127=CARTESIAN_POINT('Ctrl Pts',(341.512277892226,11.4186628661532,11.3117988163818));
#9128=CARTESIAN_POINT('Ctrl Pts',(341.110645432573,11.3400713342021,9.85015678649032));
#9129=CARTESIAN_POINT('Ctrl Pts',(342.109522732498,11.2614798022511,8.71000320222143));
#9130=CARTESIAN_POINT('Ctrl Pts',(343.61129093833,11.1828882703,8.91591170534275));
#9131=CARTESIAN_POINT('Ctrl Pts',(344.26641947726,11.104296738349,10.2828472029695));
#9132=CARTESIAN_POINT('Ctrl Pts',(343.486191668203,11.0257052063979,11.5824435330448));
#9133=CARTESIAN_POINT('Ctrl Pts',(341.971741867914,10.9471136744468,11.6468473810967));
#9134=CARTESIAN_POINT('Ctrl Pts',(341.083996678528,10.8685221424958,10.4181836575901));
#9135=CARTESIAN_POINT('Ctrl Pts',(341.620708563613,10.7899306105447,9.00056368158574));
#9136=CARTESIAN_POINT('Ctrl Pts',(343.099573316935,10.7113390785936,8.66790007049451));
#9137=CARTESIAN_POINT('Ctrl Pts',(344.191642077625,10.6327475466426,9.71913362063186));
#9138=CARTESIAN_POINT('Ctrl Pts',(343.915551487331,10.5541560146915,11.2095966017568));
#9139=CARTESIAN_POINT('Ctrl Pts',(342.519404363767,10.4755644827405,11.7999178356801));
#9140=CARTESIAN_POINT('Ctrl Pts',(341.257816920878,10.3969729507894,10.9596178485594));
#9141=CARTESIAN_POINT('Ctrl Pts',(341.264487319952,10.3183814188383,9.44381444116343));
#9142=CARTESIAN_POINT('Ctrl Pts',(342.533419909343,10.2397898868873,8.61464866617808));
#9143=CARTESIAN_POINT('Ctrl Pts',(343.924319712745,10.1611983549362,9.21723599201347));
#9144=CARTESIAN_POINT('Ctrl Pts',(344.187279135667,10.0826068229852,10.7100660761774));
#9145=CARTESIAN_POINT('Ctrl Pts',(343.086009147601,10.0040152910341,11.7516586577731));
#9146=CARTESIAN_POINT('Ctrl Pts',(341.610112799484,9.92542375908304,11.4059711824654));
#9147=CARTESIAN_POINT('Ctrl Pts',(341.08593211462,9.84683222713198,9.98372941145001));
#9148=CARTESIAN_POINT('Ctrl Pts',(341.98438249126,9.76824069518091,8.76282740430904));
#9149=CARTESIAN_POINT('Ctrl Pts',(343.498361951862,9.68964916322986,8.84076428618288));
#9150=CARTESIAN_POINT('Ctrl Pts',(344.266798988364,9.61105763127879,10.1467375991409));
#9151=CARTESIAN_POINT('Ctrl Pts',(343.600380628304,9.53246609932773,11.5087775433216));
#9152=CARTESIAN_POINT('Ctrl Pts',(342.095557248115,9.45387456737667,11.6994676139133));
#9153=CARTESIAN_POINT('Ctrl Pts',(341.439732122797,9.40148021274263,10.9363112129693));
#9154=CARTESIAN_POINT('Ctrl Pts',(341.343596527159,9.37528303542561,10.4999365324787));
#9155=CARTESIAN_POINT('Ctrl Pts',(343.071892596559,15.5590198775982,11.6010292576689));
#9156=CARTESIAN_POINT('Ctrl Pts',(342.613273488892,15.5328227002811,11.7336155872078));
#9157=CARTESIAN_POINT('Ctrl Pts',(341.562201085167,15.4804283456471,11.5077904866519));
#9158=CARTESIAN_POINT('Ctrl Pts',(340.972813793255,15.401836813696,9.99816450824518));
#9159=CARTESIAN_POINT('Ctrl Pts',(341.910807842004,15.323245281745,8.67729344752854));
#9160=CARTESIAN_POINT('Ctrl Pts',(343.528806954423,15.2446537497939,8.73164671911688));
#9161=CARTESIAN_POINT('Ctrl Pts',(344.374972926017,15.1660622178428,10.112707310849));
#9162=CARTESIAN_POINT('Ctrl Pts',(343.687908663967,15.0874706858918,11.5792744297871));
#9163=CARTESIAN_POINT('Ctrl Pts',(342.085507667556,15.0088791539407,11.8135188005056));
#9164=CARTESIAN_POINT('Ctrl Pts',(341.007505336856,14.9302876219897,10.604909639432));
#9165=CARTESIAN_POINT('Ctrl Pts',(341.422731822979,14.8516960900386,9.03955199472223));
#9166=CARTESIAN_POINT('Ctrl Pts',(342.9580022338,14.7731045580875,8.5241124170896));
#9167=CARTESIAN_POINT('Ctrl Pts',(344.233704074934,14.6945130261365,9.52178264874966));
#9168=CARTESIAN_POINT('Ctrl Pts',(344.103444868584,14.6159214941854,11.1360269126892));
#9169=CARTESIAN_POINT('Ctrl Pts',(342.684284557244,14.5373299622344,11.9162413009625));
#9170=CARTESIAN_POINT('Ctrl Pts',(341.251517407474,14.4587384302833,11.1613031533774));
#9171=CARTESIAN_POINT('Ctrl Pts',(341.092668942327,14.3801468983322,9.54962100666987));
#9172=CARTESIAN_POINT('Ctrl Pts',(342.350484224829,14.3015553663812,8.52949706863004));
#9173=CARTESIAN_POINT('Ctrl Pts',(343.894655818885,14.2229638344301,9.01764305004979));
#9174=CARTESIAN_POINT('Ctrl Pts',(344.337548161286,14.144372302479,10.5753974110253));
#9175=CARTESIAN_POINT('Ctrl Pts',(343.281165967111,14.065780770528,11.8029188748453));
#9176=CARTESIAN_POINT('Ctrl Pts',(341.674803554236,13.9871892385769,11.5971225949593));
#9177=CARTESIAN_POINT('Ctrl Pts',(340.961982765766,13.9085977066259,10.1429428198193));
#9178=CARTESIAN_POINT('Ctrl Pts',(341.783264131457,13.8300061746748,8.747145837635));
#9179=CARTESIAN_POINT('Ctrl Pts',(343.400621434431,13.7514146427237,8.6640335405224));
#9180=CARTESIAN_POINT('Ctrl Pts',(344.360652530561,13.6728231107727,9.96829294423691));
#9181=CARTESIAN_POINT('Ctrl Pts',(343.800646843488,13.5942315788216,11.4878803647328));
#9182=CARTESIAN_POINT('Ctrl Pts',(342.223841019483,13.5156400468706,11.857252388111));
#9183=CARTESIAN_POINT('Ctrl Pts',(341.047196517351,13.4370485149195,10.744481066727));
#9184=CARTESIAN_POINT('Ctrl Pts',(341.328078730192,13.3584569829684,9.14953358149342));
#9185=CARTESIAN_POINT('Ctrl Pts',(342.814079109087,13.2798654510174,8.50567399114928));
#9186=CARTESIAN_POINT('Ctrl Pts',(344.169836487554,13.2012739190663,9.39149238612159));
#9187=CARTESIAN_POINT('Ctrl Pts',(344.177029672638,13.1226823871153,11.010967781499));
#9188=CARTESIAN_POINT('Ctrl Pts',(342.82919466866,13.0440908551642,11.9087946580159));
#9189=CARTESIAN_POINT('Ctrl Pts',(341.337533403077,12.9654993232131,11.2781608760938));
#9190=CARTESIAN_POINT('Ctrl Pts',(341.042494072182,12.8869077912621,9.68577144779132));
#9191=CARTESIAN_POINT('Ctrl Pts',(342.209207203972,12.808316259311,8.56259169091626));
#9192=CARTESIAN_POINT('Ctrl Pts',(343.789232010188,12.72972472736,8.91794209528452));
#9193=CARTESIAN_POINT('Ctrl Pts',(344.362714365461,12.6511331954089,10.4324949290723));
#9194=CARTESIAN_POINT('Ctrl Pts',(343.414307115266,12.5725416634578,11.7452309977174));
#9195=CARTESIAN_POINT('Ctrl Pts',(341.796275326217,12.4939501315068,11.6764892508015));
#9196=CARTESIAN_POINT('Ctrl Pts',(340.962627252881,12.4153585995557,10.2880429292));
#9197=CARTESIAN_POINT('Ctrl Pts',(341.662502181793,12.3367670676046,8.82758841706159));
#9198=CARTESIAN_POINT('Ctrl Pts',(343.266973085256,12.2581755356536,8.60753065626893));
#9199=CARTESIAN_POINT('Ctrl Pts',(344.334217896708,12.1795840037025,9.82561965571544));
#9200=CARTESIAN_POINT('Ctrl Pts',(343.905180820089,12.1009924717515,11.3872468471509));
#9201=CARTESIAN_POINT('Ctrl Pts',(342.365406475191,12.0224009398004,11.8890907122505));
#9202=CARTESIAN_POINT('Ctrl Pts',(341.098578806178,11.9438094078493,10.880180431221));
#9203=CARTESIAN_POINT('Ctrl Pts',(341.243104301926,11.8652178758983,9.26715077271374));
#9204=CARTESIAN_POINT('Ctrl Pts',(342.669108342397,11.7866263439472,8.4995149380201));
#9205=CARTESIAN_POINT('Ctrl Pts',(344.095144135303,11.7080348119961,9.26709178465365));
#9206=CARTESIAN_POINT('Ctrl Pts',(344.239736354745,11.6294432800451,10.8801154634115));
#9207=CARTESIAN_POINT('Ctrl Pts',(342.972950420911,11.550851748094,11.889078146559));
#9208=CARTESIAN_POINT('Ctrl Pts',(341.433155318309,11.472260216143,11.3872979754753));
#9209=CARTESIAN_POINT('Ctrl Pts',(341.004053644507,11.3936686841919,9.82568853268478));
#9210=CARTESIAN_POINT('Ctrl Pts',(342.071248068211,11.3150771522408,8.60755538721284));
#9211=CARTESIAN_POINT('Ctrl Pts',(343.675728072993,11.2364856202898,8.82754677788801));
#9212=CARTESIAN_POINT('Ctrl Pts',(344.375663414008,11.1578940883387,10.287972338405));
#9213=CARTESIAN_POINT('Ctrl Pts',(343.54207277469,11.0793025563877,11.6764531424306));
#9214=CARTESIAN_POINT('Ctrl Pts',(341.924043831626,11.0007110244366,11.7452618214459));
#9215=CARTESIAN_POINT('Ctrl Pts',(340.975582277986,10.9221194924855,10.4325649822721));
#9216=CARTESIAN_POINT('Ctrl Pts',(341.549001987234,10.8435279605345,8.91798843374387));
#9217=CARTESIAN_POINT('Ctrl Pts',(343.129012082846,10.7649364285834,8.56257265769958));
#9218=CARTESIAN_POINT('Ctrl Pts',(344.295771695661,10.6863448966324,9.6857041802616));
#9219=CARTESIAN_POINT('Ctrl Pts',(344.000798190486,10.6077533646813,11.2781057518196));
#9220=CARTESIAN_POINT('Ctrl Pts',(342.509163106727,10.5291618327302,11.9088013628665));
#9221=CARTESIAN_POINT('Ctrl Pts',(341.161290766283,10.4505703007792,11.0110299743674));
#9222=CARTESIAN_POINT('Ctrl Pts',(341.168417380027,10.3719787688281,9.3915548457141));
#9223=CARTESIAN_POINT('Ctrl Pts',(342.524137230261,10.2933872368771,8.50567918164883));
#9224=CARTESIAN_POINT('Ctrl Pts',(344.010166109115,10.214795704926,9.14947981058961));
#9225=CARTESIAN_POINT('Ctrl Pts',(344.291110355045,10.1362041729749,10.7444103806179));
#9226=CARTESIAN_POINT('Ctrl Pts',(343.11452020694,10.0576126410239,11.8572415511071));
#9227=CARTESIAN_POINT('Ctrl Pts',(341.537681537372,9.97902110907281,11.4879111578542));
#9228=CARTESIAN_POINT('Ctrl Pts',(340.977650086119,9.90042957712175,9.96839671168458));
#9229=CARTESIAN_POINT('Ctrl Pts',(341.937548996623,9.82183804517068,8.66399244300413));
#9230=CARTESIAN_POINT('Ctrl Pts',(343.55507543163,9.74324651321963,8.74725973293343));
#9231=CARTESIAN_POINT('Ctrl Pts',(344.376068881361,9.66465498126857,10.1425536666328));
#9232=CARTESIAN_POINT('Ctrl Pts',(343.664071564209,9.5860634493175,11.5977488476638));
#9233=CARTESIAN_POINT('Ctrl Pts',(342.056327429751,9.50747191736644,11.8014809577102));
#9234=CARTESIAN_POINT('Ctrl Pts',(341.355647860082,9.4550775627324,10.986129306849));
#9235=CARTESIAN_POINT('Ctrl Pts',(341.252937175203,9.42888038541538,10.5199092558976));
#9236=CARTESIAN_POINT('Ctrl Pts',(343.097674822548,15.6126172275879,11.6902105595255));
#9237=CARTESIAN_POINT('Ctrl Pts',(342.609696923596,15.5864200502709,11.8312844865305));
#9238=CARTESIAN_POINT('Ctrl Pts',(341.491339457364,15.5340256956369,11.5910030498053));
#9239=CARTESIAN_POINT('Ctrl Pts',(340.864222166418,15.4554341636858,9.98473741274181));
#9240=CARTESIAN_POINT('Ctrl Pts',(341.862262495497,15.3768426317347,8.57930995841304));
#9241=CARTESIAN_POINT('Ctrl Pts',(343.583838841063,15.2982510997837,8.63714268894572));
#9242=CARTESIAN_POINT('Ctrl Pts',(344.484172660742,15.2196595678326,10.1066127450606));
#9243=CARTESIAN_POINT('Ctrl Pts',(343.753125546839,15.1410680358816,11.6670630826228));
#9244=CARTESIAN_POINT('Ctrl Pts',(342.048145840511,15.0624765039305,11.9163027543976));
#9245=CARTESIAN_POINT('Ctrl Pts',(340.901134511051,14.9838849719794,10.630323715986));
#9246=CARTESIAN_POINT('Ctrl Pts',(341.342941982437,14.9052934400284,8.96475871486853));
#9247=CARTESIAN_POINT('Ctrl Pts',(342.976493696421,14.8267019080773,8.41632294774718));
#9248=CARTESIAN_POINT('Ctrl Pts',(344.333860395102,14.7481103761262,9.47785966820561));
#9249=CARTESIAN_POINT('Ctrl Pts',(344.195262563544,14.6695188441752,11.1954407963003));
#9250=CARTESIAN_POINT('Ctrl Pts',(342.685253810254,14.5909273122241,12.0256011004762));
#9251=CARTESIAN_POINT('Ctrl Pts',(341.160767168192,14.5123357802731,11.22233511147));
#9252=CARTESIAN_POINT('Ctrl Pts',(340.991749918413,14.433744248322,9.50748011615703));
#9253=CARTESIAN_POINT('Ctrl Pts',(342.330085039134,14.3551527163709,8.42205230115039));
#9254=CARTESIAN_POINT('Ctrl Pts',(343.973107751212,14.2765611844199,8.94144725529176));
#9255=CARTESIAN_POINT('Ctrl Pts',(344.444352126103,14.1979696524688,10.5989222436737));
#9256=CARTESIAN_POINT('Ctrl Pts',(343.320344959839,14.1193781205178,11.9050242678141));
#9257=CARTESIAN_POINT('Ctrl Pts',(341.611150244473,14.0407865885667,11.6860538093398));
#9258=CARTESIAN_POINT('Ctrl Pts',(340.852697783877,13.9621950566156,10.1387837991978));
#9259=CARTESIAN_POINT('Ctrl Pts',(341.726553993917,13.8836035246646,8.65363399330622));
#9260=CARTESIAN_POINT('Ctrl Pts',(343.447447444202,13.8050119927135,8.56520121010102));
#9261=CARTESIAN_POINT('Ctrl Pts',(344.468935536143,13.7264204607625,9.9529536017329));
#9262=CARTESIAN_POINT('Ctrl Pts',(343.873080731992,13.6478289288114,11.5698183688804));
#9263=CARTESIAN_POINT('Ctrl Pts',(342.195334689164,13.5692373968603,11.9628359751826));
#9264=CARTESIAN_POINT('Ctrl Pts',(340.943366547487,13.4906458649093,10.7788298961833));
#9265=CARTESIAN_POINT('Ctrl Pts',(341.242229612247,13.4120543329582,9.08178084224787));
#9266=CARTESIAN_POINT('Ctrl Pts',(342.823357242154,13.3334628010071,8.39670417434694));
#9267=CARTESIAN_POINT('Ctrl Pts',(344.265904283855,13.2548712690561,9.33922879228207));
#9268=CARTESIAN_POINT('Ctrl Pts',(344.273557945217,13.176279737105,11.0623759259913));
#9269=CARTESIAN_POINT('Ctrl Pts',(342.839440433801,13.097688205154,12.0176777559872));
#9270=CARTESIAN_POINT('Ctrl Pts',(341.252289531977,13.0190966732029,11.3466735549717));
#9271=CARTESIAN_POINT('Ctrl Pts',(340.938363072326,12.9405051412519,9.65234631359438));
#9272=CARTESIAN_POINT('Ctrl Pts',(342.179764080728,12.8619136093008,8.4572654965447));
#9273=CARTESIAN_POINT('Ctrl Pts',(343.860935170943,12.7833220773497,8.83536388105697));
#9274=CARTESIAN_POINT('Ctrl Pts',(344.471129360704,12.7047305453987,10.4468717692546));
#9275=CARTESIAN_POINT('Ctrl Pts',(343.462009222524,12.6261390134476,11.8436434648662));
#9276=CARTESIAN_POINT('Ctrl Pts',(341.740398108512,12.5475474814965,11.7705011716874));
#9277=CARTESIAN_POINT('Ctrl Pts',(340.853383528241,12.4689559495455,10.2931725835497));
#9278=CARTESIAN_POINT('Ctrl Pts',(341.598061391919,12.3903644175944,8.73922615516479));
#9279=CARTESIAN_POINT('Ctrl Pts',(343.305243511705,12.3117728856434,8.50508125809336));
#9280=CARTESIAN_POINT('Ctrl Pts',(344.44080867254,12.2331813536923,9.8011469927073));
#9281=CARTESIAN_POINT('Ctrl Pts',(343.984306517002,12.1545898217412,11.4627427332325));
#9282=CARTESIAN_POINT('Ctrl Pts',(342.345962546761,12.0759982897902,11.9967124497125));
#9283=CARTESIAN_POINT('Ctrl Pts',(340.998038105924,11.9974067578391,10.9232161410386));
#9284=CARTESIAN_POINT('Ctrl Pts',(341.151815492389,11.918815225888,9.20692737210854));
#9285=CARTESIAN_POINT('Ctrl Pts',(342.669106080445,11.840223693937,8.39015084554911));
#9286=CARTESIAN_POINT('Ctrl Pts',(344.18643045359,11.7616321619859,9.2068646078906));
#9287=CARTESIAN_POINT('Ctrl Pts',(344.340278835108,11.6830406300349,10.9231470142738));
#9288=CARTESIAN_POINT('Ctrl Pts',(342.992398801154,11.6044490980838,11.9966990796202));
#9289=CARTESIAN_POINT('Ctrl Pts',(341.354032744391,11.5258575661327,11.4627971345688));
#9290=CARTESIAN_POINT('Ctrl Pts',(340.897461856441,11.4472660341817,9.80122027887924));
#9291=CARTESIAN_POINT('Ctrl Pts',(342.032973403924,11.3686745022306,8.50510757220425));
#9292=CARTESIAN_POINT('Ctrl Pts',(343.740165207656,11.2900829702796,8.73918185043326));
#9293=CARTESIAN_POINT('Ctrl Pts',(344.484907350756,11.2114914383285,10.2930974738405));
#9294=CARTESIAN_POINT('Ctrl Pts',(343.597953881178,11.1328999063774,11.7704627518165));
#9295=CARTESIAN_POINT('Ctrl Pts',(341.876345795339,11.0543083744264,11.8436762617951));
#9296=CARTESIAN_POINT('Ctrl Pts',(340.867167877444,10.9757168424753,10.4469463069541));
#9297=CARTESIAN_POINT('Ctrl Pts',(341.477295410856,10.8971253105242,8.83541318590202));
#9298=CARTESIAN_POINT('Ctrl Pts',(343.158450848757,10.8185337785732,8.45724524490464));
#9299=CARTESIAN_POINT('Ctrl Pts',(344.399901313697,10.7399422466221,9.65227473989133));
#9300=CARTESIAN_POINT('Ctrl Pts',(344.08604489364,10.6613507146711,11.3466149018823));
#9301=CARTESIAN_POINT('Ctrl Pts',(342.498921849686,10.58275918272,12.017684890053));
#9302=CARTESIAN_POINT('Ctrl Pts',(341.064764611687,10.5041676507689,11.0624421001754));
#9303=CARTESIAN_POINT('Ctrl Pts',(341.072347440104,10.4255761188179,9.33929525026477));
#9304=CARTESIAN_POINT('Ctrl Pts',(342.514854551178,10.3469845868668,8.39670969711959));
#9305=CARTESIAN_POINT('Ctrl Pts',(344.096012505486,10.2683930549158,9.08172362916576));
#9306=CARTESIAN_POINT('Ctrl Pts',(344.394941574423,10.1898015229647,10.7787546850584));
#9307=CARTESIAN_POINT('Ctrl Pts',(343.143031266279,10.1112099910136,11.9628244444411));
#9308=CARTESIAN_POINT('Ctrl Pts',(341.46525027526,10.0326184590626,11.5698511332429));
#9309=CARTESIAN_POINT('Ctrl Pts',(340.869368057619,9.95402692711151,9.95306401191915));
#9310=CARTESIAN_POINT('Ctrl Pts',(341.890715501986,9.87543539516046,8.56515748169921));
#9311=CARTESIAN_POINT('Ctrl Pts',(343.611788911399,9.7968438632094,8.65375517968399));
#9312=CARTESIAN_POINT('Ctrl Pts',(344.485338774358,9.71825233125834,10.1383697341247));
#9313=CARTESIAN_POINT('Ctrl Pts',(343.727762500114,9.63966079930727,11.686720152006));
#9314=CARTESIAN_POINT('Ctrl Pts',(342.017097611387,9.56106926735621,11.9034943015071));
#9315=CARTESIAN_POINT('Ctrl Pts',(341.271563597366,9.50867491272217,11.0359474007288));
#9316=CARTESIAN_POINT('Ctrl Pts',(341.162277823248,9.48247773540515,10.5398819793165));
#9317=CARTESIAN_POINT('Ctrl Pts',(341.162277823248,9.48247773540515,10.5398819793165));
#9318=CARTESIAN_POINT('Ctrl Pts',(341.180898057851,9.48135928321352,10.5924285523644));
#9319=CARTESIAN_POINT('Ctrl Pts',(341.202931667088,9.47999964222168,10.6435616955653));
#9320=CARTESIAN_POINT('Ctrl Pts',(341.228049675537,9.47845196481419,10.6931080444508));
#9321=CARTESIAN_POINT('Ctrl Pts',(341.254076086048,9.47684831508111,10.7444462553604));
#9322=CARTESIAN_POINT('Ctrl Pts',(341.28341421158,9.47504278218019,10.7940819031399));
#9323=CARTESIAN_POINT('Ctrl Pts',(341.31575430632,9.47309449639655,10.8418231041073));
#9324=CARTESIAN_POINT('Ctrl Pts',(341.337908801976,9.47175982841618,10.8745280865131));
#9325=CARTESIAN_POINT('Ctrl Pts',(341.361473281624,9.47035816795707,10.90634404831));
#9326=CARTESIAN_POINT('Ctrl Pts',(341.386361678909,9.46890852456383,10.9372054118806));
#9327=CARTESIAN_POINT('Ctrl Pts',(341.423260714497,9.4667593125216,10.9829598467541));
#9328=CARTESIAN_POINT('Ctrl Pts',(341.462870395576,9.46452122536981,11.0263856716069));
#9329=CARTESIAN_POINT('Ctrl Pts',(341.504833636953,9.46226390330684,11.0673008403069));
#9330=CARTESIAN_POINT('Ctrl Pts',(341.547579186065,9.45996449868656,11.1089787778472));
#9331=CARTESIAN_POINT('Ctrl Pts',(341.592766739304,9.45764513528901,11.1480527758557));
#9332=CARTESIAN_POINT('Ctrl Pts',(341.640074306934,9.45537942121621,11.1843274933565));
#9333=CARTESIAN_POINT('Ctrl Pts',(341.684898361789,9.45323265068937,11.2186978913406));
#9334=CARTESIAN_POINT('Ctrl Pts',(341.731626143754,9.45113404446822,11.2505562301554));
#9335=CARTESIAN_POINT('Ctrl Pts',(341.78002957947,9.44914621593813,11.2797177486259));
#9336=CARTESIAN_POINT('Ctrl Pts',(341.782711410718,9.44903607870121,11.2813334659879));
#9337=CARTESIAN_POINT('Ctrl Pts',(341.785398397183,9.44892628152998,11.28294089731));
#9338=CARTESIAN_POINT('Ctrl Pts',(341.788090504039,9.44881683507404,11.284540008385));
#9339=CARTESIAN_POINT('Ctrl Pts',(341.839261000216,9.44673652037868,11.3149352755533));
#9340=CARTESIAN_POINT('Ctrl Pts',(341.892088714401,9.44479256527686,11.3422182288619));
#9341=CARTESIAN_POINT('Ctrl Pts',(341.946296610895,9.44303706930147,11.3661560347017));
#9342=CARTESIAN_POINT('Ctrl Pts',(341.996821013404,9.44140086146093,11.388467236863));
#9343=CARTESIAN_POINT('Ctrl Pts',(342.048544779601,9.43992837086857,11.4078732586441));
#9344=CARTESIAN_POINT('Ctrl Pts',(342.1012788121,9.43866178171527,11.4241583308358));
#9345=CARTESIAN_POINT('Ctrl Pts',(342.12902553931,9.43799534863481,11.4327269426844));
#9346=CARTESIAN_POINT('Ctrl Pts',(342.157052529323,9.43738591897871,11.4404309932595));
#9347=CARTESIAN_POINT('Ctrl Pts',(342.185336040713,9.43683963760807,11.4472344954572));
#9348=CARTESIAN_POINT('Ctrl Pts',(342.187914732849,9.43678983150531,11.4478547910554));
#9349=CARTESIAN_POINT('Ctrl Pts',(342.190495161104,9.43674054395878,11.4484674773221));
#9350=CARTESIAN_POINT('Ctrl Pts',(342.193077304225,9.43669177824589,11.4490725302551));
#9351=CARTESIAN_POINT('Ctrl Pts',(342.236862740092,9.43586485739214,11.4593324210302));
#9352=CARTESIAN_POINT('Ctrl Pts',(342.281140279344,9.43518798474205,11.4673983258318));
#9353=CARTESIAN_POINT('Ctrl Pts',(342.325726606407,9.43467714030629,11.4733533600844));
#9354=CARTESIAN_POINT('Ctrl Pts',(342.670138065357,14.6794299980858,8.94260075413472));
#9355=CARTESIAN_POINT('Ctrl Pts',(342.32606820819,14.7011204620769,8.94556844235907));
#9356=CARTESIAN_POINT('Ctrl Pts',(341.979783322143,14.722810926068,9.09134455961741));
#9357=CARTESIAN_POINT('Ctrl Pts',(341.745085385545,14.7445013900591,9.34172117663617));
#9358=CARTESIAN_POINT('Ctrl Pts',(341.461623332197,14.7706985673761,9.64411953172777));
#9359=CARTESIAN_POINT('Ctrl Pts',(341.340935160331,14.7968957446931,10.0991005090259));
#9360=CARTESIAN_POINT('Ctrl Pts',(341.437255129928,14.8230929220101,10.5022358987412));
#9361=CARTESIAN_POINT('Ctrl Pts',(341.533575099526,14.8492900993272,10.9053712884566));
#9362=CARTESIAN_POINT('Ctrl Pts',(341.846903210587,14.8754872766442,11.2566610905891));
#9363=CARTESIAN_POINT('Ctrl Pts',(342.236441195546,14.9016844539612,11.3982636968877));
#9364=CARTESIAN_POINT('Ctrl Pts',(342.625979180505,14.9278816312782,11.5398663031862));
#9365=CARTESIAN_POINT('Ctrl Pts',(343.091727039363,14.9540788085952,11.4717817136509));
#9366=CARTESIAN_POINT('Ctrl Pts',(343.424450728517,14.9802759859123,11.2246059719349));
#9367=CARTESIAN_POINT('Ctrl Pts',(343.75717441767,15.0064731632293,10.9774302302189));
#9368=CARTESIAN_POINT('Ctrl Pts',(343.956873937119,15.0326703405463,10.5511633363223));
#9369=CARTESIAN_POINT('Ctrl Pts',(343.933751984273,15.0588675178633,10.1373229455462));
#9370=CARTESIAN_POINT('Ctrl Pts',(343.910630031426,15.0850646951803,9.72348255477017));
#9371=CARTESIAN_POINT('Ctrl Pts',(343.664686606284,15.1112618724974,9.32206866711468));
#9372=CARTESIAN_POINT('Ctrl Pts',(343.306574119359,15.1374590498144,9.11346266433699));
#9373=CARTESIAN_POINT('Ctrl Pts',(343.115328061534,15.1514493659049,9.00205890957688));
#9374=CARTESIAN_POINT('Ctrl Pts',(342.892091642655,15.1654396819953,8.94564352463222));
#9375=CARTESIAN_POINT('Ctrl Pts',(342.669000503724,15.1794299980858,8.94529040691145));
#9376=CARTESIAN_POINT('Ctrl Pts',(342.735615317382,9.43467714030628,11.4703737798935));
#9377=CARTESIAN_POINT('Ctrl Pts',(342.742336621932,9.43475472076604,11.4693979247625));
#9378=CARTESIAN_POINT('Ctrl Pts',(342.749053065137,9.43483634531425,11.4683770394267));
#9379=CARTESIAN_POINT('Ctrl Pts',(342.755763990111,9.43492161985436,11.4673104420879));
#9380=CARTESIAN_POINT('Ctrl Pts',(341.212904063919,15.4799859845898,9.69779873115957));
#9381=CARTESIAN_POINT('Ctrl Pts',(341.382002317988,15.453606704623,9.21506722814059));
#9382=CARTESIAN_POINT('Ctrl Pts',(342.236007898977,15.4008481446894,8.43939815457111));
#9383=CARTESIAN_POINT('Ctrl Pts',(343.918499510882,15.3217103047889,8.88048629769402));
#9384=CARTESIAN_POINT('Ctrl Pts',(344.461764372909,15.2425724648885,10.5322105457879));
#9385=CARTESIAN_POINT('Ctrl Pts',(343.374676556283,15.1634346249881,11.8876266062798));
#9386=CARTESIAN_POINT('Ctrl Pts',(341.644950714699,15.0842967850877,11.7148634718011));
#9387=CARTESIAN_POINT('Ctrl Pts',(340.847607224435,15.0051589451872,10.1703399971017));
#9388=CARTESIAN_POINT('Ctrl Pts',(341.707952222906,14.9260211052868,8.66013518681135));
#9389=CARTESIAN_POINT('Ctrl Pts',(343.443147378093,14.8468832653864,8.5585251636587));
#9390=CARTESIAN_POINT('Ctrl Pts',(344.473884096512,14.767745425486,9.95807340485482));
#9391=CARTESIAN_POINT('Ctrl Pts',(343.862113167929,14.6886075855855,11.5849898078474));
#9392=CARTESIAN_POINT('Ctrl Pts',(342.164597579858,14.6094697456851,11.9586138316731));
#9393=CARTESIAN_POINT('Ctrl Pts',(340.926279479458,14.5303319057847,10.7388956404145));
#9394=CARTESIAN_POINT('Ctrl Pts',(341.274165822655,14.4511940658843,9.03592268729999));
#9395=CARTESIAN_POINT('Ctrl Pts',(342.891642216931,14.3720562259838,8.39959308481662));
#9396=CARTESIAN_POINT('Ctrl Pts',(344.306619187568,14.2929183860834,9.40904054337154));
#9397=CARTESIAN_POINT('Ctrl Pts',(344.231306277981,14.213780546183,11.1455519405663));
#9398=CARTESIAN_POINT('Ctrl Pts',(342.734246640614,14.1346427062826,12.0287034893761));
#9399=CARTESIAN_POINT('Ctrl Pts',(341.17793589116,14.0555048663821,11.2547261534779));
#9400=CARTESIAN_POINT('Ctrl Pts',(340.978794788092,13.9763670264817,9.52802789210668));
#9401=CARTESIAN_POINT('Ctrl Pts',(342.318064536991,13.8972291865813,8.42010161360691));
#9402=CARTESIAN_POINT('Ctrl Pts',(343.976856459002,13.8180913466809,8.93928697633472));
#9403=CARTESIAN_POINT('Ctrl Pts',(344.445480163785,13.7389535067805,10.6130659062069));
#9404=CARTESIAN_POINT('Ctrl Pts',(343.297434472552,13.65981566688,11.9181081188708));
#9405=CARTESIAN_POINT('Ctrl Pts',(341.577572288413,13.5806778269796,11.666675918095));
#9406=CARTESIAN_POINT('Ctrl Pts',(340.851164930457,13.5015399870792,10.0876013680426));
#9407=CARTESIAN_POINT('Ctrl Pts',(341.779326187158,13.4224021471788,8.61802293659889));
#9408=CARTESIAN_POINT('Ctrl Pts',(343.517323144039,13.3432643072783,8.59542509903702));
#9409=CARTESIAN_POINT('Ctrl Pts',(344.483379763931,13.2641264673779,10.0403744724059));
#9410=CARTESIAN_POINT('Ctrl Pts',(343.798274017161,13.1849886274775,11.6378018417106));
#9411=CARTESIAN_POINT('Ctrl Pts',(342.085530501363,13.1058507875771,11.9338655739188));
#9412=CARTESIAN_POINT('Ctrl Pts',(340.903941733673,13.0267129476767,10.6591138065096));
#9413=CARTESIAN_POINT('Ctrl Pts',(341.328888652586,12.9475751077762,8.97371646447034));
#9414=CARTESIAN_POINT('Ctrl Pts',(342.973620952947,12.8684372678758,8.41157791874278));
#9415=CARTESIAN_POINT('Ctrl Pts',(344.341244103348,12.7892994279754,9.48430854799347));
#9416=CARTESIAN_POINT('Ctrl Pts',(344.187064596878,12.710161588075,11.2156007718048));
#9417=CARTESIAN_POINT('Ctrl Pts',(342.651403420753,12.6310237481745,12.0297806269877));
#9418=CARTESIAN_POINT('Ctrl Pts',(341.131887906869,12.5518859082741,11.1858513127016));
#9419=CARTESIAN_POINT('Ctrl Pts',(341.011450987611,12.4727480683737,9.45188504056008));
#9420=CARTESIAN_POINT('Ctrl Pts',(342.399704036073,12.3936102284733,8.40598946361245));
#9421=CARTESIAN_POINT('Ctrl Pts',(344.033177978293,12.3144723885728,9.00004919506558));
#9422=CARTESIAN_POINT('Ctrl Pts',(344.425224676593,12.2353345486724,10.6934019258328));
#9423=CARTESIAN_POINT('Ctrl Pts',(343.219036789977,12.156196708772,11.9449029712282));
#9424=CARTESIAN_POINT('Ctrl Pts',(341.51238326901,12.0770588688716,11.6155432229038));
#9425=CARTESIAN_POINT('Ctrl Pts',(340.858514038915,11.9979210289712,10.0050777267263));
#9426=CARTESIAN_POINT('Ctrl Pts',(341.852524894046,11.9187831890707,8.57921430257757));
#9427=CARTESIAN_POINT('Ctrl Pts',(343.589752253054,11.8396453491703,8.63565176848177));
#9428=CARTESIAN_POINT('Ctrl Pts',(344.489120500812,11.7605075092699,10.1230255746825));
#9429=CARTESIAN_POINT('Ctrl Pts',(343.73210165468,11.6813696693694,11.687655419421));
#9430=CARTESIAN_POINT('Ctrl Pts',(342.007669458719,11.602231829469,11.9055491686878));
#9431=CARTESIAN_POINT('Ctrl Pts',(340.885254466058,11.5230939895686,10.578398586157));
#9432=CARTESIAN_POINT('Ctrl Pts',(341.386382711145,11.4439561496682,8.91406251239849));
#9433=CARTESIAN_POINT('Ctrl Pts',(343.054970167722,11.3648183097678,8.42727715503585));
#9434=CARTESIAN_POINT('Ctrl Pts',(344.372411383546,11.2856804698673,9.56107287184411));
#9435=CARTESIAN_POINT('Ctrl Pts',(344.139684152246,11.2065426299669,11.2835658675126));
#9436=CARTESIAN_POINT('Ctrl Pts',(342.568596875889,11.1274047900665,12.0270904831717));
#9437=CARTESIAN_POINT('Ctrl Pts',(341.089018689238,11.0482669501661,11.1149542676963));
#9438=CARTESIAN_POINT('Ctrl Pts',(341.047534989961,10.9691291102656,9.3773055156569));
#9439=CARTESIAN_POINT('Ctrl Pts',(342.481900686636,10.8899912703652,8.3956033563436));
#9440=CARTESIAN_POINT('Ctrl Pts',(344.086678927035,10.8108534304648,9.06330905352594));
#9441=CARTESIAN_POINT('Ctrl Pts',(344.401337931182,10.7317155905644,10.772734037508));
#9442=CARTESIAN_POINT('Ctrl Pts',(343.139502040291,10.6525777506639,11.9681060506534));
#9443=CARTESIAN_POINT('Ctrl Pts',(341.449586194619,10.5734399107635,11.561499790809));
#9444=CARTESIAN_POINT('Ctrl Pts',(340.869607246181,10.4943020708631,9.92297353642482));
#9445=CARTESIAN_POINT('Ctrl Pts',(341.927412115211,10.4151642309627,8.54377345736685));
#9446=CARTESIAN_POINT('Ctrl Pts',(343.660277930849,10.3360263910623,8.6791297059437));
#9447=CARTESIAN_POINT('Ctrl Pts',(344.491097398973,10.2568885511618,10.205851945976));
#9448=CARTESIAN_POINT('Ctrl Pts',(343.663732262124,10.1777507112614,11.7344497067339));
#9449=CARTESIAN_POINT('Ctrl Pts',(341.931174172792,10.098612871361,11.8737212042165));
#9450=CARTESIAN_POINT('Ctrl Pts',(340.870260280129,10.0194750314606,10.4969197066354));
#9451=CARTESIAN_POINT('Ctrl Pts',(341.44652015648,9.94033719156014,8.85707885550324));
#9452=CARTESIAN_POINT('Ctrl Pts',(343.135540819884,9.86119935165972,8.44666927717672));
#9453=CARTESIAN_POINT('Ctrl Pts',(344.400015984478,9.78206151175929,9.63915183199412));
#9454=CARTESIAN_POINT('Ctrl Pts',(344.089348559271,9.70292367185887,11.3493550819855));
#9455=CARTESIAN_POINT('Ctrl Pts',(342.485816970972,9.62378583195845,12.0205369001261));
#9456=CARTESIAN_POINT('Ctrl Pts',(341.049795130135,9.54464799205802,11.0423989289092));
#9457=CARTESIAN_POINT('Ctrl Pts',(341.086139176818,9.4655101521576,9.30400633449194));
#9458=CARTESIAN_POINT('Ctrl Pts',(342.566012756338,9.38637231225717,8.39005285494505));
#9459=CARTESIAN_POINT('Ctrl Pts',(343.609561128471,9.33361375232356,8.88198256442773));
#9460=CARTESIAN_POINT('Ctrl Pts',(343.912470526436,9.30723447235675,9.29413523051206));
#9461=CARTESIAN_POINT('Ctrl Pts',(341.3005175295,15.5335833345795,9.72848925781884));
#9462=CARTESIAN_POINT('Ctrl Pts',(341.45944212538,15.5072040546127,9.27480090096335));
#9463=CARTESIAN_POINT('Ctrl Pts',(342.262067158884,15.4544454946791,8.54579932296291));
#9464=CARTESIAN_POINT('Ctrl Pts',(343.843333038685,15.3753076547787,8.96034975861989));
#9465=CARTESIAN_POINT('Ctrl Pts',(344.3539128145,15.2961698148783,10.5126993678946));
#9466=CARTESIAN_POINT('Ctrl Pts',(343.33222874748,15.2170319749779,11.7865679293917));
#9467=CARTESIAN_POINT('Ctrl Pts',(341.706570446809,15.1378941350774,11.6241989476354));
#9468=CARTESIAN_POINT('Ctrl Pts',(340.957198475671,15.058756295177,10.1726004648789));
#9469=CARTESIAN_POINT('Ctrl Pts',(341.765781520789,14.9796184552766,8.75325589214873));
#9470=CARTESIAN_POINT('Ctrl Pts',(343.396580078282,14.9004806153762,8.65775915295547));
#9471=CARTESIAN_POINT('Ctrl Pts',(344.365303364842,14.8213427754757,9.97310471859031));
#9472=CARTESIAN_POINT('Ctrl Pts',(343.790339133949,14.7422049355753,11.5021390264795));
#9473=CARTESIAN_POINT('Ctrl Pts',(342.194953183225,14.6630670956749,11.8532842664134));
#9474=CARTESIAN_POINT('Ctrl Pts',(341.031137478799,14.5839292557745,10.7069494228034));
#9475=CARTESIAN_POINT('Ctrl Pts',(341.358093524614,14.504791415874,9.10643444494109));
#9476=CARTESIAN_POINT('Ctrl Pts',(342.878255774192,14.4256535759736,8.50838909268272));
#9477=CARTESIAN_POINT('Ctrl Pts',(344.208101812377,14.3465157360732,9.45710397028981));
#9478=CARTESIAN_POINT('Ctrl Pts',(344.137320042414,14.2673778961728,11.0891395791677));
#9479=CARTESIAN_POINT('Ctrl Pts',(342.730329774026,14.1882400562723,11.919157037171));
#9480=CARTESIAN_POINT('Ctrl Pts',(341.267653188263,14.1091022163719,11.1917454148281));
#9481=CARTESIAN_POINT('Ctrl Pts',(341.080493246829,14.0299643764715,9.56893254248084));
#9482=CARTESIAN_POINT('Ctrl Pts',(342.339186926368,13.9508265365711,8.52766374260758));
#9483=CARTESIAN_POINT('Ctrl Pts',(343.898178988737,13.8716886966707,9.0156127425098));
#9484=CARTESIAN_POINT('Ctrl Pts',(344.338608331503,13.7925508567702,10.5886901316671));
#9485=CARTESIAN_POINT('Ctrl Pts',(343.259633870559,13.7134130168698,11.8152155467015));
#9486=CARTESIAN_POINT('Ctrl Pts',(341.643245788446,13.6342751769694,11.5789105586965));
#9487=CARTESIAN_POINT('Ctrl Pts',(340.960542135219,13.555137337069,10.0948397377842));
#9488=CARTESIAN_POINT('Ctrl Pts',(341.832861328842,13.4759994971685,8.71367729103631));
#9489=CARTESIAN_POINT('Ctrl Pts',(343.466293119922,13.3968616572681,8.69243903389376));
#9490=CARTESIAN_POINT('Ctrl Pts',(344.374227733195,13.3177238173677,10.0504542097074));
#9491=CARTESIAN_POINT('Ctrl Pts',(343.730340813489,13.2385859774673,11.5517736675083));
#9492=CARTESIAN_POINT('Ctrl Pts',(342.120643110857,13.1594481375668,11.8300249673509));
#9493=CARTESIAN_POINT('Ctrl Pts',(341.010143665224,13.0803102976664,10.6319675977001));
#9494=CARTESIAN_POINT('Ctrl Pts',(341.409524000227,13.001172457766,9.04797080864375));
#9495=CARTESIAN_POINT('Ctrl Pts',(342.955302326587,12.9220346178656,8.51965286887538));
#9496=CARTESIAN_POINT('Ctrl Pts',(344.24064354841,12.8428967779651,9.52784353695815));
#9497=CARTESIAN_POINT('Ctrl Pts',(344.095740125879,12.7637589380647,11.1549739797517));
#9498=CARTESIAN_POINT('Ctrl Pts',(342.652470748749,12.6846210981643,11.920169369679));
#9499=CARTESIAN_POINT('Ctrl Pts',(341.224375643295,12.6054832582639,11.1270143725301));
#9500=CARTESIAN_POINT('Ctrl Pts',(341.111184712806,12.5263454183634,9.49737076333773));
#9501=CARTESIAN_POINT('Ctrl Pts',(342.415914651742,12.447207578463,8.51440063857844));
#9502=CARTESIAN_POINT('Ctrl Pts',(343.951111969873,12.3680697385626,9.07271925203424));
#9503=CARTESIAN_POINT('Ctrl Pts',(344.319571499135,12.2889318986622,10.6641928003606));
#9504=CARTESIAN_POINT('Ctrl Pts',(343.185952920452,12.2097940587618,11.8403983086762));
#9505=CARTESIAN_POINT('Ctrl Pts',(341.581978813093,12.1306562188613,11.5308542203018));
#9506=CARTESIAN_POINT('Ctrl Pts',(340.967449090576,12.0515183789609,10.0172810638704));
#9507=CARTESIAN_POINT('Ctrl Pts',(341.901656095382,11.9723805390605,8.67720354674819));
#9508=CARTESIAN_POINT('Ctrl Pts',(343.534364590816,11.8932426991601,8.73024549866357));
#9509=CARTESIAN_POINT('Ctrl Pts',(344.379623083335,11.8141048592596,10.1281326759969));
#9510=CARTESIAN_POINT('Ctrl Pts',(343.668149657089,11.7349670193592,11.5986278454796));
#9511=CARTESIAN_POINT('Ctrl Pts',(342.047466514179,11.6558291794588,11.8034121954872));
#9512=CARTESIAN_POINT('Ctrl Pts',(340.992580701785,11.5766913395584,10.5561085425814));
#9513=CARTESIAN_POINT('Ctrl Pts',(341.463558975764,11.497553499658,8.99190588782097));
#9514=CARTESIAN_POINT('Ctrl Pts',(343.031757232372,11.4184156597575,8.53440757345369));
#9515=CARTESIAN_POINT('Ctrl Pts',(344.26993567468,11.3392778198571,9.59998939803228));
#9516=CARTESIAN_POINT('Ctrl Pts',(344.051210286957,11.2601399799567,11.2188500110493));
#9517=CARTESIAN_POINT('Ctrl Pts',(342.574646191949,11.1810021400563,11.9176410761659));
#9518=CARTESIAN_POINT('Ctrl Pts',(341.18408561709,11.1018643001558,11.0603827902671));
#9519=CARTESIAN_POINT('Ctrl Pts',(341.14509775066,11.0227264602554,9.42727825456882));
#9520=CARTESIAN_POINT('Ctrl Pts',(342.493166008033,10.943588620355,8.504639402961));
#9521=CARTESIAN_POINT('Ctrl Pts',(344.001394077779,10.8644507804546,9.13217313283609));
#9522=CARTESIAN_POINT('Ctrl Pts',(344.29712188023,10.7853129405541,10.7387519604045));
#9523=CARTESIAN_POINT('Ctrl Pts',(343.111203313948,10.7061751006537,11.8622053938003));
#9524=CARTESIAN_POINT('Ctrl Pts',(341.522959873335,10.6270372607533,11.4800622671091));
#9525=CARTESIAN_POINT('Ctrl Pts',(340.977874884098,10.5478994208529,9.94011660504425));
#9526=CARTESIAN_POINT('Ctrl Pts',(341.972037788119,10.4687615809524,8.64389497101062));
#9527=CARTESIAN_POINT('Ctrl Pts',(343.600647148874,10.389623741052,8.77110762156874));
#9528=CARTESIAN_POINT('Ctrl Pts',(344.381481043035,10.3104859011516,10.2059758663863));
#9529=CARTESIAN_POINT('Ctrl Pts',(343.603893653132,10.2313480612512,11.6426067927585));
#9530=CARTESIAN_POINT('Ctrl Pts',(341.975573504582,10.1522102213508,11.7734991344734));
#9531=CARTESIAN_POINT('Ctrl Pts',(340.978488628792,10.0730723814503,10.4795317732234));
#9532=CARTESIAN_POINT('Ctrl Pts',(341.520078300874,9.99393454154991,8.93835060604894));
#9533=CARTESIAN_POINT('Ctrl Pts',(343.107480417127,9.91479670164949,8.55263298442233));
#9534=CARTESIAN_POINT('Ctrl Pts',(344.295879467369,9.83565886174906,9.67337080138779));
#9535=CARTESIAN_POINT('Ctrl Pts',(344.003903093775,9.75652102184864,11.2806810712274));
#9536=CARTESIAN_POINT('Ctrl Pts',(342.496846672325,9.67738318194822,11.9114817840856));
#9537=CARTESIAN_POINT('Ctrl Pts',(341.147221911347,9.59824534204779,10.9921926841117));
#9538=CARTESIAN_POINT('Ctrl Pts',(341.18137934818,9.51910750214737,9.35838905870401));
#9539=CARTESIAN_POINT('Ctrl Pts',(342.572217543838,9.43996966224695,8.49942284294062));
#9540=CARTESIAN_POINT('Ctrl Pts',(343.552981681441,9.38721110231333,8.96175600368903));
#9541=CARTESIAN_POINT('Ctrl Pts',(343.837666783158,9.36083182234652,9.34911184162376));
#9542=CARTESIAN_POINT('Ctrl Pts',(341.388130995082,15.5871806845693,9.7591797844781));
#9543=CARTESIAN_POINT('Ctrl Pts',(341.536881932772,15.5608014046025,9.3345345737861));
#9544=CARTESIAN_POINT('Ctrl Pts',(342.288126418792,15.5080428446689,8.65220049135471));
#9545=CARTESIAN_POINT('Ctrl Pts',(343.768166566487,15.4289050047685,9.04021321954576));
#9546=CARTESIAN_POINT('Ctrl Pts',(344.24606125609,15.3497671648681,10.4931881900012));
#9547=CARTESIAN_POINT('Ctrl Pts',(343.289780938677,15.2706293249676,11.6855092525035));
#9548=CARTESIAN_POINT('Ctrl Pts',(341.768190178918,15.1914914850672,11.5335344234698));
#9549=CARTESIAN_POINT('Ctrl Pts',(341.066789726906,15.1123536451668,10.1748609326562));
#9550=CARTESIAN_POINT('Ctrl Pts',(341.823610818671,15.0332158052664,8.8463765974861));
#9551=CARTESIAN_POINT('Ctrl Pts',(343.350012778472,14.9540779653659,8.75699314225223));
#9552=CARTESIAN_POINT('Ctrl Pts',(344.256722633172,14.8749401254655,9.98813603232581));
#9553=CARTESIAN_POINT('Ctrl Pts',(343.71856509997,14.7958022855651,11.4192882451117));
#9554=CARTESIAN_POINT('Ctrl Pts',(342.225308786593,14.7166644456647,11.7479547011537));
#9555=CARTESIAN_POINT('Ctrl Pts',(341.135995478139,14.6375266057642,10.6750032051923));
#9556=CARTESIAN_POINT('Ctrl Pts',(341.442021226573,14.5583887658638,9.17694620258219));
#9557=CARTESIAN_POINT('Ctrl Pts',(342.864869331453,14.4792509259634,8.61718510054885));
#9558=CARTESIAN_POINT('Ctrl Pts',(344.109584437185,14.400113086063,9.50516739720808));
#9559=CARTESIAN_POINT('Ctrl Pts',(344.043333806846,14.3209752461625,11.0327272177691));
#9560=CARTESIAN_POINT('Ctrl Pts',(342.726412907439,14.2418374062621,11.8096105849659));
#9561=CARTESIAN_POINT('Ctrl Pts',(341.357370485365,14.1626995663617,11.1287646761783));
#9562=CARTESIAN_POINT('Ctrl Pts',(341.182191705566,14.0835617264613,9.60983719285499));
#9563=CARTESIAN_POINT('Ctrl Pts',(342.360309315744,14.0044238865608,8.63522587160827));
#9564=CARTESIAN_POINT('Ctrl Pts',(343.819501518473,13.9252860466604,9.09193850868488));
#9565=CARTESIAN_POINT('Ctrl Pts',(344.23173649922,13.84614820676,10.5643143571272));
#9566=CARTESIAN_POINT('Ctrl Pts',(343.221833268565,13.7670103668596,11.7123229745321));
#9567=CARTESIAN_POINT('Ctrl Pts',(341.708919288479,13.6878725269592,11.4911451992979));
#9568=CARTESIAN_POINT('Ctrl Pts',(341.069919339981,13.6087346870587,10.1020781075258));
#9569=CARTESIAN_POINT('Ctrl Pts',(341.886396470526,13.5295968471583,8.80933164547375));
#9570=CARTESIAN_POINT('Ctrl Pts',(343.415263095805,13.4504590072579,8.7894529687505));
#9571=CARTESIAN_POINT('Ctrl Pts',(344.265075702459,13.3713211673575,10.0605339470089));
#9572=CARTESIAN_POINT('Ctrl Pts',(343.662407609816,13.292183327457,11.4657454933059));
#9573=CARTESIAN_POINT('Ctrl Pts',(342.155755720351,13.2130454875566,11.7261843607831));
#9574=CARTESIAN_POINT('Ctrl Pts',(341.116345596775,13.1339076476562,10.6048213888905));
#9575=CARTESIAN_POINT('Ctrl Pts',(341.490159347868,13.0547698077558,9.12222515281715));
#9576=CARTESIAN_POINT('Ctrl Pts',(342.936983700227,12.9756319678553,8.62772781900798));
#9577=CARTESIAN_POINT('Ctrl Pts',(344.140042993473,12.8964941279549,9.57137852592282));
#9578=CARTESIAN_POINT('Ctrl Pts',(344.004415654881,12.8173562880545,11.0943471876986));
#9579=CARTESIAN_POINT('Ctrl Pts',(342.653538076747,12.7382184481541,11.8105581123702));
#9580=CARTESIAN_POINT('Ctrl Pts',(341.31686337972,12.6590806082536,11.0681774323587));
#9581=CARTESIAN_POINT('Ctrl Pts',(341.210918438001,12.5799427683532,9.54285648611537));
#9582=CARTESIAN_POINT('Ctrl Pts',(342.432125267411,12.5008049284528,8.62281181354444));
#9583=CARTESIAN_POINT('Ctrl Pts',(343.869045961452,12.4216670885524,9.14538930900289));
#9584=CARTESIAN_POINT('Ctrl Pts',(344.213918321676,12.342529248652,10.6349836748884));
#9585=CARTESIAN_POINT('Ctrl Pts',(343.152869050927,12.2633914087515,11.7358936461242));
#9586=CARTESIAN_POINT('Ctrl Pts',(341.651574357175,12.1842535688511,11.4461652176997));
#9587=CARTESIAN_POINT('Ctrl Pts',(341.076384142237,12.1051157289507,10.0294844010146));
#9588=CARTESIAN_POINT('Ctrl Pts',(341.950787296719,12.0259778890503,8.77519279091882));
#9589=CARTESIAN_POINT('Ctrl Pts',(343.478976928579,11.9468400491498,8.82483922884535));
#9590=CARTESIAN_POINT('Ctrl Pts',(344.270125665859,11.8677022092494,10.1332397773114));
#9591=CARTESIAN_POINT('Ctrl Pts',(343.604197659497,11.788564369349,11.5096002715381));
#9592=CARTESIAN_POINT('Ctrl Pts',(342.087263569639,11.7094265294486,11.7012752222865));
#9593=CARTESIAN_POINT('Ctrl Pts',(341.099906937512,11.6302886895481,10.5338184990059));
#9594=CARTESIAN_POINT('Ctrl Pts',(341.540735240383,11.5511508496477,9.06974926324347));
#9595=CARTESIAN_POINT('Ctrl Pts',(343.008544297022,11.4720130097473,8.64153799187153));
#9596=CARTESIAN_POINT('Ctrl Pts',(344.167459965815,11.3928751698469,9.63890592422047));
#9597=CARTESIAN_POINT('Ctrl Pts',(343.962736421668,11.3137373299465,11.154134154586));
#9598=CARTESIAN_POINT('Ctrl Pts',(342.580695508009,11.234599490046,11.8081916691602));
#9599=CARTESIAN_POINT('Ctrl Pts',(341.279152544941,11.1554616501456,11.0058113128379));
#9600=CARTESIAN_POINT('Ctrl Pts',(341.242660511358,11.0763238102452,9.47725099348073));
#9601=CARTESIAN_POINT('Ctrl Pts',(342.504431329431,10.9971859703448,8.61367544957841));
#9602=CARTESIAN_POINT('Ctrl Pts',(343.916109228525,10.9180481304443,9.20103721214624));
#9603=CARTESIAN_POINT('Ctrl Pts',(344.192905829278,10.8389102905439,10.7047698833009));
#9604=CARTESIAN_POINT('Ctrl Pts',(343.082904587604,10.7597724506435,11.7563047369471));
#9605=CARTESIAN_POINT('Ctrl Pts',(341.596333552051,10.6806346107431,11.3986247434093));
#9606=CARTESIAN_POINT('Ctrl Pts',(341.086142522014,10.6014967708426,9.95725967366369));
#9607=CARTESIAN_POINT('Ctrl Pts',(342.016663461027,10.5223589309422,8.74401648465439));
#9608=CARTESIAN_POINT('Ctrl Pts',(343.541016366898,10.4432210910418,8.86308553719379));
#9609=CARTESIAN_POINT('Ctrl Pts',(344.271864687097,10.3640832511414,10.2060997867966));
#9610=CARTESIAN_POINT('Ctrl Pts',(343.54405504414,10.2849454112409,11.5507638787832));
#9611=CARTESIAN_POINT('Ctrl Pts',(342.019972836371,10.2058075713405,11.6732770647304));
#9612=CARTESIAN_POINT('Ctrl Pts',(341.086716977455,10.1266697314401,10.4621438398114));
#9613=CARTESIAN_POINT('Ctrl Pts',(341.593636445267,10.0475318915397,9.01962235659464));
#9614=CARTESIAN_POINT('Ctrl Pts',(343.07942001437,9.96839405163926,8.65859669166795));
#9615=CARTESIAN_POINT('Ctrl Pts',(344.191742950259,9.88925621173883,9.70758977078146));
#9616=CARTESIAN_POINT('Ctrl Pts',(343.918457628279,9.81011837183841,11.2120070604693));
#9617=CARTESIAN_POINT('Ctrl Pts',(342.507876373677,9.73098053193799,11.8024266680451));
#9618=CARTESIAN_POINT('Ctrl Pts',(341.24464869256,9.65184269203756,10.9419864393143));
#9619=CARTESIAN_POINT('Ctrl Pts',(341.276619519542,9.57270485213715,9.41277178291609));
#9620=CARTESIAN_POINT('Ctrl Pts',(342.578422331338,9.49356701223671,8.60879283093618));
#9621=CARTESIAN_POINT('Ctrl Pts',(343.496402234411,9.4408084523031,9.04152944295032));
#9622=CARTESIAN_POINT('Ctrl Pts',(343.762863039879,9.41442917233629,9.40408845273546));
#9623=CARTESIAN_POINT('Ctrl Pts',(341.475744460663,15.6407780345591,9.78987031113737));
#9624=CARTESIAN_POINT('Ctrl Pts',(341.614321740164,15.6143987545923,9.39426824660885));
#9625=CARTESIAN_POINT('Ctrl Pts',(342.314185678699,15.5616401946587,8.75860165974651));
#9626=CARTESIAN_POINT('Ctrl Pts',(343.693000094289,15.4825023547582,9.12007668047164));
#9627=CARTESIAN_POINT('Ctrl Pts',(344.13820969768,15.4033645148578,10.4736770121079));
#9628=CARTESIAN_POINT('Ctrl Pts',(343.247333129875,15.3242266749574,11.5844505756154));
#9629=CARTESIAN_POINT('Ctrl Pts',(341.829809911027,15.245088835057,11.4428698993041));
#9630=CARTESIAN_POINT('Ctrl Pts',(341.176380978143,15.1659509951566,10.1771214004334));
#9631=CARTESIAN_POINT('Ctrl Pts',(341.881440116554,15.0868131552561,8.93949730282348));
#9632=CARTESIAN_POINT('Ctrl Pts',(343.303445478662,15.0076753153557,8.85622713154899));
#9633=CARTESIAN_POINT('Ctrl Pts',(344.148141901502,14.9285374754553,10.0031673460613));
#9634=CARTESIAN_POINT('Ctrl Pts',(343.64679106599,14.8493996355549,11.3364374637438));
#9635=CARTESIAN_POINT('Ctrl Pts',(342.255664389959,14.7702617956544,11.642625135894));
#9636=CARTESIAN_POINT('Ctrl Pts',(341.24085347748,14.691123955754,10.6430569875812));
#9637=CARTESIAN_POINT('Ctrl Pts',(341.525948928532,14.6119861158536,9.24745796022328));
#9638=CARTESIAN_POINT('Ctrl Pts',(342.851482888714,14.5328482759532,8.72598110841496));
#9639=CARTESIAN_POINT('Ctrl Pts',(344.011067061994,14.4537104360527,9.55323082412636));
#9640=CARTESIAN_POINT('Ctrl Pts',(343.949347571279,14.3745725961523,10.9763148563705));
#9641=CARTESIAN_POINT('Ctrl Pts',(342.722496040851,14.2954347562519,11.7000641327607));
#9642=CARTESIAN_POINT('Ctrl Pts',(341.447087782468,14.2162969163515,11.0657839375285));
#9643=CARTESIAN_POINT('Ctrl Pts',(341.283890164303,14.137159076451,9.65074184322915));
#9644=CARTESIAN_POINT('Ctrl Pts',(342.381431705121,14.0580212365506,8.74278800060895));
#9645=CARTESIAN_POINT('Ctrl Pts',(343.740824048208,13.9788833966502,9.16826427485997));
#9646=CARTESIAN_POINT('Ctrl Pts',(344.124864666937,13.8997455567498,10.5399385825874));
#9647=CARTESIAN_POINT('Ctrl Pts',(343.184032666571,13.8206077168494,11.6094304023628));
#9648=CARTESIAN_POINT('Ctrl Pts',(341.774592788512,13.7414698769489,11.4033798398994));
#9649=CARTESIAN_POINT('Ctrl Pts',(341.179296544744,13.6623320370485,10.1093164772674));
#9650=CARTESIAN_POINT('Ctrl Pts',(341.939931612209,13.5831941971481,8.90498599991119));
#9651=CARTESIAN_POINT('Ctrl Pts',(343.364233071688,13.5040563572477,8.88646690360725));
#9652=CARTESIAN_POINT('Ctrl Pts',(344.155923671723,13.4249185173472,10.0706136843104));
#9653=CARTESIAN_POINT('Ctrl Pts',(343.594474406142,13.3457806774468,11.3797173191035));
#9654=CARTESIAN_POINT('Ctrl Pts',(342.190868329845,13.2666428375464,11.6223437542152));
#9655=CARTESIAN_POINT('Ctrl Pts',(341.222547528326,13.187504997646,10.577675180081));
#9656=CARTESIAN_POINT('Ctrl Pts',(341.57079469551,13.1083671577455,9.19647949699055));
#9657=CARTESIAN_POINT('Ctrl Pts',(342.918665073868,13.0292293178451,8.73580276914058));
#9658=CARTESIAN_POINT('Ctrl Pts',(344.039442438535,12.9500914779447,9.6149135148875));
#9659=CARTESIAN_POINT('Ctrl Pts',(343.913091183882,12.8709536380443,11.0337203956454));
#9660=CARTESIAN_POINT('Ctrl Pts',(342.654605404743,12.7918157981438,11.7009468550614));
#9661=CARTESIAN_POINT('Ctrl Pts',(341.409351116146,12.7126779582434,11.0093404921872));
#9662=CARTESIAN_POINT('Ctrl Pts',(341.310652163195,12.633540118343,9.58834220889302));
#9663=CARTESIAN_POINT('Ctrl Pts',(342.44833588308,12.5544022784426,8.73122298851044));
#9664=CARTESIAN_POINT('Ctrl Pts',(343.786979953032,12.4752644385422,9.21805936597155));
#9665=CARTESIAN_POINT('Ctrl Pts',(344.108265144218,12.3961265986417,10.6057745494162));
#9666=CARTESIAN_POINT('Ctrl Pts',(343.119785181402,12.3169887587413,11.6313889835721));
#9667=CARTESIAN_POINT('Ctrl Pts',(341.721169901258,12.2378509188409,11.3614762150976));
#9668=CARTESIAN_POINT('Ctrl Pts',(341.185319193898,12.1587130789405,10.0416877381588));
#9669=CARTESIAN_POINT('Ctrl Pts',(341.999918498055,12.07957523904,8.87318203508944));
#9670=CARTESIAN_POINT('Ctrl Pts',(343.423589266341,12.0004373991396,8.91943295902715));
#9671=CARTESIAN_POINT('Ctrl Pts',(344.160628248382,11.9212995592392,10.1383468786258));
#9672=CARTESIAN_POINT('Ctrl Pts',(343.540245661906,11.8421617193388,11.4205726975966));
#9673=CARTESIAN_POINT('Ctrl Pts',(342.127060625099,11.7630238794383,11.5991382490858));
#9674=CARTESIAN_POINT('Ctrl Pts',(341.207233173239,11.6838860395379,10.5115284554304));
#9675=CARTESIAN_POINT('Ctrl Pts',(341.617911505003,11.6047481996375,9.14759263866596));
#9676=CARTESIAN_POINT('Ctrl Pts',(342.985331361673,11.5256103597371,8.74866841028937));
#9677=CARTESIAN_POINT('Ctrl Pts',(344.064984256948,11.4464725198367,9.67782245040865));
#9678=CARTESIAN_POINT('Ctrl Pts',(343.874262556378,11.3673346799362,11.0894182981227));
#9679=CARTESIAN_POINT('Ctrl Pts',(342.586744824069,11.2881968400358,11.6987422621544));
#9680=CARTESIAN_POINT('Ctrl Pts',(341.374219472793,11.2090590001354,10.9512398354087));
#9681=CARTESIAN_POINT('Ctrl Pts',(341.340223272056,11.129921160235,9.52722373239265));
#9682=CARTESIAN_POINT('Ctrl Pts',(342.515696650828,11.0507833203345,8.72271149619582));
#9683=CARTESIAN_POINT('Ctrl Pts',(343.830824379269,10.9716454804341,9.2699012914564));
#9684=CARTESIAN_POINT('Ctrl Pts',(344.088689778326,10.8925076405337,10.6707878061974));
#9685=CARTESIAN_POINT('Ctrl Pts',(343.054605861261,10.8133698006333,11.6504040800939));
#9686=CARTESIAN_POINT('Ctrl Pts',(341.669707230767,10.7342319607328,11.3171872197094));
#9687=CARTESIAN_POINT('Ctrl Pts',(341.194410159931,10.6550941208324,9.97440274228313));
#9688=CARTESIAN_POINT('Ctrl Pts',(342.061289133935,10.575956280932,8.84413799829817));
#9689=CARTESIAN_POINT('Ctrl Pts',(343.481385584922,10.4968184410316,8.95506345281884));
#9690=CARTESIAN_POINT('Ctrl Pts',(344.162248331159,10.4176806011312,10.2062237072069));
#9691=CARTESIAN_POINT('Ctrl Pts',(343.484216435148,10.3385427612307,11.4589209648079));
#9692=CARTESIAN_POINT('Ctrl Pts',(342.064372168161,10.2594049213303,11.5730549949873));
#9693=CARTESIAN_POINT('Ctrl Pts',(341.194945326118,10.1802670814299,10.4447559063993));
#9694=CARTESIAN_POINT('Ctrl Pts',(341.667194589661,10.1011292415295,9.10089410714033));
#9695=CARTESIAN_POINT('Ctrl Pts',(343.051359611614,10.021991401629,8.76456039891356));
#9696=CARTESIAN_POINT('Ctrl Pts',(344.08760643315,9.9428535617286,9.74180874017513));
#9697=CARTESIAN_POINT('Ctrl Pts',(343.833012162783,9.86371572182818,11.1433330497111));
#9698=CARTESIAN_POINT('Ctrl Pts',(342.51890607503,9.78457788192776,11.6933715520046));
#9699=CARTESIAN_POINT('Ctrl Pts',(341.342075473773,9.70544004202733,10.8917801945168));
#9700=CARTESIAN_POINT('Ctrl Pts',(341.371859690903,9.62630220212692,9.46715450712815));
#9701=CARTESIAN_POINT('Ctrl Pts',(342.584627118838,9.54716436222648,8.71816281893175));
#9702=CARTESIAN_POINT('Ctrl Pts',(343.439822787381,9.49440580229287,9.12130288221162));
#9703=CARTESIAN_POINT('Ctrl Pts',(343.688059296601,9.46802652232606,9.45906506384716));
#9704=CARTESIAN_POINT('Ctrl Pts',(341.801127770648,9.43467714030629,8.94577888401427));
#9705=CARTESIAN_POINT('Ctrl Pts',(341.75733743587,9.43705064558182,8.97496155282516));
#9706=CARTESIAN_POINT('Ctrl Pts',(341.715119749233,9.43953467701092,9.00641196355281));
#9707=CARTESIAN_POINT('Ctrl Pts',(341.674618758883,9.44207112273044,9.0399237938646));
#9708=CARTESIAN_POINT('Ctrl Pts',(341.634202359696,9.44460227077967,9.07336563071013));
#9709=CARTESIAN_POINT('Ctrl Pts',(341.595494484449,9.44718561440095,9.10886005802925));
#9710=CARTESIAN_POINT('Ctrl Pts',(341.558626372754,9.44976340509187,9.14625204211332));
#9711=CARTESIAN_POINT('Ctrl Pts',(341.550822710504,9.45030903129781,9.15416658943481));
#9712=CARTESIAN_POINT('Ctrl Pts',(341.543101462169,9.45085440872266,9.16216633604076));
#9713=CARTESIAN_POINT('Ctrl Pts',(341.53546387254,9.4513989897412,9.17025011386225));
#9714=CARTESIAN_POINT('Ctrl Pts',(341.496139221332,9.4542029448697,9.21187211225815));
#9715=CARTESIAN_POINT('Ctrl Pts',(341.459184889848,9.45697198034031,9.25555097664386));
#9716=CARTESIAN_POINT('Ctrl Pts',(341.424786999697,9.45964414468321,9.3010669012326));
#9717=CARTESIAN_POINT('Ctrl Pts',(341.390389109547,9.4623163090261,9.34658282582133));
#9718=CARTESIAN_POINT('Ctrl Pts',(341.358546543817,9.46489160224128,9.39393547329286));
#9719=CARTESIAN_POINT('Ctrl Pts',(341.329436703196,9.46730807285892,9.44295980518525));
#9720=CARTESIAN_POINT('Ctrl Pts',(341.313279665571,9.46864930337946,9.47017012162926));
#9721=CARTESIAN_POINT('Ctrl Pts',(341.297964451367,9.4699416060523,9.49789644782785));
#9722=CARTESIAN_POINT('Ctrl Pts',(341.283468766208,9.47117438791722,9.52608787041056));
#9723=CARTESIAN_POINT('Ctrl Pts',(341.275431486051,9.47185791636802,9.54171889156053));
#9724=CARTESIAN_POINT('Ctrl Pts',(341.267650688508,9.47252326926553,9.55748592001414));
#9725=CARTESIAN_POINT('Ctrl Pts',(341.260123036879,9.47316902216158,9.57337987261904));
#9726=CARTESIAN_POINT('Ctrl Pts',(343.688059296601,9.46802652232606,9.45906506384717));
#9727=CARTESIAN_POINT('Ctrl Pts',(343.612729757511,9.46054484265743,9.30338610912566));
#9728=CARTESIAN_POINT('Ctrl Pts',(343.508407130136,9.45140596910541,9.16291097238201));
#9729=CARTESIAN_POINT('Ctrl Pts',(343.339435426222,9.43995816709177,9.00953811664261));
#9730=CARTESIAN_POINT('Ctrl Pts',(343.296221886681,9.43724730211796,8.97501512150021));
#9731=CARTESIAN_POINT('Ctrl Pts',(343.251045083573,9.43467714030643,8.94341165003301));
#9732=CARTESIAN_POINT('Ctrl Pts',(342.669534348329,15.042590650847,8.94526557897598));
#9733=CARTESIAN_POINT('Ctrl Pts',(342.855144434335,15.0309522056832,8.94474400206563));
#9734=CARTESIAN_POINT('Ctrl Pts',(343.040550518328,15.0193137605195,8.98304761805351));
#9735=CARTESIAN_POINT('Ctrl Pts',(343.207227322117,15.0076753153557,9.06126219584677));
#9736=CARTESIAN_POINT('Ctrl Pts',(343.585010952942,14.9812960353889,9.23854053638641));
#9737=CARTESIAN_POINT('Ctrl Pts',(343.866576427222,14.9549167554221,9.62085394122385));
#9738=CARTESIAN_POINT('Ctrl Pts',(343.923800691776,14.9285374754553,10.034222329923));
#9739=CARTESIAN_POINT('Ctrl Pts',(343.981024956331,14.9021581954885,10.4475907186221));
#9740=CARTESIAN_POINT('Ctrl Pts',(343.813908011161,14.8757789155216,10.892014091183));
#9741=CARTESIAN_POINT('Ctrl Pts',(343.49849509257,14.8493996355548,11.1652570561551));
#9742=CARTESIAN_POINT('Ctrl Pts',(343.18308217398,14.823020355588,11.4385000211272));
#9743=CARTESIAN_POINT('Ctrl Pts',(342.71937328197,14.7966410756212,11.5405625785106));
#9744=CARTESIAN_POINT('Ctrl Pts',(342.318383683885,14.7702617956544,11.4249991658168));
#9745=CARTESIAN_POINT('Ctrl Pts',(341.9173940858,14.7438825156876,11.3094357531231));
#9746=CARTESIAN_POINT('Ctrl Pts',(341.57912378164,14.7175032357208,10.9762463703522));
#9747=CARTESIAN_POINT('Ctrl Pts',(341.457504538069,14.691123955754,10.5770518410737));
#9748=CARTESIAN_POINT('Ctrl Pts',(341.335885294497,14.6647446757872,10.1778573117952));
#9749=CARTESIAN_POINT('Ctrl Pts',(341.430917111515,14.6383653958204,9.71265763600926));
#9750=CARTESIAN_POINT('Ctrl Pts',(341.69935534672,14.6119861158536,9.39314498948154));
#9751=CARTESIAN_POINT('Ctrl Pts',(341.934747116082,14.5888542941847,9.11296639591396));
#9752=CARTESIAN_POINT('Ctrl Pts',(342.303478429116,14.5657224725158,8.94481273315996));
#9753=CARTESIAN_POINT('Ctrl Pts',(342.669975238927,14.542590650847,8.94202009400542));
#9754=CARTESIAN_POINT('Origin',(359.999999999998,-6.1139896755336,10.2079116500308));
#9755=CARTESIAN_POINT('',(300.,-21.7139896755336,10.2079116500319));
#9756=CARTESIAN_POINT('Origin',(300.,-6.1139896755336,10.2079116500375));
#9757=CARTESIAN_POINT('',(359.999999999998,-21.7139896755336,10.2079116500308));
#9758=CARTESIAN_POINT('',(359.999999999998,-21.7139896755336,10.2079116500308));
#9759=CARTESIAN_POINT('Origin',(359.999999999998,-6.1139896755336,10.2079116500308));
#9760=CARTESIAN_POINT('',(313.425758218339,9.43467714030635,8.94341165003337));
#9761=CARTESIAN_POINT('Ctrl Pts',(313.862772431367,9.46802652232606,9.45906506384773));
#9762=CARTESIAN_POINT('Ctrl Pts',(313.787442892277,9.46054484265744,9.3033861091264));
#9763=CARTESIAN_POINT('Ctrl Pts',(313.683120264902,9.45140596910541,9.16291097238265));
#9764=CARTESIAN_POINT('Ctrl Pts',(313.514148560988,9.43995816709177,9.00953811664321));
#9765=CARTESIAN_POINT('Ctrl Pts',(313.470935021447,9.43724730211796,8.9750151215008));
#9766=CARTESIAN_POINT('Ctrl Pts',(313.425758218338,9.43467714030643,8.94341165003359));
#9767=CARTESIAN_POINT('',(311.975315089831,9.43467714030628,8.9446762992348));
#9768=CARTESIAN_POINT('',(359.999999999998,9.43467714030628,8.94341165003081));
#9769=CARTESIAN_POINT('Ctrl Pts',(311.975863005531,9.43467714030628,8.94577017447771));
#9770=CARTESIAN_POINT('Ctrl Pts',(311.932071853975,9.43705063512546,8.97495340908693));
#9771=CARTESIAN_POINT('Ctrl Pts',(311.889853298227,9.43953465512437,9.00640438045339));
#9772=CARTESIAN_POINT('Ctrl Pts',(311.849351422026,9.4420710892079,9.0399167455442));
#9773=CARTESIAN_POINT('Ctrl Pts',(311.808933911455,9.44460223988536,9.07335930419516));
#9774=CARTESIAN_POINT('Ctrl Pts',(311.770224927326,9.4471855865172,9.1088544506702));
#9775=CARTESIAN_POINT('Ctrl Pts',(311.733355746454,9.4497633803896,9.14624712757854));
#9776=CARTESIAN_POINT('Ctrl Pts',(311.725551749652,9.4503090148371,9.15416193132742));
#9777=CARTESIAN_POINT('Ctrl Pts',(311.717830170832,9.45085440050425,9.16216193554441));
#9778=CARTESIAN_POINT('Ctrl Pts',(311.71019225519,9.45139898974107,9.17024597188742));
#9779=CARTESIAN_POINT('Ctrl Pts',(311.670866518858,9.45420294486959,9.21186867323875));
#9780=CARTESIAN_POINT('Ctrl Pts',(311.633911158254,9.45697198034023,9.25554819467385));
#9781=CARTESIAN_POINT('Ctrl Pts',(311.599512342592,9.45964414468314,9.30106470067361));
#9782=CARTESIAN_POINT('Ctrl Pts',(311.56511352693,9.46231630902606,9.34658120667337));
#9783=CARTESIAN_POINT('Ctrl Pts',(311.533270139215,9.46489160224126,9.39393435997213));
#9784=CARTESIAN_POINT('Ctrl Pts',(311.504159627637,9.46730807285891,9.44295909235353));
#9785=CARTESIAN_POINT('Ctrl Pts',(311.488002217605,9.46864930337954,9.47016963108529));
#9786=CARTESIAN_POINT('Ctrl Pts',(311.472686677532,9.46994160605246,9.49789614711187));
#9787=CARTESIAN_POINT('Ctrl Pts',(311.458190708717,9.47117438791745,9.52608772969306));
#9788=CARTESIAN_POINT('Ctrl Pts',(311.450153271287,9.47185791636814,9.54171883955232));
#9789=CARTESIAN_POINT('Ctrl Pts',(311.44237232952,9.47252326926554,9.55748594750143));
#9790=CARTESIAN_POINT('Ctrl Pts',(311.434844545958,9.47316902216158,9.5733799708511));
#9791=CARTESIAN_POINT('',(312.500886032326,9.43467714030628,11.4729292926451));
#9792=CARTESIAN_POINT('Ctrl Pts',(311.336990958014,9.48247773540515,10.539881979317));
#9793=CARTESIAN_POINT('Ctrl Pts',(311.355611605709,9.48135925840048,10.592429718119));
#9794=CARTESIAN_POINT('Ctrl Pts',(311.377645440027,9.47999958189386,10.6435639924345));
#9795=CARTESIAN_POINT('Ctrl Pts',(311.402763538497,9.47845186180751,10.6931114189739));
#9796=CARTESIAN_POINT('Ctrl Pts',(311.428789628873,9.47684819332546,10.7444499310273));
#9797=CARTESIAN_POINT('Ctrl Pts',(311.458127184034,9.47504264039764,10.7940858767607));
#9798=CARTESIAN_POINT('Ctrl Pts',(311.490466531986,9.47309433442683,10.841827360809));
#9799=CARTESIAN_POINT('Ctrl Pts',(311.512619480311,9.47175971501656,10.8745310081007));
#9800=CARTESIAN_POINT('Ctrl Pts',(311.536182198019,9.4703581093163,10.90634571089));
#9801=CARTESIAN_POINT('Ctrl Pts',(311.561068654308,9.46890852456383,10.9372058968931));
#9802=CARTESIAN_POINT('Ctrl Pts',(311.597966399707,9.46675930699295,10.9829605544839));
#9803=CARTESIAN_POINT('Ctrl Pts',(311.6375746534,9.46452121385527,11.026386598851));
#9804=CARTESIAN_POINT('Ctrl Pts',(311.679536413903,9.4622638858866,11.0673019738042));
#9805=CARTESIAN_POINT('Ctrl Pts',(311.722280290608,9.45996448406888,11.1089799616047));
#9806=CARTESIAN_POINT('Ctrl Pts',(311.76746609703,9.45764512371019,11.1480540161164));
#9807=CARTESIAN_POINT('Ctrl Pts',(311.814771936284,9.4553794126337,11.1843287877744));
#9808=CARTESIAN_POINT('Ctrl Pts',(311.859593462066,9.45323268764096,11.2186985535104));
#9809=CARTESIAN_POINT('Ctrl Pts',(311.906318655741,9.45113412499995,11.2505563578083));
#9810=CARTESIAN_POINT('Ctrl Pts',(311.954719538987,9.44914633412316,11.2797174431181));
#9811=CARTESIAN_POINT('Ctrl Pts',(311.957402244767,9.44903615724791,11.2813337485836));
#9812=CARTESIAN_POINT('Ctrl Pts',(311.960090109782,9.44892632067786,11.2829417620416));
#9813=CARTESIAN_POINT('Ctrl Pts',(311.962783099182,9.44881683507404,11.2845414492468));
#9814=CARTESIAN_POINT('Ctrl Pts',(312.013950898811,9.44673656790411,11.314936100771));
#9815=CARTESIAN_POINT('Ctrl Pts',(312.06677596531,9.44479265409743,11.3422185613287));
#9816=CARTESIAN_POINT('Ctrl Pts',(312.120981380873,9.44303718961629,11.3661560033786));
#9817=CARTESIAN_POINT('Ctrl Pts',(312.171503359477,9.44140101474272,11.3884668172063));
#9818=CARTESIAN_POINT('Ctrl Pts',(312.223224841175,9.43992854788019,11.4078725754134));
#9819=CARTESIAN_POINT('Ctrl Pts',(312.275956827119,9.4386619700491,11.4241575174161));
#9820=CARTESIAN_POINT('Ctrl Pts',(312.303705786326,9.43799546345089,11.4327270826096));
#9821=CARTESIAN_POINT('Ctrl Pts',(312.331735141064,9.43738597043796,11.4404319173723));
#9822=CARTESIAN_POINT('Ctrl Pts',(312.360021156381,9.43683963760807,11.4472360232059));
#9823=CARTESIAN_POINT('Ctrl Pts',(312.362599833898,9.43678983150531,11.4478563154084));
#9824=CARTESIAN_POINT('Ctrl Pts',(312.365180248293,9.43674054395878,11.448468998189));
#9825=CARTESIAN_POINT('Ctrl Pts',(312.367762378323,9.43669177824589,11.4490740475442));
#9826=CARTESIAN_POINT('Ctrl Pts',(312.411547592199,9.43586485739215,11.4593338776531));
#9827=CARTESIAN_POINT('Ctrl Pts',(312.455825130407,9.43518798474205,11.4673996954942));
#9828=CARTESIAN_POINT('Ctrl Pts',(312.50041163978,9.43467714030629,11.4733546218538));
#9829=CARTESIAN_POINT('',(312.910611813678,9.43467714030628,11.4713122936922));
#9830=CARTESIAN_POINT('',(359.999999999998,9.43467714030628,11.4724116500308));
#9831=CARTESIAN_POINT('Ctrl Pts',(312.910306059147,9.43467714030628,11.4703736284147));
#9832=CARTESIAN_POINT('Ctrl Pts',(312.917027507249,9.43475472076604,11.4693977454299));
#9833=CARTESIAN_POINT('Ctrl Pts',(312.923744095614,9.43483634531425,11.4683768321354));
#9834=CARTESIAN_POINT('Ctrl Pts',(312.930455167244,9.43492161985436,11.4673102067517));
#9835=CARTESIAN_POINT('Origin',(342.669143676758,7.98601032446641,10.2079116500311));
#9836=CARTESIAN_POINT('Origin',(312.843856811523,16.5902220480551,10.2079116500317));
#9837=CARTESIAN_POINT('Ctrl Pts',(312.843683173533,15.3402220480551,8.66721280843758));
#9838=CARTESIAN_POINT('Ctrl Pts',(313.115907253561,15.3262317319647,8.66764273971423));
#9839=CARTESIAN_POINT('Ctrl Pts',(313.898385729007,15.2860442385571,8.86538437995336));
#9840=CARTESIAN_POINT('Ctrl Pts',(314.658879955108,15.2196595678326,10.1066147953871));
#9841=CARTESIAN_POINT('Ctrl Pts',(313.927833293702,15.1410680358816,11.6670562890035));
#9842=CARTESIAN_POINT('Ctrl Pts',(312.222862043461,15.0624765039305,11.9162960999671));
#9843=CARTESIAN_POINT('Ctrl Pts',(311.075854654278,14.9838849719794,10.6303217886799));
#9844=CARTESIAN_POINT('Ctrl Pts',(311.49232602243,14.9098001533543,9.06027284102173));
#9845=CARTESIAN_POINT('Ctrl Pts',(312.425222377489,14.8619125120462,8.6675498259528));
#9846=CARTESIAN_POINT('Ctrl Pts',(312.84507019743,14.8402220480551,8.66392851703136));
#9847=CARTESIAN_POINT('Ctrl Pts',(312.842329847166,15.3817986008777,8.66544934869768));
#9848=CARTESIAN_POINT('Ctrl Pts',(313.230520809031,15.3617691688481,8.66889979101518));
#9849=CARTESIAN_POINT('Ctrl Pts',(314.136805665704,15.3153604568517,9.0130231031718));
#9850=CARTESIAN_POINT('Ctrl Pts',(314.636460548945,15.2425724648885,10.5322085757365));
#9851=CARTESIAN_POINT('Ctrl Pts',(313.549390991353,15.1634346249881,11.8876190870921));
#9852=CARTESIAN_POINT('Ctrl Pts',(311.819665815979,15.0842967850877,11.7148574998192));
#9853=CARTESIAN_POINT('Ctrl Pts',(311.022329289369,15.0051589451872,10.1703398443609));
#9854=CARTESIAN_POINT('Ctrl Pts',(311.756142542201,14.9376595504506,8.88223993404998));
#9855=CARTESIAN_POINT('Ctrl Pts',(312.55747073267,14.8965394356807,8.66798657693163));
#9856=CARTESIAN_POINT('Ctrl Pts',(312.844333424915,14.8817986008777,8.66718044349012));
#9857=CARTESIAN_POINT('Origin',(312.843856811523,9.43467714030628,10.2079116500317));
#9858=CARTESIAN_POINT('Ctrl Pts',(312.50041163978,9.43467714030628,11.4733546218538));
#9859=CARTESIAN_POINT('Ctrl Pts',(312.553031281284,9.43467714030628,11.481433153473));
#9860=CARTESIAN_POINT('Ctrl Pts',(312.606135623389,9.43467714030628,11.4861575711328));
#9861=CARTESIAN_POINT('Ctrl Pts',(312.659404259551,9.43467714030628,11.4876109967891));
#9862=CARTESIAN_POINT('Ctrl Pts',(312.71260401156,9.43467714030628,11.4890625429531));
#9863=CARTESIAN_POINT('Ctrl Pts',(312.76596881078,9.43467714030628,11.4872511368878));
#9864=CARTESIAN_POINT('Ctrl Pts',(312.819166132019,9.43467714030628,11.4822103376062));
#9865=CARTESIAN_POINT('Ctrl Pts',(312.849623556777,9.43467714030628,11.479324294451));
#9866=CARTESIAN_POINT('Ctrl Pts',(312.8800257411,9.43467714030628,11.4753787907905));
#9867=CARTESIAN_POINT('Ctrl Pts',(312.910306059148,9.43467714030628,11.4703736284147));
#9868=CARTESIAN_POINT('Origin',(312.843856811523,9.43467714030628,10.2079116500317));
#9869=CARTESIAN_POINT('Ctrl Pts',(313.423103290049,9.43467714030628,8.94560374075057));
#9870=CARTESIAN_POINT('Ctrl Pts',(313.372679693853,9.43467714030628,8.91598848195504));
#9871=CARTESIAN_POINT('Ctrl Pts',(313.320579334345,9.43467714030628,8.88947453405044));
#9872=CARTESIAN_POINT('Ctrl Pts',(313.267137105151,9.43467714030628,8.86619048847654));
#9873=CARTESIAN_POINT('Ctrl Pts',(313.214808272359,9.43467714030628,8.84339153442977));
#9874=CARTESIAN_POINT('Ctrl Pts',(313.161191819913,9.43467714030628,8.82368873088799));
#9875=CARTESIAN_POINT('Ctrl Pts',(313.10656781417,9.43467714030628,8.8072418168275));
#9876=CARTESIAN_POINT('Ctrl Pts',(313.076349246512,9.43467714030628,8.7981432130445));
#9877=CARTESIAN_POINT('Ctrl Pts',(313.045821805184,9.43467714030628,8.79004179016251));
#9878=CARTESIAN_POINT('Ctrl Pts',(313.015030055315,9.43467714030628,8.78297087685926));
#9879=CARTESIAN_POINT('Ctrl Pts',(313.002236296313,9.43467714030628,8.78003296131034));
#9880=CARTESIAN_POINT('Ctrl Pts',(312.989393291216,9.43467714030628,8.77727243580019));
#9881=CARTESIAN_POINT('Ctrl Pts',(312.976530428048,9.43467714030628,8.77469675246754));
#9882=CARTESIAN_POINT('Ctrl Pts',(312.918865100903,9.43467714030628,8.76314974150587));
#9883=CARTESIAN_POINT('Ctrl Pts',(312.860703942056,9.43467714030628,8.75528945833586));
#9884=CARTESIAN_POINT('Ctrl Pts',(312.802360181927,9.43467714030628,8.75125150034755));
#9885=CARTESIAN_POINT('Ctrl Pts',(312.788188128384,9.43467714030628,8.75027065583757));
#9886=CARTESIAN_POINT('Ctrl Pts',(312.774005167311,9.43467714030628,8.74951554210959));
#9887=CARTESIAN_POINT('Ctrl Pts',(312.759815558564,9.43467714030628,8.74898850796184));
#9888=CARTESIAN_POINT('Ctrl Pts',(312.703266307922,9.43467714030628,8.74688814095044));
#9889=CARTESIAN_POINT('Ctrl Pts',(312.646612305779,9.43467714030628,8.74840607007811));
#9890=CARTESIAN_POINT('Ctrl Pts',(312.590104682849,9.43467714030628,8.75334692458124));
#9891=CARTESIAN_POINT('Ctrl Pts',(312.560894564992,9.43467714030628,8.75590096835212));
#9892=CARTESIAN_POINT('Ctrl Pts',(312.531723375681,9.43467714030628,8.75937050597371));
#9893=CARTESIAN_POINT('Ctrl Pts',(312.502625254623,9.43467714030628,8.76373382513355));
#9894=CARTESIAN_POINT('Ctrl Pts',(312.486565396434,9.43467714030628,8.76614203172536));
#9895=CARTESIAN_POINT('Ctrl Pts',(312.47052779454,9.43467714030628,8.7688225607494));
#9896=CARTESIAN_POINT('Ctrl Pts',(312.454518211671,9.43467714030628,8.77177220734302));
#9897=CARTESIAN_POINT('Ctrl Pts',(312.441388839009,9.43467714030628,8.77419119662366));
#9898=CARTESIAN_POINT('Ctrl Pts',(312.428274809807,9.43467714030628,8.77679207644462));
#9899=CARTESIAN_POINT('Ctrl Pts',(312.415205284161,9.43467714030628,8.77956728674686));
#9900=CARTESIAN_POINT('Ctrl Pts',(312.357792233809,9.43467714030628,8.79175849346164));
#9901=CARTESIAN_POINT('Ctrl Pts',(312.301142084475,9.43467714030628,8.8073255353701));
#9902=CARTESIAN_POINT('Ctrl Pts',(312.245520950569,9.43467714030628,8.82603949323879));
#9903=CARTESIAN_POINT('Ctrl Pts',(312.188245526189,9.43467714030628,8.84531004389983));
#9904=CARTESIAN_POINT('Ctrl Pts',(312.132060264575,9.43467714030628,8.8679175949101));
#9905=CARTESIAN_POINT('Ctrl Pts',(312.077252303798,9.43467714030628,8.89366741644312));
#9906=CARTESIAN_POINT('Ctrl Pts',(312.042890238108,9.43467714030628,8.90981136791436));
#9907=CARTESIAN_POINT('Ctrl Pts',(312.009069530486,9.43467714030628,8.92719154963031));
#9908=CARTESIAN_POINT('Ctrl Pts',(311.975863005531,9.43467714030628,8.94577017447771));
#9909=CARTESIAN_POINT('Ctrl Pts',(313.195041279347,15.4518251776186,11.4226666539562));
#9910=CARTESIAN_POINT('Ctrl Pts',(312.79513975425,15.4256280003016,11.5382777885628));
#9911=CARTESIAN_POINT('Ctrl Pts',(311.878656494059,15.3732336456676,11.3414084530446));
#9912=CARTESIAN_POINT('Ctrl Pts',(311.364712639194,15.2946421137165,10.0250128854875));
#9913=CARTESIAN_POINT('Ctrl Pts',(312.182618311836,15.2160505817654,8.87327227121643));
#9914=CARTESIAN_POINT('Ctrl Pts',(313.593451009844,15.1374590498144,8.92065752089779));
#9915=CARTESIAN_POINT('Ctrl Pts',(314.331281805083,15.0588675178633,10.1248981226836));
#9916=CARTESIAN_POINT('Ctrl Pts',(313.73218361756,14.9802759859123,11.4036915566939));
#9917=CARTESIAN_POINT('Ctrl Pts',(312.334946970814,14.9016844539612,11.6079454393663));
#9918=CARTESIAN_POINT('Ctrl Pts',(311.394965866716,14.8230929220101,10.5540799068825));
#9919=CARTESIAN_POINT('Ctrl Pts',(311.757029236893,14.7445013900591,9.18914282644738));
#9920=CARTESIAN_POINT('Ctrl Pts',(313.095731342236,14.665909858108,8.73969736836566));
#9921=CARTESIAN_POINT('Ctrl Pts',(314.208098981779,14.5873183261569,9.60963109244554));
#9922=CARTESIAN_POINT('Ctrl Pts',(314.094517443672,14.5087267942059,11.0171958026317));
#9923=CARTESIAN_POINT('Ctrl Pts',(312.857059140375,14.4301352622548,11.6975155690163));
#9924=CARTESIAN_POINT('Ctrl Pts',(311.60773610909,14.3515437303038,11.0392358101349));
#9925=CARTESIAN_POINT('Ctrl Pts',(311.469225790623,14.2729521983527,9.6339051535684));
#9926=CARTESIAN_POINT('Ctrl Pts',(312.565996874603,14.1943606664016,8.74439263275007));
#9927=CARTESIAN_POINT('Ctrl Pts',(313.912460686975,14.1157691344506,9.17003891579336));
#9928=CARTESIAN_POINT('Ctrl Pts',(314.298647372444,14.0371776024995,10.5283464254377));
#9929=CARTESIAN_POINT('Ctrl Pts',(313.3775189179,13.9585860705484,11.5987023589608));
#9930=CARTESIAN_POINT('Ctrl Pts',(311.976826880583,13.8799945385974,11.4192551754853));
#9931=CARTESIAN_POINT('Ctrl Pts',(311.355271997258,13.8014030066463,10.1512610944738));
#9932=CARTESIAN_POINT('Ctrl Pts',(312.071400723772,13.7228114746953,8.93417477403197));
#9933=CARTESIAN_POINT('Ctrl Pts',(313.481679921856,13.6442199427442,8.86170374769152));
#9934=CARTESIAN_POINT('Ctrl Pts',(314.318793577478,13.5656284107931,9.99897249006502));
#9935=CARTESIAN_POINT('Ctrl Pts',(313.830488136367,13.4870368788421,11.3239997582002));
#9936=CARTESIAN_POINT('Ctrl Pts',(312.455568414617,13.408445346891,11.6460792887747));
#9937=CARTESIAN_POINT('Ctrl Pts',(311.429575418629,13.32985381494,10.67578148021));
#9938=CARTESIAN_POINT('Ctrl Pts',(311.674494918571,13.2512622829889,9.28504286216755));
#9939=CARTESIAN_POINT('Ctrl Pts',(312.970235457047,13.1726707510378,8.72361973997797));
#9940=CARTESIAN_POINT('Ctrl Pts',(314.152408638537,13.0940792190868,9.49602250675601));
#9941=CARTESIAN_POINT('Ctrl Pts',(314.158680845225,13.0154876871357,10.9081486075667));
#9942=CARTESIAN_POINT('Ctrl Pts',(312.983415698167,12.9368961551847,11.6910223517172));
#9943=CARTESIAN_POINT('Ctrl Pts',(311.682739063801,12.8583046232336,11.1411316735093));
#9944=CARTESIAN_POINT('Ctrl Pts',(311.425475050336,12.7797130912825,9.75262359195438));
#9945=CARTESIAN_POINT('Ctrl Pts',(312.442808237529,12.7011215593315,8.7732499904087));
#9946=CARTESIAN_POINT('Ctrl Pts',(313.820534799572,12.6225300273804,9.08310315790624));
#9947=CARTESIAN_POINT('Ctrl Pts',(314.320591425654,12.5439384954294,10.4037404419015));
#9948=CARTESIAN_POINT('Ctrl Pts',(313.493613358546,12.4653469634783,11.5484005406598));
#9949=CARTESIAN_POINT('Ctrl Pts',(312.082746032138,12.3867554315272,11.4884601332214));
#9950=CARTESIAN_POINT('Ctrl Pts',(311.355833967524,12.3081638995762,10.2777833326325));
#9951=CARTESIAN_POINT('Ctrl Pts',(311.966100512628,12.2295723676251,9.00431789961394));
#9952=CARTESIAN_POINT('Ctrl Pts',(313.365143219444,12.150980835674,8.81243520192785));
#9953=CARTESIAN_POINT('Ctrl Pts',(314.295743498095,12.072389303723,9.87456635510159));
#9954=CARTESIAN_POINT('Ctrl Pts',(313.921638120614,11.9937977717719,11.236250838272));
#9955=CARTESIAN_POINT('Ctrl Pts',(312.579008557982,11.9152062398209,11.673841197756));
#9956=CARTESIAN_POINT('Ctrl Pts',(311.474378983647,11.8366147078698,10.7941065964867));
#9957=CARTESIAN_POINT('Ctrl Pts',(311.600400178757,11.7580231759187,9.38760095357197));
#9958=CARTESIAN_POINT('Ctrl Pts',(312.843826001192,11.6794316439677,8.71824926031227));
#9959=CARTESIAN_POINT('Ctrl Pts',(314.087279510644,11.6008401120166,9.38754951803943));
#9960=CARTESIAN_POINT('Ctrl Pts',(314.213358886491,11.5222485800656,10.7940499468213));
#9961=CARTESIAN_POINT('Ctrl Pts',(313.108765703776,11.4436570481145,11.6738302409106));
#9962=CARTESIAN_POINT('Ctrl Pts',(311.766118041151,11.3650655161634,11.2362954203896));
#9963=CARTESIAN_POINT('Ctrl Pts',(311.391956337175,11.2864739842124,9.87462641341668));
#9964=CARTESIAN_POINT('Ctrl Pts',(312.322512679471,11.2078824522613,8.81245676645219));
#9965=CARTESIAN_POINT('Ctrl Pts',(313.72156332231,11.1292909203103,9.00428159169941));
#9966=CARTESIAN_POINT('Ctrl Pts',(314.331882544684,11.0506993883592,10.2777217799325));
#9967=CARTESIAN_POINT('Ctrl Pts',(313.605020560488,10.9721078564081,11.4884286479548));
#9968=CARTESIAN_POINT('Ctrl Pts',(312.194155715768,10.8935163244571,11.5484274179281));
#9969=CARTESIAN_POINT('Ctrl Pts',(311.367130297772,10.814924792506,10.4038015257481));
#9970=CARTESIAN_POINT('Ctrl Pts',(311.867132299061,10.7363332605549,9.08314356362988));
#9971=CARTESIAN_POINT('Ctrl Pts',(313.244846033248,10.6577417286039,8.77323339370849));
#9972=CARTESIAN_POINT('Ctrl Pts',(314.262219751728,10.5791501966528,9.75256493779542));
#9973=CARTESIAN_POINT('Ctrl Pts',(314.005013133068,10.5005586647018,11.1410836055358));
#9974=CARTESIAN_POINT('Ctrl Pts',(312.704359334226,10.4219671327507,11.6910282010768));
#9975=CARTESIAN_POINT('Ctrl Pts',(311.529061619269,10.3433756007996,10.9082028318738));
#9976=CARTESIAN_POINT('Ctrl Pts',(311.535275801677,10.2647840688486,9.49607698023367));
#9977=CARTESIAN_POINT('Ctrl Pts',(312.717416212771,10.1861925368975,8.723624245357));
#9978=CARTESIAN_POINT('Ctrl Pts',(314.013181695822,10.1076010049464,9.28499601408835));
#9979=CARTESIAN_POINT('Ctrl Pts',(314.258155101029,10.0290094729954,10.6757197743586));
#9980=CARTESIAN_POINT('Ctrl Pts',(313.232209865591,9.95041794104433,11.6460699644713));
#9981=CARTESIAN_POINT('Ctrl Pts',(311.857260785011,9.87182640909327,11.3240263922152));
#9982=CARTESIAN_POINT('Ctrl Pts',(311.368934278528,9.79323487714221,9.99906332908343));
#9983=CARTESIAN_POINT('Ctrl Pts',(312.205929932075,9.71464334519114,8.86166737291648));
#9984=CARTESIAN_POINT('Ctrl Pts',(313.616361734539,9.63605181324008,8.93427481048725));
#9985=CARTESIAN_POINT('Ctrl Pts',(314.332228650679,9.55746028128903,10.1509213581884));
#9986=CARTESIAN_POINT('Ctrl Pts',(313.711406759595,9.47886874933796,11.4198013018606));
#9987=CARTESIAN_POINT('Ctrl Pts',(312.309453259072,9.4002772173869,11.597458158214));
#9988=CARTESIAN_POINT('Ctrl Pts',(311.698529520279,9.34788286275286,10.8864931190901));
#9989=CARTESIAN_POINT('Ctrl Pts',(311.60896901388,9.32168568543584,10.4799638090604));
#9990=CARTESIAN_POINT('Ctrl Pts',(313.220823505335,15.5054225276084,11.5118479558128));
#9991=CARTESIAN_POINT('Ctrl Pts',(312.791563188954,15.4792253502914,11.6359466878856));
#9992=CARTESIAN_POINT('Ctrl Pts',(311.807796262501,15.4268309956573,11.4246241798507));
#9993=CARTESIAN_POINT('Ctrl Pts',(311.256121192774,15.3482394637063,10.0115853631663));
#9994=CARTESIAN_POINT('Ctrl Pts',(312.134073452955,15.2696479317552,8.77528965173572));
#9995=CARTESIAN_POINT('Ctrl Pts',(313.648482506939,15.1910563998041,8.82615369198946));
#9996=CARTESIAN_POINT('Ctrl Pts',(314.440481188425,15.1124648678531,10.1188036802515));
#9997=CARTESIAN_POINT('Ctrl Pts',(313.797400176274,15.033873335902,11.4914798007971));
#9998=CARTESIAN_POINT('Ctrl Pts',(312.297585328363,14.9552818039509,11.7107289928999));
#9999=CARTESIAN_POINT('Ctrl Pts',(311.28859546257,14.8766902719999,10.5794938674816));
#10000=CARTESIAN_POINT('Ctrl Pts',(311.677239733918,14.7980987400488,9.11434986022403));
#10001=CARTESIAN_POINT('Ctrl Pts',(313.114222724021,14.7195072080978,8.6319083404379));
#10002=CARTESIAN_POINT('Ctrl Pts',(314.308254891734,14.6409156761467,9.56570829416223));
#10003=CARTESIAN_POINT('Ctrl Pts',(314.186334759094,14.5623241441957,11.0766094408284));
#10004=CARTESIAN_POINT('Ctrl Pts',(312.858028390035,14.4837326122446,11.8068749182814));
#10005=CARTESIAN_POINT('Ctrl Pts',(311.516986243365,14.4051410802935,11.1002675166299));
#10006=CARTESIAN_POINT('Ctrl Pts',(311.368307182657,14.3265495483425,9.59176443674619));
#10007=CARTESIAN_POINT('Ctrl Pts',(312.545597772868,14.2479580163914,8.63694830790153));
#10008=CARTESIAN_POINT('Ctrl Pts',(313.990912296126,14.1693664844403,9.09384343497476));
#10009=CARTESIAN_POINT('Ctrl Pts',(314.405450897215,14.0907749524893,10.5518711611569));
#10010=CARTESIAN_POINT('Ctrl Pts',(313.416697749223,14.0121834205382,11.7008073312652));
#10011=CARTESIAN_POINT('Ctrl Pts',(311.913173833063,13.9335918885872,11.5081860234723));
#10012=CARTESIAN_POINT('Ctrl Pts',(311.245987465619,13.8550003566361,10.1471020909882));
#10013=CARTESIAN_POINT('Ctrl Pts',(312.014690819874,13.776408824685,8.8406633149662));
#10014=CARTESIAN_POINT('Ctrl Pts',(313.528505738708,13.697817292734,8.76287182445395));
#10015=CARTESIAN_POINT('Ctrl Pts',(314.427076136939,13.6192257607829,9.98363321075812));
#10016=CARTESIAN_POINT('Ctrl Pts',(313.902921726448,13.5406342288319,11.405937424768));
#10017=CARTESIAN_POINT('Ctrl Pts',(312.427062201743,13.4620426968808,11.7516624408479));
#10018=CARTESIAN_POINT('Ctrl Pts',(311.325745876538,13.3834511649297,10.7101301681511));
#10019=CARTESIAN_POINT('Ctrl Pts',(311.58864615432,13.3048596329787,9.21729040205943));
#10020=CARTESIAN_POINT('Ctrl Pts',(312.979513551887,13.2262681010276,8.61465037212507));
#10021=CARTESIAN_POINT('Ctrl Pts',(314.248476039044,13.1476765690766,9.44375912823953));
#10022=CARTESIAN_POINT('Ctrl Pts',(314.255208720112,13.0690850371255,10.9595565402603));
#10023=CARTESIAN_POINT('Ctrl Pts',(312.993661421096,12.9904935051744,11.7999050010962));
#10024=CARTESIAN_POINT('Ctrl Pts',(311.597495543901,12.9119019732234,11.2096440701188));
#10025=CARTESIAN_POINT('Ctrl Pts',(311.321344479494,12.8333104412723,9.71919859546708));
#10026=CARTESIAN_POINT('Ctrl Pts',(312.413365235589,12.7547189093212,8.66792422997507));
#10027=CARTESIAN_POINT('Ctrl Pts',(313.892237664913,12.6761273773702,9.00052528389623));
#10028=CARTESIAN_POINT('Ctrl Pts',(314.429005974233,12.5975358454191,10.4181172228521));
#10029=CARTESIAN_POINT('Ctrl Pts',(313.541315269273,12.5189443134681,11.6468126023548));
#10030=CARTESIAN_POINT('Ctrl Pts',(312.026869044644,12.440352781517,11.5824716667836));
#10031=CARTESIAN_POINT('Ctrl Pts',(311.246590692961,12.3617612495659,10.2829129658484));
#10032=CARTESIAN_POINT('Ctrl Pts',(311.901659988246,12.2831697176149,8.91595600176463));
#10033=CARTESIAN_POINT('Ctrl Pts',(313.403413488221,12.2045781856638,8.70998622583798));
#10034=CARTESIAN_POINT('Ctrl Pts',(314.402333834779,12.1259866537128,9.85009379291943));
#10035=CARTESIAN_POINT('Ctrl Pts',(314.000763491533,12.0473951217617,11.3117464133148));
#10036=CARTESIAN_POINT('Ctrl Pts',(312.559564709659,11.9688035898106,11.7814624918225));
#10037=CARTESIAN_POINT('Ctrl Pts',(311.373838697614,11.8902120578596,10.8371421289996));
#10038=CARTESIAN_POINT('Ctrl Pts',(311.509111745325,11.8116205259085,9.32737780108376));
#10039=CARTESIAN_POINT('Ctrl Pts',(312.84382373925,11.7330289939575,8.60888561841511));
#10040=CARTESIAN_POINT('Ctrl Pts',(314.178565452836,11.6544374620064,9.32732258940893));
#10041=CARTESIAN_POINT('Ctrl Pts',(314.313900952624,11.5758459300553,10.837081320396));
#10042=CARTESIAN_POINT('Ctrl Pts',(313.128214003893,11.4972543981043,11.7814507305797));
#10043=CARTESIAN_POINT('Ctrl Pts',(311.686995793214,11.4186628661532,11.3117942684309));
#10044=CARTESIAN_POINT('Ctrl Pts',(311.285364988261,11.3400713342021,9.85015826041883));
#10045=CARTESIAN_POINT('Ctrl Pts',(312.284238172874,11.2614798022511,8.710009373523));
#10046=CARTESIAN_POINT('Ctrl Pts',(313.786000191495,11.1828882703,8.91591702830266));
#10047=CARTESIAN_POINT('Ctrl Pts',(314.441126031355,11.104296738349,10.2828468942537));
#10048=CARTESIAN_POINT('Ctrl Pts',(313.660901436747,11.0257052063979,11.5824378700245));
#10049=CARTESIAN_POINT('Ctrl Pts',(312.146457875997,10.9471136744468,11.6468414528191));
#10050=CARTESIAN_POINT('Ctrl Pts',(311.258716343882,10.8685221424958,10.4181827911724));
#10051=CARTESIAN_POINT('Ctrl Pts',(311.795426018127,10.7899306105447,9.00056865600818));
#10052=CARTESIAN_POINT('Ctrl Pts',(313.274284677838,10.7113390785936,8.66790641482724));
#10053=CARTESIAN_POINT('Ctrl Pts',(314.366348940827,10.6327475466426,9.71913563521001));
#10054=CARTESIAN_POINT('Ctrl Pts',(314.090259484868,10.5541560146915,11.2095924732326));
#10055=CARTESIAN_POINT('Ctrl Pts',(312.694118119668,10.4755644827405,11.7999112798869));
#10056=CARTESIAN_POINT('Ctrl Pts',(311.432535861778,10.3969729507894,10.9596147454478));
#10057=CARTESIAN_POINT('Ctrl Pts',(311.439206258711,10.3183814188383,9.44381760089038));
#10058=CARTESIAN_POINT('Ctrl Pts',(312.708133569631,10.2397898868873,8.61465520826674));
#10059=CARTESIAN_POINT('Ctrl Pts',(314.099027743081,10.1611983549362,9.21724011462606));
#10060=CARTESIAN_POINT('Ctrl Pts',(314.361985883585,10.0826068229852,10.7100639321614));
#10061=CARTESIAN_POINT('Ctrl Pts',(313.260720825274,10.0040152910341,11.7516524320003));
#10062=CARTESIAN_POINT('Ctrl Pts',(311.78482978636,9.92542375908303,11.4059660141206));
#10063=CARTESIAN_POINT('Ctrl Pts',(311.26065276398,9.84683222713198,9.98373071872779));
#10064=CARTESIAN_POINT('Ctrl Pts',(312.159096497007,9.76824069518092,8.76283277922291));
#10065=CARTESIAN_POINT('Ctrl Pts',(313.673075223681,9.68964916322985,8.84077069560307));
#10066=CARTESIAN_POINT('Ctrl Pts',(314.441497546739,9.6110576312788,10.1467374129456));
#10067=CARTESIAN_POINT('Ctrl Pts',(313.7750979842,9.53246609932773,11.5087722437439));
#10068=CARTESIAN_POINT('Ctrl Pts',(312.270219994447,9.45387456737667,11.6994717874559));
#10069=CARTESIAN_POINT('Ctrl Pts',(311.614445257563,9.40148021274263,10.9363112129698));
#10070=CARTESIAN_POINT('Ctrl Pts',(311.518309661925,9.37528303542561,10.4999365324793));
#10071=CARTESIAN_POINT('Ctrl Pts',(313.246605731324,15.5590198775982,11.6010292576694));
#10072=CARTESIAN_POINT('Ctrl Pts',(312.787986623658,15.5328227002811,11.7336155872083));
#10073=CARTESIAN_POINT('Ctrl Pts',(311.736936030944,15.4804283456471,11.5078399066569));
#10074=CARTESIAN_POINT('Ctrl Pts',(311.147529746354,15.401836813696,9.99815784084511));
#10075=CARTESIAN_POINT('Ctrl Pts',(312.085528594075,15.323245281745,8.67730703225501));
#10076=CARTESIAN_POINT('Ctrl Pts',(313.703514004035,15.2446537497939,8.73164986308112));
#10077=CARTESIAN_POINT('Ctrl Pts',(314.549680571766,15.1660622178429,10.1127092378193));
#10078=CARTESIAN_POINT('Ctrl Pts',(313.862616734988,15.0874706858918,11.5792680449003));
#10079=CARTESIAN_POINT('Ctrl Pts',(312.260223685912,15.0088791539407,11.8135125464335));
#10080=CARTESIAN_POINT('Ctrl Pts',(311.182225058424,14.9302876219897,10.6049078280808));
#10081=CARTESIAN_POINT('Ctrl Pts',(311.597450230943,14.8516960900386,9.03955689400069));
#10082=CARTESIAN_POINT('Ctrl Pts',(313.132714105807,14.7731045580876,8.52411931251013));
#10083=CARTESIAN_POINT('Ctrl Pts',(314.40841080169,14.6945130261365,9.52178549587892));
#10084=CARTESIAN_POINT('Ctrl Pts',(314.278152074516,14.6159214941854,11.1360230790251));
#10085=CARTESIAN_POINT('Ctrl Pts',(312.858997639695,14.5373299622344,11.9162342675465));
#10086=CARTESIAN_POINT('Ctrl Pts',(311.42623637764,14.4587384302833,11.1612992231248));
#10087=CARTESIAN_POINT('Ctrl Pts',(311.26738857469,14.3801468983322,9.54962371992399));
#10088=CARTESIAN_POINT('Ctrl Pts',(312.525198671132,14.3015553663812,8.52950398305298));
#10089=CARTESIAN_POINT('Ctrl Pts',(314.069363905277,14.2229638344301,9.01764795415616));
#10090=CARTESIAN_POINT('Ctrl Pts',(314.512254421985,14.1443723024791,10.575395896876));
#10091=CARTESIAN_POINT('Ctrl Pts',(313.455876580547,14.065780770528,11.8029123035696));
#10092=CARTESIAN_POINT('Ctrl Pts',(311.849520785543,13.9871892385769,11.5971168714594));
#10093=CARTESIAN_POINT('Ctrl Pts',(311.136702933979,13.9085977066259,10.1429430875025));
#10094=CARTESIAN_POINT('Ctrl Pts',(311.957980915975,13.8300061746748,8.74715185590046));
#10095=CARTESIAN_POINT('Ctrl Pts',(313.57533155556,13.7514146427237,8.66403990121637));
#10096=CARTESIAN_POINT('Ctrl Pts',(314.535358696401,13.6728231107727,9.96829393145123));
#10097=CARTESIAN_POINT('Ctrl Pts',(313.975355316528,13.5942315788216,11.4878750913358));
#10098=CARTESIAN_POINT('Ctrl Pts',(312.398555988869,13.5156400468706,11.8572455929212));
#10099=CARTESIAN_POINT('Ctrl Pts',(311.221916334447,13.4370485149195,10.7444788560922));
#10100=CARTESIAN_POINT('Ctrl Pts',(311.502797390068,13.3584569829684,9.1495379419513));
#10101=CARTESIAN_POINT('Ctrl Pts',(312.988791646728,13.2798654510174,8.50568100427218));
#10102=CARTESIAN_POINT('Ctrl Pts',(314.344543439551,13.2012739190663,9.39149574972304));
#10103=CARTESIAN_POINT('Ctrl Pts',(314.351736595,13.1226823871153,11.010964472954));
#10104=CARTESIAN_POINT('Ctrl Pts',(313.003907144025,13.0440908551642,11.9087876504753));
#10105=CARTESIAN_POINT('Ctrl Pts',(311.512252024001,12.9654993232131,11.2781564667285));
#10106=CARTESIAN_POINT('Ctrl Pts',(311.217213908652,12.8869077912621,9.68577359897978));
#10107=CARTESIAN_POINT('Ctrl Pts',(312.38392223365,12.808316259311,8.56259846954143));
#10108=CARTESIAN_POINT('Ctrl Pts',(313.963940530254,12.7297247273599,8.91794740988624));
#10109=CARTESIAN_POINT('Ctrl Pts',(314.537420522812,12.6511331954089,10.4324940038026));
#10110=CARTESIAN_POINT('Ctrl Pts',(313.589017180001,12.5725416634578,11.7452246640498));
#10111=CARTESIAN_POINT('Ctrl Pts',(311.97099205715,12.4939501315068,11.6764832003458));
#10112=CARTESIAN_POINT('Ctrl Pts',(311.137347418398,12.4153585995557,10.2880425990642));
#10113=CARTESIAN_POINT('Ctrl Pts',(311.837219463864,12.3367670676046,8.82759410391532));
#10114=CARTESIAN_POINT('Ctrl Pts',(313.441683756998,12.2581755356536,8.60753724974811));
#10115=CARTESIAN_POINT('Ctrl Pts',(314.508924171463,12.1795840037025,9.82562123073728));
#10116=CARTESIAN_POINT('Ctrl Pts',(314.079888862452,12.1009924717515,11.3872419883576));
#10117=CARTESIAN_POINT('Ctrl Pts',(312.540120861337,12.0224009398004,11.889083785889));
#10118=CARTESIAN_POINT('Ctrl Pts',(311.273298411582,11.9438094078493,10.8801776615125));
#10119=CARTESIAN_POINT('Ctrl Pts',(311.417823311893,11.8652178758983,9.26715464859554));
#10120=CARTESIAN_POINT('Ctrl Pts',(312.843821477308,11.7866263439472,8.49952197651796));
#10121=CARTESIAN_POINT('Ctrl Pts',(314.269851395028,11.7080348119962,9.26709566077842));
#10122=CARTESIAN_POINT('Ctrl Pts',(314.414443018758,11.6294432800451,10.8801126939708));
#10123=CARTESIAN_POINT('Ctrl Pts',(313.14766230401,11.550851748094,11.8890712202488));
#10124=CARTESIAN_POINT('Ctrl Pts',(311.607873545277,11.472260216143,11.3872931164722));
#10125=CARTESIAN_POINT('Ctrl Pts',(311.178773639347,11.3936686841919,9.82569010742099));
#10126=CARTESIAN_POINT('Ctrl Pts',(312.245963666277,11.3150771522408,8.60756198059381));
#10127=CARTESIAN_POINT('Ctrl Pts',(313.85043706068,11.2364856202898,8.82755246490593));
#10128=CARTESIAN_POINT('Ctrl Pts',(314.550369518026,11.1578940883387,10.2879720085749));
#10129=CARTESIAN_POINT('Ctrl Pts',(313.716782313005,11.0793025563877,11.6764470920943));
#10130=CARTESIAN_POINT('Ctrl Pts',(312.098760036227,11.0007110244366,11.7452554877101));
#10131=CARTESIAN_POINT('Ctrl Pts',(311.150302389993,10.9221194924855,10.4325640565967));
#10132=CARTESIAN_POINT('Ctrl Pts',(311.723719737194,10.8435279605345,8.91799374838648));
#10133=CARTESIAN_POINT('Ctrl Pts',(313.303723322427,10.7649364285834,8.562579435946));
#10134=CARTESIAN_POINT('Ctrl Pts',(314.470478129926,10.6863448966324,9.68570633262458));
#10135=CARTESIAN_POINT('Ctrl Pts',(314.175505836667,10.6077533646813,11.2781013409294));
#10136=CARTESIAN_POINT('Ctrl Pts',(312.683876905109,10.5291618327302,11.908794358697));
#10137=CARTESIAN_POINT('Ctrl Pts',(311.336010104287,10.4505703007792,11.0110266590218));
#10138=CARTESIAN_POINT('Ctrl Pts',(311.343136715745,10.3719787688281,9.39155822154709));
#10139=CARTESIAN_POINT('Ctrl Pts',(312.698850926491,10.2933872368771,8.50568617117648));
#10140=CARTESIAN_POINT('Ctrl Pts',(314.18487379034,10.214795704926,9.14948421516376));
#10141=CARTESIAN_POINT('Ctrl Pts',(314.465816666142,10.1362041729749,10.7444080899643));
#10142=CARTESIAN_POINT('Ctrl Pts',(313.289231784957,10.0576126410239,11.8572348995294));
#10143=CARTESIAN_POINT('Ctrl Pts',(311.712398787708,9.97902110907281,11.487905636026));
#10144=CARTESIAN_POINT('Ctrl Pts',(311.152371249431,9.90042957712175,9.96839810837215));
#10145=CARTESIAN_POINT('Ctrl Pts',(312.112263061941,9.82183804517068,8.66399818552932));
#10146=CARTESIAN_POINT('Ctrl Pts',(313.729788712822,9.74324651321963,8.7472665807189));
#10147=CARTESIAN_POINT('Ctrl Pts',(314.550766442799,9.66465498126856,10.1425534677029));
#10148=CARTESIAN_POINT('Ctrl Pts',(313.838789208804,9.58606344931751,11.5977431856272));
#10149=CARTESIAN_POINT('Ctrl Pts',(312.230986729821,9.50747191736644,11.8014854166977));
#10150=CARTESIAN_POINT('Ctrl Pts',(311.530360994847,9.4550775627324,10.9861293068496));
#10151=CARTESIAN_POINT('Ctrl Pts',(311.427650309969,9.42888038541538,10.5199092558982));
#10152=CARTESIAN_POINT('Ctrl Pts',(313.272387957313,15.6126172275879,11.690210559526));
#10153=CARTESIAN_POINT('Ctrl Pts',(312.784410058362,15.5864200502709,11.8312844865311));
#10154=CARTESIAN_POINT('Ctrl Pts',(311.666075799386,15.5340256956369,11.591055633463));
#10155=CARTESIAN_POINT('Ctrl Pts',(311.038938299934,15.4554341636858,9.98473031852388));
#10156=CARTESIAN_POINT('Ctrl Pts',(312.036983735194,15.3768426317347,8.57932441277431));
#10157=CARTESIAN_POINT('Ctrl Pts',(313.75854550113,15.2982510997837,8.63714603417278));
#10158=CARTESIAN_POINT('Ctrl Pts',(314.658879955108,15.2196595678326,10.1066147953871));
#10159=CARTESIAN_POINT('Ctrl Pts',(313.927833293702,15.1410680358816,11.6670562890035));
#10160=CARTESIAN_POINT('Ctrl Pts',(312.222862043461,15.0624765039305,11.9162960999671));
#10161=CARTESIAN_POINT('Ctrl Pts',(311.075854654278,14.9838849719794,10.6303217886799));
#10162=CARTESIAN_POINT('Ctrl Pts',(311.517660727969,14.9052934400284,8.96476392777736));
#10163=CARTESIAN_POINT('Ctrl Pts',(313.151205487592,14.8267019080773,8.41633028458236));
#10164=CARTESIAN_POINT('Ctrl Pts',(314.508566711645,14.7481103761262,9.47786269759561));
#10165=CARTESIAN_POINT('Ctrl Pts',(314.369969389938,14.6695188441752,11.1954367172218));
#10166=CARTESIAN_POINT('Ctrl Pts',(312.859966889354,14.5909273122241,12.0255936168116));
#10167=CARTESIAN_POINT('Ctrl Pts',(311.335486511915,14.5123357802731,11.2223309296198));
#10168=CARTESIAN_POINT('Ctrl Pts',(311.166469966724,14.433744248322,9.50748300310177));
#10169=CARTESIAN_POINT('Ctrl Pts',(312.504799569397,14.3551527163709,8.42205965820444));
#10170=CARTESIAN_POINT('Ctrl Pts',(314.147815514427,14.2765611844199,8.94145247333756));
#10171=CARTESIAN_POINT('Ctrl Pts',(314.619057946756,14.1979696524688,10.5989206325952));
#10172=CARTESIAN_POINT('Ctrl Pts',(313.49505541187,14.1193781205178,11.905017275874));
#10173=CARTESIAN_POINT('Ctrl Pts',(311.785867738023,14.0407865885667,11.6860477194464));
#10174=CARTESIAN_POINT('Ctrl Pts',(311.02741840234,13.9621950566156,10.1387840840168));
#10175=CARTESIAN_POINT('Ctrl Pts',(311.901271012077,13.8836035246646,8.6536403968347));
#10176=CARTESIAN_POINT('Ctrl Pts',(313.622157372412,13.8050119927135,8.5652079779788));
#10177=CARTESIAN_POINT('Ctrl Pts',(314.643641255863,13.7264204607625,9.95295465214434));
#10178=CARTESIAN_POINT('Ctrl Pts',(314.047788906608,13.6478289288114,11.5698127579036));
#10179=CARTESIAN_POINT('Ctrl Pts',(312.370049775994,13.5692373968603,11.9628287449944));
#10180=CARTESIAN_POINT('Ctrl Pts',(311.118086792357,13.4906458649093,10.7788275440334));
#10181=CARTESIAN_POINT('Ctrl Pts',(311.416948625817,13.4120543329582,9.08178548184317));
#10182=CARTESIAN_POINT('Ctrl Pts',(312.998069741568,13.3334628010072,8.39671163641928));
#10183=CARTESIAN_POINT('Ctrl Pts',(314.440610840058,13.2548712690561,9.33923237120656));
#10184=CARTESIAN_POINT('Ctrl Pts',(314.448264469887,13.176279737105,11.0623724056477));
#10185=CARTESIAN_POINT('Ctrl Pts',(313.014152866954,13.097688205154,12.0176702998543));
#10186=CARTESIAN_POINT('Ctrl Pts',(311.427008504101,13.0190966732029,11.346668863338));
#10187=CARTESIAN_POINT('Ctrl Pts',(311.113083337809,12.9405051412518,9.6523486024925));
#10188=CARTESIAN_POINT('Ctrl Pts',(312.35447923171,12.8619136093008,8.45727270910779));
#10189=CARTESIAN_POINT('Ctrl Pts',(314.035643395594,12.7833220773497,8.83536953587623));
#10190=CARTESIAN_POINT('Ctrl Pts',(314.645835071392,12.7047305453987,10.4468707847531));
#10191=CARTESIAN_POINT('Ctrl Pts',(313.636719090729,12.6261390134476,11.8436367257448));
#10192=CARTESIAN_POINT('Ctrl Pts',(311.915115069656,12.5475474814965,11.7704947339081));
#10193=CARTESIAN_POINT('Ctrl Pts',(311.028104143835,12.4689559495455,10.2931722322801));
#10194=CARTESIAN_POINT('Ctrl Pts',(311.772778939482,12.3903644175944,8.73923220606601));
#10195=CARTESIAN_POINT('Ctrl Pts',(313.479954025775,12.3117728856434,8.50508827365824));
#10196=CARTESIAN_POINT('Ctrl Pts',(314.615514508146,12.2331813536923,9.80114866855511));
#10197=CARTESIAN_POINT('Ctrl Pts',(314.159014233371,12.1545898217412,11.4627375634004));
#10198=CARTESIAN_POINT('Ctrl Pts',(312.520677013015,12.0759982897902,11.9967050799555));
#10199=CARTESIAN_POINT('Ctrl Pts',(311.17275812555,11.9974067578391,10.9232131940254));
#10200=CARTESIAN_POINT('Ctrl Pts',(311.326534878461,11.918815225888,9.20693149610733));
#10201=CARTESIAN_POINT('Ctrl Pts',(312.843819215366,11.840223693937,8.3901583346208));
#10202=CARTESIAN_POINT('Ctrl Pts',(314.36113733722,11.7616321619859,9.20686873214791));
#10203=CARTESIAN_POINT('Ctrl Pts',(314.514985084892,11.6830406300349,10.9231440675456));
#10204=CARTESIAN_POINT('Ctrl Pts',(313.167110604126,11.6044490980838,11.9966917099179));
#10205=CARTESIAN_POINT('Ctrl Pts',(311.52875129734,11.5258575661327,11.4627919645135));
#10206=CARTESIAN_POINT('Ctrl Pts',(311.072182290432,11.4472660341817,9.80122195442317));
#10207=CARTESIAN_POINT('Ctrl Pts',(312.207689159679,11.3686745022306,8.50511458766461));
#10208=CARTESIAN_POINT('Ctrl Pts',(313.914873929865,11.2900829702796,8.73918790150918));
#10209=CARTESIAN_POINT('Ctrl Pts',(314.659613004696,11.2114914383285,10.293097122896));
#10210=CARTESIAN_POINT('Ctrl Pts',(313.772663189264,11.1328999063774,11.770456314164));
#10211=CARTESIAN_POINT('Ctrl Pts',(312.051062196457,11.0543083744264,11.8436695226012));
#10212=CARTESIAN_POINT('Ctrl Pts',(311.041888436103,10.9757168424753,10.446945322021));
#10213=CARTESIAN_POINT('Ctrl Pts',(311.65201345626,10.8971253105242,8.83541884076478));
#10214=CARTESIAN_POINT('Ctrl Pts',(313.333161967016,10.8185337785732,8.45725245706475));
#10215=CARTESIAN_POINT('Ctrl Pts',(314.574607319025,10.7399422466221,9.65227703003917));
#10216=CARTESIAN_POINT('Ctrl Pts',(314.260752188466,10.6613507146711,11.3466102086262));
#10217=CARTESIAN_POINT('Ctrl Pts',(312.673635690551,10.58275918272,12.017677437507));
#10218=CARTESIAN_POINT('Ctrl Pts',(311.239484346795,10.5041676507689,11.0624385725959));
#10219=CARTESIAN_POINT('Ctrl Pts',(311.247067172779,10.4255761188179,9.3392988422038));
#10220=CARTESIAN_POINT('Ctrl Pts',(312.689568283351,10.3469845868668,8.39671713408622));
#10221=CARTESIAN_POINT('Ctrl Pts',(314.2707198376,10.2683930549158,9.08172831570147));
#10222=CARTESIAN_POINT('Ctrl Pts',(314.569647448698,10.1898015229647,10.7787522477671));
#10223=CARTESIAN_POINT('Ctrl Pts',(313.31774274464,10.1112099910136,11.9628173670584));
#10224=CARTESIAN_POINT('Ctrl Pts',(311.639967789057,10.0326184590626,11.5698452579314));
#10225=CARTESIAN_POINT('Ctrl Pts',(311.044089734883,9.95402692711152,9.95306549801651));
#10226=CARTESIAN_POINT('Ctrl Pts',(312.065429626874,9.87543539516045,8.56516359183575));
#10227=CARTESIAN_POINT('Ctrl Pts',(313.786502201964,9.79684386320939,8.65376246583472));
#10228=CARTESIAN_POINT('Ctrl Pts',(314.660035338859,9.71825233125834,10.1383695224602));
#10229=CARTESIAN_POINT('Ctrl Pts',(313.902480433409,9.63966079930727,11.6867141275105));
#10230=CARTESIAN_POINT('Ctrl Pts',(312.191753465195,9.56106926735622,11.9034990459395));
#10231=CARTESIAN_POINT('Ctrl Pts',(311.446276732132,9.50867491272217,11.0359474007293));
#10232=CARTESIAN_POINT('Ctrl Pts',(311.336990958014,9.48247773540515,10.539881979317));
#10233=CARTESIAN_POINT('Ctrl Pts',(312.844851190317,14.6794299980858,8.94260596521061));
#10234=CARTESIAN_POINT('Ctrl Pts',(312.500782772745,14.7011204620769,8.94557365486141));
#10235=CARTESIAN_POINT('Ctrl Pts',(312.154499351502,14.722810926068,9.09134919414947));
#10236=CARTESIAN_POINT('Ctrl Pts',(311.919802359421,14.7445013900591,9.34172476350628));
#10237=CARTESIAN_POINT('Ctrl Pts',(311.636341446834,14.7706985673761,9.64412185325908));
#10238=CARTESIAN_POINT('Ctrl Pts',(311.515653656775,14.7968957446931,10.0991008800708));
#10239=CARTESIAN_POINT('Ctrl Pts',(311.611973279095,14.8230929220101,10.5022346488906));
#10240=CARTESIAN_POINT('Ctrl Pts',(311.708292901416,14.8492900993272,10.9053684177104));
#10241=CARTESIAN_POINT('Ctrl Pts',(312.021619936115,14.8754872766442,11.2566569285384));
#10242=CARTESIAN_POINT('Ctrl Pts',(312.411156227922,14.9016844539612,11.3982588701736));
#10243=CARTESIAN_POINT('Ctrl Pts',(312.800692519729,14.9278816312782,11.5398608118088));
#10244=CARTESIAN_POINT('Ctrl Pts',(313.266438068645,14.9540788085952,11.4717761842514));
#10245=CARTESIAN_POINT('Ctrl Pts',(313.599160541023,14.9802759859123,11.2246016314709));
#10246=CARTESIAN_POINT('Ctrl Pts',(313.931883013401,15.0064731632293,10.9774270786905));
#10247=CARTESIAN_POINT('Ctrl Pts',(314.131582409242,15.0326703405463,10.5511626006871));
#10248=CARTESIAN_POINT('Ctrl Pts',(314.108460307956,15.0588675178633,10.137323594721));
#10249=CARTESIAN_POINT('Ctrl Pts',(314.08533820667,15.0850646951803,9.72348458875502));
#10250=CARTESIAN_POINT('Ctrl Pts',(313.839394608257,15.1112618724973,9.3220710548264));
#10251=CARTESIAN_POINT('Ctrl Pts',(313.481284026049,15.1374590498144,9.11346674624854));
#10252=CARTESIAN_POINT('Ctrl Pts',(313.290038985417,15.1514493659049,9.00206389625732));
#10253=CARTESIAN_POINT('Ctrl Pts',(313.066804176369,15.1654396819953,8.94564979838138));
#10254=CARTESIAN_POINT('Ctrl Pts',(312.843714513896,15.1794299980858,8.94529746649588));
#10255=CARTESIAN_POINT('Ctrl Pts',(311.387617198685,15.4799859845898,9.69779873116004));
#10256=CARTESIAN_POINT('Ctrl Pts',(311.556715452753,15.453606704623,9.21506722814107));
#10257=CARTESIAN_POINT('Ctrl Pts',(312.410663098379,15.4008481446894,8.43938625003747));
#10258=CARTESIAN_POINT('Ctrl Pts',(314.093216985153,15.3217103047889,8.88049304595988));
#10259=CARTESIAN_POINT('Ctrl Pts',(314.636460548945,15.2425724648885,10.5322085757365));
#10260=CARTESIAN_POINT('Ctrl Pts',(313.549390991353,15.1634346249881,11.8876190870921));
#10261=CARTESIAN_POINT('Ctrl Pts',(311.819665815979,15.0842967850877,11.7148574998192));
#10262=CARTESIAN_POINT('Ctrl Pts',(311.022329289369,15.0051589451872,10.1703398443609));
#10263=CARTESIAN_POINT('Ctrl Pts',(311.882668792352,14.9260211052868,8.66014193998511));
#10264=CARTESIAN_POINT('Ctrl Pts',(313.617857562191,14.8468832653864,8.55853202349036));
#10265=CARTESIAN_POINT('Ctrl Pts',(314.648589425766,14.767745425486,9.95807453237873));
#10266=CARTESIAN_POINT('Ctrl Pts',(314.036821337723,14.6886075855855,11.5849839399047));
#10267=CARTESIAN_POINT('Ctrl Pts',(312.33931280742,14.6094697456851,11.9586064426205));
#10268=CARTESIAN_POINT('Ctrl Pts',(311.101000013012,14.5303319057847,10.7388933814434));
#10269=CARTESIAN_POINT('Ctrl Pts',(311.448884851213,14.4511940658843,9.03592765413394));
#10270=CARTESIAN_POINT('Ctrl Pts',(313.066354415347,14.3720562259838,8.39960073588695));
#10271=CARTESIAN_POINT('Ctrl Pts',(314.481325388521,14.2929183860834,9.40904392647153));
#10272=CARTESIAN_POINT('Ctrl Pts',(314.406012801792,14.213780546183,11.1455479708832));
#10273=CARTESIAN_POINT('Ctrl Pts',(312.908959499138,14.1346427062826,12.0286957827771));
#10274=CARTESIAN_POINT('Ctrl Pts',(311.352655338232,14.0555048663822,11.2547217223091));
#10275=CARTESIAN_POINT('Ctrl Pts',(311.153515077588,13.9763670264817,9.52803077002588));
#10276=CARTESIAN_POINT('Ctrl Pts',(312.492779157884,13.8972291865813,8.42010918097923));
#10277=CARTESIAN_POINT('Ctrl Pts',(314.15156405845,13.8180913466809,8.93929234618844));
#10278=CARTESIAN_POINT('Ctrl Pts',(314.620185779708,13.7389535067805,10.6130641912595));
#10279=CARTESIAN_POINT('Ctrl Pts',(313.472144947883,13.65981566688,11.9181008799722));
#10280=CARTESIAN_POINT('Ctrl Pts',(311.752290043578,13.5806778269796,11.6666697434459));
#10281=CARTESIAN_POINT('Ctrl Pts',(311.025885760346,13.5015399870792,10.0876018772933));
#10282=CARTESIAN_POINT('Ctrl Pts',(311.954043088337,13.4224021471788,8.61802966626705));
#10283=CARTESIAN_POINT('Ctrl Pts',(313.692032688637,13.3432643072783,8.59543192435855));
#10284=CARTESIAN_POINT('Ctrl Pts',(314.658085219413,13.2641264673779,10.0403751815564));
#10285=CARTESIAN_POINT('Ctrl Pts',(313.972982372552,13.1849886274775,11.6377957892833));
#10286=CARTESIAN_POINT('Ctrl Pts',(312.260246106442,13.1058507875771,11.933858268315));
#10287=CARTESIAN_POINT('Ctrl Pts',(311.078662340171,13.0267129476766,10.6591118966651));
#10288=CARTESIAN_POINT('Ctrl Pts',(311.503607460372,12.9475751077762,8.97372168856256));
#10289=CARTESIAN_POINT('Ctrl Pts',(313.148332798923,12.8684372678758,8.41158552225077));
#10290=CARTESIAN_POINT('Ctrl Pts',(314.51595016046,12.7892994279754,9.48431161085567));
#10291=CARTESIAN_POINT('Ctrl Pts',(314.3617713066,12.710161588075,11.2155965064668));
#10292=CARTESIAN_POINT('Ctrl Pts',(312.826116630609,12.6310237481745,12.0297729153955));
#10293=CARTESIAN_POINT('Ctrl Pts',(311.306607548519,12.5518859082741,11.1858471732867));
#10294=CARTESIAN_POINT('Ctrl Pts',(311.186171139045,12.4727480683737,9.4518882406641));
#10295=CARTESIAN_POINT('Ctrl Pts',(312.574418311321,12.3936102284733,8.40599709077516));
#10296=CARTESIAN_POINT('Ctrl Pts',(314.207885339385,12.3144723885728,9.00005430769697));
#10297=CARTESIAN_POINT('Ctrl Pts',(314.599930378233,12.2353345486724,10.693399870854));
#10298=CARTESIAN_POINT('Ctrl Pts',(313.393747597159,12.156196708772,11.9448956189055));
#10299=CARTESIAN_POINT('Ctrl Pts',(311.687101300102,12.0770588688716,11.6155372646924));
#10300=CARTESIAN_POINT('Ctrl Pts',(311.033234837699,11.9979210289712,10.0050785852806));
#10301=CARTESIAN_POINT('Ctrl Pts',(312.027241485389,11.9187831890707,8.57922119651552));
#10302=CARTESIAN_POINT('Ctrl Pts',(313.764461491075,11.8396453491703,8.63565842353173));
#10303=CARTESIAN_POINT('Ctrl Pts',(314.663825931994,11.7605075092699,10.1230259339883));
#10304=CARTESIAN_POINT('Ctrl Pts',(313.906810290166,11.6813696693695,11.6876491559737));
#10305=CARTESIAN_POINT('Ctrl Pts',(312.182385393368,11.602231829469,11.9055419829416));
#10306=CARTESIAN_POINT('Ctrl Pts',(311.059975151656,11.5230939895686,10.5783970179631));
#10307=CARTESIAN_POINT('Ctrl Pts',(311.561101275571,11.4439561496682,8.91406798899378));
#10308=CARTESIAN_POINT('Ctrl Pts',(313.229681669362,11.3648183097678,8.42728469209171));
#10309=CARTESIAN_POINT('Ctrl Pts',(314.547117308737,11.2856804698673,9.56107560977987));
#10310=CARTESIAN_POINT('Ctrl Pts',(314.314391062514,11.2065426299669,11.2835613144904));
#10311=CARTESIAN_POINT('Ctrl Pts',(312.74331043626,11.1274047900665,12.0270827829702));
#10312=CARTESIAN_POINT('Ctrl Pts',(311.263738512322,11.0482669501661,11.114950428366));
#10313=CARTESIAN_POINT('Ctrl Pts',(311.222254988706,10.9691291102656,9.37730903145597));
#10314=CARTESIAN_POINT('Ctrl Pts',(312.656614613868,10.8899912703652,8.3956110274384));
#10315=CARTESIAN_POINT('Ctrl Pts',(314.261386061859,10.8108534304648,9.06331389845018));
#10316=CARTESIAN_POINT('Ctrl Pts',(314.576043733545,10.7317155905644,10.7727316466194));
#10317=CARTESIAN_POINT('Ctrl Pts',(313.314213184899,10.6525777506639,11.9680986003346));
#10318=CARTESIAN_POINT('Ctrl Pts',(311.624304489975,10.5734399107635,11.5614940609385));
#10319=CARTESIAN_POINT('Ctrl Pts',(311.044328001091,10.4943020708631,9.92297474328589));
#10320=CARTESIAN_POINT('Ctrl Pts',(312.102128383443,10.4151642309627,8.54378049988172));
#10321=CARTESIAN_POINT('Ctrl Pts',(313.834986882502,10.3360263910623,8.67913617956727));
#10322=CARTESIAN_POINT('Ctrl Pts',(314.665802797783,10.2568885511618,10.2058519500883));
#10323=CARTESIAN_POINT('Ctrl Pts',(313.838441234204,10.1777507112614,11.7344432530572));
#10324=CARTESIAN_POINT('Ctrl Pts',(312.105890338884,10.098612871361,11.8737141405953));
#10325=CARTESIAN_POINT('Ctrl Pts',(311.044981208815,10.0194750314606,10.4969185015914));
#10326=CARTESIAN_POINT('Ctrl Pts',(311.621238119473,9.94033719156014,8.85708455216456));
#10327=CARTESIAN_POINT('Ctrl Pts',(313.310252645624,9.86119935165971,8.44667673967213));
#10328=CARTESIAN_POINT('Ctrl Pts',(314.574720535,9.78206151175929,9.63915429816631));
#10329=CARTESIAN_POINT('Ctrl Pts',(314.264058066627,9.70292367185887,11.3493499464575));
#10330=CARTESIAN_POINT('Ctrl Pts',(312.660526662813,9.62378583195844,12.0205300901886));
#10331=CARTESIAN_POINT('Ctrl Pts',(311.224523905582,9.54464799205802,11.0423920842999));
#10332=CARTESIAN_POINT('Ctrl Pts',(311.260850135875,9.4655101521576,9.30401405697108));
#10333=CARTESIAN_POINT('Ctrl Pts',(312.740777810096,9.38637231225718,8.3900245239985));
#10334=CARTESIAN_POINT('Ctrl Pts',(313.784274263237,9.33361375232356,8.88198256442831));
#10335=CARTESIAN_POINT('Ctrl Pts',(314.087183661202,9.30723447235675,9.29413523051265));
#10336=CARTESIAN_POINT('Ctrl Pts',(311.475230664266,15.5335833345795,9.72848925781931));
#10337=CARTESIAN_POINT('Ctrl Pts',(311.634155260145,15.5072040546127,9.27480090096383));
#10338=CARTESIAN_POINT('Ctrl Pts',(312.43672584392,15.4544454946791,8.54578813465582));
#10339=CARTESIAN_POINT('Ctrl Pts',(314.018050251872,15.3753076547787,8.9603561008819));
#10340=CARTESIAN_POINT('Ctrl Pts',(314.528610010844,15.2961698148783,10.5126975163697));
#10341=CARTESIAN_POINT('Ctrl Pts',(313.506943104318,15.2170319749779,11.7865608625897));
#10342=CARTESIAN_POINT('Ctrl Pts',(311.881285429775,15.1378941350774,11.6241933349529));
#10343=CARTESIAN_POINT('Ctrl Pts',(311.131920003329,15.058756295177,10.1726003213277));
#10344=CARTESIAN_POINT('Ctrl Pts',(311.94049788359,14.9796184552766,8.75326223902334));
#10345=CARTESIAN_POINT('Ctrl Pts',(313.571290439905,14.9004806153761,8.657765600071));
#10346=CARTESIAN_POINT('Ctrl Pts',(314.540009163708,14.8213427754757,9.9731057782777));
#10347=CARTESIAN_POINT('Ctrl Pts',(313.965047602458,14.7422049355753,11.5021335115768));
#10348=CARTESIAN_POINT('Ctrl Pts',(312.369668284875,14.6630670956749,11.8532773219171));
#10349=CARTESIAN_POINT('Ctrl Pts',(311.205857567211,14.5839292557745,10.7069472997415));
#10350=CARTESIAN_POINT('Ctrl Pts',(311.532812198577,14.504791415874,9.10643911294957));
#10351=CARTESIAN_POINT('Ctrl Pts',(313.052968028943,14.4256535759736,8.5083962834327));
#10352=CARTESIAN_POINT('Ctrl Pts',(314.382808430497,14.3465157360732,9.4571071498484));
#10353=CARTESIAN_POINT('Ctrl Pts',(314.312026963967,14.2673778961728,11.0891358483174));
#10354=CARTESIAN_POINT('Ctrl Pts',(312.90504264917,14.1882400562723,11.9191497942332));
#10355=CARTESIAN_POINT('Ctrl Pts',(311.442372255561,14.1091022163719,11.191741250257));
#10356=CARTESIAN_POINT('Ctrl Pts',(311.255213105866,14.0299643764715,9.56893524725242));
#10357=CARTESIAN_POINT('Ctrl Pts',(312.513901457849,13.9508265365711,8.52767085469518));
#10358=CARTESIAN_POINT('Ctrl Pts',(314.072886921213,13.8716886966706,9.0156177892907));
#10359=CARTESIAN_POINT('Ctrl Pts',(314.51331439979,13.7925508567702,10.5886885198981));
#10360=CARTESIAN_POINT('Ctrl Pts',(313.434344505892,13.7134130168698,11.8152087433254));
#10361=CARTESIAN_POINT('Ctrl Pts',(311.817963265628,13.6342751769694,11.5789047555401));
#10362=CARTESIAN_POINT('Ctrl Pts',(311.135262502138,13.555137337069,10.0948402163962));
#10363=CARTESIAN_POINT('Ctrl Pts',(312.007578003418,13.4759994971685,8.71368361581954));
#10364=CARTESIAN_POINT('Ctrl Pts',(313.64100288052,13.3968616572681,8.69244544857544));
#10365=CARTESIAN_POINT('Ctrl Pts',(314.548933650694,13.3177238173677,10.0504548761924));
#10366=CARTESIAN_POINT('Ctrl Pts',(313.905049456427,13.2385859774673,11.5517679792203));
#10367=CARTESIAN_POINT('Ctrl Pts',(312.295358567311,13.1594481375668,11.8300181012828));
#10368=CARTESIAN_POINT('Ctrl Pts',(311.184863822192,13.0803102976664,10.6319658027599));
#10369=CARTESIAN_POINT('Ctrl Pts',(311.584242466701,13.001172457766,9.04797571843276));
#10370=CARTESIAN_POINT('Ctrl Pts',(313.130014250103,12.9220346178656,8.51966001492456));
#10371=CARTESIAN_POINT('Ctrl Pts',(314.415350031343,12.8428967779652,9.52784641554578));
#10372=CARTESIAN_POINT('Ctrl Pts',(314.270447222159,12.7637589380647,11.1549699710343));
#10373=CARTESIAN_POINT('Ctrl Pts',(312.827183954088,12.6846210981643,11.9201621220484));
#10374=CARTESIAN_POINT('Ctrl Pts',(311.399094893463,12.6054832582639,11.1270104821598));
#10375=CARTESIAN_POINT('Ctrl Pts',(311.285904442088,12.5263454183634,9.49737377091012));
#10376=CARTESIAN_POINT('Ctrl Pts',(312.590628858374,12.447207578463,8.51440780685919));
#10377=CARTESIAN_POINT('Ctrl Pts',(314.125819678333,12.3680697385626,9.07272405706837));
#10378=CARTESIAN_POINT('Ctrl Pts',(314.494277647982,12.2889318986622,10.6641908690179));
#10379=CARTESIAN_POINT('Ctrl Pts',(313.360663867672,12.2097940587618,11.8403913987));
#10380=CARTESIAN_POINT('Ctrl Pts',(311.756696549601,12.1306562188613,11.5308486205613));
#10381=CARTESIAN_POINT('Ctrl Pts',(311.142169428261,12.0515183789609,10.0172818707706));
#10382=CARTESIAN_POINT('Ctrl Pts',(312.076372478764,11.9723805390605,8.67721002591804));
#10383=CARTESIAN_POINT('Ctrl Pts',(313.709074063282,11.8932426991601,8.73025175331791));
#10384=CARTESIAN_POINT('Ctrl Pts',(314.554328977997,11.8141048592597,10.1281330136854));
#10385=CARTESIAN_POINT('Ctrl Pts',(313.84285856327,11.7349670193592,11.5986219588675));
#10386=CARTESIAN_POINT('Ctrl Pts',(312.222182280375,11.6558291794588,11.8034054420655));
#10387=CARTESIAN_POINT('Ctrl Pts',(311.167300933093,11.5766913395584,10.5561070687367));
#10388=CARTESIAN_POINT('Ctrl Pts',(311.63827721352,11.497553499658,8.99191103492142));
#10389=CARTESIAN_POINT('Ctrl Pts',(313.206468832268,11.4184156597575,8.53441465704879));
#10390=CARTESIAN_POINT('Ctrl Pts',(314.444642033629,11.3392778198571,9.59999197124241));
#10391=CARTESIAN_POINT('Ctrl Pts',(314.225917571716,11.2601399799567,11.218845731956));
#10392=CARTESIAN_POINT('Ctrl Pts',(312.749359726714,11.1810021400563,11.9176338392408));
#10393=CARTESIAN_POINT('Ctrl Pts',(311.358805037776,11.1018643001558,11.060379181927));
#10394=CARTESIAN_POINT('Ctrl Pts',(311.319817336439,11.0227264602554,9.42728155884274));
#10395=CARTESIAN_POINT('Ctrl Pts',(312.667879887586,10.943588620355,8.50464661253069));
#10396=CARTESIAN_POINT('Ctrl Pts',(314.176101573586,10.8644507804546,9.13217768626946));
#10397=CARTESIAN_POINT('Ctrl Pts',(314.471828123741,10.7853129405541,10.7387497133617));
#10398=CARTESIAN_POINT('Ctrl Pts',(313.285914578292,10.7061751006537,11.8621983917238));
#10399=CARTESIAN_POINT('Ctrl Pts',(311.697677858208,10.6270372607533,11.4800568819716));
#10400=CARTESIAN_POINT('Ctrl Pts',(311.152595180548,10.5478994208529,9.94011773929556));
#10401=CARTESIAN_POINT('Ctrl Pts',(312.146753867828,10.4687615809524,8.64390158981838));
#10402=CARTESIAN_POINT('Ctrl Pts',(313.775356352201,10.389623741052,8.77111370571208));
#10403=CARTESIAN_POINT('Ctrl Pts',(314.556186907272,10.3104859011516,10.2059758702512));
#10404=CARTESIAN_POINT('Ctrl Pts',(313.778602875656,10.2313480612512,11.6426007273621));
#10405=CARTESIAN_POINT('Ctrl Pts',(312.150289488296,10.1522102213508,11.7734924958292));
#10406=CARTESIAN_POINT('Ctrl Pts',(311.153209088563,10.0730723814503,10.4795306406799));
#10407=CARTESIAN_POINT('Ctrl Pts',(311.69479597338,9.99393454154991,8.93835595997532));
#10408=CARTESIAN_POINT('Ctrl Pts',(313.282192321624,9.91479670164949,8.55263999794285));
#10409=CARTESIAN_POINT('Ctrl Pts',(314.470584534354,9.83565886174905,9.67337311918478));
#10410=CARTESIAN_POINT('Ctrl Pts',(314.178612819372,9.75652102184864,11.2806762446742));
#10411=CARTESIAN_POINT('Ctrl Pts',(312.671556571306,9.67738318194821,11.9114753838625));
#10412=CARTESIAN_POINT('Ctrl Pts',(311.321949745786,9.59824534204779,10.9921862513028));
#10413=CARTESIAN_POINT('Ctrl Pts',(311.356090438137,9.51910750214737,9.35839631656654));
#10414=CARTESIAN_POINT('Ctrl Pts',(312.746979473932,9.43996966224694,8.49939621650233));
#10415=CARTESIAN_POINT('Ctrl Pts',(313.727694816207,9.38721110231333,8.96175600368961));
#10416=CARTESIAN_POINT('Ctrl Pts',(314.012379917923,9.36083182234652,9.34911184162435));
#10417=CARTESIAN_POINT('Ctrl Pts',(311.562844129847,15.5871806845693,9.75917978447858));
#10418=CARTESIAN_POINT('Ctrl Pts',(311.711595067537,15.5608014046025,9.33453457378659));
#10419=CARTESIAN_POINT('Ctrl Pts',(312.462788589462,15.5080428446689,8.65219001927419));
#10420=CARTESIAN_POINT('Ctrl Pts',(313.942883518592,15.4289050047685,9.0402191558039));
#10421=CARTESIAN_POINT('Ctrl Pts',(314.420759472742,15.3497671648681,10.493186457003));
#10422=CARTESIAN_POINT('Ctrl Pts',(313.464495217284,15.2706293249676,11.6855026380874));
#10423=CARTESIAN_POINT('Ctrl Pts',(311.94290504357,15.1914914850672,11.5335291700867));
#10424=CARTESIAN_POINT('Ctrl Pts',(311.241510717288,15.1123536451668,10.1748607982945));
#10425=CARTESIAN_POINT('Ctrl Pts',(311.998326974828,15.0332158052663,8.84638253806157));
#10426=CARTESIAN_POINT('Ctrl Pts',(313.524723317619,14.9540779653659,8.75699917665163));
#10427=CARTESIAN_POINT('Ctrl Pts',(314.43142890165,14.8749401254655,9.98813702417667));
#10428=CARTESIAN_POINT('Ctrl Pts',(313.893273867191,14.7958022855651,11.419283083249));
#10429=CARTESIAN_POINT('Ctrl Pts',(312.400023762331,14.7166644456646,11.7479482012137));
#10430=CARTESIAN_POINT('Ctrl Pts',(311.310715121409,14.6375266057642,10.6750012180396));
#10431=CARTESIAN_POINT('Ctrl Pts',(311.61673954594,14.5583887658638,9.17695057176519));
#10432=CARTESIAN_POINT('Ctrl Pts',(313.039581642539,14.4792509259634,8.61719183097847));
#10433=CARTESIAN_POINT('Ctrl Pts',(314.284291472473,14.400113086063,9.50517037322526));
#10434=CARTESIAN_POINT('Ctrl Pts',(314.218041126143,14.3209752461625,11.0327237257516));
#10435=CARTESIAN_POINT('Ctrl Pts',(312.901125799203,14.2418374062621,11.8096038056893));
#10436=CARTESIAN_POINT('Ctrl Pts',(311.532089172888,14.1626995663617,11.1287607782048));
#10437=CARTESIAN_POINT('Ctrl Pts',(311.356911134145,14.0835617264613,9.60983972447896));
#10438=CARTESIAN_POINT('Ctrl Pts',(312.535023757814,14.0044238865608,8.63523252841112));
#10439=CARTESIAN_POINT('Ctrl Pts',(313.994209783977,13.9252860466604,9.09194323239295));
#10440=CARTESIAN_POINT('Ctrl Pts',(314.406443019872,13.84614820676,10.5643128485367));
#10441=CARTESIAN_POINT('Ctrl Pts',(313.396544063901,13.7670103668596,11.7123166066785));
#10442=CARTESIAN_POINT('Ctrl Pts',(311.883636487679,13.6878725269592,11.4911397676344));
#10443=CARTESIAN_POINT('Ctrl Pts',(311.244639243929,13.6087346870587,10.1020785554992));
#10444=CARTESIAN_POINT('Ctrl Pts',(312.061112918498,13.5295968471583,8.80933756537203));
#10445=CARTESIAN_POINT('Ctrl Pts',(313.589973072402,13.4504590072579,8.78945897279232));
#10446=CARTESIAN_POINT('Ctrl Pts',(314.439782081976,13.3713211673575,10.0605345708285));
#10447=CARTESIAN_POINT('Ctrl Pts',(313.837116540301,13.292183327457,11.4657401691573));
#10448=CARTESIAN_POINT('Ctrl Pts',(312.330471028181,13.2130454875566,11.7261779342507));
#10449=CARTESIAN_POINT('Ctrl Pts',(311.291065304212,13.1339076476562,10.6048197088546));
#10450=CARTESIAN_POINT('Ctrl Pts',(311.66487747303,13.0547698077558,9.12222974830297));
#10451=CARTESIAN_POINT('Ctrl Pts',(313.111695701282,12.9756319678553,8.62773450759835));
#10452=CARTESIAN_POINT('Ctrl Pts',(314.314749902227,12.8964941279549,9.5713812202359));
#10453=CARTESIAN_POINT('Ctrl Pts',(314.179123137717,12.8173562880545,11.0943434356017));
#10454=CARTESIAN_POINT('Ctrl Pts',(312.828251277567,12.7382184481541,11.8105513287013));
#10455=CARTESIAN_POINT('Ctrl Pts',(311.491582238407,12.6590806082537,11.0681737910328));
#10456=CARTESIAN_POINT('Ctrl Pts',(311.385637745131,12.5799427683532,9.54285930115617));
#10457=CARTESIAN_POINT('Ctrl Pts',(312.606839405427,12.5008049284528,8.62281852294321));
#10458=CARTESIAN_POINT('Ctrl Pts',(314.043754017281,12.4216670885524,9.14539380643978));
#10459=CARTESIAN_POINT('Ctrl Pts',(314.388624917732,12.342529248652,10.6349818671819));
#10460=CARTESIAN_POINT('Ctrl Pts',(313.327580138184,12.2633914087515,11.7358871784945));
#10461=CARTESIAN_POINT('Ctrl Pts',(311.8262917991,12.1842535688511,11.4461599764301));
#10462=CARTESIAN_POINT('Ctrl Pts',(311.251104018823,12.1051157289507,10.0294851562606));
#10463=CARTESIAN_POINT('Ctrl Pts',(312.125503472137,12.0259778890503,8.77519885532056));
#10464=CARTESIAN_POINT('Ctrl Pts',(313.653686635489,11.9468400491498,8.82484508310409));
#10465=CARTESIAN_POINT('Ctrl Pts',(314.444832024,11.8677022092494,10.1332400933825));
#10466=CARTESIAN_POINT('Ctrl Pts',(313.778906836374,11.788564369349,11.5095947617612));
#10467=CARTESIAN_POINT('Ctrl Pts',(312.261979167382,11.7094265294486,11.7012689011894));
#10468=CARTESIAN_POINT('Ctrl Pts',(311.274626714531,11.6302886895481,10.5338171195104));
#10469=CARTESIAN_POINT('Ctrl Pts',(311.715453151468,11.5511508496477,9.06975408084906));
#10470=CARTESIAN_POINT('Ctrl Pts',(313.183255995174,11.4720130097473,8.64154462200586));
#10471=CARTESIAN_POINT('Ctrl Pts',(314.342166758521,11.3928751698469,9.63890833270495));
#10472=CARTESIAN_POINT('Ctrl Pts',(314.137444080919,11.3137373299465,11.1541301494216));
#10473=CARTESIAN_POINT('Ctrl Pts',(312.755409017168,11.234599490046,11.8081848955114));
#10474=CARTESIAN_POINT('Ctrl Pts',(311.45387156323,11.1554616501456,11.005807935488));
#10475=CARTESIAN_POINT('Ctrl Pts',(311.417379684172,11.0763238102452,9.47725408622951));
#10476=CARTESIAN_POINT('Ctrl Pts',(312.679145161306,10.9971859703448,8.61368219762298));
#10477=CARTESIAN_POINT('Ctrl Pts',(314.090817085312,10.9180481304443,9.20104147408874));
#10478=CARTESIAN_POINT('Ctrl Pts',(314.367612513937,10.8389102905439,10.7047677801041));
#10479=CARTESIAN_POINT('Ctrl Pts',(313.257615971684,10.7597724506435,11.756298183113));
#10480=CARTESIAN_POINT('Ctrl Pts',(311.771051226441,10.6806346107431,11.3986197030048));
#10481=CARTESIAN_POINT('Ctrl Pts',(311.260862360005,10.6014967708426,9.95726073530521));
#10482=CARTESIAN_POINT('Ctrl Pts',(312.191379352214,10.5223589309422,8.74402267975503));
#10483=CARTESIAN_POINT('Ctrl Pts',(313.715725821898,10.4432210910418,8.8630912318569));
#10484=CARTESIAN_POINT('Ctrl Pts',(314.446571016762,10.3640832511414,10.2060997904142));
#10485=CARTESIAN_POINT('Ctrl Pts',(313.718764517109,10.2849454112409,11.5507582016671));
#10486=CARTESIAN_POINT('Ctrl Pts',(312.194688637709,10.2058075713405,11.6732708510632));
#10487=CARTESIAN_POINT('Ctrl Pts',(311.261436968311,10.1266697314401,10.4621427797684));
#10488=CARTESIAN_POINT('Ctrl Pts',(311.768353827287,10.0475318915397,9.01962736778608));
#10489=CARTESIAN_POINT('Ctrl Pts',(313.254131997624,9.96839405163926,8.65860325621355));
#10490=CARTESIAN_POINT('Ctrl Pts',(314.366448533709,9.88925621173883,9.70759194020325));
#10491=CARTESIAN_POINT('Ctrl Pts',(314.093167572116,9.81011837183841,11.212002542891));
#10492=CARTESIAN_POINT('Ctrl Pts',(312.6825864798,9.73098053193799,11.8024206775363));
#10493=CARTESIAN_POINT('Ctrl Pts',(311.41937558599,9.65184269203756,10.9419804183057));
#10494=CARTESIAN_POINT('Ctrl Pts',(311.451330740398,9.57270485213714,9.412778576162));
#10495=CARTESIAN_POINT('Ctrl Pts',(312.753181137768,9.49356701223672,8.60876790900616));
#10496=CARTESIAN_POINT('Ctrl Pts',(313.671115369177,9.4408084523031,9.0415294429509));
#10497=CARTESIAN_POINT('Ctrl Pts',(313.937576174645,9.41442917233629,9.40408845273605));
#10498=CARTESIAN_POINT('Ctrl Pts',(311.650457595429,15.6407780345591,9.78987031113785));
#10499=CARTESIAN_POINT('Ctrl Pts',(311.789034874929,15.6143987545923,9.39426824660935));
#10500=CARTESIAN_POINT('Ctrl Pts',(312.488851335003,15.5616401946587,8.75859190389255));
#10501=CARTESIAN_POINT('Ctrl Pts',(313.867716785311,15.4825023547582,9.12008221072591));
#10502=CARTESIAN_POINT('Ctrl Pts',(314.312908934641,15.4033645148578,10.4736753976362));
#10503=CARTESIAN_POINT('Ctrl Pts',(313.422047330249,15.3242266749574,11.5844444135851));
#10504=CARTESIAN_POINT('Ctrl Pts',(312.004524657366,15.245088835057,11.4428650052205));
#10505=CARTESIAN_POINT('Ctrl Pts',(311.351101431248,15.1659509951565,10.1771212752613));
#10506=CARTESIAN_POINT('Ctrl Pts',(312.056156066065,15.0868131552561,8.93950283709982));
#10507=CARTESIAN_POINT('Ctrl Pts',(313.478156195334,15.0076753153557,8.85623275323226));
#10508=CARTESIAN_POINT('Ctrl Pts',(314.322848639592,14.9285374754553,10.0031682700757));
#10509=CARTESIAN_POINT('Ctrl Pts',(313.821500131925,14.8493996355549,11.3364326549211));
#10510=CARTESIAN_POINT('Ctrl Pts',(312.430379239787,14.7702617956544,11.6426190805103));
#10511=CARTESIAN_POINT('Ctrl Pts',(311.415572675608,14.691123955754,10.6430551363377));
#10512=CARTESIAN_POINT('Ctrl Pts',(311.700666893304,14.6119861158536,9.24746203058082));
#10513=CARTESIAN_POINT('Ctrl Pts',(313.026195256135,14.5328482759531,8.72598737852422));
#10514=CARTESIAN_POINT('Ctrl Pts',(314.185774514449,14.4537104360527,9.55323359660212));
#10515=CARTESIAN_POINT('Ctrl Pts',(314.124055288318,14.3745725961523,10.9763116031858));
#10516=CARTESIAN_POINT('Ctrl Pts',(312.897208949235,14.2954347562519,11.7000578171454));
#10517=CARTESIAN_POINT('Ctrl Pts',(311.621806090216,14.2162969163514,11.0657803061527));
#10518=CARTESIAN_POINT('Ctrl Pts',(311.458609162423,14.137159076451,9.65074420170548));
#10519=CARTESIAN_POINT('Ctrl Pts',(312.556146057779,14.0580212365506,8.74279420212708));
#10520=CARTESIAN_POINT('Ctrl Pts',(313.91553264674,13.9788833966502,9.1682686754952));
#10521=CARTESIAN_POINT('Ctrl Pts',(314.299571639954,13.8997455567498,10.5399371771753));
#10522=CARTESIAN_POINT('Ctrl Pts',(313.358743621911,13.8206077168494,11.6094244700316));
#10523=CARTESIAN_POINT('Ctrl Pts',(311.94930970973,13.7414698769489,11.4033747797286));
#10524=CARTESIAN_POINT('Ctrl Pts',(311.354015985721,13.6623320370485,10.1093168946022));
#10525=CARTESIAN_POINT('Ctrl Pts',(312.114647833579,13.5831941971481,8.90499151492451));
#10526=CARTESIAN_POINT('Ctrl Pts',(313.538943264284,13.5040563572477,8.88647249700921));
#10527=CARTESIAN_POINT('Ctrl Pts',(314.330630513258,13.4249185173472,10.0706142654646));
#10528=CARTESIAN_POINT('Ctrl Pts',(313.769183624175,13.3457806774468,11.3797123590943));
#10529=CARTESIAN_POINT('Ctrl Pts',(312.365583489051,13.2666428375464,11.6223377672185));
#10530=CARTESIAN_POINT('Ctrl Pts',(311.397266786232,13.187504997646,10.5776736149493));
#10531=CARTESIAN_POINT('Ctrl Pts',(311.745512479358,13.1083671577455,9.19648377817317));
#10532=CARTESIAN_POINT('Ctrl Pts',(313.093377152462,13.0292293178451,8.73580900027214));
#10533=CARTESIAN_POINT('Ctrl Pts',(314.214149773111,12.9500914779447,9.614916024926));
#10534=CARTESIAN_POINT('Ctrl Pts',(314.087799053276,12.8709536380443,11.0337169001692));
#10535=CARTESIAN_POINT('Ctrl Pts',(312.829318601046,12.7918157981438,11.7009405353542));
#10536=CARTESIAN_POINT('Ctrl Pts',(311.584069583352,12.7126779582434,11.0093370999059));
#10537=CARTESIAN_POINT('Ctrl Pts',(311.485371048173,12.633540118343,9.5883448314022));
#10538=CARTESIAN_POINT('Ctrl Pts',(312.623049952479,12.5544022784426,8.73122923902724));
#10539=CARTESIAN_POINT('Ctrl Pts',(313.961688356229,12.4752644385421,9.21806355581118));
#10540=CARTESIAN_POINT('Ctrl Pts',(314.282972187482,12.3961265986417,10.6057728653459));
#10541=CARTESIAN_POINT('Ctrl Pts',(313.294496408696,12.3169887587413,11.6313829582889));
#10542=CARTESIAN_POINT('Ctrl Pts',(311.895887048599,12.2378509188409,11.361471332299));
#10543=CARTESIAN_POINT('Ctrl Pts',(311.360038609384,12.1587130789405,10.0416884417506));
#10544=CARTESIAN_POINT('Ctrl Pts',(312.174634465512,12.07957523904,8.87318768472308));
#10545=CARTESIAN_POINT('Ctrl Pts',(313.598299207695,12.0004373991396,8.91943841289027));
#10546=CARTESIAN_POINT('Ctrl Pts',(314.335335070003,11.9212995592392,10.1383471730797));
#10547=CARTESIAN_POINT('Ctrl Pts',(313.714955109478,11.8421617193388,11.420567564655));
#10548=CARTESIAN_POINT('Ctrl Pts',(312.301776054389,11.7630238794383,11.5991323603133));
#10549=CARTESIAN_POINT('Ctrl Pts',(311.381952495968,11.6838860395379,10.511527170284));
#10550=CARTESIAN_POINT('Ctrl Pts',(311.792629089416,11.6047481996375,9.14759712677671));
#10551=CARTESIAN_POINT('Ctrl Pts',(313.16004315808,11.5256103597371,8.74867458696292));
#10552=CARTESIAN_POINT('Ctrl Pts',(314.239691483413,11.4464725198367,9.67782469416751));
#10553=CARTESIAN_POINT('Ctrl Pts',(314.048970590122,11.3673346799362,11.0894145668872));
#10554=CARTESIAN_POINT('Ctrl Pts',(312.761458307622,11.2881968400358,11.698735951782));
#10555=CARTESIAN_POINT('Ctrl Pts',(311.548938088684,11.2090590001354,10.951236689049));
#10556=CARTESIAN_POINT('Ctrl Pts',(311.514942031904,11.129921160235,9.52722661361627));
#10557=CARTESIAN_POINT('Ctrl Pts',(312.690410435026,11.0507833203345,8.72271778271529));
#10558=CARTESIAN_POINT('Ctrl Pts',(314.005532597038,10.9716454804341,9.26990526190802));
#10559=CARTESIAN_POINT('Ctrl Pts',(314.263396904133,10.8925076405337,10.6707858468464));
#10560=CARTESIAN_POINT('Ctrl Pts',(313.229317365077,10.8133698006333,11.6503979745022));
#10561=CARTESIAN_POINT('Ctrl Pts',(311.844424594674,10.7342319607328,11.3171825240379));
#10562=CARTESIAN_POINT('Ctrl Pts',(311.369129539462,10.6550941208324,9.97440373131487));
#10563=CARTESIAN_POINT('Ctrl Pts',(312.236004836599,10.575956280932,8.84414376969169));
#10564=CARTESIAN_POINT('Ctrl Pts',(313.656095291597,10.4968184410316,8.95506875800171));
#10565=CARTESIAN_POINT('Ctrl Pts',(314.336955126251,10.4176806011311,10.2062237105771));
#10566=CARTESIAN_POINT('Ctrl Pts',(313.658926158561,10.3385427612307,11.458915675972));
#10567=CARTESIAN_POINT('Ctrl Pts',(312.239087787121,10.2594049213303,11.5730492062972));
#10568=CARTESIAN_POINT('Ctrl Pts',(311.369664848059,10.1802670814299,10.4447549188569));
#10569=CARTESIAN_POINT('Ctrl Pts',(311.841911681194,10.1011292415295,9.10089877559684));
#10570=CARTESIAN_POINT('Ctrl Pts',(313.226071673623,10.021991401629,8.76456651448427));
#10571=CARTESIAN_POINT('Ctrl Pts',(314.262312533063,9.9428535617286,9.74181076122172));
#10572=CARTESIAN_POINT('Ctrl Pts',(314.00772232486,9.86371572182819,11.1433288411078));
#10573=CARTESIAN_POINT('Ctrl Pts',(312.693616388293,9.78457788192775,11.6933659712102));
#10574=CARTESIAN_POINT('Ctrl Pts',(311.516801426194,9.70544004202734,10.8917745853085));
#10575=CARTESIAN_POINT('Ctrl Pts',(311.546571042659,9.62630220212691,9.46716083575747));
#10576=CARTESIAN_POINT('Ctrl Pts',(312.759382801604,9.54716436222649,8.71813960151));
#10577=CARTESIAN_POINT('Ctrl Pts',(313.614535922147,9.49440580229287,9.1213028822122));
#10578=CARTESIAN_POINT('Ctrl Pts',(313.862772431367,9.46802652232606,9.45906506384775));
#10579=CARTESIAN_POINT('Ctrl Pts',(312.84424739975,15.042590650847,8.94527094318022));
#10580=CARTESIAN_POINT('Ctrl Pts',(313.029856755424,15.0309522056832,8.94474934900743));
#10581=CARTESIAN_POINT('Ctrl Pts',(313.215262121384,15.0193137605195,8.98305278122937));
#10582=CARTESIAN_POINT('Ctrl Pts',(313.381938247832,15.0076753153557,9.06126702001741));
#10583=CARTESIAN_POINT('Ctrl Pts',(313.75972034342,14.9812960353889,9.23854459218006));
#10584=CARTESIAN_POINT('Ctrl Pts',(314.041284491506,14.9549167554221,9.62085643112786));
#10585=CARTESIAN_POINT('Ctrl Pts',(314.098508480938,14.9285374754553,10.0342230814093));
#10586=CARTESIAN_POINT('Ctrl Pts',(314.15573247037,14.9021581954885,10.4475897316908));
#10587=CARTESIAN_POINT('Ctrl Pts',(313.988616301147,14.8757789155217,10.892011193306));
#10588=CARTESIAN_POINT('Ctrl Pts',(313.673204734513,14.8493996355549,11.1652529950451));
#10589=CARTESIAN_POINT('Ctrl Pts',(313.357793167879,14.823020355588,11.4384947967842));
#10590=CARTESIAN_POINT('Ctrl Pts',(312.894086203833,14.7966410756212,11.5405569386472));
#10591=CARTESIAN_POINT('Ctrl Pts',(312.493098294447,14.7702617956544,11.4249940188833));
#10592=CARTESIAN_POINT('Ctrl Pts',(312.092110385061,14.7438825156876,11.3094310991194));
#10593=CARTESIAN_POINT('Ctrl Pts',(311.753841530334,14.7175032357208,10.9762431177286));
#10594=CARTESIAN_POINT('Ctrl Pts',(311.63222280592,14.691123955754,10.5770502760737));
#10595=CARTESIAN_POINT('Ctrl Pts',(311.510604081506,14.6647446757872,10.1778574344187));
#10596=CARTESIAN_POINT('Ctrl Pts',(311.605635487405,14.6383653958204,9.71265973249978));
#10597=CARTESIAN_POINT('Ctrl Pts',(311.87407258416,14.6119861158536,9.39314843953086));
#10598=CARTESIAN_POINT('Ctrl Pts',(312.109463355221,14.5888542941847,9.11297103289036));
#10599=CARTESIAN_POINT('Ctrl Pts',(312.478193110677,14.5657224725158,8.94481808008212));
#10600=CARTESIAN_POINT('Ctrl Pts',(312.844688370747,14.542590650847,8.9420254518811));
#10601=CARTESIAN_POINT('Origin',(312.843856811523,7.98601032446641,10.2079116500317));
#10602=CARTESIAN_POINT('Origin',(312.512359619141,-61.8182013991223,10.2079116500317));
#10603=CARTESIAN_POINT('Ctrl Pts',(312.512184391411,-60.5682013991223,11.7486233369007));
#10604=CARTESIAN_POINT('Ctrl Pts',(312.78441114284,-60.5542110830318,11.7481919874831));
#10605=CARTESIAN_POINT('Ctrl Pts',(313.566897972125,-60.5140235896243,11.5504437022518));
#10606=CARTESIAN_POINT('Ctrl Pts',(314.327391513119,-60.4476389188999,10.3092115081448));
#10607=CARTESIAN_POINT('Ctrl Pts',(313.596344099301,-60.3690473869487,8.7487569180468));
#10608=CARTESIAN_POINT('Ctrl Pts',(311.891360296593,-60.2904558549978,8.49951727059515));
#10609=CARTESIAN_POINT('Ctrl Pts',(310.74434700986,-60.2118643230466,9.78549864729701));
#10610=CARTESIAN_POINT('Ctrl Pts',(311.160820355192,-60.1377795044215,11.3555576128899));
#10611=CARTESIAN_POINT('Ctrl Pts',(312.093722586229,-60.0898918631134,11.748282950572));
#10612=CARTESIAN_POINT('Ctrl Pts',(312.513573022569,-60.0682013991223,11.7519042576014));
#10613=CARTESIAN_POINT('Ctrl Pts',(312.510880773504,-60.6097779519449,11.7503668004912));
#10614=CARTESIAN_POINT('Ctrl Pts',(312.899065502404,-60.5897485199153,11.7469190944173));
#10615=CARTESIAN_POINT('Ctrl Pts',(313.805305145034,-60.5433398079189,11.4028090812308));
#10616=CARTESIAN_POINT('Ctrl Pts',(314.304988594369,-60.4705518159557,9.88361177127975));
#10617=CARTESIAN_POINT('Ctrl Pts',(313.217892010184,-60.3914139760553,8.52819294699759));
#10618=CARTESIAN_POINT('Ctrl Pts',(311.488165603546,-60.3122761361549,8.70095684431511));
#10619=CARTESIAN_POINT('Ctrl Pts',(310.690818763419,-60.2331382962544,10.2454832347148));
#10620=CARTESIAN_POINT('Ctrl Pts',(311.424638980838,-60.1656389015178,11.5335919569257));
#10621=CARTESIAN_POINT('Ctrl Pts',(312.225971995281,-60.1245187867479,11.7478465667755));
#10622=CARTESIAN_POINT('Ctrl Pts',(312.512836381527,-60.1097779519448,11.748652661147));
#10623=CARTESIAN_POINT('Origin',(312.512359619141,-54.6626564913735,10.2079116500317));
#10624=CARTESIAN_POINT('Ctrl Pts',(312.168956090088,-54.6626564913735,8.94247051847012));
#10625=CARTESIAN_POINT('Ctrl Pts',(312.221575408435,-54.6626564913735,8.93439180737885));
#10626=CARTESIAN_POINT('Ctrl Pts',(312.274679034137,-54.6626564913735,8.92966716048623));
#10627=CARTESIAN_POINT('Ctrl Pts',(312.327946653947,-54.6626564913735,8.92821346945388));
#10628=CARTESIAN_POINT('Ctrl Pts',(312.381145456281,-54.6626564913735,8.92676165647329));
#10629=CARTESIAN_POINT('Ctrl Pts',(312.434509006784,-54.6626564913735,8.92857276763968));
#10630=CARTESIAN_POINT('Ctrl Pts',(312.48770486952,-54.6626564913735,8.93361325709722));
#10631=CARTESIAN_POINT('Ctrl Pts',(312.518161483297,-54.6626564913735,8.93649912514704));
#10632=CARTESIAN_POINT('Ctrl Pts',(312.548562787761,-54.6626564913735,8.94044445048532));
#10633=CARTESIAN_POINT('Ctrl Pts',(312.578842173803,-54.6626564913735,8.94544943385658));
#10634=CARTESIAN_POINT('Origin',(312.512359619141,-54.6626564913735,10.2079116500317));
#10635=CARTESIAN_POINT('Ctrl Pts',(313.091587541365,-54.6626564913735,11.4702096428878));
#10636=CARTESIAN_POINT('Ctrl Pts',(313.041161503419,-54.6626564913735,11.4998236199206));
#10637=CARTESIAN_POINT('Ctrl Pts',(312.989058658904,-54.6626564913735,11.5263362744766));
#10638=CARTESIAN_POINT('Ctrl Pts',(312.935614023196,-54.6626564913735,11.5496190843407));
#10639=CARTESIAN_POINT('Ctrl Pts',(312.883282390317,-54.6626564913735,11.5724170217212));
#10640=CARTESIAN_POINT('Ctrl Pts',(312.829663190922,-54.6626564913735,11.5921188112367));
#10641=CARTESIAN_POINT('Ctrl Pts',(312.775036610739,-54.6626564913735,11.6085647737441));
#10642=CARTESIAN_POINT('Ctrl Pts',(312.744816757156,-54.6626564913735,11.6176628094871));
#10643=CARTESIAN_POINT('Ctrl Pts',(312.714288085499,-54.6626564913735,11.6257636925439));
#10644=CARTESIAN_POINT('Ctrl Pts',(312.683495180694,-54.6626564913735,11.6328341047984));
#10645=CARTESIAN_POINT('Ctrl Pts',(312.670701602633,-54.6626564913735,11.6357716604361));
#10646=CARTESIAN_POINT('Ctrl Pts',(312.657858796989,-54.6626564913735,11.6385318508993));
#10647=CARTESIAN_POINT('Ctrl Pts',(312.6449961508,-54.6626564913735,11.6411072261059));
#10648=CARTESIAN_POINT('Ctrl Pts',(312.587328957371,-54.6626564913735,11.6526534241443));
#10649=CARTESIAN_POINT('Ctrl Pts',(312.529166235025,-54.6626564913735,11.6605130691771));
#10650=CARTESIAN_POINT('Ctrl Pts',(312.470821331726,-54.6626564913735,11.6645506292891));
#10651=CARTESIAN_POINT('Ctrl Pts',(312.456649089147,-54.6626564913735,11.665531371018));
#10652=CARTESIAN_POINT('Ctrl Pts',(312.442465963974,-54.6626564913735,11.6662863989639));
#10653=CARTESIAN_POINT('Ctrl Pts',(312.428276217674,-54.6626564913735,11.6668133653156));
#10654=CARTESIAN_POINT('Ctrl Pts',(312.371724887534,-54.6626564913735,11.6689135190105));
#10655=CARTESIAN_POINT('Ctrl Pts',(312.315069221354,-54.6626564913735,11.6673954661053));
#10656=CARTESIAN_POINT('Ctrl Pts',(312.258560291481,-54.6626564913735,11.6624545426438));
#10657=CARTESIAN_POINT('Ctrl Pts',(312.22935076825,-54.6626564913735,11.6599005742896));
#10658=CARTESIAN_POINT('Ctrl Pts',(312.200180265684,-54.6626564913735,11.6564312063145));
#10659=CARTESIAN_POINT('Ctrl Pts',(312.171082911531,-54.6626564913735,11.6520681433634));
#10660=CARTESIAN_POINT('Ctrl Pts',(312.155023787725,-54.6626564913735,11.6496601248287));
#10661=CARTESIAN_POINT('Ctrl Pts',(312.138986943774,-54.6626564913735,11.646979820788));
#10662=CARTESIAN_POINT('Ctrl Pts',(312.122978140102,-54.6626564913735,11.6440304346923));
#10663=CARTESIAN_POINT('Ctrl Pts',(312.109848834376,-54.6626564913735,11.6416115536474));
#10664=CARTESIAN_POINT('Ctrl Pts',(312.096734888087,-54.6626564913735,11.6390107902161));
#10665=CARTESIAN_POINT('Ctrl Pts',(312.083665460328,-54.6626564913735,11.6362357036717));
#10666=CARTESIAN_POINT('Ctrl Pts',(312.026251781201,-54.6626564913735,11.6240448157967));
#10667=CARTESIAN_POINT('Ctrl Pts',(311.969601319616,-54.6626564913735,11.6084781109335));
#10668=CARTESIAN_POINT('Ctrl Pts',(311.913980126609,-54.6626564913735,11.5897644719729));
#10669=CARTESIAN_POINT('Ctrl Pts',(311.856705503318,-54.6626564913735,11.5704945397055));
#10670=CARTESIAN_POINT('Ctrl Pts',(311.800521278474,-54.6626564913735,11.5478876882482));
#10671=CARTESIAN_POINT('Ctrl Pts',(311.745714513712,-54.6626564913735,11.5221385981435));
#10672=CARTESIAN_POINT('Ctrl Pts',(311.711354938499,-54.6626564913735,11.5059959230204));
#10673=CARTESIAN_POINT('Ctrl Pts',(311.677536729233,-54.6626564913735,11.4886171553987));
#10674=CARTESIAN_POINT('Ctrl Pts',(311.644332681323,-54.6626564913735,11.4700400648231));
#10675=CARTESIAN_POINT('Ctrl Pts',(312.863544086964,-60.6798045286858,8.99315664610733));
#10676=CARTESIAN_POINT('Ctrl Pts',(312.463642561868,-60.6536073513688,8.87754551150057));
#10677=CARTESIAN_POINT('Ctrl Pts',(311.547131153644,-60.6012129967348,9.07447850549151));
#10678=CARTESIAN_POINT('Ctrl Pts',(311.033211599282,-60.5226214647837,10.3908022715889));
#10679=CARTESIAN_POINT('Ctrl Pts',(311.851111298354,-60.4440299328326,11.5425685760691));
#10680=CARTESIAN_POINT('Ctrl Pts',(313.261961653164,-60.3654384008816,11.4951699661978));
#10681=CARTESIAN_POINT('Ctrl Pts',(313.999791783713,-60.2868468689305,10.2909276387446));
#10682=CARTESIAN_POINT('Ctrl Pts',(313.400692979583,-60.2082553369795,9.01212347207));
#10683=CARTESIAN_POINT('Ctrl Pts',(312.003446045996,-60.1296638050284,8.80786972339689));
#10684=CARTESIAN_POINT('Ctrl Pts',(311.063460108813,-60.0510722730773,9.86174104604077));
#10685=CARTESIAN_POINT('Ctrl Pts',(311.42552519787,-59.9724807411263,11.226686835663));
#10686=CARTESIAN_POINT('Ctrl Pts',(312.764235788068,-59.8938892091752,11.6761348918943));
#10687=CARTESIAN_POINT('Ctrl Pts',(313.876610116023,-59.8152976772241,10.8061959058271));
#10688=CARTESIAN_POINT('Ctrl Pts',(313.763027953408,-59.7367061452731,9.3986225171058));
#10689=CARTESIAN_POINT('Ctrl Pts',(312.525562016322,-59.658114613322,8.71829859295698));
#10690=CARTESIAN_POINT('Ctrl Pts',(311.276231335108,-59.579523081371,9.37658238380763));
#10691=CARTESIAN_POINT('Ctrl Pts',(311.137720156596,-59.5009315494199,10.7819216715285));
#10692=CARTESIAN_POINT('Ctrl Pts',(312.234497978205,-59.4223400174689,11.6714396506251));
#10693=CARTESIAN_POINT('Ctrl Pts',(313.580970053517,-59.3437484855178,11.2457907557204));
#10694=CARTESIAN_POINT('Ctrl Pts',(313.967159110903,-59.2651569535667,9.88747490743426));
#10695=CARTESIAN_POINT('Ctrl Pts',(313.046025001261,-59.1865654216156,8.81711240363245));
#10696=CARTESIAN_POINT('Ctrl Pts',(311.64532436593,-59.1079738896646,8.99656068855092));
#10697=CARTESIAN_POINT('Ctrl Pts',(311.023765666952,-59.0293823577135,10.264562553364));
#10698=CARTESIAN_POINT('Ctrl Pts',(311.739898789593,-58.9507908257625,11.4816563450209));
#10699=CARTESIAN_POINT('Ctrl Pts',(313.15018664482,-58.8721992938114,11.5541278162478));
#10700=CARTESIAN_POINT('Ctrl Pts',(313.987305439191,-58.7936077618604,10.416852092597));
#10701=CARTESIAN_POINT('Ctrl Pts',(313.498997000546,-58.7150162299093,9.09181669061331));
#10702=CARTESIAN_POINT('Ctrl Pts',(312.124068838678,-58.6364246979582,8.76973518291001));
#10703=CARTESIAN_POINT('Ctrl Pts',(311.098069544496,-58.5578331660072,9.74003894777363));
#10704=CARTESIAN_POINT('Ctrl Pts',(311.342990547909,-58.4792416340561,11.1307861030447));
#10705=CARTESIAN_POINT('Ctrl Pts',(312.638739040454,-58.400650102105,11.6922126716034));
#10706=CARTESIAN_POINT('Ctrl Pts',(313.820919478869,-58.322058570154,10.9198051633314));
#10707=CARTESIAN_POINT('Ctrl Pts',(313.82719172406,-58.2434670382029,9.50767039400207));
#10708=CARTESIAN_POINT('Ctrl Pts',(312.651919362485,-58.1648755062519,8.72479184407935));
#10709=CARTESIAN_POINT('Ctrl Pts',(311.351234743747,-58.0862839743008,9.27468589786189));
#10710=CARTESIAN_POINT('Ctrl Pts',(311.093969151034,-58.0076924423497,10.6632025029532));
#10711=CARTESIAN_POINT('Ctrl Pts',(312.111308583257,-57.9291009103987,11.6425821165107));
#10712=CARTESIAN_POINT('Ctrl Pts',(313.489043602652,-57.8505093784476,11.3327270469399));
#10713=CARTESIAN_POINT('Ctrl Pts',(313.989103298397,-57.7719178464966,10.012081656042));
#10714=CARTESIAN_POINT('Ctrl Pts',(313.162120154778,-57.6933263145455,8.86741453063936));
#10715=CARTESIAN_POINT('Ctrl Pts',(311.751244167579,-57.6147347825944,8.92735530602924));
#10716=CARTESIAN_POINT('Ctrl Pts',(311.02432764072,-57.5361432506434,10.138039538514));
#10717=CARTESIAN_POINT('Ctrl Pts',(311.634597932024,-57.4575517186923,11.4115127888651));
#10718=CARTESIAN_POINT('Ctrl Pts',(313.033649227045,-57.3789601867412,11.6033966644484));
#10719=CARTESIAN_POINT('Ctrl Pts',(313.964255218306,-57.3003686547902,10.5412589912455));
#10720=CARTESIAN_POINT('Ctrl Pts',(313.590147544331,-57.2217771228391,9.17956614919863));
#10721=CARTESIAN_POINT('Ctrl Pts',(312.247509739794,-57.143185590888,8.74197310350911));
#10722=CARTESIAN_POINT('Ctrl Pts',(311.142873384547,-57.064594058937,9.62171310514283));
#10723=CARTESIAN_POINT('Ctrl Pts',(311.268895353255,-56.9860025269859,11.0282273820744));
#10724=CARTESIAN_POINT('Ctrl Pts',(312.51232880862,-56.9074109950348,11.6975831842365));
#10725=CARTESIAN_POINT('Ctrl Pts',(313.755789951172,-56.8288194630838,11.0282788179233));
#10726=CARTESIAN_POINT('Ctrl Pts',(313.881870100974,-56.7502279311328,9.62176975515704));
#10727=CARTESIAN_POINT('Ctrl Pts',(312.777270137572,-56.6716363991817,8.74198406042144));
#10728=CARTESIAN_POINT('Ctrl Pts',(311.434614232929,-56.5930448672307,9.17952156680781));
#10729=CARTESIAN_POINT('Ctrl Pts',(311.060450232116,-56.5144533352796,10.5411989325586));
#10730=CARTESIAN_POINT('Ctrl Pts',(311.991012286745,-56.4358618033285,11.603375099796));
#10731=CARTESIAN_POINT('Ctrl Pts',(313.390071517851,-56.3572702713775,11.4115490969938));
#10732=CARTESIAN_POINT('Ctrl Pts',(314.00039448672,-56.2786787394264,10.1381010916113));
#10733=CARTESIAN_POINT('Ctrl Pts',(313.273528040649,-56.2000872074753,8.92738679145242));
#10734=CARTESIAN_POINT('Ctrl Pts',(311.862654535028,-56.1214956755243,8.86738765327986));
#10735=CARTESIAN_POINT('Ctrl Pts',(311.035624040482,-56.0429041435732,10.0120205716721));
#10736=CARTESIAN_POINT('Ctrl Pts',(311.535629110584,-55.9643126116221,11.3326866412599));
#10737=CARTESIAN_POINT('Ctrl Pts',(312.913351303083,-55.8857210796711,11.6425987127362));
#10738=CARTESIAN_POINT('Ctrl Pts',(313.930731264749,-55.80712954772,10.6632611586062));
#10739=CARTESIAN_POINT('Ctrl Pts',(313.673523071417,-55.728538015769,9.27473396391705));
#10740=CARTESIAN_POINT('Ctrl Pts',(312.372861279847,-55.6499464838179,8.72478599898252));
#10741=CARTESIAN_POINT('Ctrl Pts',(311.197556367225,-55.5713549518668,9.50761616107707));
#10742=CARTESIAN_POINT('Ctrl Pts',(311.203770553641,-55.4927634199158,10.9197507053412));
#10743=CARTESIAN_POINT('Ctrl Pts',(312.385918289607,-55.4141718879647,11.6922081363045));
#10744=CARTESIAN_POINT('Ctrl Pts',(313.681691591271,-55.3355803560137,11.1308330071211));
#10745=CARTESIAN_POINT('Ctrl Pts',(313.926666769184,-55.2569888240626,9.74010055198567));
#10746=CARTESIAN_POINT('Ctrl Pts',(312.900714704953,-55.1783972921115,8.7697446898292));
#10747=CARTESIAN_POINT('Ctrl Pts',(311.525758228475,-55.0998057601605,9.09178974038068));
#10748=CARTESIAN_POINT('Ctrl Pts',(311.037426688158,-55.0212142282094,10.4167617755563));
#10749=CARTESIAN_POINT('Ctrl Pts',(311.874431474724,-54.9426226962584,11.5541634025461));
#10750=CARTESIAN_POINT('Ctrl Pts',(313.284864475377,-54.8640311643073,11.481557373552));
#10751=CARTESIAN_POINT('Ctrl Pts',(314.00075156553,-54.7854396323562,10.264901700801));
#10752=CARTESIAN_POINT('Ctrl Pts',(313.379904253068,-54.7068481004052,8.99601472691917));
#10753=CARTESIAN_POINT('Ctrl Pts',(311.978025437116,-54.6282565684541,8.81837083894839));
#10754=CARTESIAN_POINT('Ctrl Pts',(311.367032327896,-54.57586221382,9.52933018097311));
#10755=CARTESIAN_POINT('Ctrl Pts',(311.277471821498,-54.549665036503,9.93585949100278));
#10756=CARTESIAN_POINT('Ctrl Pts',(312.889326312953,-60.7334018786756,8.90397534425075));
#10757=CARTESIAN_POINT('Ctrl Pts',(312.460065996572,-60.7072047013586,8.77987661217781));
#10758=CARTESIAN_POINT('Ctrl Pts',(311.476268855598,-60.6548103467245,8.99126745217546));
#10759=CARTESIAN_POINT('Ctrl Pts',(310.924619870395,-60.5762188147735,10.4042291960923));
#10760=CARTESIAN_POINT('Ctrl Pts',(311.802565718457,-60.4976272828224,11.6405524837801));
#10761=CARTESIAN_POINT('Ctrl Pts',(313.316993725518,-60.4190357508713,11.5896741024973));
#10762=CARTESIAN_POINT('Ctrl Pts',(314.108991693515,-60.3404442189203,10.297022261878));
#10763=CARTESIAN_POINT('Ctrl Pts',(313.465910019489,-60.2618526869692,8.92433462072893));
#10764=CARTESIAN_POINT('Ctrl Pts',(311.966084129528,-60.1832611550182,8.70508557246298));
#10765=CARTESIAN_POINT('Ctrl Pts',(310.957089075829,-60.1046696230671,9.83632691312619));
#10766=CARTESIAN_POINT('Ctrl Pts',(311.345735192248,-60.0260780911161,11.3014802689563));
#10767=CARTESIAN_POINT('Ctrl Pts',(312.782727290123,-59.9474865591649,11.7839245776354));
#10768=CARTESIAN_POINT('Ctrl Pts',(313.976766637278,-59.868895027214,10.8501189756146));
#10769=CARTESIAN_POINT('Ctrl Pts',(313.854845834281,-59.7903034952628,9.33920851327824));
#10770=CARTESIAN_POINT('Ctrl Pts',(312.526531270998,-59.7117119633118,8.60893857281851));
#10771=CARTESIAN_POINT('Ctrl Pts',(311.18548091278,-59.6331204313607,9.31555030244651));
#10772=CARTESIAN_POINT('Ctrl Pts',(311.036800928886,-59.5545288994097,10.8240626471412));
#10773=CARTESIAN_POINT('Ctrl Pts',(312.214098751369,-59.4759373674586,11.778884634984));
#10774=CARTESIAN_POINT('Ctrl Pts',(313.659422144192,-59.3973458355075,11.3219867042993));
#10775=CARTESIAN_POINT('Ctrl Pts',(314.073963291331,-59.3187543035565,9.86395002729365));
#10776=CARTESIAN_POINT('Ctrl Pts',(313.085204073074,-59.2401627716054,8.71500680454923));
#10777=CARTESIAN_POINT('Ctrl Pts',(311.581670927676,-59.1615712396544,8.90762929464756));
#10778=CARTESIAN_POINT('Ctrl Pts',(310.914480464452,-59.0829797077033,10.2687215823816));
#10779=CARTESIAN_POINT('Ctrl Pts',(311.683188537575,-59.0043881757522,11.5751683781181));
#10780=CARTESIAN_POINT('Ctrl Pts',(313.197012749117,-58.9257966438012,11.6529603461782));
#10781=CARTESIAN_POINT('Ctrl Pts',(314.09558866336,-58.8472051118501,10.4321914660659));
#10782=CARTESIAN_POINT('Ctrl Pts',(313.571431035269,-58.7686135798991,9.00987852106064));
#10783=CARTESIAN_POINT('Ctrl Pts',(312.095562450815,-58.690022047948,8.66415138270088));
#10784=CARTESIAN_POINT('Ctrl Pts',(310.994239365034,-58.611430515997,9.70569004897861));
#10785=CARTESIAN_POINT('Ctrl Pts',(311.257141256664,-58.5328389840459,11.1985389790601));
#10786=CARTESIAN_POINT('Ctrl Pts',(312.64801719225,-58.4542474520948,11.8011827083789));
#10787=CARTESIAN_POINT('Ctrl Pts',(313.916987469098,-58.3756559201438,10.9720688626735));
#10788=CARTESIAN_POINT('Ctrl Pts',(313.923720191496,-58.2970643881927,9.45626214573418));
#10789=CARTESIAN_POINT('Ctrl Pts',(312.662165148309,-58.2184728562417,8.61590852631008));
#10790=CARTESIAN_POINT('Ctrl Pts',(311.265990700569,-58.1398813242906,9.20617308068005));
#10791=CARTESIAN_POINT('Ctrl Pts',(310.989837940972,-58.0612897923395,10.6966277046241));
#10792=CARTESIAN_POINT('Ctrl Pts',(312.081865400577,-57.9826982603884,11.7479085235002));
#10793=CARTESIAN_POINT('Ctrl Pts',(313.560746908151,-57.9041067284374,11.4153054278649));
#10794=CARTESIAN_POINT('Ctrl Pts',(314.097518512493,-57.8255151964864,9.99770478683778));
#10795=CARTESIAN_POINT('Ctrl Pts',(313.20982235833,-57.7469236645352,8.76900186482922));
#10796=CARTESIAN_POINT('Ctrl Pts',(311.695366837077,-57.6683321325842,8.83334319536502));
#10797=CARTESIAN_POINT('Ctrl Pts',(310.915083695553,-57.5897406006332,10.1329098738092));
#10798=CARTESIAN_POINT('Ctrl Pts',(311.570157012066,-57.5111490686821,11.4998752291354));
#10799=CARTESIAN_POINT('Ctrl Pts',(313.071919730749,-57.432557536731,11.7058462694346));
#10800=CARTESIAN_POINT('Ctrl Pts',(314.070846209309,-57.35396600478,10.5657317036557));
#10801=CARTESIAN_POINT('Ctrl Pts',(313.669273400972,-57.2753744728289,9.10407011071649));
#10802=CARTESIAN_POINT('Ctrl Pts',(312.228065772113,-57.1967829408778,8.63435114879538));
#10803=CARTESIAN_POINT('Ctrl Pts',(311.042332481335,-57.1181914089268,9.57867730845071));
#10804=CARTESIAN_POINT('Ctrl Pts',(311.177606359437,-57.0395998769757,11.0884509042502));
#10805=CARTESIAN_POINT('Ctrl Pts',(312.512326546664,-56.9610083450247,11.8069474974765));
#10806=CARTESIAN_POINT('Ctrl Pts',(313.847076453735,-56.8824168130735,11.0885061162646));
#10807=CARTESIAN_POINT('Ctrl Pts',(313.982412784298,-56.8038252811225,9.57873811742866));
#10808=CARTESIAN_POINT('Ctrl Pts',(312.796718557075,-56.7252337491714,8.63436291011));
#10809=CARTESIAN_POINT('Ctrl Pts',(311.355491499289,-56.6466422172204,9.10402225530713));
#10810=CARTESIAN_POINT('Ctrl Pts',(310.953858228877,-56.5680506852693,10.5656672357572));
#10811=CARTESIAN_POINT('Ctrl Pts',(311.952737545194,-56.4894591533182,11.7058231216121));
#10812=CARTESIAN_POINT('Ctrl Pts',(313.454508782591,-56.4108676213673,11.4999142028272));
#10813=CARTESIAN_POINT('Ctrl Pts',(314.109638643994,-56.3322760894161,10.1329759458304));
#10814=CARTESIAN_POINT('Ctrl Pts',(313.329409259942,-56.2536845574651,8.8333769922922));
#10815=CARTESIAN_POINT('Ctrl Pts',(311.814956402452,-56.175093025514,8.76897301426697));
#10816=CARTESIAN_POINT('Ctrl Pts',(310.927209421091,-56.096501493563,9.99763921795573));
#10817=CARTESIAN_POINT('Ctrl Pts',(311.463922389448,-56.0179099616119,11.4152620557998));
#10818=CARTESIAN_POINT('Ctrl Pts',(312.942790128436,-55.9393184296609,11.7479263381384));
#10819=CARTESIAN_POINT('Ctrl Pts',(314.034861092956,-55.8607268977098,10.6966906664849));
#10820=CARTESIAN_POINT('Ctrl Pts',(313.758769946719,-55.7821353657588,9.20622467550716));
#10821=CARTESIAN_POINT('Ctrl Pts',(312.362620002005,-55.7035438338076,8.61590225209516));
#10822=CARTESIAN_POINT('Ctrl Pts',(311.101030018033,-55.6249523018566,9.45620393129617));
#10823=CARTESIAN_POINT('Ctrl Pts',(311.107700419268,-55.5463607699055,10.9720104066471));
#10824=CARTESIAN_POINT('Ctrl Pts',(312.376635592816,-55.4677692379545,11.8011778401207));
#10825=CARTESIAN_POINT('Ctrl Pts',(313.767538158884,-55.3891777060034,11.1985893266017));
#10826=CARTESIAN_POINT('Ctrl Pts',(314.030498202237,-55.3105861740524,9.70575617586709));
#10827=CARTESIAN_POINT('Ctrl Pts',(312.929225813796,-55.2319946421013,8.66416158757102));
#10828=CARTESIAN_POINT('Ctrl Pts',(311.453326836014,-55.1534031101503,9.00984959227528));
#10829=CARTESIAN_POINT('Ctrl Pts',(310.929144410241,-55.0748115781991,10.4320945183949));
#10830=CARTESIAN_POINT('Ctrl Pts',(311.82759794679,-54.9962200462481,11.6529985450465));
#10831=CARTESIAN_POINT('Ctrl Pts',(313.341577959616,-54.917628514297,11.5750621406538));
#10832=CARTESIAN_POINT('Ctrl Pts',(314.110021937764,-54.839036982346,10.2690856283453));
#10833=CARTESIAN_POINT('Ctrl Pts',(313.443595087534,-54.7604454503949,8.9070432512142));
#10834=CARTESIAN_POINT('Ctrl Pts',(311.938797265323,-54.6818539184439,8.7163576279594));
#10835=CARTESIAN_POINT('Ctrl Pts',(311.28294806518,-54.6294595638098,9.47951208709336));
#10836=CARTESIAN_POINT('Ctrl Pts',(311.186812469542,-54.6032623864928,9.91588676758389));
#10837=CARTESIAN_POINT('Ctrl Pts',(312.915108538942,-60.7869992286654,8.81479404239417));
#10838=CARTESIAN_POINT('Ctrl Pts',(312.456489431276,-60.7608020513484,8.68220771285504));
#10839=CARTESIAN_POINT('Ctrl Pts',(311.405406557551,-60.7084076967143,8.90805639885941));
#10840=CARTESIAN_POINT('Ctrl Pts',(310.816028141509,-60.6298161647632,10.4176561205957));
#10841=CARTESIAN_POINT('Ctrl Pts',(311.75402013856,-60.5512246328122,11.738536391491));
#10842=CARTESIAN_POINT('Ctrl Pts',(313.372025797872,-60.472633100861,11.6841782387968));
#10843=CARTESIAN_POINT('Ctrl Pts',(314.218191603317,-60.3940415689101,10.3031168850114));
#10844=CARTESIAN_POINT('Ctrl Pts',(313.531127059395,-60.3154500369589,8.83654576938787));
#10845=CARTESIAN_POINT('Ctrl Pts',(311.928722213061,-60.236858505008,8.60230142152906));
#10846=CARTESIAN_POINT('Ctrl Pts',(310.850718042844,-60.1582669730568,9.81091278021159));
#10847=CARTESIAN_POINT('Ctrl Pts',(311.265945186627,-60.0796754411058,11.3762737022497));
#10848=CARTESIAN_POINT('Ctrl Pts',(312.801218792178,-60.0010839091548,11.8917142633765));
#10849=CARTESIAN_POINT('Ctrl Pts',(314.076923158533,-59.9224923772037,10.8940420454021));
#10850=CARTESIAN_POINT('Ctrl Pts',(313.946663715154,-59.8439008452526,9.27979450945069));
#10851=CARTESIAN_POINT('Ctrl Pts',(312.527500525675,-59.7653093133016,8.49957855268003));
#10852=CARTESIAN_POINT('Ctrl Pts',(311.094730490451,-59.6867177813505,9.25451822108539));
#10853=CARTESIAN_POINT('Ctrl Pts',(310.935881701176,-59.6081262493994,10.8662036227539));
#10854=CARTESIAN_POINT('Ctrl Pts',(312.193699524534,-59.5295347174484,11.8863296193428));
#10855=CARTESIAN_POINT('Ctrl Pts',(313.737874234866,-59.4509431854973,11.3981826528783));
#10856=CARTESIAN_POINT('Ctrl Pts',(314.180767471759,-59.3723516535463,9.84042514715305));
#10857=CARTESIAN_POINT('Ctrl Pts',(313.124383144886,-59.2937601215952,8.61290120546601));
#10858=CARTESIAN_POINT('Ctrl Pts',(311.518017489421,-59.2151685896441,8.81869790074419));
#10859=CARTESIAN_POINT('Ctrl Pts',(310.805195261952,-59.1365770576931,10.2728806113991));
#10860=CARTESIAN_POINT('Ctrl Pts',(311.626478285558,-59.057985525742,11.6686804112154));
#10861=CARTESIAN_POINT('Ctrl Pts',(313.243838853414,-58.979393993791,11.7517928761087));
#10862=CARTESIAN_POINT('Ctrl Pts',(314.203871887529,-58.9008024618399,10.4475308395348));
#10863=CARTESIAN_POINT('Ctrl Pts',(313.643865069991,-58.8222109298888,8.92794035150799));
#10864=CARTESIAN_POINT('Ctrl Pts',(312.067056062952,-58.7436193979378,8.55856758249173));
#10865=CARTESIAN_POINT('Ctrl Pts',(310.890409185572,-58.6650278659867,9.67134115018361));
#10866=CARTESIAN_POINT('Ctrl Pts',(311.171291965419,-58.5864363340357,11.2662918550754));
#10867=CARTESIAN_POINT('Ctrl Pts',(312.657295344045,-58.5078448020846,11.9101527451544));
#10868=CARTESIAN_POINT('Ctrl Pts',(314.013055459327,-58.4292532701335,11.0243325620155));
#10869=CARTESIAN_POINT('Ctrl Pts',(314.020248658932,-58.3506617381824,9.40485389746629));
#10870=CARTESIAN_POINT('Ctrl Pts',(312.672410934133,-58.2720702062314,8.50702520854081));
#10871=CARTESIAN_POINT('Ctrl Pts',(311.18074665739,-58.1934786742803,9.13766026349822));
#10872=CARTESIAN_POINT('Ctrl Pts',(310.885706730911,-58.1148871423293,10.730052906295));
#10873=CARTESIAN_POINT('Ctrl Pts',(312.052422217898,-58.0362956103782,11.8532349304896));
#10874=CARTESIAN_POINT('Ctrl Pts',(313.632450213649,-57.9577040784272,11.4978838087899));
#10875=CARTESIAN_POINT('Ctrl Pts',(314.20593372659,-57.8791125464761,9.98332791763359));
#10876=CARTESIAN_POINT('Ctrl Pts',(313.257524561882,-57.800521014525,8.67058919901908));
#10877=CARTESIAN_POINT('Ctrl Pts',(311.639489506575,-57.721929482574,8.73933108470081));
#10878=CARTESIAN_POINT('Ctrl Pts',(310.805839750386,-57.6433379506229,10.1277802091044));
#10879=CARTESIAN_POINT('Ctrl Pts',(311.505716092107,-57.5647464186718,11.5882376694056));
#10880=CARTESIAN_POINT('Ctrl Pts',(313.110190234453,-57.4861548867208,11.8082958744208));
#10881=CARTESIAN_POINT('Ctrl Pts',(314.177437200311,-57.4075633547698,10.5902044160659));
#10882=CARTESIAN_POINT('Ctrl Pts',(313.748399257612,-57.3289718228186,9.02857407223435));
#10883=CARTESIAN_POINT('Ctrl Pts',(312.208621804432,-57.2503802908676,8.52672919408164));
#10884=CARTESIAN_POINT('Ctrl Pts',(310.941791578124,-57.1717887589165,9.53564151175859));
#10885=CARTESIAN_POINT('Ctrl Pts',(311.086317365619,-57.0931972269655,11.1486744264259));
#10886=CARTESIAN_POINT('Ctrl Pts',(312.512324284708,-57.0146056950144,11.9163118107165));
#10887=CARTESIAN_POINT('Ctrl Pts',(313.938362956297,-56.9360141630634,11.1487334146059));
#10888=CARTESIAN_POINT('Ctrl Pts',(314.082955467622,-56.8574226311123,9.53570647970029));
#10889=CARTESIAN_POINT('Ctrl Pts',(312.816166976577,-56.7788310991612,8.52674175979855));
#10890=CARTESIAN_POINT('Ctrl Pts',(311.27636876565,-56.7002395672102,9.02852294380643));
#10891=CARTESIAN_POINT('Ctrl Pts',(310.847266225638,-56.6216480352591,10.5901355389557));
#10892=CARTESIAN_POINT('Ctrl Pts',(311.914462803644,-56.5430565033081,11.8082711434282));
#10893=CARTESIAN_POINT('Ctrl Pts',(313.518946047331,-56.464464971357,11.5882793086606));
#10894=CARTESIAN_POINT('Ctrl Pts',(314.218882801269,-56.385873439406,10.1278508000494));
#10895=CARTESIAN_POINT('Ctrl Pts',(313.385290479236,-56.3072819074549,8.73936719313197));
#10896=CARTESIAN_POINT('Ctrl Pts',(311.767258269876,-56.2286903755038,8.67055837525408));
#10897=CARTESIAN_POINT('Ctrl Pts',(310.818794801701,-56.1500988435527,9.98325786423933));
#10898=CARTESIAN_POINT('Ctrl Pts',(311.392215668311,-56.0715073116016,11.4978374703397));
#10899=CARTESIAN_POINT('Ctrl Pts',(312.97222895379,-55.9929157796506,11.8532539635406));
#10900=CARTESIAN_POINT('Ctrl Pts',(314.138990921162,-55.9143242476995,10.7301201743636));
#10901=CARTESIAN_POINT('Ctrl Pts',(313.844016822021,-55.8357327157485,9.13771538709726));
#10902=CARTESIAN_POINT('Ctrl Pts',(312.352378724163,-55.7571411837974,8.5070185052078));
#10903=CARTESIAN_POINT('Ctrl Pts',(311.004503668841,-55.6785496518464,9.40479170151526));
#10904=CARTESIAN_POINT('Ctrl Pts',(311.011630284896,-55.5999581198953,11.0242701079529));
#10905=CARTESIAN_POINT('Ctrl Pts',(312.367352896026,-55.5213665879443,11.910147543937));
#10906=CARTESIAN_POINT('Ctrl Pts',(313.853384726497,-55.4427750559932,11.2663456460822));
#10907=CARTESIAN_POINT('Ctrl Pts',(314.13432963529,-55.3641835240421,9.67141179974852));
#10908=CARTESIAN_POINT('Ctrl Pts',(312.95773692264,-55.2855919920911,8.55857848531284));
#10909=CARTESIAN_POINT('Ctrl Pts',(311.380895443553,-55.20700046014,8.92790944416989));
#10910=CARTESIAN_POINT('Ctrl Pts',(310.820862132324,-55.1284089281889,10.4474272612336));
#10911=CARTESIAN_POINT('Ctrl Pts',(311.780764418855,-55.0498173962379,11.7518336875469));
#10912=CARTESIAN_POINT('Ctrl Pts',(313.398291443856,-54.9712258642868,11.6685669077555));
#10913=CARTESIAN_POINT('Ctrl Pts',(314.219292309998,-54.8926343323358,10.2732695558896));
#10914=CARTESIAN_POINT('Ctrl Pts',(313.507285922001,-54.8140428003847,8.81807177550922));
#10915=CARTESIAN_POINT('Ctrl Pts',(311.899569093531,-54.7354512684336,8.61434441697042));
#10916=CARTESIAN_POINT('Ctrl Pts',(311.198863802465,-54.6830569137996,9.42969399321362));
#10917=CARTESIAN_POINT('Ctrl Pts',(311.096153117586,-54.6568597364826,9.895914044165));
#10918=CARTESIAN_POINT('Ctrl Pts',(312.940890764931,-60.8405965786551,8.72561274053759));
#10919=CARTESIAN_POINT('Ctrl Pts',(312.45291286598,-60.8143994013381,8.58453881353227));
#10920=CARTESIAN_POINT('Ctrl Pts',(311.334544259504,-60.762005046704,8.82484534554336));
#10921=CARTESIAN_POINT('Ctrl Pts',(310.707436412623,-60.683413514753,10.4310830450991));
#10922=CARTESIAN_POINT('Ctrl Pts',(311.705474558663,-60.6048219828019,11.836520299202));
#10923=CARTESIAN_POINT('Ctrl Pts',(313.427057870226,-60.5262304508509,11.7786823750964));
#10924=CARTESIAN_POINT('Ctrl Pts',(314.327391513119,-60.4476389188999,10.3092115081448));
#10925=CARTESIAN_POINT('Ctrl Pts',(313.596344099301,-60.3690473869487,8.7487569180468));
#10926=CARTESIAN_POINT('Ctrl Pts',(311.891360296593,-60.2904558549978,8.49951727059515));
#10927=CARTESIAN_POINT('Ctrl Pts',(310.74434700986,-60.2118643230466,9.78549864729701));
#10928=CARTESIAN_POINT('Ctrl Pts',(311.186155181006,-60.1332727910956,11.451067135543));
#10929=CARTESIAN_POINT('Ctrl Pts',(312.819710294234,-60.0546812591445,11.9995039491175));
#10930=CARTESIAN_POINT('Ctrl Pts',(314.177079679789,-59.9760897271935,10.9379651151897));
#10931=CARTESIAN_POINT('Ctrl Pts',(314.038481596028,-59.8974981952424,9.22038050562312));
#10932=CARTESIAN_POINT('Ctrl Pts',(312.528469780351,-59.8189066632913,8.39021853254155));
#10933=CARTESIAN_POINT('Ctrl Pts',(311.003980068123,-59.7403151313403,9.19348613972427));
#10934=CARTESIAN_POINT('Ctrl Pts',(310.834962473466,-59.6617235993892,10.9083445983666));
#10935=CARTESIAN_POINT('Ctrl Pts',(312.173300297698,-59.5831320674382,11.9937746037017));
#10936=CARTESIAN_POINT('Ctrl Pts',(313.81632632554,-59.504540535487,11.4743786014573));
#10937=CARTESIAN_POINT('Ctrl Pts',(314.287571652188,-59.4259490035361,9.81690026701245));
#10938=CARTESIAN_POINT('Ctrl Pts',(313.163562216699,-59.347357471585,8.5107956063828));
#10939=CARTESIAN_POINT('Ctrl Pts',(311.454364051166,-59.2687659396339,8.72976650684084));
#10940=CARTESIAN_POINT('Ctrl Pts',(310.695910059452,-59.1901744076829,10.2770396404167));
#10941=CARTESIAN_POINT('Ctrl Pts',(311.56976803354,-59.1115828757318,11.7621924443127));
#10942=CARTESIAN_POINT('Ctrl Pts',(313.290664957711,-59.0329913437807,11.8506254060392));
#10943=CARTESIAN_POINT('Ctrl Pts',(314.312155111698,-58.9543998118297,10.4628702130038));
#10944=CARTESIAN_POINT('Ctrl Pts',(313.716299104714,-58.8758082798786,8.84600218195533));
#10945=CARTESIAN_POINT('Ctrl Pts',(312.038549675088,-58.7972167479276,8.45298378228259));
#10946=CARTESIAN_POINT('Ctrl Pts',(310.786579006111,-58.7186252159765,9.63699225138859));
#10947=CARTESIAN_POINT('Ctrl Pts',(311.085442674174,-58.6400336840254,11.3340447310907));
#10948=CARTESIAN_POINT('Ctrl Pts',(312.666573495841,-58.5614421520744,12.0191227819298));
#10949=CARTESIAN_POINT('Ctrl Pts',(314.109123449556,-58.4828506201233,11.0765962613575));
#10950=CARTESIAN_POINT('Ctrl Pts',(314.116777126369,-58.4042590881722,9.3534456491984));
#10951=CARTESIAN_POINT('Ctrl Pts',(312.682656719956,-58.3256675562212,8.39814189077153));
#10952=CARTESIAN_POINT('Ctrl Pts',(311.095502614212,-58.2470760242701,9.06914744631638));
#10953=CARTESIAN_POINT('Ctrl Pts',(310.78157552085,-58.1684844923191,10.7634781079659));
#10954=CARTESIAN_POINT('Ctrl Pts',(312.022979035219,-58.089892960368,11.958561337479));
#10955=CARTESIAN_POINT('Ctrl Pts',(313.704153519148,-58.0113014284169,11.5804621897149));
#10956=CARTESIAN_POINT('Ctrl Pts',(314.314348940685,-57.9327098964659,9.96895104842939));
#10957=CARTESIAN_POINT('Ctrl Pts',(313.305226765434,-57.8541183645148,8.57217653320894));
#10958=CARTESIAN_POINT('Ctrl Pts',(311.583612176073,-57.7755268325637,8.64531897403659));
#10959=CARTESIAN_POINT('Ctrl Pts',(310.69659580522,-57.6969353006127,10.1226505443996));
#10960=CARTESIAN_POINT('Ctrl Pts',(311.441275172149,-57.6183437686616,11.6766001096758));
#10961=CARTESIAN_POINT('Ctrl Pts',(313.148460738157,-57.5397522367106,11.9107454794069));
#10962=CARTESIAN_POINT('Ctrl Pts',(314.284028191314,-57.4611607047595,10.6146771284761));
#10963=CARTESIAN_POINT('Ctrl Pts',(313.827525114253,-57.3825691728084,8.95307803375221));
#10964=CARTESIAN_POINT('Ctrl Pts',(312.189177836751,-57.3039776408573,8.41910723936791));
#10965=CARTESIAN_POINT('Ctrl Pts',(310.841250674912,-57.2253861089063,9.49260571506647));
#10966=CARTESIAN_POINT('Ctrl Pts',(310.9950283718,-57.1467945769552,11.2088979486017));
#10967=CARTESIAN_POINT('Ctrl Pts',(312.512322022752,-57.0682030450042,12.0256761239566));
#10968=CARTESIAN_POINT('Ctrl Pts',(314.02964945886,-56.9896115130531,11.2089607129472));
#10969=CARTESIAN_POINT('Ctrl Pts',(314.183498150946,-56.911019981102,9.49267484197192));
#10970=CARTESIAN_POINT('Ctrl Pts',(312.83561539608,-56.832428449151,8.41912060948711));
#10971=CARTESIAN_POINT('Ctrl Pts',(311.197246032011,-56.7538369171999,8.95302363230575));
#10972=CARTESIAN_POINT('Ctrl Pts',(310.740674222399,-56.6752453852489,10.6146038421543));
#10973=CARTESIAN_POINT('Ctrl Pts',(311.876188062093,-56.5966538532978,11.9107191652443));
#10974=CARTESIAN_POINT('Ctrl Pts',(313.583383312072,-56.5180623213468,11.6766444144939));
#10975=CARTESIAN_POINT('Ctrl Pts',(314.328126958543,-56.4394707893957,10.1227256542684));
#10976=CARTESIAN_POINT('Ctrl Pts',(313.44117169853,-56.3608792574446,8.64535739397174));
#10977=CARTESIAN_POINT('Ctrl Pts',(311.719560137301,-56.2822877254936,8.5721437362412));
#10978=CARTESIAN_POINT('Ctrl Pts',(310.710380182311,-56.2036961935425,9.96887651052293));
#10979=CARTESIAN_POINT('Ctrl Pts',(311.320508947174,-56.1251046615914,11.5804128848796));
#10980=CARTESIAN_POINT('Ctrl Pts',(313.001667779143,-56.0465131296404,11.9585815889428));
#10981=CARTESIAN_POINT('Ctrl Pts',(314.243120749369,-55.9679215976893,10.7635496822424));
#10982=CARTESIAN_POINT('Ctrl Pts',(313.929263697323,-55.8893300657382,9.06920609868737));
#10983=CARTESIAN_POINT('Ctrl Pts',(312.342137446321,-55.8107385337872,8.39813475832044));
#10984=CARTESIAN_POINT('Ctrl Pts',(310.90797731965,-55.7321470018361,9.35337947173436));
#10985=CARTESIAN_POINT('Ctrl Pts',(310.915560150523,-55.653555469885,11.0765298092587));
#10986=CARTESIAN_POINT('Ctrl Pts',(312.358070199235,-55.574963937934,12.0191172477533));
#10987=CARTESIAN_POINT('Ctrl Pts',(313.939231294109,-55.4963724059829,11.3341019655627));
#10988=CARTESIAN_POINT('Ctrl Pts',(314.238161068343,-55.4177808740319,9.63706742362995));
#10989=CARTESIAN_POINT('Ctrl Pts',(312.986248031484,-55.3391893420809,8.45299538305466));
#10990=CARTESIAN_POINT('Ctrl Pts',(311.308464051093,-55.2605978101298,8.8459692960645));
#10991=CARTESIAN_POINT('Ctrl Pts',(310.712579854406,-55.1820062781787,10.4627600040723));
#10992=CARTESIAN_POINT('Ctrl Pts',(311.733930890921,-55.1034147462276,11.8506688300473));
#10993=CARTESIAN_POINT('Ctrl Pts',(313.455004928095,-55.0248232142766,11.7620716748572));
#10994=CARTESIAN_POINT('Ctrl Pts',(314.328562682232,-54.9462316823255,10.2774534834339));
#10995=CARTESIAN_POINT('Ctrl Pts',(313.570976756467,-54.8676401503745,8.72910029980424));
#10996=CARTESIAN_POINT('Ctrl Pts',(311.860340921739,-54.7890486184234,8.51233120598144));
#10997=CARTESIAN_POINT('Ctrl Pts',(311.114779539749,-54.7366542637894,9.37987589933387));
#10998=CARTESIAN_POINT('Ctrl Pts',(311.005493765631,-54.7104570864723,9.87594132074611));
#10999=CARTESIAN_POINT('Ctrl Pts',(312.513354012294,-59.907409349153,11.473225099333));
#11000=CARTESIAN_POINT('Ctrl Pts',(312.169283450562,-59.9290998131441,11.4702574112327));
#11001=CARTESIAN_POINT('Ctrl Pts',(311.822997848206,-59.9507902771352,11.3244810098098));
#11002=CARTESIAN_POINT('Ctrl Pts',(311.58829944806,-59.9724807411263,11.0741038800978));
#11003=CARTESIAN_POINT('Ctrl Pts',(311.304836834851,-59.9986779184433,10.7717049057889));
#11004=CARTESIAN_POINT('Ctrl Pts',(311.184148471832,-60.0248750957603,10.3167229759148));
#11005=CARTESIAN_POINT('Ctrl Pts',(311.280468613186,-60.0510722730773,9.91358679053716));
#11006=CARTESIAN_POINT('Ctrl Pts',(311.376788754541,-60.0772694503944,9.51045060515948));
#11007=CARTESIAN_POINT('Ctrl Pts',(311.690117400269,-60.1034666277114,9.15916016427818));
#11008=CARTESIAN_POINT('Ctrl Pts',(312.079656212064,-60.1296638050284,9.01755723528306));
#11009=CARTESIAN_POINT('Ctrl Pts',(312.469195023859,-60.1558609823454,8.87595430628792));
#11010=CARTESIAN_POINT('Ctrl Pts',(312.934944001721,-60.1820581596625,8.94403888917896));
#11011=CARTESIAN_POINT('Ctrl Pts',(313.26766829134,-60.2082553369795,9.19121520840358));
#11012=CARTESIAN_POINT('Ctrl Pts',(313.60039258096,-60.2344525142965,9.43839152762819));
#11013=CARTESIAN_POINT('Ctrl Pts',(313.800092182336,-60.2606496916135,9.86465958318639));
#11014=CARTESIAN_POINT('Ctrl Pts',(313.7769702946,-60.2868468689305,10.278500665541));
#11015=CARTESIAN_POINT('Ctrl Pts',(313.753848406863,-60.3130440462475,10.6923417478957));
#11016=CARTESIAN_POINT('Ctrl Pts',(313.507905030013,-60.3392412235645,11.0937558570467));
#11017=CARTESIAN_POINT('Ctrl Pts',(313.149791615787,-60.3654384008816,11.3023626799341));
#11018=CARTESIAN_POINT('Ctrl Pts',(312.958545062747,-60.379428716972,11.4137668726648));
#11019=CARTESIAN_POINT('Ctrl Pts',(312.735307870416,-60.3934190330625,11.4701828663035));
#11020=CARTESIAN_POINT('Ctrl Pts',(312.51221601871,-60.407409349153,11.470536360366));
#11021=CARTESIAN_POINT('Ctrl Pts',(311.056120006302,-60.707965335657,10.7180245689024));
#11022=CARTESIAN_POINT('Ctrl Pts',(311.22521826037,-60.6815860556902,11.2007560719214));
#11023=CARTESIAN_POINT('Ctrl Pts',(312.079251985087,-60.6288274957566,11.976419425309));
#11024=CARTESIAN_POINT('Ctrl Pts',(313.761713972445,-60.5496896558562,11.5353401711081));
#11025=CARTESIAN_POINT('Ctrl Pts',(314.304988594369,-60.4705518159557,9.88361177127975));
#11026=CARTESIAN_POINT('Ctrl Pts',(313.217892010184,-60.3914139760553,8.52819294699759));
#11027=CARTESIAN_POINT('Ctrl Pts',(311.488165603546,-60.3122761361549,8.70095684431511));
#11028=CARTESIAN_POINT('Ctrl Pts',(310.690818763419,-60.2331382962544,10.2454832347148));
#11029=CARTESIAN_POINT('Ctrl Pts',(311.551166431845,-60.154000456354,11.7556914703641));
#11030=CARTESIAN_POINT('Ctrl Pts',(313.286364802264,-60.0748626164536,11.8573015560752));
#11031=CARTESIAN_POINT('Ctrl Pts',(314.31710391921,-59.9957247765532,10.4577504544404));
#11032=CARTESIAN_POINT('Ctrl Pts',(313.705331586193,-59.9165869366528,8.83083057146724));
#11033=CARTESIAN_POINT('Ctrl Pts',(312.007812478274,-59.8374490967523,8.45720578812101));
#11034=CARTESIAN_POINT('Ctrl Pts',(310.769491738416,-59.7583112568519,9.67692653516269));
#11035=CARTESIAN_POINT('Ctrl Pts',(311.117378829617,-59.6791734169515,11.379903085867));
#11036=CARTESIAN_POINT('Ctrl Pts',(312.734858625839,-59.6000355770511,12.0162340253699));
#11037=CARTESIAN_POINT('Ctrl Pts',(314.149838582649,-59.5208977371506,11.006784441307));
#11038=CARTESIAN_POINT('Ctrl Pts',(314.074525512485,-59.4417598972502,9.27026938275049));
#11039=CARTESIAN_POINT('Ctrl Pts',(312.577462720523,-59.3626220573498,8.38711597301561));
#11040=CARTESIAN_POINT('Ctrl Pts',(311.021148690223,-59.2834842174493,9.16109494000607));
#11041=CARTESIAN_POINT('Ctrl Pts',(310.822007167627,-59.204346377549,10.8877968410664));
#11042=CARTESIAN_POINT('Ctrl Pts',(312.161279739331,-59.1252085376486,11.9957254547798));
#11043=CARTESIAN_POINT('Ctrl Pts',(313.820075157801,-59.0460706977481,11.4765389977513));
#11044=CARTESIAN_POINT('Ctrl Pts',(314.288699850325,-58.9669328578477,9.80275653986544));
#11045=CARTESIAN_POINT('Ctrl Pts',(313.140651739253,-58.8877950179472,8.49771157644));
#11046=CARTESIAN_POINT('Ctrl Pts',(311.420785929978,-58.8086571780469,8.74914430717946));
#11047=CARTESIAN_POINT('Ctrl Pts',(310.694377040901,-58.7295193381464,10.3282221856104));
#11048=CARTESIAN_POINT('Ctrl Pts',(311.622540253981,-58.650381498246,11.7978037146338));
#11049=CARTESIAN_POINT('Ctrl Pts',(313.360540874216,-58.5712436583456,11.8204015998288));
#11050=CARTESIAN_POINT('Ctrl Pts',(314.326599530365,-58.4921058184452,10.3754491807929));
#11051=CARTESIAN_POINT('Ctrl Pts',(313.641492339528,-58.4129679785446,8.77801844442737));
#11052=CARTESIAN_POINT('Ctrl Pts',(311.928745213606,-58.3338301386443,8.48195408817458));
#11053=CARTESIAN_POINT('Ctrl Pts',(310.74715395536,-58.2546922987438,9.75670854250768));
#11054=CARTESIAN_POINT('Ctrl Pts',(311.172101769976,-58.1755544588434,11.442109437031));
#11055=CARTESIAN_POINT('Ctrl Pts',(312.816837537107,-58.096416618943,12.0042491676361));
#11056=CARTESIAN_POINT('Ctrl Pts',(314.184463570187,-58.0172787790426,10.9315162772822));
#11057=CARTESIAN_POINT('Ctrl Pts',(314.030283738738,-57.9381409391421,9.20022040424948));
#11058=CARTESIAN_POINT('Ctrl Pts',(312.494619325744,-57.8590030992418,8.38603883293598));
#11059=CARTESIAN_POINT('Ctrl Pts',(310.975100609021,-57.7798652593413,9.22996992605744));
#11060=CARTESIAN_POINT('Ctrl Pts',(310.854663435905,-57.7007274194409,10.9639398530565));
#11061=CARTESIAN_POINT('Ctrl Pts',(312.24291941053,-57.6215895795404,12.0098376345455));
#11062=CARTESIAN_POINT('Ctrl Pts',(313.876396795789,-57.54245173964,11.4157766509327));
#11063=CARTESIAN_POINT('Ctrl Pts',(314.268444320447,-57.4633138997396,9.72242035091335));
#11064=CARTESIAN_POINT('Ctrl Pts',(313.062253891427,-57.3841760598392,8.47091666760101));
#11065=CARTESIAN_POINT('Ctrl Pts',(311.355596773171,-57.3050382199388,8.80027711014989));
#11066=CARTESIAN_POINT('Ctrl Pts',(310.701726164849,-57.2259003800384,10.4107460008697));
#11067=CARTESIAN_POINT('Ctrl Pts',(311.695739115157,-57.1467625401379,11.8366124304565));
#11068=CARTESIAN_POINT('Ctrl Pts',(313.432970135897,-57.0676247002375,11.780174845594));
#11069=CARTESIAN_POINT('Ctrl Pts',(314.332340279345,-56.988486860337,10.292797904304));
#11070=CARTESIAN_POINT('Ctrl Pts',(313.575319837569,-56.9093490204367,8.72816476163526));
#11071=CARTESIAN_POINT('Ctrl Pts',(311.850884006846,-56.8302111805362,8.51027055309103));
#11072=CARTESIAN_POINT('Ctrl Pts',(310.728466648356,-56.7510733406358,9.83742393299211));
#11073=CARTESIAN_POINT('Ctrl Pts',(311.22959594972,-56.6719355007354,11.5017635148419));
#11074=CARTESIAN_POINT('Ctrl Pts',(312.89818692335,-56.592797660835,11.9885498982519));
#11075=CARTESIAN_POINT('Ctrl Pts',(314.215630916079,-56.5136598209345,10.8547517916278));
#11076=CARTESIAN_POINT('Ctrl Pts',(313.98290319424,-56.4345219810341,9.13225516528371));
#11077=CARTESIAN_POINT('Ctrl Pts',(312.411812606335,-56.3553841411336,8.38872898242413));
#11078=CARTESIAN_POINT('Ctrl Pts',(310.932231301041,-56.2762463012333,9.30086712049628));
#11079=CARTESIAN_POINT('Ctrl Pts',(310.890747514293,-56.1971084613328,11.0385195351658));
#11080=CARTESIAN_POINT('Ctrl Pts',(312.325116234389,-56.1179706214324,12.0202237636925));
#11081=CARTESIAN_POINT('Ctrl Pts',(313.929897857215,-56.038832781532,11.3525166591599));
#11082=CARTESIAN_POINT('Ctrl Pts',(314.24455752486,-55.9596949416316,9.6430880719692));
#11083=CARTESIAN_POINT('Ctrl Pts',(312.982718973751,-55.8805571017311,8.44771353936888));
#11084=CARTESIAN_POINT('Ctrl Pts',(311.292799567112,-55.8014192618307,8.8543206559658));
#11085=CARTESIAN_POINT('Ctrl Pts',(310.712819394106,-55.7222814219303,10.4928503645924));
#11086=CARTESIAN_POINT('Ctrl Pts',(311.770626496945,-55.6431435820299,11.8720533496979));
#11087=CARTESIAN_POINT('Ctrl Pts',(313.503495956829,-55.5640057421294,11.7366968177131));
#11088=CARTESIAN_POINT('Ctrl Pts',(314.3343171926,-55.484867902229,10.2099713562544));
#11089=CARTESIAN_POINT('Ctrl Pts',(313.506950279356,-55.4057300623286,8.6813703794143));
#11090=CARTESIAN_POINT('Ctrl Pts',(311.77438860196,-55.3265922224282,8.5420985786117));
#11091=CARTESIAN_POINT('Ctrl Pts',(310.713472348337,-55.2474543825277,9.91890299313718));
#11092=CARTESIAN_POINT('Ctrl Pts',(311.289733681572,-55.1683165426274,11.5587472812043));
#11093=CARTESIAN_POINT('Ctrl Pts',(312.978757437874,-55.0891787027269,11.9691577402226));
#11094=CARTESIAN_POINT('Ctrl Pts',(314.243236157618,-55.0100408628265,10.7766726908805));
#11095=CARTESIAN_POINT('Ctrl Pts',(313.932566381966,-54.930903022926,9.06646567282728));
#11096=CARTESIAN_POINT('Ctrl Pts',(312.329034476472,-54.8517651830256,8.39528295992449));
#11097=CARTESIAN_POINT('Ctrl Pts',(310.89300344311,-54.7726273431252,9.37342100937718));
#11098=CARTESIAN_POINT('Ctrl Pts',(310.929355608338,-54.6934895032248,11.1118204288746));
#11099=CARTESIAN_POINT('Ctrl Pts',(312.40920345925,-54.6143516633244,12.0257567425983));
#11100=CARTESIAN_POINT('Ctrl Pts',(313.452777070854,-54.5615931033907,11.5338407356353));
#11101=CARTESIAN_POINT('Ctrl Pts',(313.755686468819,-54.5352138234239,11.121688069551));
#11102=CARTESIAN_POINT('Ctrl Pts',(311.143733471883,-60.7615626856468,10.6873340422431));
#11103=CARTESIAN_POINT('Ctrl Pts',(311.302658067762,-60.73518340568,11.1410223990987));
#11104=CARTESIAN_POINT('Ctrl Pts',(312.10530955175,-60.6824248457463,11.8700186010673));
#11105=CARTESIAN_POINT('Ctrl Pts',(313.68654758934,-60.603287005846,11.4554765195376));
#11106=CARTESIAN_POINT('Ctrl Pts',(314.197136537855,-60.5241491659455,9.90312300831418));
#11107=CARTESIAN_POINT('Ctrl Pts',(313.17544423077,-60.4450113260451,8.62925184930803));
#11108=CARTESIAN_POINT('Ctrl Pts',(311.54978539904,-60.3658734861447,8.79162154800749));
#11109=CARTESIAN_POINT('Ctrl Pts',(310.800410279582,-60.2867356462442,10.2432227710435));
#11110=CARTESIAN_POINT('Ctrl Pts',(311.608995834018,-60.2075978063438,11.6625705630488));
#11111=CARTESIAN_POINT('Ctrl Pts',(313.239797413303,-60.1284599664434,11.7580673610368));
#11112=CARTESIAN_POINT('Ctrl Pts',(314.208522954084,-60.049322126543,10.4427191070591));
#11113=CARTESIAN_POINT('Ctrl Pts',(313.633557403254,-59.9701842866425,8.91368152855953));
#11114=CARTESIAN_POINT('Ctrl Pts',(312.038168144451,-59.8910464467421,8.56253557480109));
#11115=CARTESIAN_POINT('Ctrl Pts',(310.874349959366,-59.8119086068417,9.70887282042756));
#11116=CARTESIAN_POINT('Ctrl Pts',(311.201306708184,-59.7327707669412,11.3093911794336));
#11117=CARTESIAN_POINT('Ctrl Pts',(312.721472155032,-59.6536329270408,11.9074377882708));
#11118=CARTESIAN_POINT('Ctrl Pts',(314.051320999729,-59.5744950871404,10.9587209130352));
#11119=CARTESIAN_POINT('Ctrl Pts',(313.98053907885,-59.49535724724,9.32668186307839));
#11120=CARTESIAN_POINT('Ctrl Pts',(312.573545845662,-59.4162194073395,8.49666265611109));
#11121=CARTESIAN_POINT('Ctrl Pts',(311.110866176441,-59.3370815674391,9.22407581141288));
#11122=CARTESIAN_POINT('Ctrl Pts',(310.92370584072,-59.2579437275387,10.8468921044703));
#11123=CARTESIAN_POINT('Ctrl Pts',(312.182402173232,-59.1788058876383,11.888163099061));
#11124=CARTESIAN_POINT('Ctrl Pts',(313.741397521699,-59.0996680477378,11.4002130706958));
#11125=CARTESIAN_POINT('Ctrl Pts',(314.181827792779,-59.0205302078374,9.82713236578492));
#11126=CARTESIAN_POINT('Ctrl Pts',(313.102851057582,-58.941392367937,8.60060436548629));
#11127=CARTESIAN_POINT('Ctrl Pts',(311.486459568438,-58.8622545280366,8.83690985157012));
#11128=CARTESIAN_POINT('Ctrl Pts',(310.803754476208,-58.7831166881361,10.3209838006118));
#11129=CARTESIAN_POINT('Ctrl Pts',(311.676075508506,-58.7039788482358,11.702149158576));
#11130=CARTESIAN_POINT('Ctrl Pts',(313.309510742537,-58.6248410083353,11.7233874604859));
#11131=CARTESIAN_POINT('Ctrl Pts',(314.217447269558,-58.5457031684349,10.3653694222453));
#11132=CARTESIAN_POINT('Ctrl Pts',(313.573558992665,-58.4665653285344,8.86404679996005));
#11133=CARTESIAN_POINT('Ctrl Pts',(311.96385789711,-58.3874274886341,8.58579491361792));
#11134=CARTESIAN_POINT('Ctrl Pts',(310.853356110763,-58.3082896487336,9.78385480853607));
#11135=CARTESIAN_POINT('Ctrl Pts',(311.25273728758,-58.2291518088332,11.3678549363442));
#11136=CARTESIAN_POINT('Ctrl Pts',(312.798518872135,-58.1500139689328,11.8961739897029));
#11137=CARTESIAN_POINT('Ctrl Pts',(314.083862803203,-58.0708761290323,10.8879811965543));
#11138=CARTESIAN_POINT('Ctrl Pts',(313.938959075245,-57.9917382891319,9.26084732409186));
#11139=CARTESIAN_POINT('Ctrl Pts',(312.49568665599,-57.9126004492315,8.4956503212836));
#11140=CARTESIAN_POINT('Ctrl Pts',(311.067588540393,-57.8334626093311,9.28880699024557));
#11141=CARTESIAN_POINT('Ctrl Pts',(310.954397371319,-57.7543247694307,10.918454034404));
#11142=CARTESIAN_POINT('Ctrl Pts',(312.259130060367,-57.6751869295302,11.9014262310702));
#11143=CARTESIAN_POINT('Ctrl Pts',(313.79433061439,-57.5960490896298,11.3431064407899));
#11144=CARTESIAN_POINT('Ctrl Pts',(314.162790920293,-57.5169112497294,9.75162953795256));
#11145=CARTESIAN_POINT('Ctrl Pts',(313.029169952167,-57.437773409829,8.57542155042817));
#11146=CARTESIAN_POINT('Ctrl Pts',(311.425192463948,-57.3586355699285,8.88496629125965));
#11147=CARTESIAN_POINT('Ctrl Pts',(310.810661446123,-57.2794977300282,10.3985426380033));
#11148=CARTESIAN_POINT('Ctrl Pts',(311.744870420053,-57.2003598901277,11.738622979744));
#11149=CARTESIAN_POINT('Ctrl Pts',(313.377582356913,-57.1212220502273,11.6855809160273));
#11150=CARTESIAN_POINT('Ctrl Pts',(314.22284263107,-57.0420842103268,10.2876907922248));
#11151=CARTESIAN_POINT('Ctrl Pts',(313.511367705179,-56.9629463704264,8.81719252322922));
#11152=CARTESIAN_POINT('Ctrl Pts',(311.89068114619,-56.883808530526,8.61240774157622));
#11153=CARTESIAN_POINT('Ctrl Pts',(310.835793110306,-56.8046706906256,9.85971402355066));
#11154=CARTESIAN_POINT('Ctrl Pts',(311.306772377012,-56.7255328507251,11.423919975341));
#11155=CARTESIAN_POINT('Ctrl Pts',(312.874973939072,-56.6463950108247,11.8814192540243));
#11156=CARTESIAN_POINT('Ctrl Pts',(314.113154991214,-56.5672571709243,10.8158351834112));
#11157=CARTESIAN_POINT('Ctrl Pts',(313.894429142465,-56.4881193310239,9.19697115815524));
#11158=CARTESIAN_POINT('Ctrl Pts',(312.417861935146,-56.4089814911234,8.49817862012746));
#11159=CARTESIAN_POINT('Ctrl Pts',(311.027298429274,-56.329843651223,9.35543871295158));
#11160=CARTESIAN_POINT('Ctrl Pts',(310.988310480635,-56.2507058113226,10.9885466909208));
#11161=CARTESIAN_POINT('Ctrl Pts',(312.336381579529,-56.1715679714222,11.9111874872495));
#11162=CARTESIAN_POINT('Ctrl Pts',(313.844612828201,-56.0924301315217,11.2836524346963));
#11163=CARTESIAN_POINT('Ctrl Pts',(314.14034125423,-56.0132922916213,9.67707022070335));
#11164=CARTESIAN_POINT('Ctrl Pts',(312.95442018778,-55.9341544517209,8.5536144194336));
#11165=CARTESIAN_POINT('Ctrl Pts',(311.366173400443,-55.8550166118205,8.9357583513314));
#11166=CARTESIAN_POINT('Ctrl Pts',(310.821087260314,-55.77587877192,10.475707259817));
#11167=CARTESIAN_POINT('Ctrl Pts',(311.815252263748,-55.6967409320196,11.7719316250583));
#11168=CARTESIAN_POINT('Ctrl Pts',(313.443865049496,-55.6176030921192,11.6447187081432));
#11169=CARTESIAN_POINT('Ctrl Pts',(314.224700604955,-55.5384652522188,10.2098474357136));
#11170=CARTESIAN_POINT('Ctrl Pts',(313.447111545532,-55.4593274123184,8.77321348675216));
#11171=CARTESIAN_POINT('Ctrl Pts',(311.818788024791,-55.3801895724179,8.64232085996631));
#11172=CARTESIAN_POINT('Ctrl Pts',(310.821700930086,-55.3010517325175,9.93629096266518));
#11173=CARTESIAN_POINT('Ctrl Pts',(311.3632919714,-55.2219138926171,11.4774753599942));
#11174=CARTESIAN_POINT('Ctrl Pts',(312.95069699447,-55.1427760527167,11.8631938093264));
#11175=CARTESIAN_POINT('Ctrl Pts',(314.139099385968,-55.0636382128162,10.7424536479173));
#11176=CARTESIAN_POINT('Ctrl Pts',(313.847120803343,-54.9845003729158,9.13513983671828));
#11177=CARTESIAN_POINT('Ctrl Pts',(312.340064083781,-54.9053625330154,8.50433828293051));
#11178=CARTESIAN_POINT('Ctrl Pts',(310.990430683341,-54.826224693115,9.42362745643319));
#11179=CARTESIAN_POINT('Ctrl Pts',(311.02459575027,-54.7470868532146,11.0574374962957));
#11180=CARTESIAN_POINT('Ctrl Pts',(312.415409765262,-54.6679490133141,11.9163875790037));
#11181=CARTESIAN_POINT('Ctrl Pts',(313.396197623824,-54.6151904533805,11.454067296374));
#11182=CARTESIAN_POINT('Ctrl Pts',(313.68088272554,-54.5888111734137,11.0667114584393));
#11183=CARTESIAN_POINT('Ctrl Pts',(311.231346937464,-60.8151600356365,10.6566435155839));
#11184=CARTESIAN_POINT('Ctrl Pts',(311.380097875154,-60.7887807556697,11.081288726276));
#11185=CARTESIAN_POINT('Ctrl Pts',(312.131367118413,-60.7360221957361,11.7636177768256));
#11186=CARTESIAN_POINT('Ctrl Pts',(313.611381206234,-60.6568843558357,11.3756128679671));
#11187=CARTESIAN_POINT('Ctrl Pts',(314.089284481342,-60.5777465159352,9.92263424534863));
#11188=CARTESIAN_POINT('Ctrl Pts',(313.132996451357,-60.4986086760349,8.73031075161847));
#11189=CARTESIAN_POINT('Ctrl Pts',(311.611405194535,-60.4194708361344,8.88228625169988));
#11190=CARTESIAN_POINT('Ctrl Pts',(310.910001795745,-60.340332996234,10.2409623073723));
#11191=CARTESIAN_POINT('Ctrl Pts',(311.666825236192,-60.2611951563336,11.5694496557334));
#11192=CARTESIAN_POINT('Ctrl Pts',(313.193230024343,-60.1820573164331,11.6588331659983));
#11193=CARTESIAN_POINT('Ctrl Pts',(314.099941988957,-60.1029194765328,10.4276877596779));
#11194=CARTESIAN_POINT('Ctrl Pts',(313.561783220315,-60.0237816366323,8.99653248565182));
#11195=CARTESIAN_POINT('Ctrl Pts',(312.068523810627,-59.9446437967319,8.66786536148118));
#11196=CARTESIAN_POINT('Ctrl Pts',(310.979208180317,-59.8655059568315,9.74081910569241));
#11197=CARTESIAN_POINT('Ctrl Pts',(311.28523458675,-59.786368116931,11.2388792730002));
#11198=CARTESIAN_POINT('Ctrl Pts',(312.708085684225,-59.7072302770306,11.7986415511717));
#11199=CARTESIAN_POINT('Ctrl Pts',(313.952803416809,-59.6280924371302,10.9106573847634));
#11200=CARTESIAN_POINT('Ctrl Pts',(313.886552645215,-59.5489545972298,9.38309434340628));
#11201=CARTESIAN_POINT('Ctrl Pts',(312.5696289708,-59.4698167573293,8.60620933920657));
#11202=CARTESIAN_POINT('Ctrl Pts',(311.200583662659,-59.3906789174289,9.28705668281969));
#11203=CARTESIAN_POINT('Ctrl Pts',(311.025404513813,-59.3115410775285,10.8059873678743));
#11204=CARTESIAN_POINT('Ctrl Pts',(312.203524607133,-59.2324032376281,11.7806007433422));
#11205=CARTESIAN_POINT('Ctrl Pts',(313.662719885597,-59.1532653977277,11.3238871436403));
#11206=CARTESIAN_POINT('Ctrl Pts',(314.074955735231,-59.0741275578272,9.85150819170441));
#11207=CARTESIAN_POINT('Ctrl Pts',(313.065050375912,-58.9949897179268,8.70349715453258));
#11208=CARTESIAN_POINT('Ctrl Pts',(311.552133206898,-58.9158518780264,8.92467539596077));
#11209=CARTESIAN_POINT('Ctrl Pts',(310.913131911517,-58.8367140381259,10.3137454156131));
#11210=CARTESIAN_POINT('Ctrl Pts',(311.729610763031,-58.7575761982255,11.6064946025181));
#11211=CARTESIAN_POINT('Ctrl Pts',(313.25848061086,-58.6784383583251,11.6263733211429));
#11212=CARTESIAN_POINT('Ctrl Pts',(314.10829500875,-58.5993005184247,10.3552896636977));
#11213=CARTESIAN_POINT('Ctrl Pts',(313.505625645803,-58.5201626785242,8.95007515549274));
#11214=CARTESIAN_POINT('Ctrl Pts',(311.998970580614,-58.4410248386239,8.68963573906125));
#11215=CARTESIAN_POINT('Ctrl Pts',(310.959558266167,-58.3618869987234,9.81100107456447));
#11216=CARTESIAN_POINT('Ctrl Pts',(311.333372805185,-58.282749158823,11.2936004356574));
#11217=CARTESIAN_POINT('Ctrl Pts',(312.780200207163,-58.2036113189226,11.7880988117697));
#11218=CARTESIAN_POINT('Ctrl Pts',(313.98326203622,-58.1244734790221,10.8444461158265));
#11219=CARTESIAN_POINT('Ctrl Pts',(313.847634411752,-58.0453356391217,9.32147424393423));
#11220=CARTESIAN_POINT('Ctrl Pts',(312.496753986237,-57.9661977992214,8.60526180963123));
#11221=CARTESIAN_POINT('Ctrl Pts',(311.160076471764,-57.8870599593208,9.34764405443369));
#11222=CARTESIAN_POINT('Ctrl Pts',(311.054131306733,-57.8079221194205,10.8729682157515));
#11223=CARTESIAN_POINT('Ctrl Pts',(312.275340710205,-57.72878427952,11.7930148275949));
#11224=CARTESIAN_POINT('Ctrl Pts',(313.712264432991,-57.6496464396196,11.2704362306472));
#11225=CARTESIAN_POINT('Ctrl Pts',(314.057137520139,-57.5705085997192,9.78083872499176));
#11226=CARTESIAN_POINT('Ctrl Pts',(312.996086012908,-57.4913707598187,8.67992643325533));
#11227=CARTESIAN_POINT('Ctrl Pts',(311.494788154724,-57.4122329199183,8.96965547236941));
#11228=CARTESIAN_POINT('Ctrl Pts',(310.919596727398,-57.333095080018,10.386339275137));
#11229=CARTESIAN_POINT('Ctrl Pts',(311.794001724948,-57.2539572401174,11.6406335290315));
#11230=CARTESIAN_POINT('Ctrl Pts',(313.322194577929,-57.1748194002171,11.5909869864606));
#11231=CARTESIAN_POINT('Ctrl Pts',(314.113344982794,-57.0956815603166,10.2825836801455));
#11232=CARTESIAN_POINT('Ctrl Pts',(313.447415572789,-57.0165437204162,8.90622028482317));
#11233=CARTESIAN_POINT('Ctrl Pts',(311.930478285534,-56.9374058805157,8.71454493006141));
#11234=CARTESIAN_POINT('Ctrl Pts',(310.943119572255,-56.8582680406154,9.88200411410922));
#11235=CARTESIAN_POINT('Ctrl Pts',(311.383948804304,-56.7791302007149,11.3460764358401));
#11236=CARTESIAN_POINT('Ctrl Pts',(312.851760954795,-56.6999923608145,11.7742886097968));
#11237=CARTESIAN_POINT('Ctrl Pts',(314.01067906635,-56.620854520914,10.7769185751947));
#11238=CARTESIAN_POINT('Ctrl Pts',(313.80595509069,-56.5417166810136,9.26168715102677));
#11239=CARTESIAN_POINT('Ctrl Pts',(312.423911263957,-56.4625788411132,8.60762825783079));
#11240=CARTESIAN_POINT('Ctrl Pts',(311.122365557507,-56.3834410012128,9.41001030540689));
#11241=CARTESIAN_POINT('Ctrl Pts',(311.085873446978,-56.3043031613123,10.9385738466759));
#11242=CARTESIAN_POINT('Ctrl Pts',(312.347646924669,-56.225165321412,11.8021512108065));
#11243=CARTESIAN_POINT('Ctrl Pts',(313.759327799188,-56.1460274815115,11.2147882102326));
#11244=CARTESIAN_POINT('Ctrl Pts',(314.036124983601,-56.0668896416111,9.71105236943751));
#11245=CARTESIAN_POINT('Ctrl Pts',(312.926121401809,-55.9877518017107,8.65951529949833));
#11246=CARTESIAN_POINT('Ctrl Pts',(311.439547233774,-55.9086139618102,9.01719604669699));
#11247=CARTESIAN_POINT('Ctrl Pts',(310.92935512652,-55.8294761219098,10.4585641550417));
#11248=CARTESIAN_POINT('Ctrl Pts',(311.859878030551,-55.7503382820094,11.6718099004186));
#11249=CARTESIAN_POINT('Ctrl Pts',(313.384234142163,-55.671200442109,11.5527405985732));
#11250=CARTESIAN_POINT('Ctrl Pts',(314.11508401731,-55.5920626022085,10.2097235151729));
#11251=CARTESIAN_POINT('Ctrl Pts',(313.387272811708,-55.5129247623082,8.86505659409001));
#11252=CARTESIAN_POINT('Ctrl Pts',(311.863187447622,-55.4337869224077,8.74254314132092));
#11253=CARTESIAN_POINT('Ctrl Pts',(310.929929511836,-55.3546490825073,9.95367893219318));
#11254=CARTESIAN_POINT('Ctrl Pts',(311.436850261228,-55.2755112426069,11.3962034387841));
#11255=CARTESIAN_POINT('Ctrl Pts',(312.922636551066,-55.1963734027064,11.7572298784303));
#11256=CARTESIAN_POINT('Ctrl Pts',(314.034962614319,-55.117235562806,10.7082346049542));
#11257=CARTESIAN_POINT('Ctrl Pts',(313.761675224719,-55.0380977229056,9.20381400060928));
#11258=CARTESIAN_POINT('Ctrl Pts',(312.35109369109,-54.9589598830052,8.61339360593652));
#11259=CARTESIAN_POINT('Ctrl Pts',(311.08785792357,-54.8798220431048,9.47383390348921));
#11260=CARTESIAN_POINT('Ctrl Pts',(311.119835892204,-54.8006842032043,11.0030545637168));
#11261=CARTESIAN_POINT('Ctrl Pts',(312.421616071274,-54.7215463633039,11.807018415409));
#11262=CARTESIAN_POINT('Ctrl Pts',(313.339618176794,-54.6687878033703,11.3742938571127));
#11263=CARTESIAN_POINT('Ctrl Pts',(313.606078982262,-54.6424085234035,11.0117348473276));
#11264=CARTESIAN_POINT('Ctrl Pts',(311.318960403045,-60.8687573856263,10.6259529889247));
#11265=CARTESIAN_POINT('Ctrl Pts',(311.457537682546,-60.8423781056595,11.0215550534533));
#11266=CARTESIAN_POINT('Ctrl Pts',(312.157424685076,-60.7896195457259,11.657216952584));
#11267=CARTESIAN_POINT('Ctrl Pts',(313.536214823129,-60.7104817058255,11.2957492163966));
#11268=CARTESIAN_POINT('Ctrl Pts',(313.981432424828,-60.631343865925,9.94214548238307));
#11269=CARTESIAN_POINT('Ctrl Pts',(313.090548671943,-60.5522060260246,8.8313696539289));
#11270=CARTESIAN_POINT('Ctrl Pts',(311.673024990029,-60.4730681861242,8.97295095539228));
#11271=CARTESIAN_POINT('Ctrl Pts',(311.019593311908,-60.3939303462237,10.238701843701));
#11272=CARTESIAN_POINT('Ctrl Pts',(311.724654638366,-60.3147925063233,11.4763287484181));
#11273=CARTESIAN_POINT('Ctrl Pts',(313.146662635382,-60.2356546664229,11.5595989709598));
#11274=CARTESIAN_POINT('Ctrl Pts',(313.991361023831,-60.1565168265225,10.4126564122966));
#11275=CARTESIAN_POINT('Ctrl Pts',(313.490009037376,-60.077378986622,9.07938344274411));
#11276=CARTESIAN_POINT('Ctrl Pts',(312.098879476804,-59.9982411467217,8.77319514816127));
#11277=CARTESIAN_POINT('Ctrl Pts',(311.084066401268,-59.9191033068212,9.77276539095726));
#11278=CARTESIAN_POINT('Ctrl Pts',(311.369162465316,-59.8399654669208,11.1683673665669));
#11279=CARTESIAN_POINT('Ctrl Pts',(312.694699213418,-59.7608276270204,11.6898453140726));
#11280=CARTESIAN_POINT('Ctrl Pts',(313.854285833888,-59.68168978712,10.8625938564916));
#11281=CARTESIAN_POINT('Ctrl Pts',(313.79256621158,-59.6025519472196,9.43950682373418));
#11282=CARTESIAN_POINT('Ctrl Pts',(312.565712095938,-59.5234141073191,8.71575602230205));
#11283=CARTESIAN_POINT('Ctrl Pts',(311.290301148877,-59.4442762674187,9.35003755422651));
#11284=CARTESIAN_POINT('Ctrl Pts',(311.127103186906,-59.3651384275183,10.7650826312782));
#11285=CARTESIAN_POINT('Ctrl Pts',(312.224647041034,-59.2860005876178,11.6730383876234));
#11286=CARTESIAN_POINT('Ctrl Pts',(313.584042249495,-59.2068627477174,11.2475612165848));
#11287=CARTESIAN_POINT('Ctrl Pts',(313.968083677684,-59.127724907817,9.8758840176239));
#11288=CARTESIAN_POINT('Ctrl Pts',(313.027249694242,-59.0485870679166,8.80638994357887));
#11289=CARTESIAN_POINT('Ctrl Pts',(311.617806845358,-58.9694492280162,9.01244094035143));
#11290=CARTESIAN_POINT('Ctrl Pts',(311.022509346824,-58.8903113881157,10.3065070306145));
#11291=CARTESIAN_POINT('Ctrl Pts',(311.783146017556,-58.8111735482153,11.5108400464603));
#11292=CARTESIAN_POINT('Ctrl Pts',(313.207450479181,-58.7320357083149,11.5293591818));
#11293=CARTESIAN_POINT('Ctrl Pts',(313.999142747943,-58.6528978684144,10.34520990515));
#11294=CARTESIAN_POINT('Ctrl Pts',(313.43769229894,-58.573760028514,9.03610351102543));
#11295=CARTESIAN_POINT('Ctrl Pts',(312.034083264119,-58.4946221886135,8.79347656450459));
#11296=CARTESIAN_POINT('Ctrl Pts',(311.06576042157,-58.4154843487132,9.83814734059286));
#11297=CARTESIAN_POINT('Ctrl Pts',(311.41400832279,-58.3363465088127,11.2193459349705));
#11298=CARTESIAN_POINT('Ctrl Pts',(312.761881542192,-58.2572086689124,11.6800236338364));
#11299=CARTESIAN_POINT('Ctrl Pts',(313.882661269236,-58.1780708290119,10.8009110350986));
#11300=CARTESIAN_POINT('Ctrl Pts',(313.75630974826,-58.0989329891115,9.38210116377661));
#11301=CARTESIAN_POINT('Ctrl Pts',(312.497821316483,-58.0197951492111,8.71487329797886));
#11302=CARTESIAN_POINT('Ctrl Pts',(311.252564403136,-57.9406573093106,9.40648111862181));
#11303=CARTESIAN_POINT('Ctrl Pts',(311.153865242147,-57.8615194694102,10.827482397099));
#11304=CARTESIAN_POINT('Ctrl Pts',(312.291551360043,-57.7823816295098,11.6846034241197));
#11305=CARTESIAN_POINT('Ctrl Pts',(313.630198251592,-57.7032437896094,11.1977660205044));
#11306=CARTESIAN_POINT('Ctrl Pts',(313.951484119985,-57.6241059497089,9.81004791203096));
#11307=CARTESIAN_POINT('Ctrl Pts',(312.963002073648,-57.5449681098085,8.78443131608251));
#11308=CARTESIAN_POINT('Ctrl Pts',(311.5643838455,-57.465830269908,9.05434465347917));
#11309=CARTESIAN_POINT('Ctrl Pts',(311.028532008673,-57.3866924300077,10.3741359122706));
#11310=CARTESIAN_POINT('Ctrl Pts',(311.843133029843,-57.3075545901072,11.5426440783189));
#11311=CARTESIAN_POINT('Ctrl Pts',(313.266806798945,-57.2284167502068,11.496393056894));
#11312=CARTESIAN_POINT('Ctrl Pts',(314.003847334519,-57.1492789103063,10.2774765680663));
#11313=CARTESIAN_POINT('Ctrl Pts',(313.383463440399,-57.070141070406,8.99524804641712));
#11314=CARTESIAN_POINT('Ctrl Pts',(311.970275424878,-56.9910032305055,8.81668211854661));
#11315=CARTESIAN_POINT('Ctrl Pts',(311.050446034204,-56.9118653906051,9.90429420466776));
#11316=CARTESIAN_POINT('Ctrl Pts',(311.461125231595,-56.8327275507047,11.2682328963392));
#11317=CARTESIAN_POINT('Ctrl Pts',(312.828547970517,-56.7535897108042,11.6671579655692));
#11318=CARTESIAN_POINT('Ctrl Pts',(313.908203141486,-56.6744518709039,10.7380019669781));
#11319=CARTESIAN_POINT('Ctrl Pts',(313.717481038915,-56.5953140310034,9.32640314389831));
#11320=CARTESIAN_POINT('Ctrl Pts',(312.429960592768,-56.516176191103,8.71707789553412));
#11321=CARTESIAN_POINT('Ctrl Pts',(311.21743268574,-56.4370383512026,9.46458189786219));
#11322=CARTESIAN_POINT('Ctrl Pts',(311.183436413321,-56.3579005113022,10.8886010024309));
#11323=CARTESIAN_POINT('Ctrl Pts',(312.358912269809,-56.2787626714017,11.6931149343636));
#11324=CARTESIAN_POINT('Ctrl Pts',(313.674042770174,-56.1996248315013,11.145923985769));
#11325=CARTESIAN_POINT('Ctrl Pts',(313.931908712972,-56.1204869916009,9.74503451817167));
#11326=CARTESIAN_POINT('Ctrl Pts',(312.897822615838,-56.0413491517004,8.76541617956305));
#11327=CARTESIAN_POINT('Ctrl Pts',(311.512921067105,-55.9622113118,9.09863374206259));
#11328=CARTESIAN_POINT('Ctrl Pts',(311.037622992727,-55.8830734718996,10.4414210502663));
#11329=CARTESIAN_POINT('Ctrl Pts',(311.904503797354,-55.8039356319992,11.5716881757789));
#11330=CARTESIAN_POINT('Ctrl Pts',(313.324603234829,-55.7247977920987,11.4607624890033));
#11331=CARTESIAN_POINT('Ctrl Pts',(314.005467429665,-55.6456599521983,10.2095995946322));
#11332=CARTESIAN_POINT('Ctrl Pts',(313.327434077885,-55.5665221122979,8.95689970142788));
#11333=CARTESIAN_POINT('Ctrl Pts',(311.907586870453,-55.4873842723975,8.84276542267552));
#11334=CARTESIAN_POINT('Ctrl Pts',(311.038158093585,-55.408246432497,9.97106690172118));
#11335=CARTESIAN_POINT('Ctrl Pts',(311.510408551056,-55.3291085925966,11.314931517574));
#11336=CARTESIAN_POINT('Ctrl Pts',(312.894576107662,-55.2499707526962,11.6512659475342));
#11337=CARTESIAN_POINT('Ctrl Pts',(313.930825842669,-55.1708329127958,10.6740155619911));
#11338=CARTESIAN_POINT('Ctrl Pts',(313.676229646096,-55.0916950728954,9.27248816450027));
#11339=CARTESIAN_POINT('Ctrl Pts',(312.362123298399,-55.0125572329949,8.72244892894255));
#11340=CARTESIAN_POINT('Ctrl Pts',(311.1852851638,-54.9334193930945,9.52404035054521));
#11341=CARTESIAN_POINT('Ctrl Pts',(311.215076034137,-54.8542815531941,10.9486716311379));
#11342=CARTESIAN_POINT('Ctrl Pts',(312.427822377286,-54.7751437132937,11.6976492518143));
#11343=CARTESIAN_POINT('Ctrl Pts',(313.283038729763,-54.7223851533601,11.2945204178514));
#11344=CARTESIAN_POINT('Ctrl Pts',(313.531275238984,-54.6960058733932,10.9567582362159));
#11345=CARTESIAN_POINT('Ctrl Pts',(312.512750329469,-60.2705700019142,11.4705603918044));
#11346=CARTESIAN_POINT('Ctrl Pts',(312.698360781215,-60.2589315567504,11.4710819606977));
#11347=CARTESIAN_POINT('Ctrl Pts',(312.88376722521,-60.2472931115867,11.4327782538208));
#11348=CARTESIAN_POINT('Ctrl Pts',(313.050444367287,-60.2356546664229,11.3545635074257));
#11349=CARTESIAN_POINT('Ctrl Pts',(313.428228764865,-60.2092753864561,11.1772847847387));
#11350=CARTESIAN_POINT('Ctrl Pts',(313.709794894348,-60.1828961064893,10.7949705985177));
#11351=CARTESIAN_POINT('Ctrl Pts',(313.76701929468,-60.1565168265225,10.3816013438151));
#11352=CARTESIAN_POINT('Ctrl Pts',(313.824243695013,-60.1301375465557,9.96823208911246));
#11353=CARTESIAN_POINT('Ctrl Pts',(313.657126366194,-60.1037582665889,9.52380776592828));
#11354=CARTESIAN_POINT('Ctrl Pts',(313.341712775023,-60.0773789866221,9.25056422190572));
#11355=CARTESIAN_POINT('Ctrl Pts',(313.026299183852,-60.0509997066552,8.97732067788316));
#11356=CARTESIAN_POINT('Ctrl Pts',(312.562589330328,-60.0246204266885,8.87525791302221));
#11357=CARTESIAN_POINT('Ctrl Pts',(312.161598890977,-59.9982411467217,8.99082157105774));
#11358=CARTESIAN_POINT('Ctrl Pts',(311.760608451625,-59.9718618667548,9.10638522909327));
#11359=CARTESIAN_POINT('Ctrl Pts',(311.422337426447,-59.945482586788,9.43957531002526));
#11360=CARTESIAN_POINT('Ctrl Pts',(311.300717924532,-59.9191033068212,9.83877067975953));
#11361=CARTESIAN_POINT('Ctrl Pts',(311.179098422617,-59.8927240268544,10.2379660494938));
#11362=CARTESIAN_POINT('Ctrl Pts',(311.274130443967,-59.8663447468876,10.7031667080303));
#11363=CARTESIAN_POINT('Ctrl Pts',(311.542569245991,-59.8399654669208,11.0226800285496));
#11364=CARTESIAN_POINT('Ctrl Pts',(311.777961512394,-59.8168336452519,11.3028592131361));
#11365=CARTESIAN_POINT('Ctrl Pts',(312.1466936012,-59.793701823583,11.4710132294911));
#11366=CARTESIAN_POINT('Ctrl Pts',(312.513191182806,-59.7705700019142,11.4738058741326));
#11367=CARTESIAN_POINT('Origin',(312.512359619141,-53.2139896755336,10.2079116500317));
#11368=CARTESIAN_POINT('Origin',(340.000000000001,-39.2314358541022,174.180134048897));
#11369=CARTESIAN_POINT('',(360.000000000001,-37.6314358541022,174.180134048896));
#11370=CARTESIAN_POINT('',(340.000000000001,-37.6314358541022,174.180134048897));
#11371=CARTESIAN_POINT('Origin',(360.000000000001,-39.2314358541022,174.180134048896));
#11372=CARTESIAN_POINT('Origin',(340.000000000001,-37.6314358541022,167.180134048897));
#11373=CARTESIAN_POINT('',(360.000000000001,-37.6314358541022,137.922236342241));
#11374=CARTESIAN_POINT('Origin',(340.000000000001,-8.23143585410221,174.180134048897));
#11375=CARTESIAN_POINT('',(360.000000000001,-6.63143585410221,174.180134048896));
#11376=CARTESIAN_POINT('',(340.000000000001,-6.63143585410221,174.180134048897));
#11377=CARTESIAN_POINT('Origin',(360.000000000001,-8.23143585410221,174.180134048896));
#11378=CARTESIAN_POINT('Origin',(340.000000000001,-6.63143585410221,167.180134048897));
#11379=CARTESIAN_POINT('',(360.000000000001,-6.63143585410221,137.922236342241));
#11380=CARTESIAN_POINT('Origin',(340.000000000001,-39.2314358541022,143.180134048897));
#11381=CARTESIAN_POINT('',(360.000000000001,-37.6314358541022,143.180134048896));
#11382=CARTESIAN_POINT('',(340.000000000001,-37.6314358541022,143.180134048897));
#11383=CARTESIAN_POINT('Origin',(360.000000000001,-39.2314358541022,143.180134048896));
#11384=CARTESIAN_POINT('Origin',(340.000000000001,-37.6314358541022,136.180134048897));
#11385=CARTESIAN_POINT('',(360.,-37.6314358541022,122.422236342241));
#11386=CARTESIAN_POINT('Origin',(340.000000000001,-8.23143585410221,143.180134048897));
#11387=CARTESIAN_POINT('',(360.000000000001,-6.63143585410221,143.180134048896));
#11388=CARTESIAN_POINT('',(340.000000000001,-6.63143585410221,143.180134048897));
#11389=CARTESIAN_POINT('Origin',(360.000000000001,-8.23143585410221,143.180134048896));
#11390=CARTESIAN_POINT('Origin',(340.000000000001,-6.63143585410221,136.180134048897));
#11391=CARTESIAN_POINT('',(360.,-6.63143585410221,122.422236342241));
#11392=CARTESIAN_POINT('Origin',(300.,-22.6139896755336,10.2079116500375));
#11393=CARTESIAN_POINT('',(300.,-6.11398967553359,-11.3920883499625));
#11394=CARTESIAN_POINT('',(300.,-39.1139896755336,31.8079116500375));
#11395=CARTESIAN_POINT('Origin',(352.8,-23.7314358541023,195.180134048897));
#11396=CARTESIAN_POINT('',(352.8,-30.7314358541023,195.180134048897));
#11397=CARTESIAN_POINT('Origin',(352.8,-23.7314358541023,195.180134048897));
#11398=CARTESIAN_POINT('',(352.8,-30.7314358541023,195.180134048897));
#11399=CARTESIAN_POINT('Origin',(360.,-23.7314358541023,195.180134048897));
#11400=CARTESIAN_POINT('',(360.,-34.8314358541023,195.180134048897));
#11401=CARTESIAN_POINT('Origin',(360.,-23.7314358541023,195.180134048897));
#11402=CARTESIAN_POINT('',(352.8,-34.8314358541023,195.180134048897));
#11403=CARTESIAN_POINT('',(360.,-34.8314358541023,195.180134048897));
#11404=CARTESIAN_POINT('Origin',(352.8,-23.7314358541023,195.180134048897));
#11405=CARTESIAN_POINT('Origin',(352.8,-23.7314358541023,195.180134048897));
#11406=CARTESIAN_POINT('Origin',(340.,-39.1139896755336,31.8079116500375));
#11407=CARTESIAN_POINT('Origin',(359.999999999998,-60.7139896755336,10.2079116500308));
#11408=CARTESIAN_POINT('',(359.999999999998,-60.7139896755336,10.2079116500308));
#11409=CARTESIAN_POINT('Origin',(359.999999999998,-6.1139896755336,-11.3920883499692));
#11410=CARTESIAN_POINT('',(359.999999999998,-39.1139896755336,-11.3920883499692));
#11411=CARTESIAN_POINT('Origin',(360.,-22.6139896755336,108.664338635585));
#11412=UNCERTAINTY_MEASURE_WITH_UNIT(LENGTH_MEASURE(0.01),#11416,
'DISTANCE_ACCURACY_VALUE',
'Maximum model space distance between geometric entities at asserted c
onnectivities');
#11413=UNCERTAINTY_MEASURE_WITH_UNIT(LENGTH_MEASURE(0.01),#11416,
'DISTANCE_ACCURACY_VALUE',
'Maximum model space distance between geometric entities at asserted c
onnectivities');
#11414=(
GEOMETRIC_REPRESENTATION_CONTEXT(3)
GLOBAL_UNCERTAINTY_ASSIGNED_CONTEXT((#11412))
GLOBAL_UNIT_ASSIGNED_CONTEXT((#11416,#11418,#11419))
REPRESENTATION_CONTEXT('','3D')
);
#11415=(
GEOMETRIC_REPRESENTATION_CONTEXT(3)
GLOBAL_UNCERTAINTY_ASSIGNED_CONTEXT((#11413))
GLOBAL_UNIT_ASSIGNED_CONTEXT((#11416,#11418,#11419))
REPRESENTATION_CONTEXT('','3D')
);
#11416=(
LENGTH_UNIT()
NAMED_UNIT(*)
SI_UNIT(.MILLI.,.METRE.)
);
#11417=(
LENGTH_UNIT()
NAMED_UNIT(*)
SI_UNIT($,.METRE.)
);
#11418=(
NAMED_UNIT(*)
PLANE_ANGLE_UNIT()
SI_UNIT($,.RADIAN.)
);
#11419=(
NAMED_UNIT(*)
SI_UNIT($,.STERADIAN.)
SOLID_ANGLE_UNIT()
);
#11420=SHAPE_DEFINITION_REPRESENTATION(#11421,#11422);
#11421=PRODUCT_DEFINITION_SHAPE('',$,#11424);
#11422=SHAPE_REPRESENTATION('',(#3136),#11414);
#11423=PRODUCT_DEFINITION_CONTEXT('part definition',#11428,'design');
#11424=PRODUCT_DEFINITION('End Connector 1','End Connector 1',#11425,#11423);
#11425=PRODUCT_DEFINITION_FORMATION('',$,#11430);
#11426=PRODUCT_RELATED_PRODUCT_CATEGORY('End Connector 1',
'End Connector 1',(#11430));
#11427=APPLICATION_PROTOCOL_DEFINITION('international standard',
'automotive_design',2009,#11428);
#11428=APPLICATION_CONTEXT(
'Core Data for Automotive Mechanical Design Process');
#11429=PRODUCT_CONTEXT('part definition',#11428,'mechanical');
#11430=PRODUCT('End Connector 1','End Connector 1',$,(#11429));
#11431=PRESENTATION_STYLE_ASSIGNMENT((#11432));
#11432=SURFACE_STYLE_USAGE(.BOTH.,#11433);
#11433=SURFACE_SIDE_STYLE('',(#11434));
#11434=SURFACE_STYLE_FILL_AREA(#11435);
#11435=FILL_AREA_STYLE('Steel - Satin',(#11436));
#11436=FILL_AREA_STYLE_COLOUR('Steel - Satin',#11437);
#11437=COLOUR_RGB('Steel - Satin',0.627450980392157,0.627450980392157,0.627450980392157);
ENDSEC;
END-ISO-10303-21;
